{"type":"Feature","properties":{"name":"Pandion global range (Western and Eastern Osprey combined)","source":"https://commons.wikimedia.org/wiki/File:Pandion_global_range.svg","license":"CC BY-SA 3.0","license_url":"https://creativecommons.org/licenses/by-sa/3.0/","attribution":"Zoologist / chris; map contributors Jdcollins13, Shyamal, Liandrei; see Commons file history","derivation":"Original filled SVG Bezier paths flattened and inverse-georeferenced from a global Robinson projection; no invented biological boundaries. Geographic longitudes unwrapped, split at +/-180, and normalized.","projection_fit":{"projection":"Robinson +proj=robin +R=1","canvas_width":1200,"scale_x":248.70997407957816,"scale_y":-238.20425854079465,"translate_x":536.34838334899,"translate_y":319.7497576751716,"central_meridian":12.287382862099635,"median_coastline_residual_px":0.81257694,"p95_coastline_residual_px":4.3361455,"rmse_coastline_residual_px":8.1114619},"limitations":"Georeferenced illustration, not expert-authored GIS polygons; source combines Western and Eastern Osprey; approximate illustrated boundaries and source age retained. Fit residual includes differences between generalized base coastlines, missing lakes and islands.","id":"fischadler","sourceSvgSha256":"5e881aade282096ac011393a850b25bc685c373a78184b63d7b04909bfa4b4da"},"geometry":{"type":"MultiPolygon","coordinates":[[[[-76.65692692342466,8.68416862113997],[-76.79582012096839,8.649701577470715],[-76.94464909473555,8.635879705463777],[-77.10624977155045,8.647776662710195],[-77.28347586825593,8.690466105719132],[-77.30321642334846,8.456671976521346],[-77.55959327122234,8.488552995814539],[-77.61785743787748,8.32797916449361],[-77.65883885670179,8.16957409803311],[-77.68389967992674,8.013265505144124],[-77.6944017610127,7.8589810944479455],[-77.69170669276173,7.706648574482329],[-77.67717584129646,7.556195653707531],[-77.65217037624981,7.407550040511943],[-77.6180512974814,7.260639443217416],[-77.5761794586104,7.115391570084382],[-77.52791558763118,6.971734129316696],[-77.47462030485468,6.829594829066184],[-77.41765413839842,6.688901377436999],[-77.35837753742935,6.549581482489822],[-77.2981508833447,6.411562852245758],[-77.23833449906097,6.274773194690127],[-77.18028865656485,6.139140217775995],[-77.1253735828674,6.004591629427645],[-77.07494946448796,5.871055137543859],[-77.03037645058367,5.738458450001062],[-76.99301465482894,5.606729274656361],[-76.96422415613853,5.475795319350278],[-76.94505882808838,5.322043699897894],[-76.9446235816159,5.16969484934985],[-76.95997899653071,5.018238671753118],[-76.98818969621644,4.86716562995439],[-77.02632633074971,4.715964432391163],[-77.07146554568688,4.564125618246744],[-77.1206859434023,4.411139090654628],[-77.17106884072844,4.256494752800552],[-77.21969849369673,4.099682507918881],[-77.26366235746131,3.940192259288684],[-77.29289882375784,3.770898002950986],[-77.30671699562306,3.6042605047359713],[-77.31350714739148,3.4420509333475544],[-77.32164856693618,3.286040457356049],[-77.33950987563554,3.138000245227743],[-77.37544982204165,2.999701465354671],[-77.43514782621817,2.857685077978161],[-77.50842655029166,2.7203733604352576],[-77.59171601892,2.5864932847468904],[-77.68145228741488,2.4547718230305113],[-77.77407745040483,2.3239359474862655],[-77.86603978898965,2.192712630385609],[-77.95379407533589,2.059828844061961],[-78.03380205269713,1.9240115609026933],[-78.10253310839703,1.7839877533420654],[-78.15646515728243,1.638484393853892],[-78.19208575342327,1.4862284549441311],[-78.20589344828556,1.3259469091414404],[-78.39058770499064,1.3139638457176233],[-78.5544201458416,1.2774611652659995],[-78.69978503974295,1.2195937622051836],[-78.82908646469129,1.1435165309830837],[-78.9447316985011,1.0523843660361956],[-79.0491254621359,0.9493521617589638],[-79.14466497353682,0.8375748124854002],[-79.23373582941367,0.7202072124822353],[-79.31870877976282,0.6004042559529352],[-79.4019374945186,0.4813208370494926],[-79.48575744361523,0.36611184988972584],[-79.57248602089749,0.25793218857585093],[-79.71857328844636,0.10704720776337306],[-79.87099374444252,-0.025898880992611242],[-80.0216055687336,-0.14638998778130716],[-80.16230472251675,-0.25991002264322277],[-80.28502270553312,-0.37194289561049204],[-80.38172303654568,-0.4879725167368341],[-80.44440084416395,-0.6134827961288233],[-80.4822492294205,-0.7592429259023376],[-80.500189616992,-0.9087636293863275],[-80.50429647384061,-1.0607993666487467],[-80.50063530985578,-1.214104597744254],[-80.49526308023246,-1.3674337827019385],[-80.49422878057507,-1.519541381513214],[-80.50357418612072,-1.669181854120318],[-80.52933468819623,-1.8151096604064278],[-80.57754018451698,-1.9560792601875876],[-80.65421598499303,-2.090845113207783],[-80.76538370113418,-2.2181616791366525],[-80.56569805298577,-2.2284461204472295],[-80.38245961665199,-2.2532060404953733],[-80.21728023211965,-2.2939283465676317],[-80.07178069298115,-2.352099946043943],[-79.94759281908827,-2.4292077464292436],[-79.8463614979923,-2.5267386553934688],[-79.76974660776249,-2.646179580822583],[-79.71942471566831,-2.789017430883873],[-79.69709042634855,-2.9567391141085837],[-79.81351430811604,-3.0620333034110354],[-79.95271824691463,-3.1458565879552296],[-80.10723440073907,-3.2153659358492366],[-80.26961826060865,-3.2777183155455316],[-80.43244247752715,-3.340070695763062],[-80.58829463027658,-3.4095800454668588],[-80.72977848435966,-3.493403333916599],[-80.7215360195203,-3.6647475474076288],[-80.73765083742924,-3.8286134953579247],[-80.77181371677446,-3.985788363713511],[-80.81771975965869,-4.137059338478153],[-80.86906763544314,-4.2832136057170995],[-80.91955894350514,-4.425038351560324],[-80.96289766641804,-4.563320762204928],[-80.99278968921028,-4.6988480239176385],[-81.00294236371137,-4.832407323037229],[-80.99392477445339,-4.971826791630665],[-80.96853417951918,-5.133417988712551],[-80.92864317603791,-5.309441548230204],[-80.87610496876694,-5.492156194251016],[-80.81274906650049,-5.6738212622121935],[-80.7403783603248,-5.846696087012024],[-80.66076978171382,-6.003040003521911],[-80.57567843349388,-6.13511234699886],[-80.48684557036074,-6.235172453284565],[-80.35763214933556,-6.331375979051767],[-80.2135148631019,-6.4030460486593626],[-80.06023242412967,-6.459522810427481],[-79.90353948217917,-6.5101464125084085],[-79.74920064134285,-6.564257002874254],[-79.60298990184903,-6.631194729265458],[-79.47069577880661,-6.720299739023454],[-79.35813242155187,-6.840912178713454],[-79.27102526700027,-6.979107069523227],[-79.20401597277792,-7.123861840280695],[-79.15275009757312,-7.274258106057744],[-79.11286999392189,-7.429377481879082],[-79.0800141569116,-7.588301582763791],[-79.04981662772178,-7.750112023772387],[-79.01790646117452,-7.9138904200579505],[-78.97990726816822,-8.078718386919622],[-78.93143684529426,-8.243677539856694],[-78.79467592146811,-8.318806729981958],[-78.67521997101508,-8.402642007569684],[-78.57176558089421,-8.494636013486494],[-78.4830100455374,-8.594241388518322],[-78.40765097668208,-8.700910773383997],[-78.34438592914294,-8.81409680875089],[-78.29191204085618,-8.933252135252532],[-78.24892568621485,-9.057829393508925],[-78.21412214235198,-9.187281224148714],[-78.18619526862238,-9.321060267833614],[-78.16383720008591,-9.45861916528493],[-78.14573805630515,-9.599410557311447],[-78.13058566724001,-9.742887084838621],[-78.11706531844827,-9.8885013889386],[-78.10385895132839,-10.035708095146719],[-78.08964704312145,-10.183956104736623],[-78.0731048014911,-10.332699820052722],[-78.05290465453768,-10.481391885436024],[-78.02771562517786,-10.629484945404123],[-77.99620327947626,-10.77643164455719],[-77.9570297169319,-10.921684627484545],[-77.90605469883661,-11.061998910537884],[-77.84019903912463,-11.19857248709348],[-77.76224192117921,-11.332057148848495],[-77.67496705325856,-11.463104687278772],[-77.58116248938396,-11.592366893739067],[-77.4836205067024,-11.720495559553441],[-77.38513754492575,-11.848142476100444],[-77.2885142131949,-11.975959434895188],[-77.19655536959111,-12.10459822767207],[-77.1120702785303,-12.234710646470525],[-77.03787285143454,-12.366948483727192],[-76.97678197639165,-12.501963532377403],[-76.93162194299286,-12.640407585969095],[-76.90522296919619,-12.782932438792926],[-76.90042183790446,-12.930189886031538],[-76.74544966215801,-12.968486054993317],[-76.59993349652797,-13.014628157864655],[-76.46396506878217,-13.068690565389478],[-76.33763855997877,-13.130747648715229],[-76.221050705496,-13.200873779443626],[-76.11430090526315,-13.279143329689228],[-76.01749134375581,-13.365630672146024],[-75.93072712035438,-13.460410180162206],[-75.85411639070625,-13.563556227824508],[-75.78777051977376,-13.675143190051127],[-75.73180424729789,-13.795245442694922],[-75.68633586645713,-13.923937362656925],[-75.65148741655673,-14.061293328010338],[-75.62738489064066,-14.2073877181357],[-75.61415845898404,-14.362294913868093],[-75.61194270949227,-14.526089297656329],[-75.62087690610771,-14.698845253734934],[-75.641105266407,-14.880637168309015],[-75.67277653863432,-15.071533267213173],[-75.50449129768676,-15.085287271965075],[-75.33172802502315,-15.102452445574583],[-75.15662455192658,-15.12407837883631],[-74.98131928052489,-15.151214662906883],[-74.80795181023323,-15.184910889407984],[-74.63866371331943,-15.226216650526482],[-74.47559944868019,-15.276181539093416],[-74.32090740023347,-15.33585514861796],[-74.17674102324054,-15.406287073245874],[-74.14626986621337,-15.48835197574469],[-74.12762795528454,-15.623552450093984],[-74.06679408709186,-15.74104109081899],[-73.92028109462218,-15.817423474243752],[-73.72879725827673,-15.861924516970799],[-73.54806728369522,-15.896462640468107],[-73.4338449986757,-15.94295626910571],[-73.32139158269753,-16.08658837507299],[-73.259502837361,-16.22723160314845],[-73.19124816743305,-16.359904485946092],[-73.05963517977592,-16.479625559796713],[-72.89478108238201,-16.55576193016598],[-72.71739096755829,-16.60164054678271],[-72.53321967350345,-16.630397704792756],[-72.34803242129439,-16.655169695235035],[-72.16759245289676,-16.689092806523668],[-71.9976636316762,-16.745303323420003],[-71.8558338755367,-16.819631574811233],[-71.72921786748526,-16.909974269852615],[-71.61465847254483,-17.012641430402752],[-71.50899327539419,-17.123943078775337],[-71.40905139986762,-17.240189239362262],[-71.3116518966828,-17.357689940423906],[-71.21360354548197,-17.472755215801936],[-71.1117058870466,-17.581695106255317],[-71.00275129382854,-17.68081966010587],[-70.88352790238957,-17.766438932907672],[-70.75082327062036,-17.834862985920665],[-70.60142868615036,-17.882401883280004],[-70.57139186623121,-18.04083354011611],[-70.54099717538801,-18.19889922874416],[-70.5094750696829,-18.35598404444674],[-70.47605404425025,-18.511473085319764],[-70.43996096176623,-18.664751452648296],[-70.40042139613335,-18.815204251230668],[-70.35665998439862,-18.962216589639787],[-70.30790078020007,-19.105173580410927],[-70.25336760245055,-19.243460340146285],[-70.19228437352855,-19.37646198952811],[-70.12387544195467,-19.50356365323239],[-70.04736588540024,-19.624150459737855],[-69.9619817908958,-19.73760754102536],[-69.86695051028714,-19.8433200321657],[-69.76150089031952,-19.94067307079498],[-69.64485856616423,-20.029034126417812],[-69.68017161596006,-20.197738736890656],[-69.70913698776843,-20.365011273998537],[-69.73227917039314,-20.53090686400741],[-69.75012275529264,-20.69548063037931],[-69.76319246924807,-20.85878769399074],[-69.77201320803208,-21.020883173342842],[-69.77711007102536,-21.181822184763785],[-69.77900839674794,-21.341659842603484],[-69.7782337992889,-21.500451259421425],[-69.77531220563658,-21.658251546168053],[-69.77076989392704,-21.815115812360045],[-69.76513353264335,-21.971099166249928],[-69.75893022081436,-22.126256714990447],[-69.75268752927435,-22.280643564794254],[-69.74693354305937,-22.434314821088893],[-69.74219690502882,-22.587325588668303],[-69.73900686081421,-22.739730971840295],[-69.73789330520883,-22.891586074570604],[-69.7393868301252,-23.042946000625058],[-69.74401877425903,-23.193865853707937],[-69.7523212746111,-23.344400737599553],[-69.76482732003079,-23.494605756290866],[-69.78207080695722,-23.64453601411768],[-69.80458659754741,-23.79424661589341],[-69.83291058039403,-23.943792667041116],[-69.86757973404828,-24.093229273725253],[-69.90913219357803,-24.24261154298351],[-69.97078148472856,-24.412744592470204],[-70.04603025508966,-24.57714947090974],[-70.13006235227583,-24.737575513342293],[-70.21807068249957,-24.895772093179392],[-70.30526077604283,-25.053486085583646],[-70.3868371567927,-25.212472325819817],[-70.45801692248328,-25.374477210164894],[-70.5140253812969,-25.541250057141795],[-70.55009909876361,-25.714540187252062],[-70.56802621500408,-25.871837979948594],[-70.5801281207942,-26.028766045677198],[-70.58743292361882,-26.185505938413826],[-70.59097194147809,-26.342239213388194],[-70.59177973271078,-26.499147425275776],[-70.59089413909572,-26.656412126389],[-70.58935634308543,-26.81421486485217],[-70.5882109400357,-26.972737182745938],[-70.58850602630913,-27.132160614206718],[-70.59129330415155,-27.29266668346531],[-70.59762820426869,-27.454436902810244],[-70.60857002706406,-27.617652770459678],[-70.6251821035415,-27.78249576832645],[-70.64853197692341,-27.949147359658895],[-70.67969160609391,-28.117788986541697],[-70.71973759203821,-28.2886020672381],[-70.76975142852352,-28.461767993356098],[-70.5909765996503,-28.44820613364818],[-70.4298979143484,-28.414716699771105],[-70.28448433632978,-28.363655003354964],[-70.15270494428614,-28.297376312743587],[-70.03252492723688,-28.218235894913104],[-69.9219022088687,-28.128589049454483],[-69.81878467501815,-28.030791133647973],[-69.72110798696467,-27.92719757846454],[-69.62679397027152,-27.820163895989666],[-69.53374957451786,-27.71204567927638],[-69.43986640337774,-27.605198595999415],[-69.3430208170922,-27.501978377498073],[-69.24107461040161,-27.404740804865117],[-69.13187626842777,-27.315841693658065],[-69.013262800769,-27.237636878583256],[-68.88306215016797,-27.17248219912564],[-68.73909616649685,-27.12273348657397],[-68.65439215565675,-26.982913821615984],[-68.56382066544596,-26.843818771758045],[-68.46816997108498,-26.70513759182107],[-68.36822999764262,-26.566559529165488],[-68.26479236243132,-26.427773826144925],[-68.15865041727463,-26.288469722524496],[-68.05059929138265,-26.14833645790063],[-67.94143593555883,-26.00706327416114],[-67.8319591684608,-25.86433941802412],[-67.72296972564952,-25.719854143695315],[-67.61527031218557,-25.57329671568508],[-67.509665659567,-25.424356411826917],[-67.40696258785205,-25.27272252654246],[-67.3079700738713,-25.118084374399537],[-67.21349681301714,-24.960134052826852],[-67.12435756821353,-24.798555724225167],[-67.04135400938843,-24.63304096046815],[-66.96529019431375,-24.463278937115025],[-66.89697058469446,-24.28895883212247],[-66.83719976378634,-24.109769824852822],[-66.79545967198008,-23.968829783999517],[-66.75613423395646,-23.82572725088915],[-66.71913670541917,-23.68056335088574],[-66.68437915926043,-23.53343920520377],[-66.65177250812916,-23.384455930984192],[-66.62122653167845,-23.23371464139109],[-66.59264990832882,-23.081316445727925],[-66.56595025137645,-22.92736244957284],[-66.54103414926372,-22.771953754932312],[-66.51780720982306,-22.615191460411705],[-66.49617410829366,-22.45717666140248],[-66.47603863890401,-22.29801045028462],[-66.45730376980242,-22.137793916643524],[-66.43987170111033,-21.976628147499977],[-66.42364392586478,-21.814614227552507],[-66.40852129360687,-21.651853239430796],[-66.39440407636604,-21.488446263958842],[-66.38119203678171,-21.324494380426938],[-66.36878449809583,-21.160098666871487],[-66.35708041574219,-20.995360200360235],[-66.34597845025235,-20.830380057283932],[-66.33537704119003,-20.66525931365042],[-66.32517448181999,-20.50009904538216],[-66.3152689942124,-20.335000328614747],[-66.30555880447677,-20.17006423999536],[-66.29594221781693,-20.005391856980065],[-66.28632531787935,-19.841101331785836],[-66.2766136954454,-19.677259136899835],[-66.26673055993048,-19.513984007735903],[-66.25659424112065,-19.35137708619714],[-66.24612285691224,-19.18953951452569],[-66.23523426795181,-19.028572435222657],[-66.22384603348829,-18.868576990967277],[-66.21187536863584,-18.70965432453918],[-66.1992391032458,-18.551905578741707],[-66.18407910626287,-18.381167847355798],[-66.16716062337554,-18.211157281270033],[-66.14886884945513,-18.041892789708488],[-66.12958824947661,-17.873393281591003],[-66.10970256242211,-17.705677665520895],[-66.0895948063773,-17.53876484977294],[-66.06964728477443,-17.37267374228162],[-66.0502415937336,-17.20742325063015],[-66.03175863045381,-17.043032282039515],[-66.0145786026027,-16.879519743358227],[-65.99908103865388,-16.716904541052333],[-65.98564479911958,-16.55520558119581],[-65.97464808862459,-16.394441769461764],[-65.96646846876862,-16.23463201111347],[-65.96148287172153,-16.075795210996578],[-66.07613759870542,-15.961138668162421],[-66.18375200027202,-15.843048125621367],[-66.28487376580141,-15.721762316188409],[-66.38005034912213,-15.597519973422425],[-66.46982882899614,-15.47055983156859],[-66.55475577113192,-15.341120625486985],[-66.6353770922708,-15.209441090569376],[-66.71223792693726,-15.075759962643609],[-66.78588298259749,-14.940322466476612],[-66.85685177147354,-14.803354697419424],[-66.9256810812479,-14.665101533706576],[-66.99290546634937,-14.52580170102297],[-67.0590579064148,-14.385693924596966],[-67.12466980371087,-14.245016929229054],[-67.1902709904534,-14.104009439322851],[-67.25638974547165,-13.9629101789189],[-67.32355281966487,-13.821957871729904],[-67.39228546970341,-13.681391241178078],[-67.46311149943521,-13.54144901043277],[-67.53655330847359,-13.40236990244958],[-67.61313194746006,-13.264392640008865],[-67.69336717951845,-13.127755945754743],[-67.77777754744369,-12.992698542232757],[-67.86688044619703,-12.859459151927101],[-67.96119220031481,-12.728276497296013],[-68.05804960699385,-12.61054906117617],[-68.16466693441396,-12.498052126277708],[-68.27985187139481,-12.390163012782025],[-68.40241565400264,-12.286259041513844],[-68.53117267330914,-12.185717533832117],[-68.66494014512237,-12.087915811537956],[-68.80253783837563,-11.992231196796912],[-68.9427878593055,-11.898041012072728],[-69.08451448890942,-11.804722580070337],[-69.22654407144603,-11.711653223685861],[-69.36770495193623,-11.618210265961647],[-69.5068274607367,-11.52377103004407],[-69.64274394329696,-11.427712839142522],[-69.77428883317702,-11.329413016487145],[-69.900298766296,-11.228248885283564],[-70.01961273420731,-11.123597768662247],[-70.11869868373635,-11.027304735553855],[-70.2146112455828,-10.923458870342598],[-70.30759257330833,-10.812643642699166],[-70.39788404005645,-10.695442521932502],[-70.48572589158569,-10.572438976993395],[-70.57135693909372,-10.44421647649424],[-70.65501429185926,-10.311358488744263],[-70.73693312937102,-10.17444848179983],[-70.81734651228791,-10.03406992352819],[-70.89648572595299,-9.89080451986428],[-70.97457776077847,-9.745239487929497],[-71.05184852299679,-9.597956316012139],[-71.1285208636571,-9.44953847447285],[-71.20481510783254,-9.300569433953354],[-71.28094909380867,-9.151632665354168],[-71.35713824092436,-9.003311639809365],[-71.43359564357505,-8.856189828658984],[-71.51053218889469,-8.710850703420117],[-71.58815669568114,-8.567877735756841],[-71.66667607222145,-8.427854397450155],[-71.74629549080306,-8.291364160368694],[-71.82721857687096,-8.158990496439959],[-71.90964761100042,-8.031316877623851],[-71.99378374210927,-7.908926775887683],[-72.11389657454635,-7.753974154626616],[-72.23301243068535,-7.616880805893132],[-72.34266549370612,-7.487167319475098],[-72.43442515719892,-7.3543542830424755],[-72.49989424801146,-7.207962282622268],[-72.53071454798997,-7.0375119027961714],[-72.69632233406949,-6.986480991356937],[-72.85629891104233,-6.930221589424869],[-73.01264391829062,-6.870519034922334],[-73.16735532469588,-6.809158665856851],[-73.32242913897426,-6.747925820317942],[-73.47985934567483,-6.688605836466477],[-73.6416380581382,-6.632984052518802],[-73.80975587975762,-6.582845806728493],[-73.9862024663823,-6.539976437367729],[-74.17296728564044,-6.506161282710655],[-74.23290472329215,-6.400490642527191],[-74.29809318304534,-6.293684589672443],[-74.36786620109709,-6.185728530388295],[-74.44155747333885,-6.076607870932244],[-74.51850085327978,-5.966308017578269],[-74.59803034982,-5.854814376617554],[-74.67948012487071,-5.742112354359444],[-74.76218449081807,-5.628187357132193],[-74.84547790782914,-5.513024791283914],[-74.92869498099833,-5.396610063183547],[-75.01117045733416,-5.278928579221716],[-75.09223922258673,-5.159965745811823],[-75.17123629791747,-5.03970696939104],[-75.24749760885129,-4.918138241326981],[-75.32036002575272,-4.795243735136423],[-75.38916400055669,-4.671009503938169],[-75.45324987876356,-4.545420953764196],[-75.51195843820236,-4.418463490643741],[-75.56463089558228,-4.290122520603084],[-75.61060891234455,-4.160383449665358],[-75.6492345997358,-4.029231683850341],[-75.67985052301829,-3.8966526291742185],[-75.70179970472715,-3.7626316916493687],[-75.71442562688044,-3.627154277284118],[-75.71707223204082,-3.490205792082462],[-75.70908392312293,-3.3517716420438837],[-75.68980556183377,-3.2118372331630005],[-75.65858246562705,-3.0703879714293807],[-75.61476040304626,-2.9274092628271866],[-75.55768558732339,-2.7828865133349114],[-75.48670466809412,-2.6368051289250785],[-75.40116472108123,-2.489150515563957],[-75.23086276875564,-2.5176311127577864],[-75.06615919187917,-2.5533952192926677],[-74.90687331311632,-2.596175571828334],[-74.75282529952143,-2.645704907038178],[-74.60383595838424,-2.701715961608386],[-74.45972654212513,-2.7639414722372306],[-74.3203185634714,-2.8321141756339605],[-74.18543362195065,-2.9059668085182957],[-74.05489324255271,-2.985232107619282],[-73.92851872724187,-3.069642809674557],[-73.80613101983963,-3.1589316514291035],[-73.6875505846505,-3.2528313696343507],[-73.57259729906342,-3.351074701046692],[-73.46109036023172,-3.453394382426223],[-73.35284820581364,-3.5595231505352727],[-73.24768844864315,-3.6691937421366356],[-73.14542782509535,-3.782138893991972],[-73.04588215681429,-3.8980913428598245],[-72.94886632538034,-4.016783825493614],[-72.85419425941187,-4.137949078639667],[-72.76167893351904,-4.2613198390348765],[-72.67113237845761,-4.386628843404677],[-72.58236570176818,-4.513608828460601],[-72.49518911812751,-4.641992530897956],[-72.40941198858997,-4.771512687393637],[-72.32484286785049,-4.901902034603684],[-72.24128903455833,-5.032892665561817],[-72.15856030116153,-5.164218536752882],[-72.07646735657238,-5.2956118077492045],[-71.99482117528107,-5.426805214686196],[-71.91343209186547,-5.5575314936833635],[-71.83210977524608,-5.687523380853661],[-71.75066320738875,-5.816513612312818],[-71.66890066691725,-5.944234924188519],[-71.5866297180875,-6.0704200526289975],[-71.50365720556205,-6.19480173381146],[-71.41978925540444,-6.317112703949332],[-71.3348312826893,-6.437085699299493],[-71.17835559823567,-6.497352276284717],[-71.02244792212053,-6.5447223825455],[-70.86707682447633,-6.579902124208548],[-70.71221349068371,-6.603597607364867],[-70.55783132297962,-6.616514938062027],[-70.40390554711445,-6.6193602223033725],[-70.25041283068336,-6.612839566052498],[-70.09733091866529,-6.597659075240579],[-69.94463829069416,-6.574524855775973],[-69.7923138436551,-6.544143013553946],[-69.64033660234583,-6.5072196544664695],[-69.4886854601684,-6.46446088441074],[-69.33733895111864,-6.41657280929614],[-69.18627505371772,-6.364261535049423],[-69.03547102698448,-6.308233167617735],[-68.88490327807155,-6.249193812969725],[-68.7345472607901,-6.1878495770945285],[-68.58437740391626,-6.124906565999265],[-68.43436706791405,-6.0610708857048285],[-68.28448852851841,-5.99704864224115],[-68.13471298549842,-5.933545941641073],[-67.98501059486273,-5.871268889935064],[-67.83535052277693,-5.810923593145072],[-67.6857010195313,-5.753216157280281],[-67.53602951203055,-5.698852688333],[-67.386302713469,-5.6485392922766495],[-67.2364867491063,-5.6029820750651735],[-67.08654729736989,-5.562887142634513],[-66.93644974587528,-5.528960600905944],[-66.78615936238003,-5.501908555791481],[-66.61683772822478,-5.477338954048707],[-66.44823907553301,-5.457715991136659],[-66.28024865063256,-5.442694665697294],[-66.11275221348559,-5.431929976380546],[-65.9456359627922,-5.4250769218435835],[-65.77878646883853,-5.421790500749942],[-65.61209061353247,-5.421725711768301],[-65.44543553716373,-5.424537553571346],[-65.27870859151106,-5.429881024834398],[-65.11179729899682,-5.437411124234428],[-64.94458931765355,-5.446782850448818],[-64.7769724117276,-5.457651202154765],[-64.60883442779252,-5.4696711780283955],[-64.44006327628652,-5.482497776744426],[-64.27054691841975,-5.495785996975682],[-64.1001733584212,-5.509190837393213],[-63.928830641111205,-5.522367296666079],[-63.756406854792985,-5.534970373461562],[-63.58279013945561,-5.546655066445443],[-63.40786870027517,-5.557076374282329],[-63.23153082638255,-5.565889295636088],[-63.05366491484614,-5.5727488291702345],[-62.874159499785634,-5.577309973548424],[-62.69290328649711,-5.579227727435263],[-62.50978519042522,-5.5781570894967185],[-62.324694380767085,-5.573753058401066],[-62.13752032843668,-5.565670632819849],[-62.01633636261376,-5.660007403684656],[-61.90831764718874,-5.754782911303542],[-61.81301514255871,-5.849976068966945],[-61.729979756370994,-5.945565789960117],[-61.658762339318315,-6.041530987563812],[-61.598913680865735,-6.137850575054346],[-61.549984504910086,-6.234503465704204],[-61.51152546537365,-6.331468572782195],[-61.48308714173406,-6.428724809553934],[-61.46422003449291,-6.5262510892822005],[-61.45447456058572,-6.624026325227401],[-61.45340104873709,-6.72202943064778],[-61.46054973476424,-6.820239318800056],[-61.47547075683424,-6.918634902939634],[-61.497714150678846,-7.0171950963210765],[-61.52682984477315,-7.115898812198638],[-61.562367655483214,-7.214724963826456],[-61.603877282189686,-7.3136524644591585],[-61.65090830239396,-7.412660227352174],[-61.70301016681434,-7.511727165762305],[-61.75973219448031,-7.610832192947941],[-61.82062356783297,-7.7099542221696575],[-61.88523332784101,-7.809072166690538],[-61.95311036914137,-7.908164939776676],[-62.023803435214475,-8.007211454697547],[-62.096861113604405,-8.10619062472646],[-62.17183183119525,-8.205081363140877],[-62.24826384955411,-8.303862583223061],[-62.325705260353615,-8.402513198260161],[-62.403703980884956,-8.501012121544822],[-62.481807749674786,-8.599338266375664],[-62.559564122218816,-8.69747054605747],[-62.63652046684541,-8.795387873901632],[-62.712223960722625,-8.893069163226615],[-62.78622158602333,-8.990493327358308],[-62.85806012626236,-9.087639279630213],[-62.92728616282014,-9.184485933384082],[-62.99344607166853,-9.281012201970086],[-63.05608602031333,-9.377196998747138],[-63.114751964968775,-9.473019237083198],[-63.168989647980354,-9.568457830355882],[-63.218344595510814,-9.663491691952231],[-63.262362115505724,-9.758099735269454],[-63.30058729595406,-9.85226087371505],[-63.33256500346076,-9.945954020707035],[-63.35783940764408,-10.039160079257218],[-63.37595582696862,-10.131854126176227],[-63.38645786002746,-10.224016922245355],[-63.388889361723514,-10.315627381636519],[-63.38279396841796,-10.406664418504434],[-63.367715099057406,-10.497106946985062],[-63.34319595671742,-10.586933881195232],[-63.20916365658596,-10.635455138882483],[-63.06509375301491,-10.675382951076255],[-62.91209419256373,-10.707668500953481],[-62.75127516439022,-10.73326297155034],[-62.58374847670265,-10.753117545809241],[-62.41062701059616,-10.76818340661156],[-62.23302425462492,-10.779411736799386],[-62.05205392227758,-10.787753719190263],[-61.86882965353456,-10.794160536586887],[-61.68446480089125,-10.799583371783065],[-61.50007229963428,-10.804973407567022],[-61.31676462175895,-10.811281826722947],[-61.13565381271171,-10.819459812030098],[-60.957851610131485,-10.830458546261081],[-60.78446964394499,-10.845229212178758],[-60.61661971754094,-10.864722992533286],[-60.45541417030708,-10.889891070060695],[-60.301966322558314,-10.921684627484545],[-60.23041969630698,-11.034793356498554],[-60.16983676675035,-11.152806611046293],[-60.11955260612116,-11.27542046810786],[-60.07890195562311,-11.402331004966552],[-60.04721907769121,-11.533234299199986],[-60.023837611944,-11.667826428664778],[-60.00809043483872,-11.805803471474778],[-59.99930952314823,-11.946861505973459],[-59.99682582147656,-12.09069661070063],[-59.99996911412744,-12.237004864353946],[-60.00806790173007,-12.385482345745674],[-60.02044928311214,-12.535825133755418],[-60.03643884299163,-12.687729307279229],[-60.05536054613357,-12.84089094517568],[-60.076536638688125,-12.995006126209978],[-60.09928755748959,-13.149770928996377],[-60.12293184815405,-13.304881431939837],[-60.14678609286099,-13.46003371317763],[-60.17016484875066,-13.614923850521851],[-60.192380597899074,-13.769247921403238],[-60.21274370986116,-13.922702002817473],[-60.230562417787084,-14.074982171274407],[-60.24514280912392,-14.225784502751342],[-60.25578883190916,-14.374805072650593],[-60.26180231764731,-14.521739955762568],[-60.26248302173245,-14.666285226234892],[-60.257128682339086,-14.808136957547687],[-60.2450350986486,-14.94699122249697],[-60.22549557181458,-15.08253795790002],[-60.19780052389156,-15.214485828266374],[-60.16123590744546,-15.342524423883313],[-60.10665542031147,-15.475856192305514],[-60.037157817297214,-15.595023974351415],[-59.95381562286278,-15.701214014348812],[-59.85771283883952,-15.79561256094784],[-59.749942808411745,-15.879405865832169],[-59.63160637891757,-15.953780182763808],[-59.50381033104232,-16.019921766888135],[-59.367666046637154,-16.079016874238903],[-59.224288391715504,-16.13225176139336],[-59.07479479508392,-16.18081268523704],[-58.92030450648677,-16.22588590280575],[-58.76193802104575,-16.268657671179376],[-58.60081665911464,-16.310314247406854],[-58.43806229243283,-16.35204188844643],[-58.274797208634766,-16.39502685110721],[-58.11214410674815,-16.44045539197954],[-57.95122621629919,-16.48951376734223],[-57.79316753203433,-16.543388233032044],[-57.71774198389711,-16.66328861032337],[-57.667293060459656,-16.80056428231785],[-57.63649595523026,-16.951548876752085],[-57.62001344921083,-17.112576019869845],[-57.61249230738845,-17.279979338907843],[-57.608561443866236,-17.450092465165348],[-57.60283170134555,-17.619249037303852],[-57.58989705764526,-17.783782704454456],[-57.564337053039765,-17.940027128679088],[-57.52072022955308,-18.08431598634487],[-57.46203912344433,-18.187441945905572],[-57.37454889578446,-18.286644968009714],[-57.26293499393684,-18.383481751334827],[-57.131887720677796,-18.479508990885517],[-56.98610124922739,-18.576283377712894],[-56.830272958687786,-18.675361598491627],[-56.66910306943828,-18.778300334906838],[-56.507294556426146,-18.886656262800784],[-56.359366912582814,-18.989829352396907],[-56.218428009765546,-19.089299441508604],[-56.08339780102905,-19.185614415895042],[-55.95319564077619,-19.27932215969095],[-55.82674024601499,-19.370970555364444],[-55.70294965917725,-19.46110748367138],[-55.580741208260605,-19.55028082360075],[-55.459031460479196,-19.639038452304497],[-55.33673616593565,-19.727928245005884],[-55.21277018806053,-19.81749807488095],[-55.08604741772095,-19.908295812907735],[-54.955476636607656,-20.000851748374807],[-54.81997803442739,-20.09574860207479],[-54.67846082916493,-20.19351696488758],[-54.52983786103226,-20.294704709741442],[-54.36993731884402,-20.39813043834668],[-54.21845738166469,-20.48687338873067],[-54.07301382859839,-20.563376718791964],[-53.931218835423095,-20.630083572931806],[-53.79068180140595,-20.689437086797863],[-53.64900981308125,-20.743880390403024],[-53.50380785562163,-20.795856610139005],[-53.35267885243606,-20.847808870070192],[-53.1932235934796,-20.90218029280446],[-53.02304060199967,-20.961414000193226],[-52.83972598765638,-21.027953114112627],[-52.68176113837109,-21.106768376324506],[-52.535844963621216,-21.208608327645738],[-52.39556153502312,-21.322846206970546],[-52.25448985944193,-21.438855254831598],[-52.10619755109988,-21.546008699336678],[-51.9442407203685,-21.633679744085846],[-51.77985007166738,-21.689771387791666],[-51.6058858207956,-21.729736048384158],[-51.4273087209281,-21.758368228599945],[-51.249079959666,-21.780462437879585],[-51.07615842315574,-21.80081319016025],[-50.91349972530698,-21.82421500275674],[-50.76605710821685,-21.855462396903594],[-50.63878429361297,-21.899349900409813],[-50.5091204504864,-21.971449763701834],[-50.40004824566795,-22.059250499105822],[-50.30893170806856,-22.161286552041197],[-50.23313878585008,-22.276092376757965],[-50.17003953405567,-22.402202435422264],[-50.11700434987887,-22.53815119649554],[-50.071402238754594,-22.682473132350953],[-50.03059911123545,-22.833702716142678],[-49.991956125684936,-22.99037441800902],[-49.95282810525451,-23.151022700744086],[-49.910562069394615,-23.314182015118767],[-49.862495930160776,-23.478386795065603],[-49.805957411638744,-23.64217145297018],[-49.74344082262587,-23.7947246945023],[-49.67030127704273,-23.958437249709185],[-49.588546410509565,-24.127570580640477],[-49.50015697338638,-24.29638604232335],[-49.40708330126461,-24.459144861217442],[-49.31124459586462,-24.61010812482432],[-49.214531766259036,-24.743536786443876],[-49.11881444417086,-24.853691688465123],[-49.02595254240753,-24.934833606398655],[-48.93781237486515,-24.981223314107304],[-48.81199395489679,-25.005283279690836],[-48.682421754372626,-25.00367889065731],[-48.549225685055404,-24.980500632967324],[-48.41254931661968,-24.939833716212434],[-48.27253065580792,-24.88577133904282],[-48.12930218605508,-24.822404032763437],[-47.98298357618493,-24.753822298362557],[-47.83367847364585,-24.684116595418907],[-47.68147333804563,-24.61737733867364],[-47.52643812584122,-24.557694901502387],[-47.36862862655115,-24.50915962546343],[-47.2080902826059,-24.475861835250637],[-47.044863397455956,-24.4618918587373],[-46.87898974842155,-24.471340052363388],[-46.71052077077292,-24.50829683289286],[-46.587777417311074,-24.37137294490058],[-46.510340970355934,-24.231644108002502],[-46.44897792848209,-24.093956386120635],[-46.3744615515441,-23.963155754320297],[-46.257572346601734,-23.844088115152154],[-46.11212805103948,-23.752838430231005],[-45.95105168230101,-23.687960118345472],[-45.77758236593936,-23.64394264666345],[-45.59498375464729,-23.61527555950733],[-45.406537372434066,-23.596448446032646],[-45.21553830766014,-23.581950919313897],[-45.02529288216262,-23.56627260503766],[-44.839118082190204,-23.54390313891199],[-44.660342607162185,-23.50933217229997],[-44.52587049834333,-23.470847787427765],[-44.39061181379169,-23.422634040111426],[-44.25398230451466,-23.366917049029887],[-44.11539327661533,-23.305922924199315],[-43.97425065454233,-23.24187776372636],[-43.829954437985386,-23.177007652207305],[-43.68189851364256,-23.113538660597083],[-43.52947077502715,-23.053696847326133],[-43.37205350154193,-22.999708260430957],[-43.20902395207815,-22.95379894048519],[-43.03975513824035,-22.918194924172305],[-42.86361675776628,-22.8951222484295],[-42.67997628958455,-22.88680695521377],[-42.48820027796196,-22.895475097095613],[-42.2876558640137,-22.923352744075423],[-42.077712658093716,-22.972665992238007],[-41.98381996284914,-22.82781700097634],[-41.90125636448816,-22.671904162168886],[-41.826509235951754,-22.508426096638335],[-41.7560538238361,-22.34088137710706],[-41.68635452053759,-22.172768533780175],[-41.61386655821619,-22.00758606334295],[-41.53503788092162,-21.84883243987369],[-41.44631094602652,-21.700006126153585],[-41.344124220816546,-21.564605583963296],[-41.138158713235626,-21.53391541192247],[-40.92801332169972,-21.50654080275497],[-40.72251904982879,-21.47432038234414],[-40.53052008319386,-21.429092781593297],[-40.36087308020003,-21.362696638025298],[-40.29067285819185,-21.22469919096932],[-40.22516525416332,-21.08492540285676],[-40.164111409765674,-20.943446627079506],[-40.107272180695574,-20.8003342148285],[-40.054408159445615,-20.655659515184922],[-40.0052796989809,-20.509493875221317],[-39.95964693735915,-20.361908640112542],[-39.91726982330711,-20.21297515325573],[-39.87790814276292,-20.06276475639945],[-39.8413249804557,-19.91136608226424],[-39.80727959336912,-19.758815423718943],[-39.77554531533936,-19.60520194678951],[-39.7458927847908,-19.45059704012406],[-39.7180929649368,-19.2950720932038],[-39.691917131684725,-19.138698496306507],[-39.6671368600535,-18.981547640467785],[-39.64352400914171,-18.823690917440434],[-39.620850705687864,-18.665199719651305],[-39.598889326270765,-18.5061454401571],[-39.577412478202625,-18.346599472597813],[-39.55619297917312,-18.18663321114928],[-39.53500383570818,-18.02631805047382],[-39.51361822051194,-17.86572538567045],[-39.49180944876627,-17.70492661222317],[-39.46935095346707,-17.543993125949154],[-39.44601625988162,-17.382996322946024],[-39.42157895921601,-17.222007599538326],[-39.39581268158682,-17.06109835222424],[-39.36849106839563,-16.90033997762146],[-39.339387744208544,-16.739803872413695],[-39.30827628824863,-16.579561433296593],[-39.27493020561032,-16.419684056924915],[-39.23912289831158,-16.260243139859263],[-39.200627636299394,-16.10131007851394],[-39.15921752852961,-15.94295626910571],[-39.09246495582482,-15.791602907155518],[-38.99561599274159,-15.644732876014416],[-38.896669127409766,-15.496866579039297],[-38.823619590882785,-15.342524423883313],[-38.780288375308984,-15.182343378439974],[-38.74655244352899,-15.02075358105455],[-38.72103916870583,-14.857971892635504],[-38.7023713401934,-14.694195490351618],[-38.6891717632671,-14.52964081504749],[-38.68006328960012,-14.364518018441364],[-38.673669154249396,-14.199037251807944],[-38.66861296124577,-14.033408666019874],[-38.663518664089686,-13.867842411590921],[-38.657010541803075,-13.70254863872053],[-38.64771317116417,-13.537737497339137],[-38.63425139572254,-13.373619137154275],[-38.61525029215772,-13.21040370769653],[-38.589335134507174,-13.04830135836543],[-38.55513135674773,-12.887522238474613],[-38.51126451416989,-12.728276497296013],[-38.36107347335275,-12.660767946866132],[-38.19682896422107,-12.602661821711456],[-38.02432213422487,-12.549412579319547],[-37.849351717171366,-12.49647467858572],[-37.677723717524024,-12.439302579557111],[-37.515251617908234,-12.373350743420865],[-37.36775708004683,-12.294073632669713],[-37.241071110909424,-12.196925711359475],[-37.15225942745676,-12.100416041834794],[-37.07642559753993,-11.99123491451058],[-37.011456842661275,-11.870907888682742],[-36.955238268832844,-11.740960522735016],[-36.90565247770016,-11.60291837405083],[-36.86057924071252,-11.458306999014173],[-36.817895234891246,-11.308651953093031],[-36.77547383911171,-11.155478790994843],[-36.73118498998096,-11.000313066879912],[-36.682895096369705,-10.844680334616543],[-36.62846701147083,-10.69010614805962],[-36.56576006093173,-10.538116061333206],[-36.49263012517736,-10.390235629097981],[-36.406929773536675,-10.247990406784343],[-36.306508447237775,-10.11290595077366],[-36.18921299332735,-9.986505909695813],[-36.03903438428297,-9.88563246883429],[-35.8641584744415,-9.817138152516282],[-35.6850211737253,-9.749640113579837],[-35.52211162409617,-9.651755497419288],[-35.41340653424026,-9.555110935065493],[-35.314522544203605,-9.45292854765189],[-35.225022597820704,-9.34542418757929],[-35.144469329520476,-9.232813707324098],[-35.07242505453286,-9.115312959449938],[-35.00845176033801,-8.993137796617875],[-34.95211109927044,-8.866504071595493],[-34.902964382208424,-8.73562763726391],[-34.86057257329793,-8.600724346624027],[-34.82449628567514,-8.462010052800732],[-34.7942957781667,-8.319700609045901],[-34.769530952959066,-8.17401186873992],[-34.74976135423859,-8.02515968539166],[-34.73454616781249,-7.873359912637236],[-34.72344422172671,-7.71882840423731],[-34.71601398790114,-7.561781014073066],[-34.711813584804084,-7.402433596141083],[-34.71040078118788,-7.241002004546971],[-34.7113330009054,-7.077702093498056],[-34.71416732882276,-6.912749717294802],[-34.71846051783846,-6.746360730321725],[-34.72376899701021,-6.578750987037063],[-34.72964888078353,-6.410136341962132],[-34.73565597930422,-6.240732649669896],[-34.74134580978744,-6.070755764772919],[-34.74627360890111,-5.90042154191119],[-34.859109834756325,-5.773413976292017],[-34.98525074764114,-5.658361800981538],[-35.11632738772094,-5.547737548616835],[-35.24398014952012,-5.434013752004855],[-35.35985826757106,-5.309662944325151],[-35.455621323988154,-5.1671576594191055],[-35.623686720598684,-5.103013837039493],[-35.79232578631836,-5.04287701122273],[-35.96125198480516,-4.98593328254479],[-36.13017823705422,-4.9313668649339375],[-36.298818743525224,-4.878363887690719],[-36.46688760239393,-4.826109831448229],[-36.63409910397571,-4.7737901768747495],[-36.800167753727735,-4.720590404672163],[-36.96480831510729,-4.665695995576027],[-37.127735874886795,-4.608292430356352],[-37.288665933711634,-4.547565189819861],[-37.44731452500415,-4.482699754813036],[-37.60339836576945,-4.412881606225912],[-37.75663504344513,-4.337296224996864],[-37.90674324366376,-4.25512909211745],[-38.05344302465823,-4.165565688637818],[-38.19645614504071,-4.067791495671913],[-38.33550645282066,-3.9609919944022827],[-38.46457583555789,-3.822342654424265],[-38.57647769996099,-3.6607788165331385],[-38.69170749523619,-3.499214982550382],[-38.83070560425889,-3.360565652158758],[-38.9465216856308,-3.2779279682772247],[-39.068072855273975,-3.2033438792958173],[-39.195024836315326,-3.1362617510297985],[-39.32704449970512,-3.076129949346586],[-39.463799754412186,-3.022396840157134],[-39.60495943402058,-2.9745107894088907],[-39.75019318293505,-2.9319201630797425],[-39.899171344983706,-2.8940733271726247],[-40.05156485683065,-2.860418647711218],[-40.20704514827701,-2.8304044907361265],[-40.36528405123232,-2.803479222301817],[-40.52595371887951,-2.7790912084740675],[-40.68872655633314,-2.756688815327666],[-40.85327516390341,-2.735720408945107],[-41.01927229392487,-2.715634355415052],[-41.18639082199352,-2.6958790208316668],[-41.35430373337317,-2.6759027712941417],[-41.522684125290084,-2.655153972906416],[-41.691205225827645,-2.633080991777567],[-41.85954043016717,-2.6091321940223344],[-42.027363354993206,-2.5827559457616753],[-42.19434791199705,-2.553400613124115],[-42.36016840156988,-2.5205145622469165],[-42.52449962797644,-2.4835461592775623],[-42.68701703754489,-2.4419437703753664],[-42.84739688169882,-2.3951557617134127],[-43.00531640699137,-2.34263049947981],[-43.16045407467873,-2.2838163498797517],[-43.31248981279713,-2.2181616791366525],[-43.4050660060014,-2.3362104475959207],[-43.49080627569346,-2.46038177648982],[-43.574997246704,-2.5857776187720614],[-43.66291258574066,-2.7074999271576377],[-43.75981401739316,-2.8206506540993286],[-43.870953308453814,-2.9203317517946554],[-44.001575019485436,-3.0016451722307385],[-44.15691989877996,-3.0596928672718295],[-44.34222891191157,-3.089576788790441],[-44.449094534212804,-3.0060654785233623],[-44.51906737262378,-2.888742830212586],[-44.56148592173681,-2.7461395143562535],[-44.58567925930562,-2.586786201066299],[-44.600955680602226,-2.4192135598914626],[-44.6165946160937,-2.2519522597692614],[-44.64184240701582,-2.093532969081166],[-44.685912627777455,-1.9524863557788135],[-44.82393746293026,-1.867663542703747],[-44.965643828666046,-1.7792681236214702],[-45.11068799185928,-1.6883352982887394],[-45.2587243574492,-1.5959002664318307],[-45.40940523185253,-1.5029982277483067],[-45.562380639423324,-1.410664381909798],[-45.717298200641835,-1.3199339285657197],[-45.87380308115026,-1.2318420673473014],[-46.0315380208301,-1.147423997872127],[-46.19014345182255,-1.0677149197484563],[-46.349257713711246,-0.9937500325794507],[-46.508517372999506,-0.9265645359669104],[-46.667557652509636,-0.8671936295146062],[-46.82601297439046,-0.8166725128308941],[-46.98351761803495,-0.776036385530896],[-47.139706491367136,-0.7463204472382717],[-47.25567107312916,-0.7964051617541821],[-47.3207749948482,-0.8937210414742627],[-47.36053442898407,-1.0146525042217251],[-47.400403489748605,-1.135583967576117],[-47.46575679989758,-1.232899848666013],[-47.58191174297648,-1.2829845641932893],[-47.75623606357558,-1.313557177568493],[-47.93008375172013,-1.3547664774899704],[-48.10304756763463,-1.4044212775851488],[-48.27471868568033,-1.4603303914756651],[-48.44468553744028,-1.520302632767582],[-48.612533023603284,-1.5821468150431315],[-48.77784208982971,-1.6436717518538282],[-48.940189655197564,-1.7026862567163739],[-49.09914887827235,-1.7569991431112775],[-49.254289745423556,-1.8044192244860169],[-49.40517996882961,-1.8427553142624546],[-49.55138618775717,-1.8698162258493323],[-49.692475476255915,-1.8834107726600493],[-49.57298342587883,-1.78053793617683],[-49.44615047317176,-1.684347902528893],[-49.315276082289785,-1.5917747265277022],[-49.183667874913624,-1.4997524630760846],[-49.05464149036724,-1.4052151671524902],[-48.93152104594923,-1.3050968938015608],[-48.81764027570364,-1.19633169812898],[-48.71634443582455,-1.0758536352971377],[-48.63099308756054,-0.9405967605185499],[-48.56496390439673,-0.7874951290424019],[-48.521657700278375,-0.6134827961288233],[-48.64071660622893,-0.5011233976639109],[-48.7673895760449,-0.392398437568981],[-48.90157260366208,-0.2903047331554314],[-49.043151925602444,-0.1978391017340866],[-49.192005714196014,-0.11799836062685908],[-49.34800671551179,-0.05377932717340534],[-49.51102587413048,-0.0081788187319652],[-49.68093695182227,0.01580634732491569],[-49.857622114633806,0.015179353617624338],[-50.04097837748286,-0.013056617234444954],[-50.166207566832675,-0.05809167442447189],[-50.271743117606064,-0.12803753358142939],[-50.362448961780096,-0.21645091999898738],[-50.443179804982236,-0.3168885589917559],[-50.518772652355366,-0.4229071758812273],[-50.59404240523051,-0.5280634959693924],[-50.67378127017279,-0.6259142445098989],[-50.7627616240326,-0.7100161466872604],[-50.86574199197949,-0.7739259276158728],[-50.987475918014596,-0.8112003123666537],[-51.13272373807055,-0.8153960260219915],[-51.12573529617694,-0.9290505725835146],[-51.145170620572735,-1.035647777671157],[-51.18783212792385,-1.1343293897389166],[-51.25052133373939,-1.2242371572136153],[-51.33003929122111,-1.3045128284987808],[-51.42318707942599,-1.3742981519803228],[-51.52676634767121,-1.4327348760337162],[-51.63757992406715,-1.4789647490323587],[-51.752432497197276,-1.5121295193572042],[-51.8681313812574,-1.5313709354068195],[-51.98148737638702,-1.535830745607689],[-52.08931573741579,-1.524650698424144],[-52.188437265726435,-1.4969725423667908],[-52.2756795402983,-1.4519380259994106],[-52.34787830511081,-1.3886888979423906],[-52.401879030788436,-1.3063669068723234],[-52.43453866847216,-1.2041138015161654],[-52.442727613182356,-1.0810713306384907],[-52.41718726816522,-0.9746854371028374],[-52.352798922336305,-0.8773536625624067],[-52.255372799227516,-0.7870639805415576],[-52.13072559286444,-0.7018043646128792],[-51.984679914399635,-0.6195627883840904],[-51.82306392878007,-0.5383272254885243],[-51.65171123438305,-0.45608564957809533],[-51.4764610296204,-0.3708260343176118],[-51.30315860644209,-0.28053635337971866],[-51.137656211754525,-0.18320458043914342],[-50.985814324264574,-0.07681868916534858],[-50.864710112554626,0.025715445614257794],[-50.75809222530673,0.1333222074622741],[-50.66538008627733,0.24568987074982643],[-50.58599199157447,0.3625067098616979],[-50.51934518776099,0.4834609991961567],[-50.46485578492322,0.6082410131643579],[-50.421938682671104,0.7365350261893572],[-50.390007508633445,0.8680313127051039],[-50.36847456903076,1.0024181471546907],[-50.35675081092028,1.1393838039887605],[-50.35424579571443,1.2786165576634867],[-50.360367683574516,1.4198046826383488],[-50.374523228275535,1.5626364533735813],[-50.39611778212621,1.706800144327795],[-50.42455531051096,1.8519840299552641],[-50.45923841559775,1.9978763847030203],[-50.499568368729115,2.1441654830082575],[-50.54494515098361,2.2905395992952875],[-50.59476750136237,2.436687007972963],[-50.6484329720217,2.582295983431817],[-50.70533798994009,2.727054800041603],[-50.7648779243747,2.8706517321487666],[-50.82644715943548,3.0127750540743805],[-50.889439171078315,3.1531130401117644],[-50.953246607802235,3.291353964525284],[-51.01726137432222,3.42718610154851],[-51.080874717488186,3.5602977253833226],[-51.143477313727146,3.690377110199221],[-51.20445935730484,3.8171125301329294],[-51.263210648734095,3.940192259288684],[-51.41691949471716,4.03152557997754],[-51.569657220463796,4.124164907610619],[-51.72119347219392,4.218284376359614],[-51.87129811363512,4.314058120411508],[-52.019741213193356,4.411660273969768],[-52.166293029679906,4.511264971255725],[-52.31072399625069,4.613046346510046],[-52.452804702192054,4.717178533994473],[-52.59230587216456,4.8238356679934675],[-52.728998342491664,4.93319188281627],[-52.86265264715905,5.04542066279224],[-52.99304171305171,5.1606973831979985],[-53.11993891648004,5.279195585324798],[-53.27845532460468,5.335393294068142],[-53.431449831114875,5.396683113481197],[-53.58061796161054,5.46151527094353],[-53.72765377941626,5.528339993774731],[-53.87424974082329,5.595607509240672],[-54.02209660170628,5.661768044565129],[-54.17288338128418,5.725271826944021],[-54.328297388963165,5.784569083560351],[-54.49002432000002,5.8381100415977425],[-54.65974842515837,5.884344928250598],[-54.83915275859876,5.92172397073016],[-55.02991950693584,5.948697396265421],[-55.177340597536045,5.817900119544286],[-55.29430878443577,5.694244196176554],[-55.40862451999173,5.588696703716815],[-55.548070233952814,5.512224719215917],[-55.74042417249353,5.475795319350278],[-55.847384588451206,5.481731665678352],[-55.968825781134086,5.508096232417778],[-56.10300779210574,5.552620766801645],[-56.24819326933272,5.613037016101943],[-56.402645856594916,5.68707672756429],[-56.56462877079244,5.7724716483569845],[-56.73240354795374,5.866953525541188],[-56.90422895157947,5.96825410606427],[-57.0783600478354,6.074105136775511],[-57.25304746105638,6.182238364460331],[-57.42653683000408,6.290385535887411],[-57.59706849026939,6.39627839786153],[-57.76287741102645,6.497648697274741],[-57.92219341491648,6.592228181147889],[-58.07324170804617,6.677748596655305],[-58.21424374281803,6.751941691127364],[-58.343418429465984,6.812539212026791],[-58.45898370269062,6.857272906898047],[-58.55915843764639,6.883874523291621],[-58.63072107578398,7.043155774074782],[-58.71398351486046,7.19193393809198],[-58.80349470498169,7.335321134799683],[-58.893817025906884,7.478429483046641],[-58.97952644199833,7.626371100881701],[-59.055213584909964,7.784258105293433],[-59.11548589286069,7.957202611824385],[-59.235835987269596,8.0362110762801],[-59.35940718048937,8.116864362851427],[-59.48612736764859,8.198929857868642],[-59.61592404955303,8.282174947680724],[-59.74872430033392,8.366367018659458],[-59.884454736958176,8.451273457203634],[-60.02304149078938,8.536661649743037],[-60.16441018140506,8.622298982742585],[-60.30848589288783,8.707952842706115],[-60.45519315282017,8.793390616179941],[-60.60445591422226,8.87837968975642],[-60.7561975406789,8.962687450076654],[-60.91034079490838,9.046081283833367],[-61.0668078310275,9.128328577772763],[-61.225520190769956,9.209196718696205],[-61.38639880391203,9.288453093461147],[-61.549363993156746,9.365865088981371],[-61.71433548372066,9.441200092226659],[-61.881232417858584,9.5142254902216],[-62.049973374549324,9.584708670043423],[-62.2204763945514,9.652417018819607],[-62.39265901101825,9.717117923723748],[-62.56643828584487,9.778578771971485],[-62.74173085188902,9.836566950814623],[-62.918452961188535,9.890849847535248],[-63.09652053926,9.94119484943824],[-63.275849245534886,9.987369343843312],[-63.45635406499788,10.029142692289161],[-63.63795127539163,10.06627839067329],[-63.82055568134996,10.098545736113564],[-64.00698225602954,10.124763932972538],[-64.19439898647929,10.144142599896767],[-64.38236984493669,10.157784887078753],[-64.57046064226479,10.16679394458069],[-64.75823866748995,10.17227292238104],[-64.94527239663161,10.17532497040858],[-65.13113127347489,10.177053238565914],[-65.31538556446434,10.178560876744065],[-65.49760628955072,10.180951034828215],[-65.6773652306093,10.185326862695335],[-65.85423501896743,10.192791510203605],[-66.02778930364389,10.204448127174228],[-66.19760300210648,10.221399863366265],[-66.36325263571175,10.244749868446982],[-66.52431675249731,10.275601291959452],[-66.68037644065785,10.315057283292907],[-66.83101593685814,10.364220991660982],[-67.00445112958599,10.435036970047394],[-67.16647858528452,10.514081497847075],[-67.31876324767977,10.600505889886415],[-67.46296904186062,10.693461461273834],[-67.60075859150959,10.79209952742191],[-67.73379295506666,10.895571404047386],[-67.86373138176717,11.003028407149984],[-67.99223108852695,11.113621852971741],[-68.12094705868712,11.22650305793994],[-68.25153186366255,11.340823338596488],[-68.385635508581,11.45573401151793],[-68.52490530304175,11.570386393229745],[-68.71287192212277,11.611344655578666],[-68.88585593204317,11.66780064002133],[-69.04758517401444,11.735769219404013],[-69.2017804867774,11.811265266489828],[-69.35215323205044,11.890303653701817],[-69.5024037568371,11.96889925286041],[-69.7119964435744,11.969627342527268],[-69.92443040021608,11.972772070241591],[-70.13336852479608,11.972942474206627],[-70.33246931247169,11.964747592639641],[-70.51539017598073,11.942796463987492],[-70.67579394046304,11.901698127323245],[-70.80735846939645,11.83606162284767],[-70.81635221631844,11.681693012569113],[-70.81235187201949,11.525268984343297],[-70.80319829704486,11.369850813582046],[-70.79671183887672,11.21849977511144],[-70.80069367645508,11.0742771437437],[-70.8229282957435,10.940244194785226],[-70.8711870091003,10.819462204414108],[-70.95323245438581,10.714992449873375],[-71.07682404188792,10.629896209448034],[-70.96402307063626,10.552351880406324],[-70.86875309013057,10.4687981134033],[-70.79035280842578,10.380299664024058],[-70.72815803381623,10.287921287818143],[-70.681501545767,10.192727740366378],[-70.64971304368373,10.095783777358417],[-70.63211969152168,9.998152227996643],[-70.62804410386178,9.900901851117993],[-70.63680754053892,9.805095325915367],[-70.65772816366898,9.711797408452595],[-70.69012187740864,9.622072855064117],[-70.73330268529539,9.53698642231415],[-70.78658310165169,9.457602866951174],[-70.84927461543008,9.384986945859009],[-70.92068820593684,9.320203416005183],[-71.00013491109924,9.264317034386881],[-71.08692645036103,9.21839255797462],[-71.18037590589846,9.183494743652801],[-71.27979846766664,9.16068834815631],[-71.38451224981603,9.15103812800108],[-71.49383918827309,9.155608839406309],[-71.60710603176453,9.17546523820492],[-71.72364544128908,9.211672079738298],[-71.84279721600866,9.265294118729802],[-71.96390966674835,9.33739610913182],[-72.08634116176245,9.42904280393805],[-72.00614723331243,9.5416072091388],[-71.94355539192988,9.665813334442404],[-71.89595249802795,9.800240553341805],[-71.86072296583383,9.943468239437195],[-71.83524682195167,10.09407784049503],[-71.8169001962888,10.250644825383809],[-71.80305103322893,10.411750413473673],[-71.79106048030417,10.575973982408295],[-71.77828159118155,10.741894910656534],[-71.76205874737653,10.90809257724385],[-71.73972728885876,11.073146361458287],[-71.70861337367744,11.235635642548198],[-71.64982684202265,11.391006431074148],[-71.5655178389451,11.527484766603372],[-71.47750921580726,11.652745710693404],[-71.40766958985328,11.774464325575831],[-71.37790850339728,11.900315675022103],[-71.41017981400546,12.037974825317404],[-71.57611006042352,12.05872184966015],[-71.73017450746126,12.049025001027472],[-71.87422249916459,12.014010156277605],[-72.01012083576957,11.958803193349693],[-72.13974277649042,11.888529990245921],[-72.26495947841984,11.808316424306996],[-72.38763395299065,11.723288371840196],[-72.50961754944457,11.638571708073284],[-72.63274892671927,11.559292307350562],[-72.75885545136514,11.490576043459859],[-72.88975695952865,11.437548789981406],[-73.07594653805302,11.389644230700181],[-73.26482568649666,11.36116717062053],[-73.45422640743877,11.345641776432748],[-73.64198556637888,11.336592215140247],[-73.82593947042092,11.327542653865816],[-74.00392223014482,11.312017259793231],[-74.17376792757706,11.28354020020139],[-74.33331660822884,11.235635642548198],[-74.48516883917321,11.170672029688117],[-74.62038296871545,11.097726805696853],[-74.74029572910793,11.016871350643619],[-74.846245466664,10.928177044384709],[-74.93957193973347,10.831715266508555],[-75.02161611813156,10.727557396277748],[-75.09371998514408,10.615774812567544],[-75.15722634315631,10.496438893802129],[-75.21347862387569,10.36962101788788],[-75.26382070403606,10.23539256214503],[-75.30959672738855,10.093824903237062],[-75.35215148468467,9.944987571989243],[-75.39282777978192,9.78895587458199],[-75.4329693564019,9.625799115786364],[-75.47391881801202,9.455588674065446],[-75.51701803890474,9.278395928047335],[-75.56360801625387,9.09429225655047],[-75.725076715633,9.077315496695599],[-75.8737542677143,9.040394656444374],[-76.01249575048189,8.988603390559982],[-76.14415717437059,8.927015353969104],[-76.27159033298099,8.86070420214449],[-76.39763981376922,8.794743591301552],[-76.52514213238781,8.734207178423972],[-76.65692692342466,8.68416862113997]]],[[[34.65371328140175,26.623681692449008],[34.491695442500024,26.701350083309652],[34.310470964675936,26.762949040978377],[34.12234091160909,26.819191473095998],[33.93960610075402,26.880790215093896],[33.77456653108587,26.958458012647327],[33.58114550664174,26.79372722410418],[33.32122487506377,26.82561067129726],[33.31310770078223,26.69531346500343],[33.358591525912296,26.57394324018695],[33.41240827613733,26.464050842291602],[33.429341540918976,26.368187096731752],[33.36421156562021,26.28890280124994],[33.25078712374404,26.41146470518092],[33.15092836236888,26.54518102759909],[33.06150927465511,26.68754181021028],[32.97939877324586,26.83603707847467],[32.90145886064717,26.98815686128315],[32.82454339462464,27.141391214226644],[32.74549746976861,27.293230244112547],[32.79410763090601,27.438782104177207],[32.82375787714383,27.582144856206728],[32.83674070975974,27.72336227411701],[32.83535250858091,27.862478139981906],[32.82189349691738,27.999536243352978],[32.79866770272569,28.13458038061494],[32.767982916600864,28.267654354375182],[32.73215064717943,28.398801972885657],[32.69348607451427,28.528067049496258],[32.65430800196467,28.65549340213753],[32.61693880712819,28.781124852831848],[32.583704392320556,28.90500522723156],[32.55693413509729,29.027178354182766],[32.53896083928935,29.147688065313414],[32.53212068701367,29.26657819464483],[32.538753192101275,29.38389257822484],[32.56120115537227,29.499675053782177],[32.601810622172,29.613969460400025],[32.662930842569246,29.72681963820885],[32.74691423460525,29.83826942809614],[32.90364908562481,29.764189376080992],[33.0463950047802,29.67842762529682],[33.17696987828603,29.582501281199736],[33.29719369100224,29.47792750426958],[33.40888684358168,29.36622353015689],[33.51386874233671,29.248906683798424],[33.61395666479909,29.127494387769758],[33.710964900379814,29.003504165328525],[33.8067041627602,28.878453638748915],[33.902981268652724,28.7538605236549],[34.00159907635331,28.631242620126955],[34.10435667704967,28.512117801385674],[34.21304983213904,28.398004000843727],[34.32947165082576,28.29041919826641],[34.45541350400618,28.1908814056906],[34.59266617288668,28.100908653620777],[34.563663936087764,28.239298048504242],[34.55888187110019,28.390076736396647],[34.57827609293461,28.5452118484977],[34.62178443438257,28.696670945386092],[34.68932063515106,28.836422092374274],[34.78077093887205,28.956433859534506],[34.895993221237966,29.048675222424873],[35.03481885608119,29.105115348099726],[35.16670094312962,29.022650931577466],[35.28066455491392,28.928291399104843],[35.37845071146413,28.82312962797555],[35.461802580985704,28.708258531176718],[35.53246390392834,28.584771071971147],[35.5921776005994,28.4537602748943],[35.642684566474664,28.316319233160304],[35.685722656478866,28.173541112587202],[35.72302585703113,28.02651915225364],[35.7563236425672,27.87634666218682],[35.78734051157018,27.72411701845289],[35.81779569585126,27.570923656079778],[35.84940303591499,27.417860060284454],[35.8838710147181,27.266019756505333],[35.922902941965255,27.116496299753344],[35.96819728128246,26.970383263793913],[36.02144811314983,26.828774230655394],[36.084345727355824,26.69276278092857],[36.17512132799657,26.534030220142043],[36.27579636947971,26.387699949502245],[36.3824885502604,26.25118959932039],[36.491326930848835,26.121916727446507],[36.598449855936884,25.997298847766086],[36.70000369985955,25.87475345179667],[36.79214240336941,25.75169802626776],[36.87102777472844,25.625550069216338],[36.932830528691106,25.49372710697392],[36.9737320331461,25.353646714459117],[37.06683205109782,25.26517269241104],[37.16388667017577,25.180079733294097],[37.264287115676204,25.09785179714525],[37.36742562930598,25.017972846097805],[37.472694523782764,24.939929650971376],[37.579489005546705,24.863200732666844],[37.687202533432945,24.787272668176286],[37.79523002374974,24.711629418882897],[37.90296701964848,24.63575495262362],[38.009809671492185,24.55913324336043],[38.11515474151265,24.48124827095124],[38.218399631161674,24.401584021004748],[38.318942429473516,24.319624484803185],[38.416181980614994,24.234853659275437],[38.509517968601145,24.14675554700237],[38.598351016913576,24.05481415623334],[38.68208280046986,23.95851350089148],[38.76011616706495,23.85733760054209],[38.83185526504943,23.75077048029577],[38.896705673625206,23.638296170613845],[38.95407453174109,23.51939870698062],[39.00337066117194,23.393562129401317],[39.04400467896403,23.26027048168158],[39.07538909406597,23.119007810436916],[39.096938382620905,22.96925816377753],[39.1080690361273,22.810505589605242],[39.10819957646847,22.64223413345536],[39.09675053171366,22.463927835807088],[39.07314436661671,22.275070728780836],[39.0368053619159,22.075146832131594],[39.09131905319962,21.924869311511845],[39.15791918828841,21.785275486743014],[39.234569414011496,21.654579987375836],[39.319238641858185,21.530997463259315],[39.40989977352143,21.412742578758564],[39.50452872480165,21.29803000830281],[39.601103707213326,21.18507443288072],[39.6976047334377,21.072090537152526],[39.79201331717023,20.95729300688219],[39.88231234018458,20.838896526410274],[39.96648605976467,20.715115775887607],[40.04252022823336,20.58416542797224],[40.10840229333312,20.444260143658067],[40.16212164391666,20.293614566849847],[40.2016698600911,20.130443317232217],[40.32414144660191,20.04904825473691],[40.4455172608376,19.961894330579216],[40.565690266355055,19.869189121371218],[40.6845594745729,19.771193150000922],[40.80202276829795,19.66814920594647],[40.91797857369041,19.560300079800577],[41.03232586751129,19.44788856343175],[41.14496417984977,19.331157450122767],[41.2557935921534,19.21034953468623],[41.3647147304363,19.085707613556565],[41.47162875359574,18.95747448485946],[41.57643733681996,18.825892948457966],[41.679042650125474,18.69120580597658],[41.779347332112366,18.553655860803552],[41.87725445907835,18.413485918072297],[41.972667509681905,18.270938784622818],[42.06549032539244,18.126257268944265],[42.1556270670115,17.979684181099888],[42.24298216759174,17.83146233263584],[42.32746028212335,17.681834536474668],[42.408966234392615,17.53104360679591],[42.487404961454715,17.379332358904524],[42.56268145619222,17.226943609089624],[42.634700708461004,17.07412017447448],[42.70336764534619,16.921104872860088],[42.79635075013641,16.739721425606547],[42.90701558161608,16.570580345422066],[43.01874568597535,16.411896302212483],[43.11494292174348,16.261883958666015],[43.17902491717104,16.118757972436597],[43.220010230939415,15.962483389106126],[43.2545308468891,15.804510849872184],[43.283576736231204,15.645372289963147],[43.30813610733422,15.485599644872375],[43.32919526426418,15.325724849969706],[43.34773849180349,15.166279840107217],[43.364747968114074,15.007796549227878],[43.38120345538991,14.85081361935533],[43.39807966011823,14.695849933032589],[43.41634937673653,14.543443726132692],[43.43698341829477,14.394126913068721],[43.460950973763474,14.248431407787848],[43.48921977055763,14.106889123890907],[43.52275625225626,13.970031974746597],[43.56252577045706,13.838391873599004],[43.609492789964065,13.712500733666758],[43.66462110678829,13.59289046823303],[43.72887407874601,13.480092990725534],[43.80321486876679,13.374640214786394],[43.888606701375075,13.27706405433134],[43.9860131331829,13.187896423599636],[44.096398338638245,13.107669237194592],[44.22072741270291,13.036914410116829],[44.38919199662254,12.973851992848207],[44.56892426488481,12.939784295571975],[44.756159815552515,12.928282621524401],[44.94713790513099,12.932918277200914],[45.1380959921288,12.947262570436942],[45.32526618267984,12.9648868091877],[45.50487360174068,12.979362300913673],[45.673136750534646,12.984260352565592],[45.82626991899664,12.973152271192337],[45.91579046831609,13.052896937009756],[46.01295710758813,13.128180196072414],[46.11699069461625,13.199429647647454],[46.22711243212036,13.26707289118135],[46.342543880404044,13.331537526302219],[46.46250696946701,13.393251152819804],[46.58622401036742,13.45264137072395],[46.71291770569654,13.510135780182505],[46.841811159077544,13.56616198153978],[46.97212788364359,13.621147575315828],[47.103091809488184,13.675520162207786],[47.233927290107275,13.729707343093427],[47.36385910787228,13.784136719037793],[47.492112478586876,13.839235891303252],[47.617913055180324,13.895432461363761],[47.74048693058584,13.95315403092357],[47.85906063983548,14.0128282019413],[47.972861161380116,14.074882576659787],[48.08111591760598,14.139744757642339],[48.18305277447694,14.207842347816413],[48.27790004017489,14.279602950525383],[48.36488646254565,14.355454169589306],[48.44324122507754,14.43582360937601],[48.512193941051265,14.521138874883572],[48.57097464539374,14.611827571835535],[48.61881378364691,14.708317306790844],[48.65494219732905,14.811035687269593],[48.67859110480758,14.920410321897315],[48.688991826012085,15.036862571974382],[48.68537607139311,15.160832851917547],[48.66697356274422,15.292742229714495],[48.63301356401211,15.433018310100191],[48.582724437147874,15.582088696076141],[48.41438735280938,15.601078196768743],[48.24070183463728,15.615414956464955],[48.06253412335045,15.625851719686805],[47.880750247125334,15.633141231075045],[47.69621582371476,15.638036235346668],[47.509795906692354,15.641289477264912],[47.32235487458156,15.643653701619092],[47.134756361801344,15.645881653212443],[46.94786323047384,15.648726076857182],[46.76253758220038,15.65293971737663],[46.579640808926726,15.659275319613583],[46.40003368198445,15.668485628444643],[46.22457647832459,15.681323388799026],[46.05412914284891,15.698541345679677],[45.88955148560283,15.720892244183181],[45.73170341241576,15.749128829512827],[45.581445187361176,15.784003846978296],[45.51509992893326,15.928150031616058],[45.45207396307266,16.076377036303338],[45.397051361118805,16.232765663993305],[45.35472749071082,16.40139671406036],[45.32981082424611,16.586350978444422],[45.1791714376099,16.613579998014234],[45.05095637890574,16.66022120391086],[44.94336598585248,16.724715948603894],[44.85460588169177,16.80550558252308],[44.782885181515795,16.90103145393935],[44.726414892566396,17.009734908924933],[44.683406515229336,17.130057291467647],[44.65207084802298,17.26043994378578],[44.63061699698706,17.39932420686402],[44.617251587308715,17.54515142120722],[44.610178172644645,17.696362927789895],[44.607596835335876,17.851400069161812],[44.60770396855221,18.008704190656577],[44.608692229373695,18.166716641639653],[44.60875064998254,18.323878776724307],[44.541881198923214,18.476498212627295],[44.47235457485941,18.62681806481168],[44.400363517264225,18.77500969132191],[44.32610130254269,18.921244450164508],[44.249761693575785,19.06569369919862],[44.1715388926109,19.208528796032958],[44.091627497322364,19.349921097928572],[44.01022245986496,19.490041961705888],[43.92751904874131,19.629062743655595],[43.84371281330427,19.767154799452005],[43.758999550715295,19.90448948406808],[43.67357340400804,20.04122044246502],[43.58763594506418,20.177554019753796],[43.50138593237597,20.313644331706165],[43.41502432042211,20.449662763632944],[43.32875216914923,20.585780700006804],[43.24277067870799,20.72216952480648],[43.157281225588015,20.859000621860222],[43.07248540047762,20.996445375192415],[42.988585048189556,21.13467516937525],[42.82669414481041,21.18665273078311],[42.67928042061076,21.25113934315078],[42.54532203495941,21.327254319319934],[42.42379971833991,21.41411697618479],[42.31369631225805,21.510846635424468],[42.21399632696363,21.616562623963755],[42.12368551050575,21.73038427410654],[42.041750425035076,21.85143092330885],[41.96717802840216,21.978821913580145],[41.898955261031126,22.11167659052032],[41.83606863981326,22.24911430201678],[41.777503862374324,22.390254396641378],[41.72224542655102,22.53421622179895],[41.66927627124417,22.680119121691128],[41.617577446008,22.82708243516686],[41.56612781775844,22.97422549353796],[41.51390382381676,23.12066761844317],[41.45987928112412,23.265528119845598],[41.40302526183006,23.407926294250153],[41.34231004554729,23.54698142322464],[41.183005950447736,23.622559117336472],[41.04186120694711,23.70764876132869],[40.917527672528976,23.801568801964503],[40.80865905541364,23.903637690303434],[40.713910309900655,24.01317388045397],[40.63193705899095,24.1294958282011],[40.561395040855814,24.2519219894969],[40.50093957719583,24.37977081881298],[40.44922506291439,24.512360767363656],[40.404904477836034,24.649010281216597],[40.36662892244889,24.789037799315828],[40.333047180834605,24.93176175144855],[40.302806121693614,25.07649806842864],[40.274545355918285,25.222570386428174],[40.24690222928097,25.369294108197902],[40.21850948172843,25.515987443500666],[40.18799610624508,25.661968591145182],[40.15398734747017,25.806555744933966],[40.1151047713521,25.949067099541697],[40.06996640943999,26.088820856135833],[40.01718698120452,26.225135227558873],[39.94978513450801,26.36443264112378],[39.869413738550264,26.50053709086177],[39.77783427334034,26.633840327540042],[39.676811778149414,26.764734110097052],[39.568114647140604,26.893610202474424],[39.45351445602183,27.02086037072516],[39.334785822532304,27.14687638033264],[39.21370630336966,27.27204999367923],[39.09205633000868,27.396772967605052],[38.97161918574554,27.52143705100066],[38.85418102623408,27.646433982378248],[38.741530945755116,27.77215548736657],[38.63546109148491,27.89899327607579],[38.53344635059802,28.02979894164789],[38.43549358653619,28.16226902150357],[38.34131819158591,28.29623599398632],[38.250635036119625,28.431532338030834],[38.163158429240994,28.567990534423217],[38.0786020822091,28.7054430671065],[37.99667907474926,28.84372242452249],[37.917101824373866,28.982661100979467],[37.83958205884453,29.122091598035688],[37.76383079192022,29.261846425887953],[37.68955830254292,29.40175810475431],[37.6164741176209,29.541659166240294],[37.54428699857729,29.68138215467718],[37.47270493183349,29.820759628421527],[37.4014351234045,29.959624161104955],[37.3301834489207,30.0977932520643],[37.25865610775982,30.23512919768301],[37.18655693332887,30.371450868034238],[37.11358948641966,30.50659136660802],[37.03945663400949,30.640383786155617],[36.84761477605458,30.669784027751813],[36.674508557416765,30.714655300216833],[36.51861036674072,30.77374605110024],[36.37840042709145,30.845804744760976],[36.252364682578744,30.929579888005076],[36.138992908693794,31.02382005053822],[36.03677703439078,31.127273878382255],[35.94420966677041,31.238690099180797],[35.85978281177996,31.356817519010615],[35.78198678660828,31.480405010925658],[35.7093093214119,31.608201495985867],[35.64023484964979,31.73895591796586],[35.57324398762075,31.871417213299633],[35.50681320480028,32.00433427809405],[35.43941468724978,32.13645593424042],[35.369516396746555,32.26653089676658],[35.29558232835395,32.39330774460261],[35.21607296893041,32.51553489688328],[35.14560557086891,32.358253447044454],[35.07057695376745,32.20458759019044],[34.99211866562929,32.053664934790156],[34.91136252360496,31.904613243494772],[34.82944077957859,31.75656039780556],[34.747486235701835,31.608634366141935],[34.66663231463845,31.459963174071863],[34.588013089144425,31.3096748755004],[34.41720843518882,31.234033097721152],[34.2451862203441,31.192565578675573],[34.07242839050975,31.17661973507089],[33.89944857996335,31.17754307916895],[33.726785274799155,31.186683149132815],[33.55499778234831,31.195387485161323],[33.38466486300885,31.195003622872285],[33.216385847110914,31.176879101388998],[33.04473986063189,31.112743797276128],[32.8565772414318,31.021459243038414],[32.666283913214585,30.97503002035392],[32.47881489869257,30.990156253834158],[32.29866533062799,31.02931015745914],[32.12355336936392,31.083154547454797],[31.951215990056326,31.142352266821963],[31.779403946062807,31.19756616307672],[31.60588132472541,31.239459048472572],[31.42842946323458,31.25869368748183],[31.24485500319097,31.24593284163853],[31.083244076215088,31.192219646150633],[30.951214072190176,31.106890567807817],[30.82942168754697,31.008048281947943],[30.698492161705715,30.91379534113737],[30.53902015599858,30.84223437587279],[30.338938796967057,30.800674156908542],[30.16088518076061,30.791280063054227],[29.994691152789613,30.79575578359591],[29.830238979856574,30.795804967333716],[29.65745273287152,30.77313125381371],[29.466312486222698,30.709438160810844],[29.54868305559166,30.56999418299844],[29.62309947946737,30.42876260470715],[29.69000933101757,30.285842674004627],[29.74985945624708,30.14133361265731],[29.803096247860083,29.995349084334347],[29.850164158141716,29.84795850398011],[29.891507472467715,29.69927695995506],[29.927569096568106,29.549404246997454],[29.958790980334456,29.398440174431776],[29.98561409667729,29.246484565547135],[30.008478425009812,29.093637256922314],[30.02782293919116,28.939998097701338],[30.044085599752442,28.785666948823557],[30.05770335022956,28.630743682212064],[30.069112117417248,28.475328179924606],[30.078746815360013,28.319520333271324],[30.087041352889813,28.163420041903457],[30.094428644520754,28.0071272128771],[30.101340624509383,27.850741759696948],[30.108208263888606,27.69436360134381],[30.11546159028501,27.538092661290637],[30.123529710328675,27.382028866511675],[30.132840834468745,27.226272146488498],[30.14382230400883,27.07092243221826],[30.156900620179584,26.916079655227865],[30.17250147507147,26.761843746598682],[30.19844004728273,26.587768479988856],[30.236371183389473,26.418568726655778],[30.284674563243108,26.254027041201837],[30.341734123156982,26.093925943601967],[30.405937669959187,25.93804792377161],[30.475676532890738,25.786175445697374],[30.549345250721494,25.638090951168813],[30.625341291672576,25.493576863148007],[30.70206480393223,25.352415588810956],[30.77791839473369,25.214389522293253],[30.85130693612811,25.07928104717062],[30.92063679749392,24.946875328158498],[30.984317432416994,24.816949411674273],[31.060655378919996,24.637675295022547],[31.12407798506574,24.45765881469087],[31.178470837821003,24.28071090543396],[31.227706874215862,24.110642409463875],[31.275647676443114,23.9512640951203],[31.32614563415249,23.80638667777447],[31.383046835291317,23.679820841474317],[31.461923459656063,23.54634617052212],[31.548858790332083,23.419336265701787],[31.642848740561327,23.298075449544353],[31.742891628321722,23.181848062044534],[31.847987768319364,23.069938457970384],[31.957139130194115,22.961631004598075],[32.06934905646291,22.856210079808335],[32.18362203471307,22.75296007048835],[32.29896351934327,22.65116537118753],[32.414379798747056,22.55011038298129],[32.52887790426805,22.44907951249933],[32.6414655575412,22.347357171077554],[32.75115115298591,22.244227773994226],[32.85694377224655,22.13897573975034],[32.95785322729453,22.030885489353857],[33.052890128733935,21.91924144556441],[33.1410659755911,21.803328032052796],[33.22139326254615,21.682429672424263],[33.29288560019451,21.555830789049455],[33.354557843527665,21.42281580164066],[33.405426223434375,21.282669125501993],[33.44450847565945,21.13467516937525],[33.25919261571437,21.13291692766057],[33.07365747543577,21.1313647108883],[32.88794799446327,21.1299763407235],[32.702109166553726,21.128709638831538],[32.51618603972869,21.127522426878006],[32.330223716376565,21.12637252652869],[32.14426735330896,21.125217759449548],[31.958362161768598,21.124015947306653],[31.77255340738875,21.12272491176623],[31.586886410101783,21.12130247449474],[31.40140654399611,21.1197064571587],[31.216159237119683,21.11789468142496],[31.031189971229573,21.115824968960535],[30.846544281484704,21.113455141432805],[30.662267756081533,21.11074302050943],[30.478406035831348,21.10764642785839],[30.295004813676066,21.104123185147984],[30.11210983414295,21.10013111404686],[29.929766892735287,21.095628036223875],[29.748021835257966,21.09057177334797],[29.56692055707613,21.084920147087985],[29.38650900230511,21.078630979112372],[29.206833162930437,21.071662091088715],[29.02793907785481,21.063971304683335],[28.849872831872553,21.055516441560314],[28.672680554566767,21.046255323380894],[28.496408419130354,21.03614577180191],[28.321102641106705,21.02514560847473],[28.146809477049914,21.013212655043183],[27.973575223101374,21.00030473314156],[27.801446213482222,20.98637966439196],[27.630468818898756,20.97139527040121],[27.46068944485983,20.955309372757263],[27.29215452990411,20.93807979302489],[27.450309737098955,20.906303236344307],[27.629867422046935,20.89308202973627],[27.821256318220847,20.890072492867887],[28.014896921706608,20.88893094439631],[28.201199167396346,20.881313702715445],[28.370563306117973,20.85887708555272],[28.513383986242467,20.813277407809434],[28.620057448853963,20.736170975670213],[28.441889043162682,20.737170930014862],[28.263367865396564,20.737854039668168],[28.08450667461078,20.73823208766576],[27.905318216649114,20.738316857042282],[27.725815223982224,20.738120130831376],[27.54601041555305,20.737653692065944],[27.365916496629083,20.736929323778153],[27.185546158662035,20.735958808999563],[27.004912079154046,20.734753930761237],[26.824026921531548,20.73332647209385],[26.642903335025505,20.731688216027692],[26.46155395455927,20.729850945592858],[26.279991400642736,20.727826443819268],[26.098228279273876,20.725626493736723],[25.916277181846795,20.723262878374996],[25.734150685066716,20.72074738076395],[25.551861350871448,20.718091783933495],[25.36942172635974,20.715307870913737],[25.186844343725802,20.71240742473502],[25.004141720200725,20.709402228427944],[24.82132635799966,20.706304065023467],[24.638410744276026,20.703124717552924],[24.455407351081327,20.699875969048097],[24.272328635331043,20.696569602541214],[24.089187038777155,20.693217401065077],[23.90599498798582,20.689831147652978],[23.722764894321394,20.68642262533883],[23.539509153935917,20.68300361715719],[23.35624014776441,20.67958590614317],[23.172970241525675,20.67618127533261],[22.98971178572858,20.672801507761978],[22.806477115683634,20.66945838646842],[22.62327855152008,20.666163694489732],[22.44012839820803,20.66292921486442],[22.257038945585755,20.65976673063158],[22.074022468392364,20.656688024830974],[21.891091226304926,20.65370488050293],[21.708257463981003,20.650829080688332],[21.52553341110591,20.648072408428597],[21.342931282444646,20.64544664676561],[21.160463277898806,20.64296357874158],[20.978141582567858,20.64063498739913],[20.795978366815316,20.638472655781083],[20.613985786339327,20.636488366930404],[20.432175982248015,20.63469390389014],[20.250561081138773,20.63310104970331],[20.069153195182487,20.631721587412738],[19.88796442221191,20.630567300061003],[19.70700684581434,20.629649970690263],[19.526292535428635,20.628981382342182],[19.345833546446432,20.62857331805767],[19.165641920317515,20.628437560876886],[18.985729684659283,20.628585893838984],[18.806108853370752,20.62903009998199],[18.62679142674975,20.629781962342665],[18.447789391614954,20.63085326395635],[18.2691147214316,20.63225578785673],[18.090779376440853,20.634001317075768],[17.912795303793327,20.636101634643563],[17.73517443768654,20.638568523588077],[17.557928699505595,20.641413766935116],[17.381069997968176,20.644649147708115],[17.20461022927259,20.64828644892812],[17.0285612772499,20.652337453613487],[16.85293501351894,20.656813944780044],[16.67774329764553,20.66172770544071],[16.502997977303995,20.66709051860567],[16.328710888442686,20.672914167282322],[16.154893855452272,20.679210434475053],[15.981558691337124,20.68599110318551],[15.808717197889226,20.693267956412573],[15.636381165865654,20.701052777152356],[15.464562375167587,20.709357348398406],[15.293272595022456,20.71819345314197],[15.122523584168317,20.727572874372033],[14.952327091040106,20.737507395075724],[14.782694853957947,20.748008798238704],[14.613638601316977,20.759088866845367],[14.445170051779293,20.770759383879508],[14.277300914466158,20.783032132324834],[14.110042889152414,20.7959188951655],[13.943407666460683,20.80943145538686],[13.777406928056486,20.82358159597641],[13.612052346844,20.83838109992447],[13.447355587160775,20.85384175022534],[13.283328304972981,20.869975329878418],[13.119982148069324,20.88679362188937],[12.957328756254249,20.904308409271582],[12.795379761539298,20.922531475047673],[12.634146788332945,20.941474602251063],[12.473641453628005,20.96114957392786],[12.313875367186414,20.98156817313877],[12.154860131720675,21.00274218296131],[11.99660734307222,21.024683386492047],[11.839128590384925,21.047403566849198],[11.682435456274698,21.07091450717517],[11.562836737916541,21.162226073694825],[11.447109724534384,21.25944141597705],[11.31178003249824,21.336583969089297],[11.151691556574992,21.365763943459914],[10.989879371657498,21.393380626859383],[10.826413428918405,21.41949727373315],[10.661363649604809,21.444177138505495],[10.494799921117398,21.467483475589727],[10.326792093240789,21.4894795393968],[10.15740997453092,21.51022858434223],[9.986723328863372,21.5297938648515],[9.81480187214619,21.548238635364466],[9.641715269200544,21.56562615033851],[9.467533130810667,21.58201966425079],[9.292325010945412,21.59748243159993],[9.116160404151861,21.612077706906824],[8.93910874312163,21.625868744715092],[8.761239396429646,21.638918799591085],[8.58262166644473,21.651291126123514],[8.40332478741116,21.663048978922966],[8.223417923699332,21.674255612621167],[8.042970168224247,21.684974281870172],[7.862050541029048,21.695268241341545],[7.68072798803145,21.705200745725687],[7.499071379930459,21.71483504973092],[7.317149511269977,21.72423440808304],[7.135031099656668,21.733462075524844],[6.952784785128169,21.742581306815843],[6.770479129668373,21.75165535673232],[6.588182616865938,21.760747480067447],[6.405963651712819,21.76992093163187],[6.223890560537597,21.779238966254475],[6.042031591070777,21.7887648387836],[5.860454912637127,21.798561804088497],[5.6792286164707795,21.80869311706121],[5.4984207161491305,21.819222032619038],[5.318099148139746,21.830211805707194],[5.1383317724571596,21.84172569130228],[4.959186373422912,21.853826944416],[4.780730660524718,21.8665788200997],[4.603032269369408,21.880044573449496],[4.42615876272277,21.89428745961211],[4.250177631632219,21.909370733791548],[4.075156296624698,21.925357651256558],[3.9011621089735034,21.942311467349246],[3.74242231695505,22.004277037536095],[3.5822210238336574,22.06492950625504],[3.4206248203677827,22.124329469343227],[3.257700273805968,22.182537522554327],[3.093513924191525,22.239614261587892],[2.9281322807882777,22.295620282116047],[2.761621818628109,22.350616179807822],[2.5940489751790583,22.40466255035138],[2.4254801471347207,22.457819989474405],[2.2559816873229614,22.51014909296269],[2.0856199017336827,22.561710456677456],[1.914461046662936,22.612564676571164],[1.742571325972504,22.662772348702614],[1.5700168884614296,22.712394069250763],[1.3968638253472907,22.761490434528085],[1.2231781678534848,22.810122040993342],[1.0490258848990237,22.85834948526389],[0.874472880886815,22.906233364127843],[0.6995849935850345,22.95383427455604],[0.5244279920976105,23.001212813714226],[0.34906757491733664,23.048429578975316],[0.17356936805636103,23.095545167932002],[-0.0020010767524798467,23.14262017840985],[-0.17757828379087393,23.189715208481054],[-0.35309685503310284,23.236890856478862],[-0.5284914717756042,23.284207721012898],[-0.703696896225475,23.3317264009854],[-0.8786479730571077,23.37950749560875],[-1.0532796309458305,23.427611604424165],[-1.227526884087938,23.476099327321784],[-1.4013248337176307,23.525031264562323],[-1.5746086696307948,23.57446801680042],[-1.74731367172725,23.6244701851098],[-1.919375211582624,23.67509837101042],[-2.090728754061862,23.726413176497815],[-2.261309858986957,23.778475204074624],[-2.4310541828722627,23.831345056784617],[-2.5998974807405197,23.885083338249633],[-2.767775608034004,23.939750652708945],[-2.9346245226352057,23.995407605061967],[-3.1003802870126886,24.052114800914048],[-3.264979070507538,24.109932846625906],[-3.4283571517766784,24.168922349366518],[-3.590450921409934,24.22914391717007],[-3.7511968847384463,24.2906581589971],[-3.910531664852053,24.353525684800072],[-4.068392005844176,24.41780710559358],[-4.224714776302855,24.48356303352968],[-4.379436973067667,24.550854081978454],[-4.532495725272357,24.619740865614332],[-4.683828298692875,24.690284000508292],[-4.8333721004215935,24.762544104226468],[-4.981064683889075,24.836581795935366],[-5.126843754254077,24.912457696514398],[-5.270647174182814,24.990232428675792],[-5.412413490469019,25.069964114762627],[-5.552079532834137,25.151718552777407],[-5.729441372983109,25.232921411023558],[-5.924439472790953,25.295193691578707],[-6.12267188101365,25.353480654593568],[-6.3097672774609475,25.422727684323164],[-6.472922298375304,25.526054145597918],[-6.586832378849794,25.675435080158714],[-6.700741256014945,25.82127371685433],[-6.892490545336878,25.85267173466012],[-7.079620744997436,25.88945732695874],[-7.262639618141888,25.9311005714338],[-7.442053925306668,25.977071543895295],[-7.61836943340287,26.0268403179767],[-7.792090918735605,26.079876965038267],[-7.963722164885619,26.1356515542773],[-8.133765956123854,26.19363415303444],[-8.302724066903492,26.25329482727468],[-8.471097247865648,26.314103642212817],[-8.639385208712136,26.375530663046398],[-8.808086598237361,26.43704595575344],[-8.977698981775282,26.49811958790908],[-9.148718816299025,26.558221629472783],[-9.32164142342002,26.616822153497974],[-9.496960960561482,26.673391236716867],[-9.675170390633506,26.727398959956805],[-9.856761450610113,26.77831540834906],[-10.042224619504156,26.82561067129726],[-10.219698613227377,26.86210223408028],[-10.409765749535703,26.890373824664252],[-10.607824637269067,26.914161794132337],[-10.809281381177831,26.937202478834255],[-11.009550093027828,26.963232202559315],[-11.204053113531737,26.99598727405093],[-11.388220971185762,27.039203978765578],[-11.557492097871487,27.096618563307118],[-11.759260511700438,27.188797454536413],[-11.94710664800303,27.29398935902156],[-12.122212138991374,27.40113270854068],[-12.285717517666848,27.499166158691924],[-12.438726768569127,27.5770286118434],[-12.582317106572754,27.62365915161232],[-12.71755418370377,27.627996869297665],[-12.847519319052607,27.591674220659325],[-12.951911224274896,27.5291518412403],[-13.036169969084602,27.446333624729075],[-13.105742235026325,27.34912351545346],[-13.166071051198694,27.243425566525715],[-13.222588959187936,27.135143962856027],[-13.28071460696585,27.030183014689204],[-13.345852720403402,26.934447130671856],[-13.42339738404665,26.853840780478798],[-13.518738579343948,26.794268455717464],[-13.63727197807008,26.76163463418764],[-13.784412071014971,26.761843746598682],[-13.788580496533276,26.603191332111574],[-13.830649463432964,26.467631089326527],[-13.902944721237292,26.35030857696168],[-13.997824518558813,26.246369220885363],[-14.107669353681006,26.150958372426288],[-14.224874977943239,26.059221344218695],[-14.341848498757253,25.966303433357766],[-14.451007486435008,25.86734993936449],[-14.544782014993304,25.75750618347898],[-14.618492714745438,25.632857864626075],[-14.682576137923872,25.494826566651952],[-14.740281232054786,25.34656149422862],[-14.794848032827678,25.191211867936186],[-14.84950533014345,25.031926896608734],[-14.907468154457883,24.87185869499332],[-14.971938731075069,24.7141506403607],[-15.046103824032363,24.56195411874094],[-15.133141368437501,24.418417861468278],[-15.242883259810514,24.28178686841757],[-15.369229435962877,24.159621503334964],[-15.501920736410488,24.045131905168873],[-15.630716972107182,23.931528335995182],[-15.74539371694779,23.812021160600864],[-15.835743888925977,23.679820841474317],[-15.89459590580588,23.53416490495265],[-15.933526655159097,23.377144457359037],[-15.962041603525249,23.214220715599456],[-15.989623580588026,23.050854802678792],[-16.025732589502184,22.892507758239294],[-16.079808654080885,22.744640556320867],[-16.141914799848166,22.632223442349456],[-16.217576154390315,22.519806544196577],[-16.301243037641036,22.40554551160049],[-16.38737148867471,22.28759600620134],[-16.470423204786485,22.164113699505375],[-16.544865891055423,22.033254270816453],[-16.60517397265697,21.89317340478063],[-16.64582961690723,21.742026788132254],[-16.661324005227193,21.577970105154108],[-16.646158787973526,21.39915903126837],[-16.59484764872834,21.203749224061966],[-16.49801419903288,21.11171352632],[-16.404092168466306,21.01259098696434],[-16.313261786008624,20.90667201551261],[-16.225702331274235,20.794247016836657],[-16.141592078636535,20.6756063907757],[-16.061108252996036,20.551040531837074],[-15.984426997300622,20.42083982899063],[-15.911723351781314,20.28529466556181],[-15.843171244739631,20.144695419226057],[-15.778945176902193,19.99935003651332],[-15.719214380724386,19.849513260354836],[-15.664156037249908,19.695493537490258],[-15.613946233364237,19.537581281817168],[-15.56876085580459,19.376066910312623],[-15.528775578878237,19.211240843032428],[-15.494165850062663,19.043393503074622],[-15.465106873835369,18.87281531650919],[-15.441773594081566,18.69979671227596],[-15.42434067542864,18.524628122052462],[-15.412982483851033,18.347599980094806],[-15.407873066880517,18.16900272305298],[-15.409186133748301,17.989126789764406],[-15.420891261778829,17.82629669155421],[-15.44685695434372,17.675525622797366],[-15.485433919315154,17.53557086804697],[-15.534976514554357,17.405189702764005],[-15.593842269195681,17.28313939524384],[-15.660391443708727,17.168177208155637],[-15.732986641370717,17.059060399766082],[-15.809992481503203,16.95454622490872],[-15.889775343086102,16.853391935751446],[-15.970703186046427,16.754354782407077],[-16.05114545655436,16.656192013426196],[-16.129473081970048,16.557660876207482],[-16.204058560621704,16.457518617357685],[-16.273276151319322,16.35452248303279],[-16.335502167370336,16.24742971929185],[-16.38911537983516,16.134997572497344],[-16.43249753479244,16.015983289799586],[-16.464033989427072,15.889144119747463],[-16.48211447174689,15.753237313074742],[-16.48513396859792,15.607020123719392],[-16.471493746285518,15.449249810143463],[-16.523024406181392,15.353704230287901],[-16.61347157255817,15.292401566148252],[-16.719341473862116,15.244677989048073],[-16.8171570517326,15.189869681371015],[-16.883454273130894,15.107312837368768],[-16.89480676945817,14.976350074990096],[-16.777884285050845,14.87340341580687],[-16.660829945273413,14.770475237855974],[-16.54578924491031,14.665591416030763],[-16.434910513253328,14.556777827538626],[-16.33034487946449,14.44206035188243],[-16.234246257147433,14.319464870911302],[-16.148771347951914,14.187017268913365],[-16.07607966528858,14.042743432717966],[-16.018333580803954,13.884669251768205],[-15.977698398079704,13.710820618116287],[-15.956342459975305,13.519223426284494],[-15.956437297982111,13.307903572921987],[-16.03083012578282,13.191431353178084],[-16.153749938590288,13.118317416615023],[-16.296195652637017,13.063056888876538],[-16.429188564738702,13.00014490925139],[-16.5237652286284,12.904076627531843],[-16.46541158586023,12.752573811892285],[-16.389152869044885,12.617906174071237],[-16.296993773137892,12.498203131793957],[-16.190942231823207,12.391594105922232],[-16.073009162033458,12.296208519654037],[-15.945208233803092,12.21017579792036],[-15.80955566910121,12.13162536693546],[-15.668070071210908,12.058686653865923],[-15.522772284614332,11.989489086591153],[-15.375685284134216,11.922162093533192],[-15.228834091233525,11.854835103538221],[-15.084245714854108,11.785637545795241],[-14.943949113967937,11.712698849778256],[-14.809975179105008,11.634148445198683],[-14.770259713931173,11.482713574402327],[-14.708318926645918,11.351204350814424],[-14.657048427303165,11.20973231168822],[-14.649376843185982,11.028408997205648],[-14.541927397140492,10.902747389266684],[-14.428303472310377,10.782167850736096],[-14.309522704637937,10.665517940566174],[-14.18660424948145,10.551645217845653],[-14.060568720151247,10.439397241670306],[-13.932438139813405,10.327621571027619],[-13.803235905878251,10.21516576468614],[-13.67398676589031,10.100877381081162],[-13.545716966769684,9.98360207382709],[-13.419453578028024,9.86219139566428],[-13.296225419107637,9.735490822464559],[-13.177062458552266,9.602347914083609],[-13.062995988463564,9.461610229958623],[-12.955058631503144,9.312125329110131],[-12.854284348685953,9.152740770150563],[-12.779593219686133,9.01678846213843],[-12.710688109227268,8.876157492243799],[-12.646092174898738,8.732236530147992],[-12.584327262250332,8.586414246057602],[-12.523913950666687,8.440079310670061],[-12.463371608282563,8.294620395123824],[-12.401218454690168,8.15142617093698],[-12.335971630137939,8.011885309938664],[-12.266147269828389,7.877386484196479],[-12.190260581814288,7.749318365944416],[-12.106825926886609,7.629069627513817],[-12.014356898764957,7.5180289412705275],[-11.911366402849717,7.417584979559849],[-11.796366731781943,7.329126414660857],[-11.667869636072107,7.25404191874974],[-11.52438638809012,7.19372016387122],[-11.364427837718752,7.14954982191591],[-11.339877852075967,6.973770559115925],[-11.288315831993964,6.817086703007925],[-11.213175008357515,6.6775610402059185],[-11.117889719991874,6.553256356511361],[-11.00589543137575,6.442235437154075],[-10.880628730980126,6.342561066968589],[-10.745527315690213,6.252296030521282],[-10.604029963854911,6.169503112200696],[-10.459576497497816,6.092245096280998],[-10.315607732897496,6.0185847669665655],[-10.175565417940868,5.946584908423929],[-10.042892154259585,5.87430830480621],[-9.860543643984384,5.750652381130722],[-9.720301730738496,5.623425781893212],[-9.604840424469762,5.504360729735132],[-9.4968292058981,5.405189446745625],[-9.378934912841634,5.337644154374991],[-9.252948354952865,5.304446358536491],[-9.101757100810149,5.282867016761477],[-8.930342331745004,5.266957480550285],[-8.743687237444762,5.250769101484383],[-8.546777405495105,5.22835323120791],[-8.344601299711561,5.1937612214629265],[-8.142150795901346,5.141044424190864],[-7.953849851460207,5.065461875504781],[-7.7889878669477834,4.978734034796806],[-7.641952956762685,4.887646797842837],[-7.507130168688269,4.798988001976985],[-7.378901173036235,4.719544823801958],[-7.251644821489508,4.656104439546027],[-7.119737812559171,4.615454025238238],[-6.977555601478029,4.604380756957872],[-6.790936900388628,4.639704960238687],[-6.630724866743746,4.718642440630832],[-6.483995254656259,4.81976913374938],[-6.337822445732828,4.921660974125992],[-6.179276184202839,5.002893266409543],[-6.012581862396834,5.06458919046835],[-5.845127378120791,5.118117342365899],[-5.676945513884865,5.164256158223747],[-5.508069130468934,5.203784074244158],[-5.338531108881307,5.2374795266902625],[-5.168364297717817,5.266120951870329],[-4.997601466446396,5.290486786126062],[-4.826275264944348,5.311355465823851],[-4.654418189449244,5.3295054273479785],[-4.482062554944568,5.345715107095856],[-4.309240473889163,5.360762941474579],[-4.135983841114443,5.375427366898752],[-3.9623243246490727,5.390486819789346],[-3.788293362190073,5.406719736573178],[-3.6300941636019655,5.34327164082638],[-3.474729043582734,5.288375167272612],[-3.3220619657098975,5.241706048723882],[-3.1719573541570565,5.202940018004819],[-3.024280043414233,5.171752807959542],[-2.878895233278623,5.14782015145598],[-2.7356684485104257,5.13081778138778],[-2.594465502619002,5.1204214306745435],[-2.4551524653104018,5.116306832260635],[-2.317595633185663,5.118149719112853],[-2.181661503333464,5.1256258242173285],[-2.0472167495074434,5.138410880576182],[-1.9141282006235656,5.156180621203573],[-1.7822628213499705,5.178610779121744],[-1.651487694599222,5.205377087357588],[-1.5216700057619938,5.236155278938798],[-1.3926770285515317,5.27062108689085],[-1.2643761123510053,5.308450244234218],[-1.1366346709804294,5.3493184839821595],[-1.0093201728168495,5.392901539138832],[-0.8823001322204611,5.43887514269822],[-0.7554421022322515,5.486915027643477],[-0.6286136685214707,5.536696926946542],[-0.5016824445723671,5.587896573568691],[-0.3745160681053825,5.640189700461185],[-0.2469821987359495,5.693252040566326],[-0.11894851687717178,5.746759326818916],[0.009717276104829864,5.800387292148044],[0.13914745647482718,5.853811669478615],[0.2694742754426489,5.9067081917335615],[0.4008299552051202,5.958752591835539],[0.5333466837150507,6.009620602708779],[0.6671566081849107,6.058987957280844],[0.8023918273406387,6.106530388483943],[0.939184382450172,6.151923629256136],[1.0776662471623837,6.1948434125422045],[1.2179693162056875,6.23496547129391],[1.360225393007152,6.271965538470127],[1.5045661763100657,6.305519347036458],[1.6511232458821734,6.335302629964094],[1.8000280474234795,6.360991120228861],[1.9514118768011954,6.382260550809453],[2.1054058637555038,6.398786654685353],[2.2621409552386407,6.410245164834829],[2.4217478985673715,6.416311814232611],[2.5843572245863875,6.416662335847568],[2.7500992310576198,6.4109724626407205],[2.9466396273484605,6.51311931007505],[3.1133005100600233,6.608379852205723],[3.268702494075068,6.686042060424644],[3.431467758354122,6.735393906593138],[3.6202162825441295,6.7457233627224245],[3.7745779825334154,6.719135075609573],[3.894091353622043,6.663530062650941],[3.9897501282086,6.5852596237745145],[4.072550053543333,6.490675059039652],[4.153487609574597,6.386127668805473],[4.243559318511354,6.277968753762536],[4.3537616388617595,6.172549614854697],[4.4950914191925975,6.0762215531410915],[4.673506271228245,5.995667963815217],[4.850969250016708,5.94587459591828],[5.024558062620132,5.91575780692688],[5.191344862616864,5.89423395429375],[5.348397139001903,5.8702193954854875],[5.492778362989866,5.832630487996327],[5.62154848673481,5.770383589400016],[5.731764367849035,5.672395057519299],[5.801638116777053,5.50623566940606],[5.864848130647335,5.334034687997878],[5.92602397019227,5.160160653296673],[5.989795136345552,4.9889827261039],[6.060791047942953,4.824868119045835],[6.143640680322134,4.6721860804803015],[6.2429735807343025,4.535305149534981],[6.427272176069851,4.598269264081683],[6.609992789772923,4.650410375932134],[6.790940717263245,4.692057288979697],[6.969921195216402,4.723538807186478],[7.1467394484434585,4.745183734579909],[7.3212007298206405,4.757320875248365],[7.493110354193453,4.760279033336456],[7.662273727061401,4.754387013039668],[7.8284963687361095,4.739973618598897],[7.9915839345634785,4.717367654294466],[8.151342231705323,4.686897924440338],[8.307577232892733,4.6488932333782085],[8.46009508748702,4.603682385471566],[8.608702130119468,4.551594185100077],[8.753204887124769,4.492957436654178],[8.893410080937116,4.428100944529735],[9.029124632578027,4.357353513123223],[9.16015566233841,4.281043946827283],[9.286310488734276,4.199501050026474],[9.407396625801667,4.113053627093685],[9.523221778791054,4.022030482386631],[9.633593838318422,3.9267604202453055],[9.738320873036432,3.827572244989524],[9.837211120898292,3.7247947609167196],[9.930072979098288,3.618756772300784],[10.016714992791272,3.5097870833908558],[10.096945842709946,3.3982144984107],[10.072347561757788,3.249479485145678],[10.053172869118452,3.0957496081737954],[10.038698184643984,2.93769207408345],[10.0282001123515,2.7759740893919984],[10.020955467192742,2.611262860547427],[10.016241294236012,2.444225593932045],[10.01333488038922,2.2755294958669263],[10.01151375896486,2.105841772617856],[10.010055707565808,1.9358296304019984],[10.008238739947721,1.7661602753952237],[10.005341092681077,1.597500913740034],[10.000641207588924,1.4305187515535276],[9.993417711060305,1.2658809949358212],[9.982949391433975,1.1042548499776785],[9.968515175698247,0.946307522768476],[9.94939410675415,0.7927062194029802],[9.924865322437666,0.6441181459879051],[9.894208037380647,0.5012105086472262],[9.856701528608859,0.3646505135267407],[9.811625125525955,0.23510536679728009],[9.758258204607822,0.11324227465699434],[9.695880188741626,-0.00027155666803213574],[9.623770569734223,-0.10476892092381553],[9.541208955365976,-0.19958261183027862],[9.447474993697092,-0.28404542308395625],[9.402794001980558,-0.42475263902848837],[9.37865906212593,-0.5840493807859564],[9.369525869855215,-0.7571023720620346],[9.36985133342737,-0.9390783365896846],[9.374093509805812,-1.1251439980703448],[9.376711370363488,-1.3104660801043413],[9.372164492350711,-1.4902113061218796],[9.464439296149584,-1.6328994439780518],[9.558663505598034,-1.773796586553887],[9.655232510256578,-1.9125458324030247],[9.754541727744531,-2.048790280055311],[9.856986591407704,-2.182173028015163],[9.962962536638495,-2.31233717476022],[10.072864985834094,-2.4389258187404597],[10.18708933200332,-2.5615820583776987],[10.306030921055338,-2.6799489920657664],[10.430085032823989,-2.7936697181710275],[10.559646860904804,-2.9023873350334295],[10.69511149139754,-3.0057449409683192],[10.83687388066949,-3.1033856342685566],[10.985328832271534,-3.1949525132072782],[11.140870973162668,-3.2800886760413337],[11.303894729419326,-3.35843722101491],[11.474794301637226,-3.4296412463640853],[11.500759320216451,-3.5799761431757715],[11.56065292972923,-3.704781300250798],[11.64677428110881,-3.810906159600654],[11.751420452099332,-3.9052001638152523],[11.86688757051791,-3.9945127559531537],[11.985471553952983,-4.085693379482713],[12.099468418535242,-4.185591478289721],[12.201174131335183,-4.301056496764827],[12.292342775352571,-4.441000742237106],[12.361495597712592,-4.5846185278526965],[12.413518943134607,-4.7320410517639235],[12.453300185688525,-4.883399512165425],[12.485727860510865,-5.038824460664654],[12.515691819002583,-5.1984483068907545],[12.548083389802592,-5.362401680957496],[12.587795546652034,-5.530815779965384],[12.639723095581784,-5.7038218008827455],[12.696628801121074,-5.855250586521979],[12.761500221982576,-6.0044285124318435],[12.831473226099623,-6.151982866883511],[12.903682875014733,-6.29854093819184],[12.975263426702938,-6.444730014686723],[13.043348319885691,-6.5911773846854045],[13.105070137796432,-6.738510336464769],[13.157560549217008,-6.887356158233272],[13.197950224398971,-7.038342138101173],[13.223368723210637,-7.192095564048651],[13.230944352490612,-7.349243723890308],[13.217803989136849,-7.510413905236083],[13.33734662752618,-7.616769025489204],[13.467991661132642,-7.712157067817817],[13.59033926405088,-7.814941505579367],[13.684990653737565,-7.943485809294929],[13.73254423536462,-8.116153444943432],[13.670354459611255,-8.259703067265109],[13.573997740491789,-8.371881755753746],[13.464853162138661,-8.47232822307153],[13.364302656268833,-8.58068117764787],[13.293730306021251,-8.71657932334195],[13.275507601561179,-8.934321329904781],[13.275350345377529,-9.135453303366994],[13.292260184511598,-9.320899797363158],[13.325237373045322,-9.491585365321313],[13.373280870089088,-9.648434560357659],[13.435388455920616,-9.792371935205361],[13.510556861769963,-9.924322042171173],[13.59778190058365,-10.045211431984349],[13.696058641638118,-10.15596082878373],[13.804381507657506,-10.257496599372299],[13.882246280134263,-10.4680278888659],[13.942211466493529,-10.657295695945903],[13.985204876656164,-10.828124453048632],[14.012157058693541,-10.983338588811879],[14.024000890206423,-11.125762529435848],[14.021671148560594,-11.258220699645035],[14.00610407991511,-11.383537523365556],[13.97823698301465,-11.504537424211911],[13.939007819851701,-11.624044825857865],[13.889354861713839,-11.744884152355727],[13.830216375929446,-11.869879828459093],[13.762530355904676,-12.001856280002661],[13.687234294844274,-12.14363793439491],[13.60526500190581,-12.298049221285732],[13.517558458447251,-12.46791457348457],[13.450691568408251,-12.634459850752078],[13.403398870393946,-12.807979144047065],[13.358263362271853,-12.977513344885022],[13.297856542549827,-13.1321033342524],[13.203451478801643,-13.27421521430897],[13.085455172213484,-13.406438087066975],[12.957093830052509,-13.533937866078158],[12.831599484612441,-13.661880469582272],[12.722209502312142,-13.795431820996342],[12.642167763765826,-13.939757849932308],[12.599379752999566,-14.117843860688009],[12.595821754017086,-14.308383522397097],[12.596624412483552,-14.497926989421291],[12.566885326679287,-14.673024390567234],[12.485213201758867,-14.825799060495958],[12.368312643740241,-14.963015767204544],[12.241032769607084,-15.09078957374244],[12.12823788118633,-15.215254201702066],[12.054805781679637,-15.342524423883313],[12.01506108132924,-15.497043005679776],[11.995909313885944,-15.657103499591457],[11.990127411259719,-15.821771873651551],[11.99048638689537,-15.99011409316378],[11.98975057388809,-16.16119612127451],[11.980677039068006,-16.334083919647625],[11.956015191820022,-16.50784344921545],[11.908506605328803,-16.681540670977032],[11.819050992552704,-16.734759239507717],[11.678755679174195,-16.74065396361189],[11.561406125006108,-16.767470806191177],[11.54076029817389,-16.88345570813666],[11.5590530593642,-17.05328212021018],[11.588154088339493,-17.213575944954037],[11.625545565955743,-17.36660075463163],[11.668707008635149,-17.514620119361112],[11.715115740632983,-17.659897605785957],[11.762247198238926,-17.80469677585834],[11.807575056579166,-17.951281185567126],[11.848571171902355,-18.10191438345513],[11.882705333534457,-18.258859908771853],[11.907444820409975,-18.42438128910057],[11.995201201689865,-18.504041475522076],[12.135234318560668,-18.53626260543283],[12.289887181922735,-18.55522120872653],[12.421523612470514,-18.595093778419116],[12.492523588186945,-18.690056759335395],[12.579731364171723,-18.82653537031642],[12.660820247522318,-18.96636930193586],[12.736388985565275,-19.109247695719137],[12.8070365280455,-19.254859693384184],[12.87336208450649,-19.402894437051046],[12.935965176452955,-19.55304106946356],[12.995445684030939,-19.704988734220475],[13.052403886961285,-19.858426576013787],[13.107440450240878,-20.013026122343447],[13.1611566854368,-20.168511267795875],[13.214154393920309,-20.324554087951345],[13.267035992864493,-20.48084378791759],[13.320404455877792,-20.637069574731104],[13.374863313760194,-20.792920656538797],[13.431016649563848,-20.948086241775353],[13.489469087810514,-21.10225553834865],[13.550825777648662,-21.255117752843216],[13.61569236966901,-21.40636208975403],[13.684674986038452,-21.555677750760253],[13.758380183569969,-21.702753934050666],[13.855561032516174,-21.853484564253236],[13.972822155948968,-21.992993460324037],[14.093529156572407,-22.130462199985484],[14.201039018983753,-22.275072410788997],[14.27869862516886,-22.436005793400078],[14.322056206240713,-22.57865925888078],[14.360673083751793,-22.722481699934608],[14.394921389021683,-22.86749674000641],[14.425173584096969,-23.01372800448251],[14.45180247227165,-23.16119912078413],[14.475181209864699,-23.309933718463988],[14.495683319337763,-23.45995542930614],[14.513682703841992,-23.6112878874291],[14.529553663289565,-23.76395472939254],[14.543670912055106,-23.917979594307422],[14.556409598416524,-24.073386123949856],[14.568145325856538,-24.230197962878687],[14.579254176354034,-24.388438758557214],[14.590112735801785,-24.548132161478538],[14.601098121700677,-24.70930182529551],[14.612588013287645,-24.871971406954515],[14.624960756947397,-25.03616198702362],[14.638594998164004,-25.201902711404472],[14.653870017491958,-25.36921405940462],[14.671165669332172,-25.53811945063201],[14.690862521943565,-25.708642294407557],[14.713341898131803,-25.88080598923971],[14.738985917879932,-26.054633922280818],[14.924155559240281,-26.089918675044053],[15.107941388986838,-26.12647877852529],[15.288929397303122,-26.16558958266796],[15.465707346320142,-26.208526435882156],[15.63686460766225,-26.256564683820727],[15.754804128797767,-26.164279591256083],[15.876196025852295,-26.077525712671843],[16.00101038365548,-25.99609524317639],[16.12921733556276,-25.919780368564506],[16.260787044146007,-25.848373267218676],[16.395689682505648,-25.781666111726423],[16.53389541610646,-25.71945107024485],[16.675374385049846,-25.661520307641776],[16.820096686706997,-25.607665986439688],[16.968032358648834,-25.5576802675882],[17.119151361819057,-25.511355311086394],[17.273423563907933,-25.468483276476444],[17.430818722892987,-25.428856323226782],[17.591306470725783,-25.3922666110218],[17.754856297150265,-25.35850629997309],[17.921437533650597,-25.327367550766077],[18.091019337534462,-25.29864252475403],[18.26357067616688,-25.27212338401009],[18.439060311379237,-25.24760229134663],[18.61745678408594,-25.224871410310936],[18.798728399150612,-25.203722905162937],[18.98284321055231,-25.1839489408432],[19.16976900690707,-25.165341682934066],[19.359473297414716,-25.147693297621082],[19.551923298299965,-25.13079595165626],[19.74708591983227,-25.114441812328266],[19.94492775400993,-25.098423047441035],[20.14541506300536,-25.082531825304166],[20.34851376847232,-25.066560314737004],[20.554189441823503,-25.050300685088285],[20.68362367757493,-25.154686101264055],[20.820906465388116,-25.2522746159783],[20.964709948183287,-25.344239676617764],[21.113706876441128,-25.43175476065838],[21.266570852618653,-25.51599336832676],[21.42197653174197,-25.59812901686444],[21.578599776004864,-25.679335235973397],[21.735117762048485,-25.760785564073792],[21.89020904014707,-25.843653545037153],[22.042553544782177,-25.929112725071803],[22.190832556046942,-26.018336649435142],[22.333728610986995,-26.112498858624573],[22.469925363347855,-26.21277288365672],[22.598107389269,-26.320332239990112],[22.6043357201683,-26.48951245459827],[22.606535344402506,-26.66218954014919],[22.607244194216122,-26.836063619582546],[22.6090014646567,-27.008834846083662],[22.61434776881096,-27.178203430730736],[22.6258250858967,-27.341869667420617],[22.64597647620694,-27.49753395257356],[22.67734553996082,-27.642896797322095],[22.722475602450796,-27.775658830232153],[22.783908615514342,-27.89352078908371],[22.864183775330282,-27.994183500856384],[22.77628419948688,-28.133065829305036],[22.68385789917435,-28.268217212245126],[22.587835605419208,-28.40043577600151],[22.48914968326718,-28.53051961917903],[22.388733953878322,-28.659266808317245],[22.287523566804033,-28.787475373493923],[22.186454924589572,-28.915943303630517],[22.08646566168373,-29.04546854126229],[21.98849467957679,-29.17684897654223],[21.89348224013139,-29.31088244024245],[21.802370119219653,-29.448366695512828],[21.716101823036773,-29.59009942814103],[21.6356228698307,-29.73687823504059],[21.455346522944033,-29.79202516506387],[21.282170777442076,-29.853576113479303],[21.115603974816807,-29.921087328955295],[20.955155623534427,-29.994115055364727],[20.800336017640607,-30.072200590163813],[20.65065669399945,-30.154929645929823],[20.50562928533471,-30.241844148906544],[20.364766026094156,-30.332500523711957],[20.227579458653622,-30.426455235698082],[20.093582316509917,-30.523264789824037],[19.962287423957328,-30.62248572817881],[19.83320761206109,-30.72367462628237],[19.705855650843763,-30.826388088315966],[19.579744197688445,-30.930182741453578],[19.454385762033386,-31.03461522948182],[19.32929268648839,-31.13924220590873],[19.186302837592457,-31.073564834461028],[19.064566305005147,-31.052377431385832],[18.96007414187806,-31.06564699531885],[18.868850004345752,-31.10334054106894],[18.786937259891214,-31.155425097686706],[18.71039029460296,-31.211867706606597],[18.635269800753083,-31.26263538806191],[18.557641921161974,-31.297695105183852],[18.47358117097486,-31.30701377373417],[18.379177049587287,-31.28055834128379],[18.27054419463036,-31.20829589283024],[18.32316142526126,-31.34331071854548],[18.367833652075568,-31.485581790558037],[18.40549347437217,-31.63426562714769],[18.437073436956403,-31.788518844899663],[18.4635063628714,-31.947498138941764],[18.485725655308233,-32.11036025778961],[18.504665566747168,-32.27626197359429],[18.521261432739585,-32.44436004873013],[18.536449867231582,-32.61381119977479],[18.55116891596181,-32.783772060025306],[18.566358164223672,-32.953399141760784],[18.582958795167322,-33.121848799502786],[18.60191359482115,-33.288277195542875],[18.624166900131254,-33.45184026899768],[18.65066448654475,-33.61169370961904],[18.682353391994727,-33.76699293753017],[18.72018167457477,-33.916893089973975],[18.765098101715942,-34.06054901605065],[18.81805176929772,-34.19711528028899],[18.8799916498282,-34.32574617573192],[18.95186606962728,-34.44559574703138],[19.034622115825638,-34.55581782383282],[19.22149267845161,-34.538737576973176],[19.415900159299493,-34.528089725201674],[19.61587686190716,-34.52218987294275],[19.819450828352846,-34.519353691223394],[20.02464516889513,-34.51789688279522],[20.229477677840126,-34.51613516245728],[20.43196074187903,-34.51238425230431],[20.630101547770728,-34.50495989179087],[20.821902596115592,-34.4921778624667],[21.005362527089865,-34.47235402699724],[21.178477262398047,-34.44380438164081],[21.339241465363337,-34.404845120708714],[21.485650318000957,-34.35379271068576],[21.38749518910197,-34.34887033019742],[21.29853045087929,-34.335678409852456],[21.25157607722857,-34.28468358491221],[21.47957412934816,-34.26914821011842],[21.704268290047317,-34.25599505687433],[21.9256557747947,-34.244973465205746],[22.143732776360828,-34.23583278790518],[22.35849449456284,-34.228322387954655],[22.56993516577476,-34.222191636310995],[22.77804809243301,-34.21718991003376],[22.98282567275854,-34.213066590742955],[23.184259430904337,-34.209571063394755],[23.38234004772679,-34.20645271536856],[23.5770573923673,-34.2034609358596],[23.7684005548211,-34.20034511557394],[23.95635787965716,-34.196854646723125],[24.14091700104551,-34.192738923316526],[24.322064879234343,-34.18774734174854],[24.49978783861239,-34.18162930167735],[24.67407160748082,-34.17413420719026],[24.84490135964999,-34.16501146824737],[25.012261757967536,-34.15401050239416],[25.176136999875887,-34.14088073672768],[25.33651086508994,-34.125371610098526],[25.49336676547742,-34.10723257552499],[25.646687797218682,-34.08621310279006],[25.796456795314704,-34.062062681185246],[25.94265639050841,-34.034530822360026],[26.085269068678144,-34.0033670632254],[26.22427723275667,-33.968320968853874],[26.359663267225635,-33.92914213530799],[26.49140960523311,-33.88558019232068],[26.619498798375567,-33.83738480574023],[26.74391358918605,-33.78430567964106],[26.86463698636526,-33.72609255799112],[26.98165234279348,-33.66249522575398],[27.0949434363571,-33.59326350929013],[27.204494553623903,-33.518147275910415],[27.310290576400085,-33.43689643241768],[27.412317071202697,-33.3492609224609],[27.527906620492136,-33.221557305161596],[27.619501428548027,-33.08219890099851],[27.70269356077811,-32.938123555864514],[27.7930435560582,-32.79626786795454],[27.90607939734587,-32.66356736520897],[28.05730460517109,-32.54695680035207],[28.17582949661133,-32.47885561446683],[28.303013379946833,-32.4159847163942],[28.4364857243527,-32.35673486617194],[28.573876682120122,-32.29949692575866],[28.71281646448365,-32.24266183998146],[28.850935064244595,-32.1846206243397],[28.985862324944456,-32.123764358011464],[29.115228356720962,-32.05848418045284],[29.236664298521198,-31.987171289849822],[29.347803425039473,-31.908216941374583],[29.446282594588688,-31.820012442714024],[29.529744031074507,-31.72094914368087],[29.59583742930114,-31.609418415880267],[29.642222367950488,-31.483811617396],[29.66657100868443,-31.342520036271114],[29.66657105284768,-31.183934805195054],[29.63992891909411,-31.006446778263708],[29.787742791048117,-30.92409799613427],[29.929360430147526,-30.836634348714412],[30.065195844590868,-30.744398075981927],[30.195663682874418,-30.647731384972765],[30.32117904285574,-30.546976450384943],[30.44215729356349,-30.442475416221374],[30.559013910058617,-30.334570398451486],[30.672164321580276,-30.22360348864976],[30.782023773139976,-30.10991675855272],[30.88900754438056,-29.993866721835307],[30.99352936735,-29.875765821189795],[31.09600335703268,-29.755971584452656],[31.196842576042158,-29.63482641336343],[31.296459393058434,-29.512672738251343],[31.395265434135418,-29.389853016709804],[31.493671547737435,-29.266709731999413],[31.592087783168715,-29.143585391219563],[31.690923382043167,-29.020822523288057],[31.790586782440002,-28.898763676770827],[31.891485635391554,-28.777751417600417],[31.994026833362753,-28.658128326725567],[32.09861655040414,-28.5402369977298],[32.205660293685035,-28.42442003445776],[32.31556296615235,-28.311020048684554],[32.428728940106396,-28.200379657863273],[32.545562141532784,-28.09284148298028],[32.66646614509308,-27.988748146546957],[32.79184427974421,-27.888442270752332],[32.92209974502758,-27.792266475795547],[32.84137779248808,-27.61597224970672],[32.773493317488175,-27.44414296994107],[32.71803262815924,-27.276743285204297],[32.67458450721644,-27.113737808603112],[32.64274006505066,-26.95509112010505],[32.62209260067764,-26.80076776888446],[32.61223747015456,-26.65073227555841],[32.612771962092815,-26.50494913431497],[32.623295179912944,-26.36338281493774],[32.64340793049975,-26.225997764729826],[32.67271261893292,-26.092758410339616],[32.71081314898215,-25.963629159492484],[32.757314829066665,-25.838574402630588],[32.811824283394465,-25.717558514464255],[32.87394936800642,-25.60054585543782],[32.94329909146318,-25.487500773112405],[33.0194835399227,-25.378387603469093],[33.102113806367385,-25.27317067213504],[33.190801923749916,-25.171814295534862],[33.28516080183508,-25.074282781970567],[33.384803506776514,-24.980543143622015],[33.48934568402872,-24.890554455373902],[33.59840141386042,-24.80428346557104],[33.711586159761254,-24.721694434000952],[33.828516098593575,-24.64275162430281],[33.94880806355505,-24.567419303708096],[34.072079490479425,-24.495661742796333],[34.19794836720529,-24.42744321526539],[34.32603318576791,-24.36272799771611],[34.45595289719038,-24.301480369450108],[34.58732686866977,-24.24366461228034],[34.71977484297482,-24.189245010354657],[34.85291689988348,-24.138185849990272],[34.98637341950943,-24.090451419519987],[35.11976504737564,-24.046006009149025],[35.172508146674005,-23.89671445259207],[35.224605792680315,-23.751089652881213],[35.275153418775815,-23.608189717875682],[35.32324909746444,-23.46707277570521],[35.367993300996595,-23.326796971943452],[35.408488733655574,-23.18642046718384],[35.443840226672386,-23.045001434920426],[35.47315468710796,-22.9015980596383],[35.49554109215902,-22.755268535018168],[35.51011052024218,-22.605071062156586],[35.51597620992611,-22.45006384769828],[35.51225363735119,-22.289305101768903],[35.49806060225274,-22.121853035586323],[35.472517312132325,-21.946765858615485],[35.43474645357187,-21.763101775116542],[35.38387323922419,-21.56991897991761],[35.259177213491576,-21.443040935278077],[35.13191784150234,-21.31902720757927],[35.00580562323671,-21.194266328295992],[34.88455324272818,-21.065146833274643],[34.77187482109338,-20.928057256458036],[34.67148477227621,-20.779386122454998],[34.58709616196488,-20.61552193648068],[34.52241844873528,-20.432853169877713],[34.59000111471673,-20.30114895606257],[34.68770534901063,-20.20355576455181],[34.80657091515063,-20.128641312616534],[34.93764263848933,-20.064973278876643],[35.07196301090994,-20.00111930930607],[35.20057064261011,-19.92566435497695],[35.31449631613493,-19.827140999543847],[35.4040844473474,-19.70627273352686],[35.47738601997762,-19.567080521501055],[35.53907108537137,-19.41524948704839],[35.5938088644408,-19.25646478670785],[35.64626526926873,-19.096411612521326],[35.70110131778625,-18.940775190410818],[35.76297260656532,-18.79524077535887],[35.836530007065086,-18.665493644397415],[35.926421729029904,-18.55721908829424],[36.022736060468375,-18.505412361477322],[36.12781205257131,-18.498770472034874],[36.227888645284544,-18.505412361477322],[36.309185384378814,-18.49345696025565],[36.35791027667434,-18.431023181998825],[36.3602933583174,-18.286229849311784],[36.434843634354294,-18.184774806577334],[36.38397731867929,-18.07236055248404],[36.29768246815578,-17.949983355859967],[36.26588124825605,-17.818639488895503],[36.40452605568377,-17.772218709149765],[36.532351833142144,-17.698337727810305],[36.654203124170884,-17.60540270182232],[36.77492798213848,-17.501819798031008],[36.89937418932664,-17.395995197896156],[37.03238758840472,-17.296335097679496],[37.178812759396585,-17.211245705349853],[37.343496306134526,-17.14913323558097],[37.521032982985574,-17.113964685674688],[37.701883884462944,-17.09961300068689],[37.88396750238541,-17.099343314370806],[38.06519646456624,-17.106420757889932],[38.24347584278196,-17.114110462055265],[38.416702713911754,-17.115677558142554],[38.58276702653702,-17.104387177326927],[38.73955381857554,-17.073504448749244],[38.88494686827799,-17.01629449645489],[39.01827643857367,-16.929892800841124],[39.11251326895929,-16.83360744041112],[39.17742280158422,-16.727394677998188],[39.222768006389835,-16.61121077750964],[39.25830803672744,-16.485012004390168],[39.293796933416864,-16.34875462613695],[39.338982391974994,-16.20239491286756],[39.403604610063745,-16.045889137942385],[39.49739523484219,-15.879193578642747],[39.69037068050745,-15.848911614916732],[39.866252727041825,-15.80335848823695],[40.02609248321264,-15.743522521911396],[40.1709451315981,-15.670392040240278],[40.301869181511286,-15.58495536878843],[40.41992575765305,-15.488200834618597],[40.526177922288824,-15.381116766451328],[40.621690029733074,-15.2646914947257],[40.70752711294957,-15.139913351544253],[40.784754303076895,-15.007770670494992],[40.72756281435693,-14.890691601074705],[40.68078988855865,-14.769812838238048],[40.6435931848594,-14.645326974747455],[40.615130248145924,-14.517420282026194],[40.594558743062244,-14.386279031079521],[40.581036488599615,-14.252089492484837],[40.57372148710031,-14.115037936386116],[40.57177194784796,-13.975310632492109],[40.574346305451485,-13.833093850078882],[40.58060323326232,-13.688573857995936],[40.589701652087996,-13.541936924676083],[40.60080073449035,-13.39336931814866],[40.61305990497242,-13.243057306056143],[40.6256388363692,-13.091187155673818],[40.637697442770516,-12.937945133932178],[40.648395869306135,-12.783517507442095],[40.65689447912602,-12.62809054252208],[40.66235383790652,-12.471850505227735],[40.66393469620911,-12.314983661383192],[40.660797970007756,-12.157676276613588],[40.652104719693064,-12.000114616379411],[40.637016127845406,-11.842484946011224],[40.614693476056864,-11.684973530745163],[40.58429812105976,-11.527766635759242],[40.54499147040507,-11.371050526209029],[40.495934957908986,-11.215011467263482],[40.43629001906746,-11.059835724140038],[40.387058830752316,-10.968911048641246],[40.2819382835067,-10.930526297706903],[40.164069032399894,-10.904128811105476],[40.0766189138451,-10.849165928100405],[40.06278487826207,-10.725084986089575],[40.09657224720573,-10.524625392505854],[40.10950278863606,-10.335314084352351],[40.103651363831226,-10.156385343578277],[40.081092922828816,-9.98707154360638],[40.04390192504959,-9.826611034678098],[39.99415342578463,-9.67423593612375],[39.93392264403346,-9.529180536496241],[39.86528522328405,-9.390679123684881],[39.79031726550233,-9.257965985009118],[39.71109534875506,-9.13027540729859],[39.629696530837954,-9.00684167696117],[39.54819834074417,-8.886899080040152],[39.46867875938551,-8.769681902262937],[39.39321619066042,-8.65442442908152],[39.32388942373622,-8.540360945706565],[39.26277758725426,-8.426725737136113],[39.21196009608688,-8.312753088179498],[39.170787114885904,-8.19968628566425],[39.13376448221753,-8.074497916617904],[39.10088774588282,-7.938296475537161],[39.07215148509683,-7.792190457238618],[39.04754912491339,-7.637288356909937],[39.02707279101028,-7.474698670140199],[39.010713203367544,-7.30552989293019],[38.99845960689788,-7.1308905216832885],[38.990299736701864,-6.951889053178705],[38.98621981530895,-6.769633984529668],[38.98620457903412,-6.585233813127915],[38.99023733041342,-6.399797036578582],[38.99830001358537,-6.214432152627587],[39.010373309452895,-6.030247659084922],[39.02643674748846,-5.8483520537472025],[39.046468831137624,-5.669853834322609],[39.070447173928166,-5.495861498361418],[39.098348643606364,-5.327483543194913],[39.13014951190287,-5.165828465885879],[39.16582560787226,-5.012004763192502],[39.20535292621157,-4.867121490297309],[39.24870799185734,-4.73228595618239],[39.295867552914885,-4.608607289740577],[39.34680753892028,-4.497193986952833],[39.40150347423264,-4.399154543828418],[39.45993077490753,-4.315597456425999],[39.522065096544544,-4.247631220874109],[39.587882727551275,-4.196364333393085],[39.65736101974981,-4.162905290317425],[39.70827396480323,-3.9988032732457923],[39.76255692259619,-3.8376470285569186],[39.820330462563405,-3.6795526452269813],[39.881714860788215,-3.5246362122440233],[39.946830105045855,-3.373013818608804],[40.01579590108197,-3.224801553335519],[40.088731680131765,-3.080115505452352],[40.16575660768731,-2.939071764001984],[40.24698959352509,-2.8017864180419703],[40.33254930300548,-2.6683755566450964],[40.422554169664274,-2.5389552688993993],[40.51712240911455,-2.4136416439084987],[40.61637203428466,-2.2925507707913937],[40.72042087201955,-2.1757987386824618],[40.82938658107641,-2.0635016367311905],[40.94338667154904,-1.9557755541020645],[41.06253852575736,-1.8527365799739988],[41.18695942064291,-1.7545008035401197],[41.31676655170924,-1.6611843140071743],[41.45207705855203,-1.5729032005949692],[41.593008052020295,-1.489773552535826],[41.739676643051936,-1.4119114590738706],[41.892199973223846,-1.3394330094644404],[42.050695247055685,-1.2724542929733607],[42.21527976610042,-1.211091398876119],[42.3860709648512,-1.1554604164573983],[42.4501609299981,-0.994401494181414],[42.518394135232235,-0.8370646997546444],[42.590676782193434,-0.6833674270051228],[42.66691517337837,-0.5332270697856252],[42.74701571978199,-0.38656102197152764],[42.830884947567334,-0.2432866774588615],[42.918429503866584,-0.10332143016249974],[43.00955615467918,0.03341732598558971],[43.10417093184671,0.16701219703798226],[43.20217846463944,0.29754578903319007],[43.303483632069465,0.4251007079971267],[43.407991742631225,0.549759559944377],[43.51560850607667,0.671604950879359],[43.626240007237776,0.7907194867974406],[43.73979268175141,0.9071857736859452],[43.856173293553084,1.021086417525136],[43.9752889140133,1.132504024289002],[44.097046902601754,1.2415211999462163],[44.2213548889709,1.3482205504606894],[44.34812075635874,1.4526846817923924],[44.47725262621773,1.5549961998978246],[44.60865884398278,1.655237710730817],[44.74224796589836,1.753491820242872],[44.8779287468296,1.8498411343837047],[45.015610128987035,1.9443682591016298],[45.15520123150055,2.037155800344122],[45.296611340782796,2.1282863640580905],[45.337745310007335,2.2641846067697715],[45.36414552938155,2.4146206053142967],[45.39939417802397,2.5571501081142056],[45.46703633051635,2.669328862328104],[45.59059282999027,2.728712614163998],[45.7889694396316,2.7512898291341323],[45.974003240442464,2.786289441974299],[46.14706201852268,2.8324349658332646],[46.30951359094371,2.888449913883274],[46.462725453797326,2.9530577993066207],[46.608064474319576,3.0249821352830875],[46.74689663469021,3.1029464349781644],[46.88058683141457,3.185674211531896],[47.010498731002215,3.271888978048494],[47.137994679996154,3.3603142475869534],[47.264435665301285,3.4496735331527977],[47.391181319216535,3.5386903476915585],[47.51958996258595,3.626088204084151],[47.65101867904082,3.7105906151446066],[47.7868234133907,3.7909210936207316],[47.92835908782075,3.865803152197796],[47.92592390019042,4.034669667410386],[47.93648698860328,4.198428254370315],[47.95852620576107,4.357818982687321],[47.990520665324205,4.513581922034923],[48.0309505443704,4.666457142154725],[48.078296916134505,4.817184712860408],[48.13104160555288,4.966504704041892],[48.18766707722996,5.115156499951512],[48.24665894837671,5.26388146535732],[48.30650357216316,5.413419059552061],[48.365688054337944,5.564509351527329],[48.422700065276274,5.71789241028584],[48.476027887195436,5.87430830480621],[48.386826231552185,6.005936033897943],[48.310949809754234,6.149590218068894],[48.24299240285952,6.300372809491506],[48.17754152368721,6.453385760239629],[48.109177344742186,6.6037310225071355],[48.03247240334301,6.7465105488312815],[47.941992182434916,6.876826292270524],[47.83229665811924,6.989780206489505],[47.69794288006963,7.080474245714917],[47.64869278479155,7.238561415404811],[47.5981414752268,7.395430145273578],[47.546340476474725,7.551127599851382],[47.49334135556588,7.705700943693856],[47.43919572421789,7.859197341379401],[47.38395524148522,8.011663957506384],[47.32767161631097,8.163147956690622],[47.27039660999171,8.313696503562769],[47.21218203856295,8.463356762765912],[47.15307977511674,8.612175898953204],[47.09314175205943,8.760201076785503],[47.032419963319214,8.907479460929224],[46.97096646651406,9.054058216054027],[46.908833385087945,9.199984506830816],[46.84607291042556,9.34530549792956],[46.78273730395539,9.490068354017325],[46.71887889924939,9.634320239756159],[46.65455010413011,9.778108319801255],[46.589803402793144,9.921479758798956],[46.5246911415998,10.064483749842678],[46.459266300234,10.207163620888668],[46.393581188497784,10.349568348455009],[46.32768841754089,10.491745100014047],[46.16365984079434,10.440692105511815],[45.9986330521895,10.399018763488405],[45.8331494397759,10.366578148920933],[45.667751328278605,10.343223336706536],[45.502981951817986,10.32880740163618],[45.3393854294151,10.323183418378994],[45.17750674334947,10.326204461475825],[45.01789172041991,10.337723605341358],[44.86108701614561,10.357593924273534],[44.707640101932085,10.38566849246982],[44.55809925521962,10.421800384049087],[44.413013552623035,10.465842673078543],[44.27293286606631,10.517648433604808],[44.13840786191114,10.577070739688626],[44.00999000307434,10.643962665442249],[43.88823155412627,10.718177285069084],[43.773685589358166,10.799567672904917],[43.66690600380519,10.887986903459952],[43.56844752720748,10.98328805146143],[43.478865740888594,11.085324191896195],[43.39871709752714,11.19394840005249],[43.32855894379229,11.30901375156118],[43.26894954580963,11.430373322434995],[43.22044811741554,11.557880189106484],[43.18361485115377,11.691387428463578],[43.159010951957555,11.830748117882743],[43.17609328062663,11.981481633798136],[43.242125128546924,12.085286281037547],[43.32359203742522,12.174298135278338],[43.38701690515028,12.280653282542492],[43.39896117248079,12.43648782263202],[43.3484656853625,12.610266522693475],[43.27694779229306,12.76567628977971],[43.18570203436426,12.90377566696019],[43.0760302899964,13.025623197564588],[42.9492409708127,13.132277425553399],[42.80664820046852,13.224796895749343],[42.64957099472184,13.304240153958688],[42.47933245885014,13.371665747007532],[42.44700817567412,13.522991203652406],[42.40140849047649,13.663359244063049],[42.34341629084021,13.79348902073466],[42.2739179010782,13.91409968670927],[42.19380273719546,14.025910395672632],[42.10396296650778,14.129640302011488],[42.00529317720053,14.226008560840226],[41.898690062488825,14.31573432800382],[41.785052123431754,14.399536760063468],[41.66527939387517,14.47813501427088],[41.54027319045768,14.552248248535872],[41.41093589011476,14.622595621391334],[41.27817073706831,14.689896291959403],[41.14288168089457,14.754869419921882],[41.00597324692684,14.81823416549757],[40.86835043997361,14.880709689428809],[40.73091868212163,14.943015152979344],[40.59458359255877,15.005863392265837],[40.46025173067674,15.069986380308341],[40.32882934773697,15.136096798896478],[40.20122334612585,15.20491381216935],[40.078341188403684,15.277156584627098],[39.96109101554717,15.353544281058507],[39.85038179520152,15.434796066449302],[39.74712349847798,15.521631105860164],[39.65222730370829,15.614768564261578],[39.5666058253907,15.714927606311388],[39.48072944777573,15.834222646405108],[39.406406959249836,15.95488175871868],[39.34234669008334,16.077891707404074],[39.28725714399773,16.204239256145474],[39.23984703064622,16.334911167680257],[39.19882527457873,16.470894203245766],[39.162900992317745,16.61317512192197],[39.13078342861193,16.76274067983719],[39.10118184214961,16.920577629199435],[39.07280533003792,17.08767271711118],[39.0443625792223,17.265012684119515],[39.01456153178267,17.45358426244725],[38.982108949746724,17.654374173842843],[38.85308615848522,17.70252849091708],[38.73758361408703,17.762529859123614],[38.63427619214878,17.83321823822354],[38.54184017463555,17.913433586990763],[38.45895261929932,18.002015863661725],[38.38429082010506,18.097805026421394],[38.31653185815857,18.199641033931556],[38.2543522416901,18.306363845899682],[38.196427632819905,18.416813423677546],[38.14143265808316,18.529829730872965],[38.08804079902682,18.64425273395218],[38.03492435860527,18.7589224028067],[37.98075449862259,18.872678711255297],[37.92420134311553,18.98436163745056],[37.86393414237855,19.092811164158988],[37.7986214923283,19.19686727888466],[37.72693160413224,19.295369973808764],[37.647532619500446,19.387159245520916],[37.55909296779668,19.471075094522792],[37.460281762171256,19.545957524490827],[37.349769233253106,19.61064654129217],[37.22622720055298,19.663982151756297],[37.088329583582556,19.704804362215235],[36.93475295673551,19.73195317683586],[36.94389674235889,19.91808621585083],[36.94633923447067,20.09837391178537],[36.94246575798394,20.273188064353015],[36.93266125114932,20.442847960208333],[36.917312323601415,20.607690187187934],[36.896805725792326,20.76805132237619],[36.87152840139705,20.92426793377028],[36.84186753270581,21.076676581765373],[36.80821058009705,21.225613820480678],[36.77094531671139,21.371416198945955],[36.73045985945695,21.514420262166833],[36.68714269747842,21.654962552085724],[36.641382719214775,21.79337960845443],[36.59356923915766,21.930007969633408],[36.544092025409704,22.065184173331758],[36.493341329128846,22.199244757301322],[36.441707916932565,22.332526259997802],[36.389583107332335,22.465365221221028],[36.33735881226759,22.59809818274639],[36.28542758482015,22.73106168895886],[36.23418267420766,22.864592287501488],[36.18401808919093,22.99902652994933],[36.13532867107075,23.134700972520758],[36.08851017751819,23.27195217683739],[36.043959378555286,23.411116710745354],[36.00207416610971,23.55253114920962],[35.96325367868034,23.696532075294925],[35.92789844280318,23.843456081246675],[35.896410533173885,23.99363976968642],[35.86919375348891,24.147419754937154],[35.70251528167123,24.17185424022654],[35.553096936903515,24.21117460565535],[35.419920669423696,24.264506486064818],[35.301973472742745,24.33097553290186],[35.19824648166491,24.40970741142594],[35.10773414757936,24.499827798109585],[35.02943347447179,24.600462378110024],[34.962343302646936,24.71073684271748],[34.905463630254346,24.829776886713095],[34.85779496545547,24.956708205592655],[34.81833831413908,25.09065403583429],[34.786090609794435,25.230745211934423],[34.760048486726774,25.37610448496797],[34.73920559700224,25.525857333058728],[34.7225529167001,25.67912919869118],[34.70907839451656,25.835045494321545],[34.697766661004984,25.992731609252242],[34.68759880147037,26.151312917475487],[34.677552195977476,26.309914786168207],[34.666600430247236,26.467662584504986],[34.65371328140175,26.623681692449008]]],[[[-80.14849372428904,7.8797140039877],[-80.14660580317798,8.05815919441472],[-80.1248671445991,8.218892691969472],[-80.08595593441022,8.364571251273825],[-80.03256680164152,8.49785162634458],[-79.96740853522638,8.621390570559756],[-80.02140093068242,8.823303665896255],[-79.99438028992122,9.019903236120104],[-80.21158841382625,9.01455022606109],[-80.4194111838356,9.018233035009516],[-80.61847000071502,9.030361359918034],[-80.80938709273667,9.05034489761761],[-80.99278524407123,9.077593344845159],[-81.16928754105099,9.11151639826836],[-81.33951713519507,9.151523754508448],[-81.50409702221268,9.197025110161157],[-81.6636498365106,9.24743016181657],[-81.8187976610186,9.302148606077662],[-81.97016185241857,9.360590139578203],[-82.11836288210453,9.422164458999282],[-82.26402019342285,9.486281261085288],[-82.40775207593214,9.552350242658466],[-82.550175557588,9.619781100632233],[-82.69190631589382,9.6879835320228],[-82.8335586091658,9.756367233959018],[-82.97574522913919,9.824341903690057],[-83.11907747619182,9.891317238590409],[-83.12647909323911,10.042279751976393],[-83.13772105290872,10.195140421343707],[-83.15247639804043,10.34974551793656],[-83.17041802975884,10.50593955064036],[-83.19121808525729,10.663567028567808],[-83.21454788417542,10.822472461034796],[-83.24007787585295,10.982500357534573],[-83.26747758765806,11.143495227710359],[-83.296415574602,11.305301581326672],[-83.32655937046538,11.467763928239508],[-83.35757544067516,11.630726778365611],[-83.38912913718175,11.794034641651123],[-83.42088465559891,11.957532028039429],[-83.45250499487746,12.121063447439045],[-83.4836519197949,12.284473409691257],[-83.51398592654934,12.447606424537799],[-83.54316621175472,12.610307001589097],[-83.57085064513936,12.772419650292964],[-83.59669574625431,12.933788879903968],[-83.6203566655009,13.094259199453894],[-83.64148716978892,13.253675117723406],[-83.65973963313606,13.411881143215068],[-83.67476503251756,13.568721784127995],[-83.6862129492719,13.724041548334133],[-83.69373157636183,13.877684943356673],[-83.69696773178369,14.02949647635068],[-83.6955668784074,14.179320654085837],[-83.68024194911708,14.328779481644238],[-83.65044354499591,14.474667675319315],[-83.6125370332865,14.617559094692538],[-83.57289639355155,14.758027600006368],[-83.53790401632317,14.896647052225918],[-83.51394995828268,15.033985057353515],[-83.50743244302173,15.170628326377091],[-83.52475194947986,15.307144118144153],[-83.57231787365336,15.44410628906188],[-83.65654847050236,15.582088696076141],[-83.7802497806653,15.661696367179989],[-83.90721006007286,15.730580286217482],[-84.03727368391704,15.789380645310453],[-84.17029032524964,15.838737637757484],[-84.30611417757665,15.879291457667124],[-84.44460327990352,15.911682299688767],[-84.58561892976277,15.93655035882033],[-84.72902517185481,15.95453583027582],[-84.87468835188062,15.966278909397516],[-85.02247672694793,15.972419791600837],[-85.1722601255877,15.973598672341762],[-85.32390965192607,15.970455747098972],[-85.47729742992236,15.963631211364719],[-85.63229638479874,15.953765260639988],[-85.78878005985727,15.941498090431173],[-85.94662246779909,15.927469896246253],[-86.10569797642978,15.91232087359029],[-86.26588122925142,15.896691217959832],[-86.42704710190291,15.88122112483727],[-86.5890706957148,15.86655078968613],[-86.75182736979036,15.85332040794851],[-86.91519281300725,15.842170175045876],[-87.07904315715317,15.833740286384092],[-87.24325513206063,15.828670937363183],[-87.40770626308701,15.82760232339158],[-87.57227511059591,15.831174639903564],[-87.73684155022895,15.840028082377792],[-87.90128709171303,15.854802846353175],[-88.06549523272344,15.876139127437026],[-88.22935184291443,15.904677121298405],[-88.39274557163543,15.941057023638052],[-88.55556827106874,15.985919030123412],[-88.56376778956351,16.16137487357854],[-88.54346886853347,16.321865995729738],[-88.50231324053432,16.471946865194827],[-88.4479835560834,16.61617195269794],[-88.38819538503537,16.759095727881142],[-88.33069257546727,16.90527265657957],[-88.28324554884702,17.0592571979122],[-88.25098826189382,17.22811340591452],[-88.23682447383938,17.400966293277435],[-88.233419666104,17.575956873034105],[-88.23342216914554,17.751226162090013],[-88.22946374504512,17.924915182934136],[-88.21416085472175,18.095164965213794],[-88.1801165382475,18.26011654705082],[-88.11084339480384,18.39660753721914],[-87.99544700778078,18.53907609982315],[-87.8689125623554,18.693499900742356],[-87.76626734785144,18.86585657206496],[-87.71280766369067,19.020070878233923],[-87.67798659855842,19.180336445964947],[-87.65278249328311,19.339421008568756],[-87.62815340891503,19.490092341242352],[-87.59504179695315,19.625118262679795],[-87.54438147810933,19.737266630156874],[-87.4735880420303,19.83821637625799],[-87.39423637486436,19.934902089806485],[-87.30989389957622,20.0288978194429],[-87.22415017914375,20.121830320623918],[-87.14058171946716,20.215273936903884],[-87.06277348371486,20.31082037344968],[-86.99431343385497,20.410061331046904],[-86.93879356420751,20.514588507447563],[-86.8998113105306,20.625993598899882],[-86.88097141406332,20.745868302090734],[-86.88588833598882,20.875804316772125],[-86.91818933925279,21.017393349395793],[-86.98151838218848,21.172227118145752],[-87.07954100274938,21.34189735983503],[-87.26733052858938,21.34324697643686],[-87.45312034098826,21.343007444905286],[-87.63657170642763,21.34091658255649],[-87.8173456657615,21.336712206742146],[-87.99510308684215,21.33013213486388],[-88.16950472351674,21.320914184386922],[-88.34021128043209,21.308796172851462],[-88.50688348290355,21.293515917879457],[-88.66918215090467,21.27481123717377],[-88.82676827601352,21.2524199485069],[-88.97930309991278,21.22607986969458],[-89.12644819278164,21.195528818549867],[-89.26786552964289,21.16050461281209],[-89.40321756243586,21.12074507004443],[-89.53216728527828,21.07598800749254],[-89.65437829005967,21.0259712418965],[-89.7695148091748,20.97043258924656],[-89.87724174186427,20.909109864472775],[-89.97722466027747,20.841740881057028],[-90.06912979101833,20.76806345055508],[-90.15262396757653,20.687815382014925],[-90.22737454869015,20.600734481276763],[-90.29304929733156,20.506558550137886],[-90.349316214667,20.405025385365544],[-90.39584332300478,20.29587277753799],[-90.43229839143274,20.178838509693822],[-90.45834859755224,20.05366035576735],[-90.47366671232547,19.920093398965612],[-90.47791440193319,19.77784031453628],[-90.47078082383528,19.626656633191086],[-90.45195365827473,19.466280135635333],[-90.6025283106919,19.38123693789607],[-90.74981427529983,19.293813675518365],[-90.89447064782154,19.204508483364158],[-91.03715646369022,19.113819498102714],[-91.17853055460598,19.022244858181722],[-91.31925141428415,18.930282703765247],[-91.45997707680476,18.83843117664275],[-91.60136501110267,18.747188420113453],[-91.74407203519574,18.657052578851125],[-91.8887542537278,18.568521798753444],[-92.03606702231082,18.482094226780642],[-92.18666494198774,18.39826801078756],[-92.23103830587422,18.238386375271332],[-92.28163680376869,18.083120184663613],[-92.33764737110376,17.93185456711681],[-92.39825878321494,17.78397464663323],[-92.46266182266224,17.6388655436949],[-92.53004944121965,17.495912375816683],[-92.59961692689659,17.35450025803585],[-92.67056208557128,17.214014303350368],[-92.74208544619836,17.073839623117745],[-92.8133904981,16.933361327425427],[-92.8836839685408,16.79196452544389],[-92.95217614862398,16.64903432577311],[-93.01808127551688,16.50395583679331],[-93.08061797910926,16.356114167031382],[-93.13900980142482,16.20489442555434],[-93.19248579743417,16.049681722402507],[-93.0268527862626,15.977535505639478],[-92.88061169397862,15.885125114344111],[-92.75049531521289,15.775899774143884],[-92.63322965913306,15.653308713280158],[-92.52552980955399,15.520801162160945],[-92.42409609861313,15.381826352211188],[-92.32561070458057,15.23983351416528],[-92.22673486909851,15.098271876042107],[-92.12410768916789,14.960597099370641],[-92.01434022806338,14.830245845714472],[-91.89402020268645,14.710673405561334],[-91.71999229893291,14.684771763460645],[-91.54526037604838,14.659520648085717],[-91.37080818172664,14.633897806048617],[-91.19762156790298,14.606880984255827],[-91.02668856420283,14.57744792992777],[-90.85899955009742,14.544576390645421],[-90.69554752324342,14.507244114422447],[-90.53732846127943,14.464428849799965],[-90.38534177406454,14.415108345961192],[-90.24059084296842,14.358260352861354],[-90.1040836433592,14.292862621367433],[-89.97683344588899,14.21789290340107],[-89.85985959153615,14.13232895207544],[-89.75418833463254,14.035148521815827],[-89.66085374726819,13.925329368451113],[-89.58089867751966,13.80184924926058],[-89.5153757528765,13.663685922958749],[-89.46534841902465,13.509817149596927],[-89.32178167587958,13.557990104228821],[-89.16556383663053,13.603264781295206],[-88.99865600418218,13.644587259252496],[-88.82301927687678,13.680903616256842],[-88.64061531918938,13.711159930254238],[-88.45340700775027,13.734302279100945],[-88.263359149087,13.749276740713535],[-88.07243926483265,13.755029393246689],[-87.88261843953714,13.750506315294952],[-87.69587222564367,13.73465358611288],[-87.51418159965918,13.706417285845724],[-87.44921389981239,13.547926271842163],[-87.37947219745158,13.394639382976955],[-87.30537141640727,13.246101323398703],[-87.22733036825626,13.101856798386203],[-87.14577148550613,12.961450514198388],[-87.06112058175313,12.824427177941773],[-86.97380663753246,12.69033149745377],[-86.88426161065219,12.558708181199464],[-86.79292026986711,12.429101938179898],[-86.70022005080712,12.301057477850263],[-86.60660093312435,12.174119510046182],[-86.51250533786418,12.047832744916612],[-86.41837804410146,11.92174189286159],[-86.3246661239066,11.795391664473792],[-86.23181889472508,11.668326770482068],[-86.14028788826187,11.540091921695662],[-86.05052683496292,11.410231828947861],[-85.96299166317687,11.27829120303724],[-85.87814051206188,11.143814754665211],[-85.79643375727574,11.006347194368452],[-85.71833404844956,10.865433232443975],[-85.6443063573989,10.720617578865626],[-85.5748180359665,10.571444943189793],[-85.5103388823232,10.417460034447993],[-85.451341214471,10.258207561024717],[-85.39829994959729,10.09323223051738],[-85.21227160671603,10.048092031651965],[-85.03342922473654,9.99601283052488],[-84.85643571757839,9.94245965878114],[-84.67594362649113,9.892891608459118],[-84.48659337932936,9.852769775722715],[-84.28301664469669,9.827555257258776],[-84.18414284796906,9.667938916353929],[-84.07920395413923,9.514926165189737],[-83.96821278752527,9.36842954170055],[-83.85118423084477,9.228361583511864],[-83.7281351010635,9.094634827967099],[-83.59908403184706,8.967161812152263],[-83.46405136234205,8.84585507291909],[-83.32305903201788,8.730627146906375],[-83.17613048130805,8.621390570559756],[-83.0053528600397,8.569698715411176],[-82.83852486404193,8.514267727048946],[-82.67494250679752,8.455786392644773],[-82.51390052933061,8.394943499448338],[-82.35469231121962,8.332427834793464],[-82.19660981422588,8.26892818610053],[-82.03894355701352,8.205133340875769],[-81.88098261933273,8.141732086707965],[-81.72201467398628,8.079413211262573],[-81.56132604489558,8.018865502273933],[-81.39820178962526,7.96077774753609],[-81.23192580481992,7.905838734892423],[-81.0617809531462,7.854737252224492],[-80.88704921052485,7.808162087440297],[-80.70701183267188,7.7668020284623775],[-80.52094954025327,7.731345863215536],[-80.32814272228471,7.7024823796142465],[-80.12787165777998,7.6809003655498636],[-80.14849372428904,7.8797140039877]]],[[[-72.68478748529456,19.384665234519474],[-72.60744716127932,19.23381564938661],[-72.55245104504077,19.080096571250305],[-72.5259432512806,18.927971333861606],[-72.53405377122202,18.781903294078564],[-72.58289994006529,18.646355827618304],[-72.67858976425424,18.52579232381902],[-72.47926897748414,18.39826801078756],[-72.48534600640741,18.191040768900002],[-72.2704957599407,18.171678554935802],[-72.06189101498161,18.164968876291045],[-71.85966795731072,18.169412949190537],[-71.66396711480041,18.183511987507536],[-71.47493254115525,18.205767203708533],[-71.29271108543809,18.234679809640653],[-71.11745176431782,18.268751017192244],[-70.94930524435617,18.306482038842184],[-70.78842343400194,18.346374088101506],[-70.63495917921554,18.38692837984165],[-70.48906605274375,18.42664613049616],[-70.35089822495219,18.46402855812003],[-70.2206104037592,18.49757688228851],[-70.09835783256459,18.52579232381902],[-69.93959052081591,18.548651044778307],[-69.77012874448899,18.55754585986361],[-69.59467833991644,18.55859793472821],[-69.41794002112216,18.557928432542564],[-69.24460762475071,18.56165851610675],[-69.07936859485112,18.575909347251805],[-68.92690665609811,18.6068020834799],[-68.79190654630521,18.66045787165787],[-68.67906049339003,18.74299783825968],[-68.59307582760341,18.86054307514475],[-68.7639977996455,18.867070148489752],[-68.92344896363034,18.892292855778656],[-69.07274121107153,18.934046428608706],[-69.21318408342167,18.990166093846778],[-69.34608435781995,19.058487076101567],[-69.47274573111153,19.13684459992865],[-69.59446864801365,19.22307389183342],[-69.71255028923822,19.315010182090923],[-69.82828471034743,19.410488706363097],[-69.94296310227614,19.50734470706407],[-70.0578741298866,19.60341343440245],[-70.17430429568527,19.696530147015583],[-70.29353827194157,19.78453011210672],[-70.41685914591358,19.865248604997117],[-70.54554852970851,19.936520908018515],[-70.6808864985011,19.99618230868916],[-70.82414638639445,20.04205038525405],[-70.97661436513148,20.071995755132274],[-71.1345611179373,20.08364960163666],[-71.29250325866484,20.08065465546927],[-71.45144592323786,20.065852117263447],[-71.61239745164309,20.04208318413111],[-71.77636895608035,20.012189052665683],[-71.94437914469987,19.979028430177543],[-72.11743427738479,19.94540739256798],[-72.29655856487597,19.9141847713026],[-72.48277418871497,19.888201785851457],[-72.67710679197903,19.87029965824693],[-72.88058613953999,19.863319610966435],[-73.09424699626206,19.870102863969763],[-72.98922957933023,19.775364081603236],[-72.8818551526246,19.65990272023459],[-72.7783138309145,19.528182018687517],[-72.68478748529456,19.384665234519474]]],[[[-80.97942188138437,23.350379950897814],[-81.20678416290596,23.35124094117658],[-81.42544895948517,23.346640793329506],[-81.6321127378413,23.333775141975742],[-81.82347244801835,23.309839629373176],[-81.99623006076482,23.272029911809966],[-82.14709821863143,23.217541667288465],[-82.02724239856532,23.076733537349316],[-81.90767050895542,22.935925841530953],[-81.89956125513449,22.773864651904457],[-81.89172079990144,22.611803951118798],[-81.69657438663059,22.636300866010433],[-81.50385992072687,22.643145059905617],[-81.31388007453766,22.63398660502659],[-81.12694195755158,22.610475586611173],[-80.94335459091492,22.57426209836951],[-80.76342661388976,22.52699623815179],[-80.58746430974794,22.470328104125873],[-80.41577000487271,22.405907791658827],[-80.24864086599723,22.33538539100483],[-80.08636809647572,22.26041098582465],[-79.92923651317274,22.182634652497246],[-79.77752447084917,22.103706460134134],[-79.63150409069122,22.02527647117006],[-79.49144174373947,21.948994742380552],[-79.3575987382944,21.876511326167265],[-79.23023216278455,21.809476271956285],[-79.04437699529052,21.71258191026819],[-78.87057055041323,21.62012409470299],[-78.70941501747346,21.53056171644653],[-78.56151851754548,21.442353671874944],[-78.42749411487743,21.353958860931566],[-78.30795898059768,21.263836185748964],[-78.20353365787834,21.17044454935347],[-78.11484137850317,21.072242854288163],[-78.04250737809018,20.9676900009779],[-77.98715815104745,20.855244885636274],[-77.94942057666744,20.73336639747993],[-77.92992083451533,20.60051341496964],[-77.92928301034122,20.455144800740744],[-77.94812727298724,20.29571939481771],[-77.9870674779868,20.120696005628087],[-78.04671370151347,19.92855074534038],[-77.84614908402602,19.90724595399307],[-77.69655740923743,19.92617463817597],[-77.58709190333325,19.976765298727518],[-77.5069201318291,20.050428675799353],[-77.44523454494718,20.138628451275093],[-77.39121252773153,20.232775667916563],[-77.33403139451764,20.32429890228646],[-77.26286008173712,20.404626757233224],[-77.16686089486335,20.465187850704368],[-77.01644436557443,20.436713093421833],[-76.8527366147575,20.4079333482051],[-76.67767708405435,20.379426134762696],[-76.4932040032939,20.351768973278595],[-76.30125432892021,20.32553938443705],[-76.1037637246915,20.301314889414027],[-75.9026665827035,20.27967300982974],[-75.69989608326027,20.26119126765743],[-75.49738429274827,20.246447185085888],[-75.29706229946814,20.236018284336016],[-75.10086038832502,20.230482087434503],[-74.91070825638008,20.230416115951915],[-74.72853527251577,20.236397890716407],[-74.55627078587769,20.24900493151985],[-74.39584448933061,20.268814756837823],[-74.24918684592917,20.296404883591997],[-74.1182295883725,20.332352826989386],[-74.18769823293891,20.45087119292662],[-74.30865957165577,20.51714107225186],[-74.46111578689516,20.551530553876308],[-74.62508474469571,20.57440767323223],[-74.78060712016317,20.606140447192992],[-74.90774762978847,20.667096878562774],[-75.09633300045542,20.76162277536521],[-75.27220445162394,20.86323316301668],[-75.43729748395425,20.969960125530605],[-75.59354458160239,21.079835751989894],[-75.74287477926933,21.190892134591056],[-75.88721312046933,21.30116136622864],[-76.02848009441266,21.408675537925543],[-76.16859114312503,21.511466736429277],[-76.3094563281648,21.607567042284398],[-76.44879976916808,21.69122847086383],[-76.61696904295516,21.78094132371175],[-76.80308757127847,21.87390132216951],[-76.9962632130445,21.967304181536186],[-77.18558609470325,22.058345608166935],[-77.3601280115834,22.144221297194825],[-77.51636572879434,22.217813465101923],[-77.67877745933687,22.285691222801606],[-77.84663494231327,22.348501741061476],[-78.01921157455983,22.40689219250515],[-78.19578244201999,22.46150975170637],[-78.37562433192795,22.513001595213872],[-78.55801573448736,22.562014901538177],[-78.74223684151518,22.609196851126292],[-78.92756954853347,22.655194626347246],[-79.11329746601344,22.70065541150717],[-79.29870594491948,22.746226392911183],[-79.48308212135878,22.792554758987233],[-79.66571498501617,22.840287700486826],[-79.84589547615094,22.890072410777382],[-80.02291661624693,22.942556086241915],[-80.19607367794698,22.998385926803905],[-80.36466440066728,23.0582091365973],[-80.52798925927421,23.12267292480568],[-80.68535179442004,23.19242450669787],[-80.83605901456713,23.268111104893613],[-80.97942188138437,23.350379950897814]]],[[[14.915004016846556,37.204157612145146],[14.951522706446017,37.37592195618641],[14.990150818513062,37.54650670679377],[15.03506807483299,37.71246194582595],[15.090462340949184,37.87033504198729],[15.160527269348703,38.0166707267067],[14.997330370639402,38.01237689724356],[14.831480121281542,38.02331592189026],[14.663984945221127,38.04622299539618],[14.495863097310224,38.077833588083614],[14.32814315314699,38.11488303095195],[14.161864304054777,38.154106226504844],[13.998076426487707,38.19223748609655],[13.837839893319599,38.226010498106106],[13.682225094016523,38.25215843265825],[13.532311632080008,38.26741418791265],[13.389187171831182,38.2685107801278],[13.25394591297197,38.25218187477051],[13.127686680665866,38.21516244888916],[13.011510631193055,38.15418956581782],[12.906518588359567,38.06600323206537],[12.813808043271129,37.94734729302476],[13.01549860940191,37.903432465888486],[13.202134688370156,37.84667721176329],[13.375697421325011,37.778816722699254],[13.538175629612763,37.70158606601205],[13.691563824103248,37.61671996712301],[13.837860527970165,37.52595264020787],[13.9790669241642,37.431017666052085],[14.11718583302093,37.33364791512505],[14.254221020948382,37.23557551282125],[14.39217683796006,37.13853184307412],[14.533058179944147,37.04424758612264],[14.678870770937266,36.9544527860996],[14.83162176122983,36.87087694431127],[14.876424217553666,37.03466097211032],[14.915004016846556,37.204157612145146]]],[[[-7.493335483002069,39.374957964213614],[-7.504806475643344,39.53202593192532],[-7.521986490944398,39.68791162917901],[-7.546043681668541,39.84250398253869],[-7.578149373153236,39.995691777022785],[-7.619476691571739,40.14734423403316],[-7.671201892584078,40.2973875272488],[-7.843525070740368,40.35397387474189],[-8.001827302454044,40.3918013444667],[-8.146572929241321,40.41181588646892],[-8.2782417039271,40.41496526728018],[-8.397327098763002,40.40219880299305],[-8.504334661944542,40.3744670930538],[-8.59978042790519,40.33272175956326],[-8.684189385754555,40.277915196181105],[-8.758094009586236,40.21100033006495],[-8.822032854025833,40.13293039964653],[-8.876549218242284,40.04465875045307],[-8.922190542778148,39.9471567241429],[-8.95950382889721,39.841340474730956],[-8.989038621596682,39.72818130831562],[-9.011343336733317,39.608631287610734],[-9.02696515954169,39.4836418545534],[-9.03644928977881,39.35416375686489],[-9.04033831223113,39.22114699646772],[-9.039171689273045,39.08554079854727],[-9.0334853708499,38.94829359980624],[-9.02381151625571,38.8103530542755],[-9.010678321372245,38.67266605491419],[-8.994609944611208,38.536178769155065],[-8.976126524638671,38.40183668652655],[-8.95574428303202,38.27058467650853],[-8.933975705309392,38.14336705485599],[-8.911329794253676,38.021127656750714],[-8.888312390111194,37.9048099153149],[-8.865426553061043,37.79535694424505],[-8.843173004311938,37.693711623594496],[-8.822050623276246,37.6008166880521],[-8.652739133687566,37.55228444866111],[-8.48519916558629,37.53335947610464],[-8.317538217629123,37.53617008990631],[-8.147894835226053,37.55284658277803],[-7.974431859147876,37.57551962537094],[-7.795333627639982,37.59631937891149],[-7.608806951340904,37.60737530547658],[-7.413085720689159,37.6008166880521],[-7.437935274149863,37.76359551002037],[-7.4558554604800005,37.92640565084277],[-7.467979758902219,38.08913731637969],[-7.475444574775613,38.251680622899976],[-7.479389313663775,38.41392559102782],[-7.48095644707511,38.57576213986867],[-7.48129156928219,38.73708008134324],[-7.481543444586835,38.89776911475889],[-7.482864044356779,39.05771882164723],[-7.486408573124207,39.21681866089743],[-7.493335483002069,39.374957964213614]]],[[[9.52192435647317,39.959761063863134],[9.511263551014977,40.12217568085856],[9.497783114297526,40.282405542730146],[9.481886272830886,40.44075251586993],[9.463977309807715,40.5975369424045],[9.4444616216476,40.75307948860559],[9.423745693826273,40.907701151570386],[9.192376781158575,40.91327197963646],[8.979934064483796,40.90470149825914],[8.796274204754305,40.872991875495444],[8.651263372386172,40.80914963572071],[8.554744580628956,40.70419005481113],[8.627752204324494,40.54151235166029],[8.67298001740406,40.39516500591986],[8.696487782395742,40.26072117800317],[8.704303309915716,40.133759336910096],[8.702430553010222,40.009862344893584],[8.696854523887342,39.88463457424974],[8.693543957817669,39.75363015444923],[8.698449725234614,39.6124616073658],[8.717501813687438,39.456727097548246],[8.756603237074259,39.28202951646465],[8.821621753499079,39.08397724675401],[9.032753364722456,39.10584021112746],[9.210264655256724,39.15474236217016],[9.370147449005993,39.21766944865306],[9.528360637616018,39.2816040785885],[9.53298013247453,39.45604521209673],[9.533182140357031,39.6270056741693],[9.529363967905635,39.7948045163952],[9.52192435647317,39.959761063863134]]],[[[9.48723471625177,42.0836926849256],[9.48623255157147,42.253498866193276],[9.465373754115198,42.42411593007148],[9.42793644418462,42.588118759203404],[9.37722114969147,42.73807211744314],[9.316555110765902,42.86653196534338],[9.235340656677128,42.77139340550609],[9.169139189484278,42.649509475500224],[9.121440247950023,42.50956864374907],[9.095702542101021,42.36025169516893],[9.095362387022611,42.2102294402328],[9.123844998630217,42.06816211363602],[9.184578367059913,41.942700332709855],[9.281009533323575,41.84248748427995],[9.41662328778725,41.77616343993103],[9.465117413876357,41.92211229792478],[9.48723471625177,42.0836926849256]]],[[[-64.82572458349554,45.790151847017825],[-64.63369223731853,45.75856531034798],[-64.45088105905778,45.71459739211711],[-64.27925440393548,45.65566014504586],[-64.28899312071633,45.56123430443635],[-64.30929470318006,45.47404705017953],[-64.3191467385089,45.37966714520573],[-63.9879203141831,45.23363493834192],[-63.80508648645544,44.97414410176138],[-63.577244999468164,44.997161661790734],[-63.41806771258871,45.06463516581783],[-63.21699999862213,45.10928082191919],[-63.23351132190359,45.277854514828434],[-63.27569514201767,45.43157591504612],[-63.340612967379386,45.571902049913874],[-63.42531275803897,45.700293151186244],[-63.52683325556991,45.818212348034734],[-63.642207554479796,45.927125367700654],[-63.768466006408275,46.02850025537399],[-63.90263853376882,46.12380712309779],[-64.04175641752832,46.214517935942396],[-64.1828536141908,46.30210634237653],[-64.32296764951697,46.38804755468986],[-64.45914013091797,46.473818284508816],[-64.58841691668975,46.560896737897984],[-64.70784797824304,46.65076267426552],[-64.81448699117195,46.74489753329454],[-64.90539069235939,46.84478463441566],[-64.977618043272,46.95190945392325],[-65.03672908204456,47.081910059852966],[-65.07018739440504,47.207554977265225],[-65.08216568567074,47.33008729641451],[-65.07686066043615,47.450752084639326],[-65.0584912410421,47.5707963490795],[-65.03129757530756,47.69146904428116],[-64.99954090059803,47.81402112897825],[-64.96750433162636,47.93970567631056],[-64.93949464291451,48.06977804188658],[-64.91984512405136,48.205496094432334],[-64.91291959726722,48.34812051429231],[-64.92311770301109,48.498915165776296],[-64.95488158088833,48.65914755028548],[-65.0127041014166,48.830089348320335],[-65.10113883976479,49.01301705988596],[-65.3204480049801,49.05020415212438],[-65.54007718919692,49.08077154711901],[-65.7593707596095,49.1049108639846],[-65.97767646843408,49.12281425610713],[-66.19434557366274,49.134674370361836],[-66.40873292866395,49.1406843060292],[-66.62019704250487,49.14103757367458],[-66.82810011288531,49.13592805423735],[-67.0318080335782,49.12554995855787],[-67.23069037827099,49.11009778755222],[-67.42412036268516,49.089766293226106],[-67.61147478682891,49.064750440701445],[-67.79213395920009,49.03524537141207],[-67.96548160470903,49.001446367607464],[-68.13090475803132,48.96354881828665],[-68.28779364403032,48.92174818666849],[-68.43554154680912,48.87623997928898],[-68.40419712532889,48.74746135755867],[-68.40265563774112,48.62481317179637],[-68.42870942255271,48.510006661090486],[-68.48015765847003,48.40475100009264],[-68.55481089145354,48.310753863087086],[-68.65049529829973,48.22972206314515],[-68.7650567215974,48.16336226601038],[-68.89636453970728,48.11338178130699],[-69.04231546854568,48.08148943703366],[-69.20083743015752,48.06939654711879],[-69.3698936671738,48.07881798610008],[-69.54748733319039,48.11147338979626],[-69.73166684795929,48.16908850621565],[-69.92053237435177,48.25339672697245],[-69.86807590208215,48.37342747170155],[-69.80642997444028,48.48809637401156],[-69.73598736890614,48.597649454948055],[-69.65714560952327,48.7023332972405],[-69.57030673831846,48.80239502279474],[-69.47587707153023,48.89808226946512],[-69.3742669448208,48.98964316742],[-69.26589045144759,49.07732631539252],[-69.15116517715951,49.16138075708912],[-69.03051193536278,49.242055958008564],[-68.90435450587457,49.31960178290596],[-68.77311938035452,49.39426847411823],[-68.63723551727766,49.46630663095106],[-68.49713410908866,49.53596719031151],[-68.35324836396204,49.60350140875554],[-68.2060133043873,49.66916084610662],[-68.05586558460486,49.73319735078858],[-67.90324332873914,49.795863047005234],[-67.74858599131441,49.85741032388905],[-67.59233424169388,49.91809182673258],[-67.4349298738606,49.97816045040935],[-67.27681242088742,50.03786836339661],[-67.11843181510771,50.097471123220444],[-66.96022855085981,50.15722114587047],[-66.80264750647304,50.21737230062472],[-66.64613457590443,50.27817870915857],[-66.49113670972908,50.33989475383366],[-66.3381019864508,50.40277508881785],[-66.1874797140009,50.46707465412995],[-66.03972056131114,50.53304869270798],[-65.89527671987088,50.60095277060824],[-65.75460209520442,50.67104280045099],[-65.88610751119307,50.86647699096956],[-66.00614607621027,51.0564385186408],[-66.11704706272134,51.24135313307774],[-66.22116547388059,51.42164801525903],[-66.32088069055467,51.597751749308046],[-66.4185952679412,51.77009429578624],[-66.51673389279227,51.939106967424],[-66.61774251131061,52.10522240816703],[-66.72408763697123,52.268874576376945],[-66.83825584683622,52.43049873298944],[-66.96275347437134,52.59053143540389],[-67.10010650633822,52.74941053785469],[-67.2528606910255,52.907575198997165],[-67.42346851898175,53.06228728305692],[-67.60758537810955,53.209804994316364],[-67.80280747927175,53.35099151395576],[-68.00673455749893,53.48671287397629],[-68.21697036757662,53.61783777979555],[-68.43112307613575,53.745237457521185],[-68.6468055258798,53.869785528979875],[-68.86163535089837,53.99235791731722],[-69.07323492459167,54.113832785773106],[-69.27923112355927,54.23509051208081],[-69.47725489189638,54.35701370084006],[-69.66494059069339,54.48048723617902],[-69.83992511714061,54.60639837705017],[-69.99984677650842,54.73563689760441],[-70.12772154459553,54.86179040396761],[-70.25499203974434,55.00956637030998],[-70.38519376691089,55.17424015972453],[-70.52180089234574,55.35101798133373],[-70.6682534527823,55.53511044576415],[-70.82793889192766,55.721710255216024],[-71.00418445066288,55.90599038736227],[-71.20025041406085,56.08310353649658],[-71.4530770137157,56.26955048541385],[-71.70842516211766,56.423432991700366],[-71.95983297865983,56.55632919695793],[-72.20104548905724,56.67986424212632],[-72.42598889664265,56.805700774161025],[-72.62875414484307,56.94553718962607],[-72.8631425820264,57.140346876798446],[-73.06434477669305,57.32241839384444],[-73.23367441211666,57.492339868928234],[-73.37249167580445,57.65070411523834],[-73.48219968751752,57.79810836265039],[-73.564240943129,57.9351539810056],[-73.62009380423616,58.06244619886762],[-73.65126906155615,58.18059382138435],[-73.65930659811808,58.290208950634735],[-73.6457721761589,58.39190671158873],[-73.61225436946586,58.486304986551666],[-73.56036166073432,58.57402416071076],[-73.49171972135227,58.65568688114856],[-73.4079688889214,58.73191783144642],[-73.31076185580739,58.80334352376703],[-73.20176158010278,58.870592110085745],[-73.08263942861937,58.93429321403758],[-72.95507355990729,58.99507778466111],[-72.8207475538638,59.05357797315693],[-72.68134929323973,59.110427033635695],[-72.7659435011712,59.28965041899625],[-72.83686265502361,59.46198045145284],[-72.89857424548806,59.62965156884143],[-72.95560855068882,59.7949088708633],[-73.01255503782043,59.96000781930772],[-73.07404926882948,60.12720606998729],[-73.1448229387161,60.29879604314591],[-73.22963766733501,60.47705877892826],[-73.33333952208622,60.66429555845832],[-73.46085869882917,60.86282215125196],[-73.38262887005226,60.95802359431387],[-73.2989435844742,61.05061952031985],[-73.22253706534609,61.1467073274992],[-73.16621301581449,61.25240207697197],[-73.14286774960706,61.373839758388456],[-73.16553526171214,61.51718352038969],[-73.24745513445866,61.688633067761266],[-73.40216469483165,61.89443751801263],[-73.56227612775571,61.999207254363185],[-73.73184443378928,62.0808649020877],[-73.90949190451461,62.14247706079603],[-74.09388256475656,62.18712644057646],[-74.2837178706728,62.21790759765642],[-74.47773299790519,62.237923299881956],[-74.67469377614293,62.25028157692163],[-74.87339432653702,62.25809349187623],[-75.07265545765975,62.26447165646796],[-75.27132387471136,62.272529501504955],[-75.46827225590208,62.28538130804228],[-75.66240024977695,62.30614300268109],[-75.8526364480367,62.33793372280097],[-76.03794139050846,62.383878164253964],[-76.21731166272887,62.447109735257925],[-76.38978515267354,62.530774556105165],[-76.55444754220947,62.63803636520731],[-76.7840920138384,62.61512299613464],[-76.99289714313856,62.5823988019004],[-77.18237271950589,62.54061798195917],[-77.35404518322031,62.4905357829042],[-77.50945376631044,62.4329079632579],[-77.65014694138787,62.36849030711088],[-77.77767919212329,62.298038188160554],[-77.893608115359,62.22230618504965],[-77.99949186151972,62.14204774832827],[-78.09688691701344,62.05801491885302],[-78.18734622973372,61.97095809700194],[-78.08850681330905,61.78787275364501],[-78.00874968618012,61.613523170324676],[-77.94652402138988,61.447238958084554],[-77.90031060273708,61.28835514115466],[-77.86861834557928,61.136211625389485],[-77.8499811901446,60.990152725920744],[-77.84295534303608,60.84952674923469],[-77.84611684601765,60.713685625490065],[-77.85805945409885,60.58198458741604],[-77.877392807449,60.45378189257713],[-77.90274088380372,60.32843858617433],[-77.93274071982539,60.20531830187443],[-77.9660413913632,60.08378709842765],[-78.00131542125565,59.96322076748622],[-78.0372090500762,59.84297444689485],[-78.07241657942531,59.72242890660917],[-78.10563000223038,59.60095900616005],[-78.13555185959231,59.47794169242528],[-78.16089561721344,59.352756017941275],[-78.18038625081205,59.22478318351546],[-78.192761033811,59.093406603718535],[-78.19677052012518,58.958011993778044],[-78.19117971426611,58.817987476315],[-78.17476942024066,58.67272370626395],[-77.91756730185166,58.48602513713195],[-77.69297336295041,58.306705826879266],[-77.49876938245264,58.134342818769035],[-77.3327743052801,57.968516363308225],[-77.19284077797964,57.8088096530822],[-77.07685199248917,57.65480858129398],[-76.98271881769347,57.506101522229535],[-76.9083772007458,57.36227913205872],[-76.8517858222012,57.222934168548434],[-76.81092399084203,57.08766132841226],[-76.78378976570191,56.95605710115309],[-76.76839829422258,56.8277196383706],[-76.76278035673525,56.70224863760796],[-76.76498110855121,56.5792452399023],[-76.77305901189227,56.45831194028137],[-76.7850849506977,56.33905251051693],[-76.79914152202423,56.22107193350253],[-76.81332249831065,56.103976348673456],[-76.82573245522488,55.98737300792569],[-76.83448656014423,55.87087024152359],[-76.83771051655646,55.754077433510986],[-76.83354065980424,55.63660500615791],[-76.82012419964109,55.51806441298622],[-76.87711083045983,55.41697557855504],[-76.9565958564519,55.327266312212615],[-77.05611574467886,55.2477197588667],[-77.17323327331418,55.177123203063275],[-77.30553153199996,55.11426736664175],[-77.45060874491898,55.05794580796793],[-77.6060738865976,55.00695441678037],[-77.76955350154444,54.96011054160652],[-77.93864719646109,54.91617440356226],[-78.11098810786409,54.87396638337643],[-78.284199685423,54.8322884079918],[-78.4559055589814,54.789943509266024],[-78.62372966476306,54.745735821317396],[-78.78529711005537,54.69847065476063],[-78.93823578128368,54.64695464620887],[-79.08017869971658,54.5899959811655],[-79.208767127941,54.52640468801517],[-79.32165442869902,54.4549930002496],[-79.33926667390327,54.35504464106856],[-79.34297166095615,54.24336541156698],[-79.33462184752237,54.121281533331484],[-79.31606447761796,53.99011746551732],[-79.28913636672554,53.851195243550144],[-79.25565936801283,53.705833934078754],[-79.21743652536027,53.55534920375145],[-79.17624891823851,53.40105299810073],[-79.13385320272472,53.244253325805474],[-79.0919798521726,53.08625414284823],[-79.0523321003183,52.92835533058445],[-79.01658558897601,52.77185276147721],[-78.98638872202183,52.618038446209745],[-78.96336372713299,52.46820075605396],[-78.94910842678586,52.323624714733626],[-78.94519872035367,52.185592354561706],[-78.95319177979506,52.05538313234327],[-78.97462996239867,51.93427440140934],[-79.01104544533717,51.82354193717837],[-79.06396558837018,51.72446051482539],[-79.13491903290318,51.638304538978176],[-79.22544254772316,51.566348726853775],[-79.33708863406797,51.50986884790879],[-79.50039825483877,51.45320657040961],[-79.66310005095102,51.41415201919085],[-79.82487107964877,51.391850245672],[-79.98540653473714,51.385450521829526],[-80.14441640544875,51.39410569806895],[-80.30162222160077,51.41697161619021],[-80.45675390952157,51.45320657040961],[-80.60954678076095,51.50197081044773],[-80.75973867326125,51.56242608164154],[-80.90706726244878,51.63373519790613],[-81.05126755759487,51.7150616441629],[-81.192069596793,51.80556920557691],[-81.32919635199936,51.90442162161196],[-81.46236185379028,52.01078226352358],[-81.59126954379616,52.12381383447004],[-81.71561086117858,52.24267809193498],[-81.83506406802228,52.36653559262236],[-81.9492933171132,52.49454546040825],[-82.05794796426106,52.625865178313674],[-82.16066212610363,52.75965040579968],[-82.25705448319088,52.89505482297848],[-82.34672832709234,53.031230003581115],[-82.42927184930078,53.16732531872333],[-82.50425866882104,53.30248787366045],[-82.57124859454123,53.43586247982179],[-82.62978861778836,53.5665916644567],[-82.67941412988846,53.693815720209344],[-82.7196503590843,53.81667279686071],[-82.73507811108844,53.91623559415638],[-82.72997494163025,54.01489087914037],[-82.71384319389597,54.11445465613704],[-82.69622987765372,54.2167467040466],[-82.68672783362057,54.32359080921936],[-82.69498041631545,54.43681518145564],[-82.73068975534102,54.558253062693495],[-82.80362866626706,54.68974353964196],[-82.92365629996912,54.833132573999826],[-83.10073764295754,54.99027426702388],[-83.34495678036765,55.16301240911602],[-83.564155883468,55.22139569233744],[-83.79916319399665,55.23950915217805],[-84.04260004984567,55.23518338473159],[-84.2872620897105,55.226261816565525],[-84.52608894043875,55.230587370345965],[-84.71508419331472,55.31935644123357],[-84.90793357829158,55.39955692763933],[-85.10437986396879,55.47164659092458],[-85.3041731281399,55.53608500045158],[-85.50707040657153,55.59333335874503],[-85.71283535550191,55.643854331485706],[-85.92123792840225,55.688111883577676],[-86.13205406767621,55.72657112239959],[-86.3450654120891,55.75969814922447],[-86.56005902080804,55.787959919669326],[-86.77682711501572,55.81182411392075],[-86.99516683811989,55.83175901737239],[-87.21488003563185,55.8482334122085],[-87.4357730558256,55.861716480374156],[-87.65765657231898,55.87267771828768],[-87.8803454297396,55.88158686357512],[-88.10365851365512,55.88891383404078],[-88.32741864595702,55.895128679032],[-88.55145250689425,55.90070154330988],[-88.77559058495822,55.90610264350329],[-88.99966715582265,55.911802257197635],[-89.22352029154398,55.918270724695745],[-89.44699190123086,55.92597846348464],[-89.66992780439472,55.935395995448296],[-89.89217783819845,55.94699398688431],[-90.11359599983076,55.961243301410306],[-90.33404062524426,55.97861506588506],[-90.55337460551586,55.99958074951884],[-90.77146564211053,56.024612256408965],[-90.98818654236425,56.054182031808374],[-91.20341555654089,56.088763182519294],[-91.46717426874226,56.185973960921565],[-91.73740956328214,56.29517309867865],[-92.01191263179908,56.41267537805804],[-92.288403499705,56.53478724325571],[-92.56452311826742,56.65780525835863],[-92.8378296204607,56.778015330391625],[-93.10579892683428,56.8916927380544],[-93.36582989577761,56.99510300891858],[-93.61525420432756,57.084503684626405],[-93.85135111922573,57.156147004707],[-94.09447456382343,57.21771388259807],[-94.33696736564411,57.26977058582636],[-94.57854912843887,57.31300624825007],[-94.81895283426557,57.34811221730827],[-95.0579238451287,57.3757817124598],[-95.29521894450892,57.39670950549708],[-95.53060542362435,57.411591624837904],[-95.7638602171303,57.4211250855394],[-95.9947690927874,57.426007646445576],[-96.22312589942183,57.426937595575545],[-96.44873187727312,57.424613564585805],[-96.67139503458604,57.4197343728999],[-96.89092959405832,57.41299890189295],[-97.10715551251258,57.40510599934805],[-97.31989807692617,57.39675441426799],[-97.52898757972609,57.38864276202793],[-97.7342590760487,57.38146951979443],[-97.93555222547182,57.37593305211189],[-98.13271122055617,57.372731666570715],[-98.36439353621222,57.37353598471188],[-98.59797504666484,57.37924845589853],[-98.83339015108442,57.389685611985826],[-99.0705734998622,57.40466436302589],[-99.30945976686222,57.424001945746646],[-99.54998342886141,57.44751587442512],[-99.79207855206926,57.47502389402354],[-100.03567858565037,57.50634393547317],[-100.28071616220369,57.54129407300498],[-100.5271229051824,57.57969248344053],[-100.77482924326517,57.62135740736948],[-101.02376423171702,57.66610711215255],[-101.27385538080506,57.71375985670112],[-101.52502849135594,57.76413385799447],[-101.77720749757144,57.8170472593082],[-102.03031431723659,57.87231810013509],[-102.28426870948232,57.92976428779108],[-102.53898814028258,57.989203570706465],[-102.7943876558917,58.05045351341127],[-103.05037976444427,58.11333147323192],[-103.30687432596334,58.177654578722745],[-103.56377845104002,58.24323970986309],[-103.82099640846644,58.309903480057336],[-104.07842954212245,58.37746221997992],[-104.33597619743172,58.44573196331329],[-104.5935316577184,58.514528434431114],[-104.85098809081143,58.58366703808281],[-105.1082345062531,58.65296285113928],[-105.365156723483,58.72223061646185],[-105.62163735137554,58.79128473895951],[-105.87755577951815,58.85993928389988],[-106.13278818162217,58.92800797754106],[-106.38720753146295,58.995304210151396],[-106.64068363174442,59.06164104148244],[-106.89308315628492,59.12683120876111],[-107.14426970591315,59.1906871372625],[-107.3941038784595,59.25302095352322],[-107.64244335321384,59.31364450125059],[-107.88914299020959,59.372369359978464],[-108.13405494467625,59.42900686651451],[-108.37702879698024,59.48336813921738],[-108.6179116983507,59.53526410513457],[-108.85654853265775,59.584505530023215],[-109.09278209447847,59.63090305126662],[-109.32645328364849,59.674267213689326],[-109.55740131645778,59.71440850826128],[-109.78546395360303,59.75113741367044],[-110.01047774496209,59.78426444072944],[-110.23227829120162,59.813600179567736],[-110.4507005221734,59.8389553495462],[-110.71441071593127,59.93424317875456],[-110.9795018727585,60.02576508569658],[-111.24596050329166,60.1118561527935],[-111.51369375526195,60.19082550765645],[-111.78259775787893,60.260986660878395],[-112.05254407130232,60.320651136562695],[-112.32338334648418,60.368129628733044],[-112.59494979631852,60.40173338062912],[-112.86706649258146,60.41977578162757],[-113.16636115965608,60.53166083730186],[-113.4620465920123,60.6351691701432],[-113.7548745174412,60.73129863060706],[-114.04562552087654,60.82105100523417],[-114.33510689306759,60.90543158229684],[-114.62415081745478,60.98544877385267],[-114.91361291497012,61.06211379884562],[-115.20437116491726,61.13644043126065],[-115.4973252188432,61.20944481681551],[-115.79339612344592,61.28214536126755],[-116.09352646812403,61.35556269313803],[-116.39868097280225,61.43071970351313],[-116.70984753221245,61.50864166558168],[-117.02803873391267,61.59035643671785],[-117.3542938690336,61.67689474622073],[-117.6779917176394,61.76544960069847],[-118.00537953237759,61.85720602000778],[-118.33397686454524,61.950369605606326],[-118.6612548782106,62.04314093031599],[-118.98463557763625,62.13371540026919],[-119.30149275751117,62.22028336954812],[-119.60915474335437,62.30103051792554],[-119.90490898569217,62.374138501283994],[-120.18600856334999,62.43778588256079],[-120.449680638134,62.49014934839269],[-120.77353663748627,62.532202491738865],[-121.0729444948023,62.549851032991015],[-121.35133418320203,62.56125529909793],[-121.61239475909841,62.58458759262815],[-121.86005447397889,62.63803636520731],[-122.18317063315976,62.73631726820355],[-122.50208095442832,62.82881192545377],[-122.81693796877627,62.91584036488049],[-123.1279053520982,62.997724183937834],[-123.43515737276746,63.07478643691358],[-123.73887835829677,63.147351525901776],[-124.03926218383151,63.21574509613611],[-124.33651178510195,63.28029393631932],[-124.63083869833395,63.341325884529205],[-124.92246262949064,63.39916974023085],[-125.21161105508853,63.45415518287356],[-125.4985188567064,63.506612697504416],[-125.78342799118596,63.55687350778701],[-126.06658719840894,63.60526951677305],[-126.34825174843238,63.65213325573801],[-126.62868322966881,63.69779784136096],[-126.90814937972073,63.74259694150028],[-127.186923960408,63.78686474979491],[-127.46528667847988,63.83093596930293],[-127.74352315346582,63.87514580537683],[-128.02192493410604,63.919829967968454],[-128.30078956480568,63.96532468355434],[-128.58042070357993,64.01196671687758],[-128.86112829300518,64.06009340271203],[-129.14322878576198,64.11004268787192],[-129.42704542644813,64.1621531837121],[-129.7129085914649,64.21676422939454],[-130.10318590027387,64.34004529804011],[-130.46105880861418,64.44190819473732],[-130.7906039679728,64.52521520646914],[-131.09604444052695,64.5928466596472],[-131.38172222322282,64.64769686539336],[-131.65207488217547,64.69267066127081],[-131.9116166299333,64.7306806059658],[-132.1649241003553,64.7646448676536],[-132.41662701308988,64.79748583420103],[-132.67140387417243,64.83212946429968],[-132.93398283269468,64.87150539331846],[-133.20914780699297,64.9185478062575],[-133.50175000830578,64.97619709279384],[-133.8167491513397,65.04741660592344],[-134.1418897369642,65.12905041664649],[-134.47693429897436,65.21805535744329],[-134.82095433904118,65.31361008946197],[-135.17300616362027,65.41489187963776],[-135.532127849184,65.52107611991116],[-135.89733640501342,65.6313358902577],[-136.26762514785474,65.74484156715228],[-136.64196130969515,65.86076047989604],[-137.01928390637468,65.9782566179492],[-137.39850190067912,66.09649039302919],[-137.7784926988607,66.21461846025085],[-138.15810102410063,66.33179360299013],[-138.53613821410292,66.4471646864361],[-138.91138199263204,66.55987668494625],[-139.282576766181,66.66907078832294],[-139.64843449686757,66.77388459196918],[-140.00763620089268,66.87345237554618],[-140.35883411823576,66.9669054742289],[-140.70065459349888,67.0533727459253],[-141.0317016997753,67.13198113688108],[-141.35056162696802,67.20185634692685],[-141.66991211796915,67.26733652449569],[-141.98273938098492,67.32881957523342],[-142.28933854699022,67.38645236255353],[-142.59001183861014,67.44038254021153],[-142.88506825492632,67.49075850594471],[-143.17482325376918,67.53772935531659],[-143.459598433722,67.58144483600442],[-143.73972121797726,67.62205530275388],[-144.01552454209695,67.65971167321199],[-144.28734654762366,67.69456538483477],[-144.55553028338696,67.72676835305253],[-144.82042341624074,67.75647293086229],[-145.0823779528516,67.78383187000217],[-145.34174997404858,67.80899828385026],[-145.59889938312946,67.83212561217634],[-145.85418966940782,67.85336758786322],[-146.1079876881762,67.87287820570165],[-146.3606634581554,67.89081169335118],[-146.6125899774017,67.90732248454957],[-146.8641430585463,67.9225651946414],[-147.1157011841575,67.93669459848873],[-147.36764538293426,67.94986561081762],[-147.62035912736823,67.96223326904587],[-147.87422825344933,67.97395271863148],[-148.12964090293556,67.9851792009752],[-148.38698748866486,67.99606804390466],[-148.64666068335217,68.00677465476477],[-148.90905543229405,68.01745451613532],[-149.1745689903885,68.02826318419424],[-149.44360098387958,68.0393562897448],[-149.71655349724614,68.05088954192426],[-149.9938311856774,68.06301873461247],[-150.27584141361237,68.07589975556085],[-150.56299441986883,68.08968859826558],[-150.85570350994897,68.10454137661189],[-151.15438527618164,68.12061434232255],[-151.45945984644993,68.13806390524877],[-151.73309329199728,68.1733158139314],[-152.05439789554563,68.24421212486385],[-152.41361943276928,68.34209821058793],[-152.80087922594902,68.45831265036546],[-153.2060214564152,68.58416504736701],[-153.61850834427713,68.71092161646041],[-154.0273671945086,68.82979890680858],[-154.42119556481853,68.93196623898338],[-154.78823143690596,69.00855747657134],[-154.77220779359607,68.89724979988853],[-154.72261827760178,68.77493787805113],[-154.6752515417227,68.65309979317999],[-154.6654061631509,68.5431504592338],[-154.72798827685588,68.4564509859586],[-155.04127892502967,68.47069353282484],[-155.33078433672821,68.47737365622469],[-155.5976926057429,68.47689279807359],[-155.84321590293217,68.46965420544309],[-156.06858719028435,68.45606261182873],[-156.27505705525087,68.4365239328911],[-156.46389068930716,68.4114449783978],[-156.63636503127805,68.38123318181242],[-156.79376609258998,68.34629634870853],[-156.9373864783345,68.30704242492732],[-157.06852311490528,68.26387928515862],[-157.18847519204886,68.21721454240077],[-157.2985423244746,68.16745537855114],[-157.4000229357371,68.115008396197],[-157.49421286494422,68.0602794915136],[-157.58240419497346,68.00367374803714],[-157.66588429929547,67.9455953509618],[-157.74593510321046,67.88644752151255],[-157.82383255429454,67.82663247087102],[-157.90084629611232,67.76655137307381],[-157.97823953877898,67.70660435626866],[-158.05726911972573,67.64719051169511],[-158.13918574802742,67.58870791975689],[-158.22523442587524,67.53155369257065],[-158.31665504120323,67.47612403240808],[-158.4146831260993,67.42281430549764],[-158.52055077642768,67.3720191307139],[-158.63548772906177,67.32413248275984],[-158.7607225942592,67.27954780953729],[-158.89748424200712,67.23865816350322],[-159.0470033426204,67.20185634692685],[-158.89905300502164,67.0500760507942],[-158.75456502283876,66.89919912087639],[-158.61319131359602,66.74912246316103],[-158.474590110093,66.59974370071178],[-158.33842566681048,66.4509611461988],[-158.20436798895932,66.30267377631401],[-158.07209258258052,66.15478120794766],[-157.94128022421427,66.00718367600808],[-157.81161674875872,65.85978201277449],[-157.68279285422884,65.71247762867648],[-157.55450392220786,65.56517249440027],[-157.4264498528595,65.41776912422554],[-157.2983349134344,65.2701705605009],[-157.16986759926556,65.12228035916955],[-157.0407331516108,64.97398853957482],[-156.91070807798104,64.82522845377754],[-156.77949854668927,64.67589128574342],[-156.64684461065355,64.52588333329709],[-156.51249035432312,64.3751113702381],[-156.3761839070675,64.22348264170438],[-156.23767746329887,64.07090486011774],[-156.09672730899698,63.9172862016635],[-156.2777805247334,63.88853131284498],[-156.35399220237818,63.820569387908336],[-156.36011071666752,63.725481466840876],[-156.33086428366852,63.61533485277344],[-156.30074012689278,63.50216179594231],[-156.30389718501047,63.39795087091676],[-156.37420944598125,63.31465056730927],[-156.4899098658304,63.261207423954986],[-156.63109902045665,63.21835975796296],[-156.79220820965784,63.18378424289587],[-156.9676916733221,63.15516227755578],[-157.15201331254764,63.13017860230417],[-157.3396377612786,63.106520371866225],[-157.52502577622437,63.08187667533392],[-157.7026339344989,63.053938497052464],[-157.86691863630583,63.02039911316958],[-158.0123444042682,62.97895491788287],[-158.1333964518142,62.92730667087466],[-158.22459746065368,62.863161153124906],[-158.2785740290367,62.78112121406227],[-158.2983039270962,62.686616129149144],[-158.29438557738354,62.58388789802437],[-158.2773428384226,62.47716672724591],[-158.25760286905654,62.370669131648604],[-158.2454888345858,62.268597505177866],[-158.25122707787366,62.17514109588701],[-158.2849683850804,62.094478321805774],[-158.3568230619906,62.03078037680926],[-158.47690969874586,61.988216097884646],[-158.65541773611938,61.97095809700194],[-158.57903556911518,61.84652316014121],[-158.5237273039141,61.72931762680675],[-158.49368421182325,61.620771368863295],[-158.49307588240228,61.522311269866506],[-158.52606232257335,61.43536226480753],[-158.59680775264349,61.36134850361628],[-158.70949613232438,61.301694640595834],[-158.86834847741383,61.25782725506288],[-159.07764205887008,61.231176411942606],[-158.95062971618083,61.08101616465531],[-158.83745288665418,60.93541772394226],[-158.73720059155497,60.794099933770255],[-158.64897818961146,60.65678339792183],[-158.5719061571121,60.52319035645374],[-158.50511896984952,60.39304457275393],[-158.44776408171077,60.266071230522385],[-158.39900099524687,60.141996840062674],[-158.35800042002356,60.02054915332724],[-158.32396602950368,59.90146423895724],[-158.29604288218326,59.78445732553623],[-158.27345468320505,59.66926724160943],[-158.2554102870268,59.55562608031547],[-158.24112673624003,59.44326686262768],[-158.22982888187966,59.33192349744534],[-158.22074907126668,59.22133074753793],[-158.21312690147414,59.111224201081825],[-158.20620903663087,59.00134024854456],[-158.19924908737553,58.891416064682],[-157.84744793366684,58.77627537528218],[-157.4968253789626,58.661222327988376],[-157.1713724647739,58.485933788458425],[-156.84796408709246,58.31084550251825],[-156.75536801522765,58.36379216457353],[-156.63956519818416,58.40830480511099],[-156.5022648184701,58.4450141692816],[-156.34519431772617,58.47455283754187],[-156.17009547975704,58.4975549304817],[-155.97872081822314,58.51465583434432],[-155.772830281404,58.52649194879294],[-155.5541882837832,58.53370045820059],[-155.32456107174852,58.53691912748533],[-155.08571442847477,58.536786123280216],[-154.83941172108007,58.53393986102165],[-154.58741229142888,58.52901887836003],[-154.64898595450558,58.65984119109633],[-154.70005095709413,58.78678391373454],[-154.7410615126348,58.910027766011716],[-154.77248064856454,59.02975424516411],[-154.7947797360199,59.14614559959346],[-154.8084380352027,59.259384802948674],[-154.813942257818,59.36965552879485],[-154.81178614792645,59.47714212603505],[-154.80247008248546,59.5820295952424],[-154.78650069278757,59.6845035660543],[-154.76439050793658,59.784750275772396],[-154.73665762143972,59.88295654930671],[-154.70382538193087,59.97930978059546],[-154.66639870101687,60.0739899555711],[-154.6249567294405,60.16720106851739],[-154.58001438729835,60.25912464888496],[-154.53211352059557,60.3499502489737],[-154.31131725299423,60.36509956902032],[-154.0838455529708,60.37097195095755],[-153.85107480559145,60.368828413941415],[-153.6143793688978,60.359931431987825],[-153.3751270543571,60.34554426800368],[-153.13467547232133,60.32693042044555],[-152.89436923983584,60.30535318457386],[-152.6555380434121,60.28207532910056],[-152.41949554591608,60.25835888812949],[-152.18753912451584,60.23546506765989],[-151.96095042565014,60.21465426556659],[-151.7409967231923,60.19718620388328],[-151.52893306734927,60.18432017239298],[-151.32600521431237,60.17731538297049],[-151.1334533302483,60.177431434823916],[-150.95251646785903,60.185928891744965],[-150.78443781947627,60.20406997370755],[-150.63047075751322,60.23311936665563],[-150.49188568116156,60.274345156113604],[-150.63748347710091,60.424078115683514],[-150.70669870755634,60.53837968034969],[-150.70884816726533,60.62211351508478],[-150.65355833500846,60.6801769276818],[-150.55066875986836,60.71749148802812],[-150.41015034264333,60.7389950276431],[-150.24203966355202,60.74963520116285],[-150.0563900643328,60.75436472697164],[-149.86323983948375,60.75813837345754],[-149.6725976394171,60.76591172187402],[-149.49444504350905,60.78264171730141],[-149.3387562253041,60.813289016056416],[-149.2155347056286,60.86282215125196],[-149.17161640600307,60.94742207890391],[-149.19953918367398,61.05783715171919],[-149.21929628463886,61.16285625893515],[-149.1501863523917,61.231176411942606],[-148.9225721584675,61.274922574386665],[-148.68653872114749,61.285319011822494],[-148.44283839373878,61.26847943885025],[-148.192245521963,61.23053390136583],[-147.935504624482,61.177617666324565],[-147.6732914378633,61.11586292720698],[-147.40618675525994,61.051393387960566],[-147.1346628000822,60.99032171035475],[-146.85908176289348,60.938749764327],[-146.56987970241096,60.9044953294065],[-146.30848475519213,60.89603819431609],[-146.06064930181356,60.89711282876812],[-145.81232309664938,60.89145941208881],[-145.54963391758957,60.86282215125196],[-145.23076928233323,60.79146535356743],[-144.87798471365798,60.689911386769595],[-144.51804114986479,60.57976149788954],[-144.1770576542816,60.48255545907071],[-143.88054826217638,60.41977578162757],[-143.5976156347039,60.38288876839642],[-143.33196129472861,60.35504051681714],[-143.07970494987245,60.33386258202835],[-142.83700968726782,60.31698917768998],[-142.60007339612437,60.302056240461425],[-142.36512364085868,60.28670089936845],[-142.12841592481203,60.26856134526397],[-141.8862352945142,60.24527709704932],[-141.63490123452056,60.21448966102315],[-141.37077579333197,60.173843577689034],[-141.09027486213998,60.12098784660863],[-140.78988250059288,60.05357771448744],[-140.4324170559056,59.854332935369015],[-140.07713786218335,59.654873741545025],[-139.72480651819188,59.46050619328376],[-139.37597039339803,59.27650082688688],[-139.03100032531682,59.10810396004189],[-138.6901149635203,58.960542802126376],[-138.4215248862161,58.956991679972155],[-138.15129448877252,58.94413832149366],[-137.87967771283095,58.923005193652585],[-137.60692268342305,58.89461567415213],[-137.3332690954796,58.85999351752286],[-137.05894598235759,58.82016239249693],[-136.78416986171243,58.776145491834455],[-136.5091432523057,58.72896521502078],[-136.23405355394794,58.67964292363248],[-135.95907228172823,58.629198768676865],[-135.6843546449622,58.578651588842824],[-135.41003946087946,58.52901887836003],[-135.1482843184,58.36578302460357],[-134.88796026510704,58.201646325818935],[-134.6290789103631,58.03659866831191],[-134.3716521118114,57.8706299573017],[-134.1156919751989,57.7037301161147],[-133.86121085428883,57.53588908536256],[-133.60822135086525,57.36709682210386],[-133.3567363148318,57.197343298988876],[-133.10676884440758,57.02661850338724],[-132.85833228642244,56.85491243649777],[-132.61144023671378,56.68221511244023],[-132.36610654062898,56.508516557328505],[-132.12234529363496,56.33380680832468],[-131.88017084203886,56.158075912673546],[-131.63959778382247,55.9813139267173],[-131.40064096959404,55.80351091488947],[-131.1633155036602,55.62465694868814],[-130.92763674522283,55.44474210562754],[-130.7100019269219,55.40468161684724],[-130.46625698135722,55.32381533692471],[-130.21440047233364,55.21037462338626],[-129.97232047725163,55.07259066677419],[-129.75770419041717,54.91870090148839],[-129.58791536262945,54.75686191625872],[-129.48007587944824,54.595262304898554],[-129.68182114768308,54.590065273936204],[-129.9097962089236,54.63039802486497],[-130.14014012185564,54.69070551288894],[-130.34867359103544,54.74541507451394],[-130.51085117233774,54.768926418842796],[-130.60200808297498,54.73563689760441],[-130.42528978068952,54.56832082541213],[-130.27342208602627,54.40787289667252],[-130.1408988661903,54.25378441536824],[-130.0222618749422,54.10554927253234],[-129.9120963499221,53.962663717732305],[-129.80502717645894,53.824626154291664],[-129.6957156004695,53.69093695655813],[-129.57885647457246,53.56109830771045],[-129.44917602289007,53.43461405675704],[-129.30143011116465,53.31098959352062],[-129.13040300973938,53.1897317405243],[-128.9309066376369,53.07034866079953],[-128.6977802763844,52.952349780724646],[-128.42589074237478,52.83524572707537],[-128.4688855794964,52.75006948051624],[-128.5349488833667,52.674809711297755],[-128.5932736968879,52.5961813934378],[-128.61325553166836,52.500920015885974],[-128.5645871875622,52.375787552361636],[-128.41747743412986,52.20758636036184],[-128.1650596273707,52.07085020913685],[-127.9125289369812,51.94467594355205],[-127.65985602428353,51.82770647529676],[-127.40705294716048,51.71858912208366],[-127.15416945859835,51.61597498650958],[-126.90128983233274,51.518518443015154],[-126.64853024263871,51.42487672568628],[-126.39603671888804,51.33370961085108],[-126.14398369045767,51.243679189374426],[-125.89257313386602,51.153449724249676],[-125.64203433159096,51.061687589550225],[-125.39262425085394,50.967061287037424],[-125.14462855072392,50.868241536738985],[-124.89836322718128,50.763901437617264],[-124.65417690828309,50.652716694050916],[-124.41245381528284,50.53336590326284],[-124.22582132567706,50.33094269231315],[-124.03902843229557,50.13782314543079],[-123.85133272530311,49.955863053048624],[-123.66191027468679,49.78691143785151],[-123.46989470732584,49.63281722845439],[-123.274396781088,49.49542734067326],[-123.07452236277729,49.37658837861641],[-122.86938130239938,49.278147817755176],[-122.65809632049752,49.20195526986795],[-122.43981218314369,49.14986384523839],[-122.53896254860928,49.11498762530834],[-122.60463662762592,49.06429551815966],[-122.64036114004904,48.99942100833102],[-122.64968302132704,48.9219983531498],[-122.63615508200263,48.83366173830211],[-122.60332371496202,48.73604455019697],[-122.55471873773223,48.6307787681842],[-122.49384538387537,48.51949447693698],[-122.42417839691711,48.40381949700134],[-122.34915813259855,48.28537912965007],[-122.27218854035527,48.16579601075114],[-122.19663687226094,48.04669006736361],[-122.12583495639078,47.92967857019371],[-122.06308187073171,47.81637627486432],[-122.01164786239681,47.70839564515959],[-121.97477937407584,47.607347151986765],[-121.95570506456477,47.51483964273779],[-121.95764274226053,47.4324807770235],[-121.98380716930731,47.36187752638819],[-122.0374187395571,47.30463673758713],[-122.12171308590351,47.26236576133041],[-122.23995173250165,47.23667315106639],[-122.39543397596765,47.2291694394152],[-122.56544627796549,47.37808073079212],[-122.74763209182649,47.523038952007056],[-122.93940494982189,47.660823036192006],[-123.13810454235758,47.78820624549484],[-123.34100066819695,47.90195696712373],[-123.54530249625162,47.99883993024274],[-123.7481735159792,48.075617857767675],[-123.94675229904013,48.1290535541919],[-124.13817886029437,48.155912414328824],[-124.31962599351013,48.15296531838725],[-124.48833447348218,48.116991856299954],[-124.41391847243455,47.96069802199115],[-124.35347689714317,47.81074949375407],[-124.30481110134295,47.666157851889785],[-124.26575691149375,47.525937127197224],[-124.23418023996578,47.38910356008937],[-124.20797352182058,47.25467540425669],[-124.18505288413033,47.121672771170985],[-124.16335596781173,46.989117512080796],[-124.14084033014049,46.85603313440884],[-124.11548236175878,46.72144474963151],[-124.08527665535811,46.58437904979969],[-124.0482357645356,46.44386430985664],[-124.00239029080285,46.2989304128217],[-123.94578923457757,46.1486088947461],[-123.87650054241163,45.99193300610627],[-123.79261177792614,45.827937785989555],[-123.69223083815956,45.65566014504586],[-123.7602415500603,45.55582318373409],[-123.81010282338673,45.4472226717384],[-123.8441185396895,45.33084752258718],[-123.86458496637559,45.20768578429046],[-123.87378811395823,45.07872446245393],[-123.87399272295784,44.944935403089],[-123.86748841461639,44.807331630711694],[-123.8565364652838,44.666882286798774],[-123.84339608006869,44.52456952728377],[-123.83031247549906,44.38137412821011],[-123.81951574872704,44.238275487791896],[-123.81322012210114,44.096251653143355],[-123.81362359233336,43.95627936988909],[-123.82290801219668,43.819334152891514],[-123.84483434641965,43.69619972231016],[-123.87831428954317,43.577850459107225],[-123.91920385703074,43.46256992867953],[-123.96338341321282,43.34864363693],[-124.00675679758857,43.23435890092079],[-124.04525174284777,43.11800478887614],[-124.07482165373602,42.997872125126754],[-124.09144881422716,42.87225355557368],[-124.09114909184188,42.739443668979064],[-124.06997821188898,42.59773916887095],[-124.00429011424765,42.4245884482921],[-123.90112541297822,42.244282144392436],[-123.78834968896396,42.06249623524026],[-123.69361173128831,41.884898326740036],[-123.64434422509277,41.717148125231695],[-123.64132694886516,41.58645667460646],[-123.65909933558115,41.46029411133797],[-123.69391338913408,41.33810098651215],[-123.74204033144292,41.21931853512427],[-123.79976911355743,41.10338861773559],[-123.863405209078,40.98975367061532],[-123.92926969243521,40.877856663784776],[-123.99369860410542,40.76714106642866],[-124.05304260442435,40.65705081918029],[-124.10366691725272,40.547030312817256],[-124.14195156432433,40.43652437292569],[-123.95199715655357,40.30290004292672],[-123.8087747782294,40.17740920617191],[-123.70600900108161,40.058876754723066],[-123.63747693383107,39.94614697030218],[-123.59698003044,39.83801034657833],[-123.57836789977333,39.733314029434666],[-123.57551898479178,39.63088727174239],[-123.58234208452419,39.52956016178691],[-123.59277391434833,39.42816356385694],[-123.60077785657325,39.32552908223837],[-123.60034384191718,39.220489046447625],[-123.58548930437112,39.111876515543265],[-123.55026115062324,38.99852529926542],[-123.48873868095174,38.87926999356363],[-123.3950373915539,38.752946027791964],[-123.27103545764462,38.63497133050185],[-123.13246529565185,38.54178676930282],[-122.98317837107854,38.46416021234463],[-122.82715334676928,38.39286503797621],[-122.66847105751648,38.31867860740911],[-122.51131049946113,38.232381934240706],[-122.35996428983907,38.124760444676774],[-122.21887188566683,37.986605707843104],[-122.0926681387009,37.80871795393811],[-122.07666039638048,37.67950641790911],[-122.04429271813245,37.543660223221586],[-121.99691215480166,37.401851733664735],[-121.93585560100024,37.25475286602003],[-121.86244828664661,37.103035062323286],[-121.77800256380763,36.947369273153846],[-121.68381697649085,36.78842595130845],[-121.58117559877113,36.62687505509738],[-121.47134762488375,36.463386060399024],[-121.355587193644,36.29862798052623],[-121.23513342873397,36.13326939289511],[-121.11121067598827,35.967978471440425],[-120.98502891878337,35.803423023694805],[-120.85778435295529,35.640270531438915],[-120.7306601032956,35.47918819383609],[-120.6048270645885,35.32084297198996],[-120.48144485130979,35.1659016339041],[-120.36166284149644,35.015030798880225],[-120.24662034938106,34.86887805449097],[-120.13746292338914,34.72814889650905],[-120.03532158459262,34.59348987249279],[-119.86147836057967,34.53326799040798],[-119.67651094937864,34.491621896077035],[-119.48319352653652,34.46392490623066],[-119.28433374839861,34.4455510035135],[-119.08276498269078,34.4318745412113],[-118.88134158647563,34.41827007080824],[-118.68293725678816,34.400112283384594],[-118.49044644056835,34.37277606014171],[-118.30678878985029,34.3316366274083],[-118.13491668535437,34.272069807345474],[-117.97782592654829,34.18945234723361],[-117.93605834481201,34.075806530514335],[-117.97481859586884,33.99966861784202],[-118.04582375895964,33.94361268428489],[-118.1009663982492,33.89021563743986],[-118.0922496100618,33.82205619972387],[-117.97184655161911,33.72171524444473],[-117.80369755671876,33.67574047006127],[-117.64808688902554,33.62099530637365],[-117.50431657212019,33.55788536096853],[-117.37168845780067,33.48681625945885],[-117.24950403139968,33.408193625799385],[-117.13706422493019,33.32242306403488],[-117.03366923444656,33.229910141745286],[-116.9386183386622,33.13106037539943],[-116.85120971647851,33.02627921777848],[-116.7707402616538,32.915972047582734],[-116.69650539337746,32.800544161291704],[-116.6277988620161,32.68040076730544],[-116.56391254976486,32.55594698235682],[-116.50413626636978,32.42758783014902],[-116.44775754048638,32.29572824213983],[-116.39406140760752,32.16077306036463],[-116.34233019582825,32.023127042163416],[-116.29184331101914,31.883194866652786],[-116.2418770232498,31.741381142763498],[-116.19170425654596,31.598090418645356],[-116.1405943842667,31.453727192226],[-116.08781303256589,31.30869592269726],[-116.03262189453932,31.1634010426937],[-115.97427855776439,31.01824697091915],[-115.9120363480115,30.87363812497457],[-115.84514419193368,30.729978934136884],[-115.77284650154155,30.58767385184138],[-115.69438308321935,30.44712736762195],[-115.6089890739553,30.308744018271504],[-115.51589490732677,30.17292839799299],[-115.37380881441467,30.001195119312538],[-115.21681966020839,29.84291780454764],[-115.0524251451261,29.69557928425412],[-114.8881629321423,29.556704613776702],[-114.7315994606076,29.42380405978614],[-114.59032942229507,29.294387653891473],[-114.47197316715493,29.165965229069126],[-114.38417446160402,29.036046444815447],[-114.31053807042046,28.86131701634439],[-114.27307990652032,28.698165288326006],[-114.26038153366412,28.54422598163719],[-114.26109285217959,28.397133571671947],[-114.26392284661931,28.254522337328293],[-114.25763343661758,28.114026398168747],[-114.23103629082648,27.973279742445342],[-114.17299248119524,27.8299162483982],[-114.05086176724777,27.653335342002578],[-113.91275352705924,27.53490838733582],[-113.76322413900051,27.453972154878258],[-113.60715373642878,27.389862522684098],[-113.4496213780523,27.32191492709985],[-113.29587559231162,27.229464490590935],[-113.17794179891601,27.097602610059567],[-113.05561309606419,26.92204806061702],[-112.91786527727757,26.761843746598682],[-112.70084902550653,26.587121809707448],[-112.51126881517459,26.462137819906978],[-112.3512152505196,26.363935929903775],[-112.22313005407092,26.2695599741194],[-112.12970564029158,26.156053658441085],[-112.0684048906704,26.007065725069566],[-112.03955665504752,25.853354312211426],[-112.02746240479331,25.696395676696444],[-112.01642556218661,25.53766608687085],[-111.99075119782476,25.378641808243742],[-111.93474509739545,25.220799088462716],[-111.83703418379218,25.06274605662836],[-111.71841738781843,24.92523954070384],[-111.59088754879886,24.800837616777244],[-111.46651906051619,24.682106403989707],[-111.3574712848285,24.561609661706616],[-111.2759754906009,24.431911289869145],[-111.23433329623204,24.28557533139275],[-111.0503156773004,24.237586120594024],[-110.86205908170064,24.196571183339767],[-110.68010998095899,24.14957843082728],[-110.51507871533784,24.083655860126],[-110.47139044833207,23.91294887110731],[-110.41878748639127,23.75356971124953],[-110.35440492722262,23.608579492696784],[-110.27536493283714,23.481039312727248],[-110.17878379177101,23.374010268583508],[-110.06177872012304,23.290553471131183],[-109.92147453059489,23.233730057718777],[-109.75501051793776,23.206601205194897],[-109.55954815844846,23.21222814470988],[-109.57567115098946,23.36151367399684],[-109.60904367494888,23.50447833399183],[-109.65802616584926,23.641865786531376],[-109.72098208814765,23.774419699823813],[-109.7962784760316,23.90288374953574],[-109.88228640228023,24.028001619698173],[-109.9773814016979,24.15051700350472],[-110.07994387297491,24.271173604067958],[-110.18835948073597,24.390715135194327],[-110.30101957796342,24.50988532223355],[-110.4163216678927,24.629427903055362],[-110.53266992384934,24.750086629204667],[-110.64847578529869,24.872605267285415],[-110.76215864859786,24.997727600624298],[-110.87214908908041,25.126195047774935],[-110.97686897630749,25.25875638169954],[-111.07475891759653,25.396152642158565],[-111.16426480877072,25.539127532984214],[-111.24384222989764,25.688424744844088],[-111.30500193606203,25.831290537341623],[-111.35333647185638,25.978779668176305],[-111.39316601643716,26.130094924674225],[-111.42880601053254,26.284439072213512],[-111.46456714791358,26.441014860481843],[-111.50475537263509,26.59902503058946],[-111.55367186953124,26.757672322784902],[-111.61561303463053,26.91615948450434],[-111.69487041176035,27.073689278475374],[-111.79573058165262,27.229464490590935],[-111.90927439075456,27.35532293526285],[-112.058136580721,27.48354221456639],[-112.22900449620474,27.614712605123096],[-112.4085571970937,27.749424352226427],[-112.58346461883757,27.88826766370898],[-112.74038632432065,28.03183270288645],[-112.8714846368006,28.16474607075193],[-113.00119913006567,28.298373508520076],[-113.12928159614415,28.432837648717392],[-113.2554851896588,28.568261114062977],[-113.37956444150038,28.704766516402636],[-113.50127527384103,28.842476455589356],[-113.620375016408,28.98151351830454],[-113.73662242393783,29.12200027681297],[-113.84977769472385,29.26405928764504],[-113.95960249016672,29.407813090199546],[-114.06585995523152,29.55338420525972],[-114.16831473970936,29.70089513341524],[-114.26673302017451,29.85046835338254],[-114.3608801626316,30.00221181042424],[-114.45052904391176,30.156276090826477],[-114.53544467430532,30.31277066638464],[-114.61539455554903,30.471818695859138],[-114.69014732135038,30.633543384708023],[-114.75947270223908,30.79806799193361],[-114.82314148609713,30.96551583744084],[-114.88092547391498,31.13601030994901],[-114.9325974302996,31.3096748755004],[-114.87929496716494,31.40125207308579],[-114.78799861424338,31.479236431955027],[-114.66426172593732,31.54331429250689],[-114.51366434793391,31.59317196228988],[-114.34181172264412,31.62849574560024],[-114.15433261904869,31.64897196893164],[-113.95687751074321,31.65428700130006],[-113.75511662875363,31.644127268406677],[-113.55473791866478,31.618179259540195],[-113.36144493480319,31.57612952605723],[-113.18095470767378,31.517664670216583],[-113.01899562460561,31.442471323077402],[-112.94339796382437,31.258702909413753],[-112.86558557239144,31.079071549498583],[-112.78569414765857,30.90334117115731],[-112.70386299306753,30.73127581467718],[-112.62023497832536,30.562639616175478],[-112.53495649786673,30.397196792435764],[-112.4481774287695,30.234711627061664],[-112.36005108922538,30.074948457806304],[-112.2707362136292,29.91768565227577],[-112.18038595467016,29.762659065858553],[-112.0891620405232,29.609648776908053],[-111.99722723294026,29.45841986744369],[-111.90474780412822,29.308737387542678],[-111.81189344831115,29.160366358319042],[-111.71883720391577,29.013071774692207],[-111.62575538636705,28.86661860797106],[-111.53282753148312,28.720771808277238],[-111.44023634946345,28.57529630683235],[-111.34816768946827,28.42995701813173],[-111.25681051479275,28.28451884202849],[-111.16635688864547,28.138746665750087],[-111.07700197054807,27.992405365870383],[-110.98894402338156,27.845259810260185],[-110.9023844311132,27.697074860038857],[-110.70690653709661,27.677640556472927],[-110.52763382933706,27.6451064930033],[-110.36357036627717,27.60026595521118],[-110.21372354662562,27.543912211867553],[-110.07710258066615,27.476838524057023],[-109.95271708232717,27.399838153730812],[-109.83957577536731,27.313704371371365],[-109.73668530814844,27.219230462527648],[-109.64304917249916,27.117209733050387],[-109.55766672313128,27.008435512922226],[-109.47953229495076,26.893701158636443],[-109.40763441640956,26.773800054132252],[-109.34095511777316,26.6495256103426],[-109.2784693338295,26.52167126345288],[-109.2191444011391,26.39103047200593],[-109.16193965041896,26.258396713020066],[-109.1058060950686,26.124563477312133],[-109.04968621717498,25.990324264237668],[-108.99251385258155,25.85647257607486],[-108.93321417676312,25.723801912286827],[-108.87070379332084,25.593105763900322],[-108.80389092688644,25.465177608235788],[-108.73167572211091,25.340810904215594],[-108.6529506501961,25.220799088462716],[-108.48110902141019,25.154523212027733],[-108.31263881397348,25.08452259843453],[-108.14775446788772,25.010563737328052],[-107.98666894936098,24.932415950174224],[-107.82960763431056,24.84984027176385],[-107.67678624725129,24.762605830548207],[-107.52842636512167,24.670479118720888],[-107.38475163233502,24.573226632155837],[-107.24598772543669,24.4706148702787],[-107.11236229162414,24.362410335863576],[-106.98410485712367,24.24837953474418],[-106.86144670109695,24.128288975426884],[-106.74462069040992,24.00190516859279],[-106.63386107022947,23.86899462647434],[-106.5294032050271,23.729323862091846],[-106.43148326415029,23.582659388333326],[-106.34033784567977,23.428767716860648],[-106.25620353181543,23.267415356823662],[-106.17931636852654,23.09836881336267],[-106.1099112616592,22.921394585878666],[-106.0482212811151,22.736259166049223],[-105.99447686409661,22.54272903556712],[-105.85657533284426,22.497148932159945],[-105.74041538405714,22.43472790105305],[-105.64405076264597,22.356956406596204],[-105.56553301703828,22.265324912624518],[-105.50290954411805,22.16132387762208],[-105.45422203139671,22.046443750883565],[-105.41750534124468,21.92217496981411],[-105.3907868536035,21.79000795842427],[-105.37208625866317,21.65143312700314],[-105.35941576934638,21.50794087288993],[-105.35078070499932,21.361021582210793],[-105.34418038240393,21.212165632404695],[-105.33760923813752,21.06286339532831],[-105.32905809747912,20.91460524070826],[-105.31651549961923,20.768881539694338],[-105.29796898700336,20.627182668265426],[-105.27140626838958,20.490999010246647],[-105.23481617077209,20.36182095971262],[-105.18618930485707,20.24113892258068],[-105.12351838237805,20.130443317232217],[-104.99498015799075,20.239019277663214],[-104.8724012261006,20.349735542503055],[-104.75630971795485,20.462864536052248],[-104.64723518320248,20.578678683514763],[-104.54570885429297,20.69745041144812],[-104.45226394104458,20.81945214826636],[-104.36743595926245,20.944956324805123],[-104.29176309765027,21.074235374958214],[-104.22578662766804,21.207561736396304],[-104.17005136144488,21.345207851378845],[-104.12510616336957,21.487446167671273],[-104.09150452155066,21.63454913958039],[-104.0698051859737,21.78678922912204],[-104.06057288088816,21.94443890733583],[-104.064379099741,22.1077706557631],[-104.08180299184319,22.27705696810537],[-104.1115167467778,22.44418740485342],[-104.15184353496333,22.606743964874745],[-104.20213014318115,22.76496989823282],[-104.26172207444556,22.919108451297607],[-104.32996391659985,23.069402867682754],[-104.40619967229502,23.21609638908168],[-104.4897730547766,23.359432256013474],[-104.58002775354036,23.499653708489497],[-104.67630767358945,23.637003986610612],[-104.77795715173025,23.771726331104187],[-104.88432115308174,23.904063983809802],[-104.99474545073794,24.034260188122026],[-105.10857679131507,24.162558189397842],[-105.22516304893266,24.28920123533617],[-105.34385337001513,24.414432576336623],[-105.46399831116224,24.538495465844008],[-105.58494997221544,24.66163316068481],[-105.70606212654438,24.784088921401988],[-105.82669035049277,24.906106012593863],[-105.94619584608525,25.02792510417524],[-106.0639284939073,25.149794927991092],[-106.17924665917685,25.27195579000291],[-106.2915065743812,25.394650879637087],[-106.40006659469027,25.518123388180513],[-106.5042871999637,25.6426165073105],[-106.6035310010635,25.768373427582812],[-106.6971627500522,25.895637336857774],[-106.78454935382652,26.024651418641145],[-106.86505989070417,26.15565885031725],[-106.93806562944154,26.28890280124994],[-107.01775139352985,26.458535022890086],[-107.08491540394189,26.627957627681948],[-107.14141373632826,26.796961272932947],[-107.18910208154703,26.965336622119196],[-107.22983589398525,27.132874347242776],[-107.265470531477,27.299365131122176],[-107.29786138508332,27.464599669595344],[-107.32886399700506,27.6283686736151],[-107.36033416492248,27.790462871217944],[-107.39412803108551,27.950673009347117],[-107.43210215452875,28.108789855511663],[-107.47611356484268,28.264604199264692],[-107.52801979600991,28.4179068534843],[-107.58967889890144,28.568488655441712],[-107.67767343479073,28.73606357636148],[-107.784296040498,28.896420132983554],[-107.9062595600296,29.051395140140805],[-108.04029995568551,29.202825302231194],[-108.18317561966892,29.352547202864177],[-108.3316671350091,29.502397292900113],[-108.48257746947667,29.654211875364318],[-108.63273258904407,29.809827085783077],[-108.77898247874995,29.97107886648601],[-108.90795838029402,30.139143177667773],[-109.01780220209058,30.31231744694534],[-109.11768833232496,30.481663744889726],[-109.2166680554248,30.638259031670533],[-109.32368526548936,30.773180437597237],[-109.46270712499471,30.90668811928472],[-109.61620082819589,31.031717738371526],[-109.77917651200372,31.15094679103532],[-109.94667182873525,31.267052687411145],[-110.113750335139,31.382712815728517],[-110.27550061206487,31.50060459828779],[-110.42703602667024,31.623405548433553],[-110.56349505106232,31.75379333755006],[-110.68004204220469,31.894445881782477],[-110.77186836806295,32.04804145968145],[-110.96144646446174,32.12974019906721],[-111.14691704828194,32.21771692691789],[-111.32863992774412,32.31151711063321],[-111.50697221285539,32.41068624986939],[-111.68226789616075,32.514769872516325],[-111.85487747489329,32.62331352929509],[-112.0251476149751,32.73586278699986],[-112.19342085692206,32.851963220451694],[-112.36003536334114,32.97116040327026],[-112.52532470738791,33.09299989760429],[-112.68961770126994,33.21702724299268],[-112.85323826363748,33.34278794455499],[-113.01650532450005,33.46982746073331],[-113.17973276613778,33.59769119082654],[-113.34322939835009,33.72592446257378],[-113.5072989662876,33.85407252005454],[-113.67224018905698,33.98168051218155],[-113.83834682726393,34.10829348206512],[-114.00590777767194,34.23345635752853],[-114.17520719319653,34.35671394304855],[-114.34652462653632,34.47761091338867],[-114.52013519584884,34.5956918091789],[-114.69630977102825,34.71050103468142],[-114.87531517931477,34.82158285795971],[-115.05741442917966,34.92848141364564],[-115.20351703337585,35.08242826425595],[-115.35500856733384,35.232030074266845],[-115.5105069940857,35.378071695042294],[-115.66863429741167,35.52131881978737],[-115.82801898042533,35.66253738278881],[-116.02304043623354,35.746219885779325],[-116.2198893827647,35.82377775920831],[-116.41808530320097,35.898338993893574],[-116.61717684717487,35.973032318651555],[-116.8167417215781,36.05098720503898],[-117.01638846461549,36.135333949477214],[-117.2157602685698,36.22920384439242],[-117.41454104332811,36.33572945194169],[-117.61246396238587,36.458044997684446],[-117.80932280714072,36.59928690721649],[-117.9665899943291,36.72910121365936],[-118.10896010990933,36.8628473263802],[-118.23848600738907,37.00035165077885],[-118.35722343502832,37.14144062850747],[-118.46723133851955,37.28594073003244],[-118.57057214275915,37.43367844654897],[-118.66931201278462,37.58448028126163],[-118.76552109386179,37.73817274005117],[-118.86127373060765,37.89458232155209],[-118.95864866492815,38.05353550667217],[-119.05972921243747,38.214858747589254],[-119.16660341690556,38.37837845626566],[-119.28136418215328,38.54392099252516],[-119.40610938068579,38.71131265174162],[-119.54294193821593,38.88037965219229],[-119.6939698930934,39.05094812213279],[-119.86130642951312,39.22284408665382],[-120.0236035535641,39.37172728378514],[-120.19509845758805,39.51201478010654],[-120.37402333162333,39.64466477442862],[-120.55862582143013,39.77063637013667],[-120.74716863477443,39.89088952632512],[-120.9379245185516,40.00636654637276],[-121.12919197488412,40.11806514968498],[-121.31926520755096,40.22692985153154],[-121.50645560686027,40.33392358132095],[-121.68908814151445,40.44000997206729],[-121.86550052129445,40.54615335750428],[-122.03404248477878,40.653318784213816],[-122.19307518491075,40.76247204000811],[-122.34097064454727,40.874579699815264],[-122.4761112522331,40.99060919037442],[-122.59688926534642,41.111528875149034],[-122.70170628346617,41.238308161016384],[-122.78897264931751,41.37191762848957],[-122.85710672797552,41.513329187476536],[-122.68132206242475,41.507425908877394],[-122.51525195454502,41.47967785984133],[-122.35764124169069,41.433128071670374],[-122.20723631483108,41.37082073125004],[-122.06277441233618,41.29580015422168],[-121.92297465734893,41.21110995029145],[-121.7865307093335,41.119792385415195],[-121.65210502896605,41.02488793965455],[-121.51832485207356,40.92943505500717],[-121.38378003323484,40.836470064470596],[-121.24702295347362,40.74902729199139],[-121.1065706897366,40.670139312757684],[-120.96090961706494,40.602837364492814],[-120.80850255792956,40.55015190298003],[-120.64779850741851,40.51511329897867],[-120.47724484807105,40.500752678978905],[-120.43102057855691,40.5697974430643],[-120.41554653481626,40.6551817320356],[-120.42726186664737,40.75493300692094],[-120.46260549667156,40.86707866081852],[-120.51800327422524,40.9896455603403],[-120.58985731873014,41.12065963513983],[-120.67453753867642,41.25814551597662],[-120.7683752915853,41.400126223786856],[-120.86765913225398,41.544622913887586],[-120.96863258122812,41.68965468073454],[-121.06749383300004,41.83323842958195],[-121.16039731428273,41.973388821945804],[-121.2434569974026,42.10811830194363],[-121.31275137304695,42.23543721036289],[-121.3643299909981,42.35335399268651],[-121.39422148779221,42.45987550626621],[-121.3984430370597,42.55300743037525],[-121.37301118205679,42.630754780982656],[-121.3139540407218,42.69112252977106],[-121.21732491123834,42.73211632416866],[-121.01693207007895,42.65177688194313],[-120.82284192592593,42.557865758673614],[-120.63457935389195,42.45170896520629],[-120.4516630874248,42.33463222376888],[-120.27360344710493,42.20796063667403],[-120.0999001088565,42.073018405094],[-119.93003990721115,41.93112859792031],[-119.76349468740091,41.78361296985888],[-119.59971923525814,41.631791827177345],[-119.43814932625207,41.4769839389175],[-119.27819994458855,41.32050649090973],[-119.11926373025142,41.16367507957419],[-118.96070971626989,41.00780374226423],[-118.8018824204645,40.854205020796],[-118.64210135552327,40.70419005481113],[-118.43411688800626,40.643880700129024],[-118.23439689613252,40.56878910085318],[-118.04228107195968,40.48041465515909],[-117.85710373679726,40.380256745412105],[-117.67818985656845,40.26981439449584],[-117.50485136539922,40.150585974128404],[-117.33638377554331,40.02406896577644],[-117.17206566131469,39.89177747361171],[-117.0111308294749,39.75517028924976],[-116.85279564868605,39.61575977253242],[-116.6962444893164,39.47503835055892],[-116.54063454668844,39.33449711138873],[-116.38509662753992,39.19562585384924],[-116.2287364339617,39.05991317107211],[-116.07063628437504,38.92884656308022],[-115.90985721546102,38.8039125740064],[-115.74544141520926,38.686596949977556],[-115.57641494529919,38.57838481434494],[-115.40179072078956,38.48076085777623],[-115.22519081750778,38.394970575065116],[-115.04982345495522,38.3209276175979],[-114.87463081475596,38.25748762436407],[-114.69857812910676,38.20350714943057],[-114.52064977565486,38.15784348245964],[-114.33984598817618,38.119354497169766],[-114.15518013357787,38.086898524571296],[-113.96567651621564,38.0593342484785],[-113.77036867919249,38.03552062137422],[-113.56829817931722,38.0143167991839],[-113.35851381784019,37.99458209390478],[-113.14007131302371,37.9751759433325],[-112.91203340309535,37.95495789733439],[-112.67347036921504,37.93278762023471],[-112.4234609678032,37.90752490890335],[-112.16109375995875,37.87802972607604],[-111.99548683195948,37.781821200040454],[-111.82668064524978,37.71361017699025],[-111.65439797362222,37.668112539895624],[-111.47844370499885,37.6400475351422],[-111.29867898785835,37.624136441267034],[-111.1150030126814,37.61510162839709],[-110.92734186340695,37.60766596788682],[-110.73564412224661,37.59655257214876],[-110.5398830468726,37.576484856242956],[-110.34006516561378,37.54218691548197],[-110.09280814504518,37.46723975519159],[-109.84261999511791,37.366320824245676],[-109.60084493954604,37.269409204072176],[-109.37843354183138,37.20647203343527],[-109.15701306614848,37.171919792567316],[-108.93983871206144,37.146951059815166],[-108.72818563494444,37.13190129061779],[-108.52333474565636,37.12710622785465],[-108.32657400829918,37.1329019327951],[-108.13919983371633,37.149624820279286],[-107.96251858173763,37.17761169894515],[-107.79784818673963,37.21719981739138],[-107.64651992282768,37.2687269172441],[-107.50988032689233,37.33253129417826],[-107.38929329998452,37.408951868030655],[-107.43850135926864,37.54923811878097],[-107.5009367892618,37.693664922219746],[-107.57534013315394,37.841793347676955],[-107.66044570241151,37.99318431306048],[-107.75498059752,38.14739855200957],[-107.85766377494605,38.30399658069548],[-107.96720516503686,38.46253866460581],[-108.08230484644837,38.62258478568262],[-108.20165228352347,38.78369461021481],[-108.3239256338219,38.9454274579093],[-108.44779113372526,39.107342272586266],[-108.5719025706966,39.26899759495953],[-108.69490085135105,39.429951537973366],[-108.8154136749823,39.58976176517358],[-108.93205532257366,39.74798547259151],[-109.04342657158982,39.904179374615445],[-109.14811010339096,40.057880887447695],[-109.24467979074072,40.20868229084196],[-109.33167480658027,40.35612089284754],[-109.40762764009807,40.49975131853752],[-109.47106235311058,40.63912774061328],[-109.52049579876035,40.773803900455036],[-109.54497880639869,40.92964037968929],[-109.51992220064373,41.05745358988627],[-109.46043675042061,41.165828001903215],[-109.38182401911139,41.26335747550529],[-109.2995148940586,41.358643119080334],[-109.22904204101478,41.46029241177574],[-109.1860448861177,41.57691969407311],[-109.18630578398252,41.717148125231695],[-109.29869449910217,41.88672374749274],[-109.41211213942813,42.05598437597864],[-109.52656066917474,42.22489117200045],[-109.64204156842018,42.39340523444521],[-109.75855586755654,42.5614875981475],[-109.87610418192622,42.72909923231061],[-109.99468674659863,42.89620103898077],[-110.1143034512424,43.06275385157753],[-110.23495387504416,43.22871843348343],[-110.3566373216258,43.39405547669622],[-110.47935285390942,43.558725600546744],[-110.6030993288781,43.72268935048594],[-110.72787543217912,43.88590719694386],[-110.85367971251478,44.048339534263974],[-110.98051061576513,44.20994667971637],[-111.10836651878458,44.370688872592325],[-111.23724576281406,44.530526273384126],[-111.36714668644802,44.68941896305289],[-111.49806765809625,44.847326942387596],[-111.63001572075265,45.004224281113075],[-111.7629784588122,45.16004303961391],[-111.89698989587973,45.31475704844039],[-112.06215484074706,45.35703081464432],[-112.23257946566537,45.40948471699049],[-112.40760421877884,45.471615752055406],[-112.58657131391797,45.54292141060246],[-112.76882393748494,45.62289957008276],[-112.95370549199656,45.711048391971936],[-113.14055886038823,45.80686622303785],[-113.32872567814468,45.90985149981622],[-113.51754560312546,46.019502655742045],[-113.70635557561428,46.135318030544546],[-113.89448906366547,46.25679578166345],[-114.0812752912541,46.38343379758391],[-114.26603844907476,46.51472961311835],[-114.44809689008123,46.650180326783996],[-114.62676231401727,46.78928252053758],[-114.80133894725925,46.931532182231095],[-114.97112272626919,47.076424631247065],[-115.1354004948342,47.22345444785721],[-115.29344922703935,47.372115406924024],[-115.44453528956582,47.52190041663289],[-115.58791375841527,47.67230146299946],[-115.72282780651094,47.82280956094564],[-115.84850817979495,47.97291471277604],[-115.96417278040323,48.12210587491417],[-116.06902637622818,48.26987093377515],[-116.16226045664001,48.41569669165759],[-116.24305325430132,48.55906886353024],[-116.31056995283893,48.699472085571315],[-116.36396309959679,48.83638993628506],[-116.40237324175015,48.96930497097517],[-116.42492980267701,49.097698770293384],[-116.43075221362875,49.221052003506024],[-116.23111985671545,49.232770024899324],[-116.02966649260881,49.2432823796278],[-115.82650062735976,49.2525945723965],[-115.62173100330233,49.260712124927956],[-115.41546658751122,49.267640575773854],[-115.20781656013183,49.27338548011829],[-114.99889030259477,49.277952409572706],[-114.78879738572923,49.28134695196307],[-114.57764755778635,49.28357471110929],[-114.36555073238614,49.28464130659735],[-114.1526169764,49.2845523735443],[-113.9389564977812,49.28331356235632],[-113.72467963335619,49.280930538480455],[-113.50989683658723,49.277408982149666],[-113.2947186653199,49.272754588122176],[-113.07925576952611,49.26697306541481],[-112.86361887905417,49.26007013703091],[-112.64791879139734,49.25205153968287],[-112.43226635949158,49.24292302350976],[-112.21677247955347,49.232690351790175],[-112.0015480789683,49.221359300650434],[-111.78670410423877,49.208935658768695],[-111.57235150900469,49.19542522707495],[-111.35860124214182,49.18083381844724],[-111.14556423595062,49.16516725740442],[-110.93335139444311,49.148431379795554],[-110.72207358173647,49.130632032486254],[-110.51184161056199,49.11177507304244],[-110.30276623089723,49.09186636941098],[-110.09495811872856,49.07091179959867],[-109.88852786495234,49.048917251348506],[-109.68358596442076,49.025888621814424],[-109.48024280513943,49.00183181723413],[-109.27860865762257,48.97675275260062],[-109.07879366441242,48.9506573513324],[-108.8809078297674,48.9235515449426],[-108.68506100952501,48.89544127270744],[-108.49136290114375,48.86633248133385],[-108.2999230339287,48.836231124626835],[-108.11085075944523,48.80514316315654],[-107.90186753717447,48.668831770870135],[-107.69622897049739,48.526628157463726],[-107.49321642855718,48.38043570028248],[-107.29207228102085,48.2321538962076],[-107.09200103641447,48.08367827623178],[-106.89217138566151,47.93690045732425],[-106.69171894334433,47.79370831961996],[-106.48974948647613,47.65598629710768],[-106.28534250659916,47.52561577072983],[-106.07755491510302,47.404475554117425],[-105.86542477321737,47.29444246404526],[-105.70767613025947,47.118428053338754],[-105.55032852904232,46.943760371030635],[-105.39322030763911,46.77068654772557],[-105.2361878973159,46.599453288362994],[-105.07906620773686,46.430306905381855],[-104.92168899112396,46.26349335223023],[-104.76388918305565,46.09925825704227],[-104.60549921780412,45.937846956318744],[-104.44635131633096,45.77950452845989],[-104.28627774528802,45.62447582701506],[-104.12511104560551,45.473005513528086],[-103.96268422949302,45.325338089873675],[-103.79883094492949,45.18171792999713],[-103.633385606981,45.04238931098752],[-103.46617673614135,44.90758258235272],[-103.29706799800077,44.777570205469985],[-103.12590334102322,44.652582306541376],[-102.95253180624157,44.532863232511126],[-102.77679940839755,44.418657321185584],[-102.5985492926597,44.31020893066682],[-102.41762191511928,44.20776246902471],[-102.23385524540944,44.11156242427518],[-102.04708498949371,44.021853394748376],[-101.8571448303529,43.9388801199484],[-101.66386668397428,43.86288751202442],[-101.46708096770784,43.79412068799166],[-101.26661687770307,43.73282500286163],[-101.06230267177625,43.6792460838606],[-100.88576702394683,43.52203739090701],[-100.70491406444165,43.370940983426216],[-100.52245686688545,43.22191382902959],[-100.34115254097921,43.07091844684353],[-100.14595509239449,43.0216168300637],[-99.95255321339339,42.956137858868345],[-99.76050651389342,42.87707524067979],[-99.56936125932256,42.787022202210956],[-99.3786456298749,42.688570798307765],[-99.18786564981434,42.58431138706331],[-98.99650182202484,42.47683226830554],[-98.804006551417,42.36871947968654],[-98.60980247256083,42.26255674265156],[-98.41328181252281,42.160925549524315],[-98.21380691990666,42.066405382794095],[-98.01071207607275,41.98157405841449],[-97.80330667491987,41.9090081865029],[-97.5908798138583,41.85128374525397],[-97.40816496641595,41.81511808999411],[-97.22811066414631,41.789332934803696],[-97.04980538673189,41.772429177556965],[-96.87235179690094,41.76290844267965],[-96.69486380634791,41.75927283749178],[-96.51646421862138,41.760024755457636],[-96.33628296608322,41.76366672477514],[-96.15345594807687,41.76870130140463],[-95.9671244699647,41.77363100613564],[-95.77643527763527,41.776958305616645],[-95.58054117939724,41.77718563743107],[-95.37860224682726,41.772815479290635],[-95.16978758808453,41.76235046223586],[-94.95327769140572,41.74429352738242],[-94.72826734287229,41.717148125231695],[-94.48580907652894,41.64766917309709],[-94.25249328434742,41.57438200748732],[-94.02717551350594,41.498833609323114],[-93.80869610324484,41.42257009276694],[-93.59588028949776,41.34713667564806],[-93.38753858180931,41.27407769653672],[-93.18246744271151,41.20493667622988],[-92.97945029836019,41.141256421521376],[-92.77725890450665,41.08457916942202],[-92.57465508382919,41.03644677046894],[-92.37039283930847,40.99840091041723],[-92.16322083371355,40.971983370438394],[-91.91682488973936,40.958974659357914],[-91.69477927266679,40.965102248041305],[-91.49433400488533,40.98763080885658],[-91.31277591346159,41.02382621930931],[-91.14741446929176,41.070954819825694],[-90.99557019238082,41.12628280465082],[-90.85456563272464,41.18707574119594],[-90.7217188951753,41.25059821724476],[-90.5943396469688,41.31411361849498],[-90.46972752784086,41.374884040967586],[-90.34517287474404,41.43017034385809],[-90.21795967620848,41.477232348422596],[-90.08537068559201,41.513329187476536],[-89.92485925654438,41.54333100733123],[-89.75804442439822,41.56445663078369],[-89.58580629287334,41.577957507105914],[-89.40902723141853,41.58508558940298],[-89.22858943147706,41.58709316790519],[-89.04537292631082,41.585232731859676],[-88.86025405780298,41.58075686097044],[-88.67410437864385,41.57491814693227],[-88.48778998204925,41.56896914529838],[-88.30217125366487,41.56416235771449],[-88.11810304159333,41.56175024444502],[-87.93643524055524,41.562985267107734],[-87.75801378510076,41.569119961623876],[-87.58368204452906,41.58140704157979],[-87.41428260878364,41.60109953248451],[-87.25065945006216,41.62945093779606],[-87.09366043921325,41.66771543807708],[-86.94414018915059,41.717148125231695],[-87.12370610188188,41.806401075685166],[-87.3150737958351,41.879335480748466],[-87.51075065919807,41.94721055956562],[-87.70334001541787,42.02129219340021],[-87.88554121858516,42.11285316842493],[-88.05016232937037,42.233176013839106],[-88.19014291632381,42.39355860567059],[-88.15787837209837,42.522993599852306],[-88.13527913758213,42.65584637287255],[-88.12133670907966,42.79169548243229],[-88.11503653835628,42.93011911851352],[-88.11535764072688,43.0706950673566],[-88.12127229643589,43.213000677672575],[-88.13174584342167,43.35661282935003],[-88.14573655934798,43.50110790493761],[-88.16219563056326,43.64606176420228],[-88.18006720541842,43.79104972207807],[-88.19828852914206,43.93564653033201],[-88.21579015724699,44.07942636328164],[-88.2314962442277,44.221962807902614],[-88.24432490411611,44.36282885866518],[-88.25318863930087,44.50159691743455],[-88.25699483389357,44.637838798762296],[-88.25464630784863,44.771125740883654],[-88.24504192803103,44.90102842271863],[-88.22708432944796,45.02713120200889],[-88.1996564695305,45.148975694541065],[-88.16166676187781,45.2661450987639],[-88.11201403878215,45.37820829916346],[-88.04959393429924,45.4847337543276],[-87.97329975625864,45.585289554709966],[-87.89145027987962,45.66334781517978],[-87.79269977524102,45.72840045841104],[-87.67887955396161,45.78193178070881],[-87.55183389528088,45.82542806865687],[-87.41341624285855,45.86037720051805],[-87.26548573932385,45.88826829044488],[-87.10990419210955,45.91059138179414],[-86.94853353924326,45.92883719423203],[-86.78323386272537,45.944496927976644],[-86.61586198023812,45.95906212746109],[-86.44827063341539,45.97402460591764],[-86.28230828286979,45.99087643188599],[-86.11981951666333,46.01110997843805],[-85.96264607992106,46.03621803599054],[-85.81262853881518,46.067693989944566],[-85.67160860220353,46.10703206505307],[-85.54143213885929,46.15572763937255],[-85.42395294763735,46.21527763191197],[-85.32103736236218,46.28718096965631],[-85.23456980314413,46.37293914152607],[-85.16645942188238,46.47405684905247],[-85.33150131073744,46.59082487106794],[-85.48432588076204,46.654422840003164],[-85.62596596342634,46.67434126075308],[-85.75761534561715,46.66009271703443],[-85.88056812712743,46.621200938666334],[-85.99616902992221,46.567192343634765],[-86.10577850693497,46.507590319968315],[-86.21075381561324,46.45191231549064],[-86.31244554240833,46.409669682543615],[-86.41220842286721,46.39037018039854],[-86.51142569685379,46.40352306965262],[-86.71485099207365,46.50921933966882],[-86.9173368083505,46.60783277133488],[-87.11941192598208,46.69840832324443],[-87.32159733279603,46.7799903305597],[-87.5244072124958,46.85162275542235],[-87.72835016435914,46.91234947508462],[-87.9339306434168,46.96121460657948],[-88.14165059921389,46.99726286592225],[-88.35201127901614,47.01953995892985],[-88.56551514793755,47.027092999765],[-88.78266786403074,47.018970952265256],[-89.00398023101371,46.994225088009834],[-89.22997003515859,46.95190945392325],[-89.40882728154082,46.89120521242875],[-89.55555289940283,46.809608230137535],[-89.68232710230843,46.71815260708784],[-89.80129411285155,46.6278619149451],[-89.92454453077605,46.54974796729445],[-90.06413335362323,46.49481325417938],[-90.23213092016566,46.47405684905247],[-90.42327622647623,46.48741057832712],[-90.64319384704791,46.52542024377771],[-90.8805124978107,46.585011626288384],[-91.12385798317766,46.663112998078304],[-91.36182839907366,46.75665335209255],[-91.58297429877702,46.862560875462684],[-91.77578364351182,46.97776165315637],[-91.92867159984218,47.09917860063972],[-92.02997544358084,47.22373063464772],[-92.07437372386532,47.343741392640105],[-92.061954166339,47.43936139517171],[-92.00108846758755,47.514470163546804],[-91.90024711138828,47.57295539655765],[-91.76796762634335,47.61871081394467],[-91.61282814288421,47.65563438849165],[-91.44342715862818,47.687627015911104],[-91.26837009159142,47.718591654712355],[-91.09626296308507,47.75243295635298],[-90.93571341502256,47.79305739930352],[-90.79533923441804,47.84437393930036],[-90.65471028921738,47.92646649099865],[-90.53610426796581,48.03061682210045],[-90.43226788767548,48.146828385216345],[-90.33588382066722,48.265091587720384],[-90.239540242859,48.37538100832629],[-90.13573124427462,48.46765604500309],[-90.01689169483151,48.53186523676437],[-89.85520680244787,48.58666858823961],[-89.68719049824551,48.636401671467],[-89.51329678998982,48.68112955484234],[-89.33398302563944,48.720917602997446],[-89.14970971245339,48.75583147047941],[-88.96094032573953,48.78593709474187],[-88.76814110852041,48.81130068850203],[-88.57178086338675,48.831988731516816],[-88.3723307377961,48.848067961830566],[-88.17026400405447,48.859605366545246],[-87.96605583519101,48.86666817216331],[-87.76018307790626,48.86932383455254],[-87.55312402373428,48.8676400285799],[-87.34535817951834,48.8616846374614],[-87.13736603825268,48.851525741872635],[-86.92962885129126,48.83723160886357],[-86.72262840287198,48.81887068062006],[-86.51684678784784,48.796511563112425],[-86.31276619345579,48.7702230146702],[-86.11086868589707,48.74007393452083],[-85.91163600243695,48.70613335132767],[-85.7155493496728,48.668470411762364],[-85.57355206194694,48.50421161100599],[-85.4357348718747,48.33421674045658],[-85.30146084792418,48.159699825204456],[-85.17007128193633,47.981871940936536],[-85.04088662526432,47.80194115152134],[-84.91320776358057,47.621112509540296],[-84.78631755335752,47.44058811408565],[-84.65948254293147,47.26156721998741],[-84.53195480276497,47.08524639263385],[-84.40297379287574,46.91281970270433],[-84.27176820026537,46.74547895543174],[-84.07837515462246,46.63626626887657],[-83.87078195906143,46.552627857536145],[-83.65532941526232,46.48353312859273],[-83.43846046548838,46.417963978767716],[-83.22670930183196,46.34491160348527],[-83.02669942139055,46.25337695896225],[-82.84514771157698,46.132374668409625],[-82.85864112227402,46.26174962012652],[-82.82416066815372,46.3595054778077],[-82.74773861886163,46.429186323390894],[-82.63550162920555,46.47434630304446],[-82.49364354749369,46.49854716598669],[-82.32840021481843,46.50535601045337],[-82.14602739599837,46.49834331049083],[-81.95278262525264,46.481081274461985],[-81.75491143910546,46.45714256692376],[-81.55863821733298,46.430099410097384],[-81.370161666647,46.40352306965262],[-81.26687053332142,46.239149167443436],[-81.1386972816229,46.10327677936079],[-80.99158106501463,45.98982451681843],[-80.83151153177079,45.89272468775598],[-80.66452184503163,45.80591950226929],[-80.49668431228973,45.7233585373363],[-80.33410719229654,45.63899734115019],[-80.18293163076511,45.54679709162627],[-80.04932784701687,45.44072523788032],[-79.93948965937957,45.31475704844039],[-79.87659049430385,45.174581786756775],[-79.87762443808784,45.05142262783123],[-79.91712808529543,44.93699357666108],[-79.9697827250526,44.82306190461988],[-80.01034969518123,44.701362143940464],[-80.01370177590138,44.56365331480919],[-80.21978793133209,44.59531106597247],[-80.43032128808653,44.618678051815095],[-80.64621255635599,44.63323450569734],[-80.86837033763054,44.63846113424996],[-81.09770086264088,44.63383923613689],[-81.13824862634705,44.53497460334481],[-81.18204379210088,44.433726219211565],[-81.23005682057516,44.33154461750363],[-81.28325177554821,44.22987890160792],[-81.34258627541166,44.130176764127654],[-81.40901182694377,44.03388455614702],[-81.48347457730478,43.94244740347493],[-81.56691651771199,43.857309367412945],[-81.66027716804254,43.77991364798004],[-81.76449576574288,43.711702828065015],[-81.88051397491124,43.65411915766374],[-82.00927912223126,43.60860487819292],[-82.15174795549851,43.57660258785651],[-82.30889090765118,43.55955565017481],[-82.48169683429508,43.55890864907661],[-82.6711781754182,43.576107895405755],[-82.87837647194151,43.612601991313014],[-83.10436814446304,43.6698424608057],[-83.35027041438151,43.749284456721604],[-83.51043237527347,43.91111699320447],[-83.611302007878,44.05106854509655],[-83.66107029358567,44.17211430248885],[-83.66802746545625,44.27723533677178],[-83.64053849307777,44.369417550612376],[-83.58702309734518,44.4516507693142],[-83.5159401362418,44.5269279979903],[-83.43577622293357,44.598244863186814],[-83.3550384577156,44.66859925308749],[-83.28225117175622,44.74099116725726],[-83.22595659044441,44.81842278508405],[-83.19471932544955,44.90389876167908],[-83.33933940120843,45.028708359374484],[-83.46496295037397,45.18496988176356],[-83.59353258222305,45.337237677300365],[-83.74676030462246,45.44999896914884],[-83.97832146778117,45.4718635330031],[-84.1956523102312,45.48387296474832],[-84.39912219498477,45.48634739117058],[-84.58910982492647,45.4796076906951],[-84.76600249957855,45.46397541420591],[-84.93019533795322,45.439772705100786],[-85.08209048015112,45.407322219422944],[-85.22209627953593,45.36694704683479],[-85.35062649640584,45.31897063312409],[-85.46809950311477,45.26371670485985],[-85.5749375095861,45.2015091967433],[-85.67156581712669,45.132672182129085],[-85.75841210740671,45.057529807124624],[-85.83589902383613,44.976392157904066],[-85.90447222269984,44.88961175696251],[-85.96456065297932,44.797498395961924],[-86.01660210141132,44.70037605086593],[-86.06103562622164,44.59856853442301],[-86.09830113497176,44.49239945678573],[-86.12883896851885,44.38219219007914],[-86.15308949173887,44.268269836901986],[-86.17149269197887,44.150955202720986],[-86.18448778647644,44.03057077209487],[-86.19251284022351,43.90743868864634],[-86.1960043959534,43.78188073868071],[-86.1953971180927,43.654218338335326],[-86.19112345265161,43.524772524129105],[-86.1836133051213,43.39386394677038],[-86.17329373851415,43.26181286807109],[-86.16058869371878,43.12893916080695],[-86.14591873435249,42.995562311358555],[-86.1297008182793,42.86200142496163],[-86.11234809792815,42.72857523339511],[-86.09426975148881,42.5956021049319],[-86.07587084699414,42.46340005638033],[-85.89840019323279,42.393720433585834],[-85.72825537995261,42.312978309794325],[-85.56431601891256,42.223041676064874],[-85.40544967459093,42.12577767435503],[-85.25051034416153,42.023052291875935],[-85.09833710184535,41.91673013885379],[-84.94775294364979,41.808674306896386],[-84.79756388402541,41.70074630421718],[-84.64655836575412,41.59480606336282],[-84.49350704856325,41.49271201681848],[-84.33716304064318,41.39632123591979],[-84.17626263052179,41.307489628876866],[-84.00952656469352,41.2280721944076],[-83.83566189906615,41.15992332847955],[-83.65336442972975,41.10489718297069],[-83.46132168081432,41.06484807667711],[-83.25821639436084,41.04163096102372],[-83.10332179001864,40.89875283800755],[-82.95087454326286,40.75403824559451],[-82.8014983064229,40.606270659690175],[-82.65583441157864,40.45423481467479],[-82.51454313193487,40.296716730479744],[-82.37830528951318,40.13250375744336],[-82.24782731752413,39.96040279719133],[-82.03918614271907,39.87706590267804],[-81.8467344589466,39.78400377072076],[-81.6675720211835,39.68473870293259],[-81.49876112761775,39.58279095207545],[-81.33732684378022,39.48167853708867],[-81.1802589109886,39.384917267062896],[-81.02451515743537,39.29602095557951],[-80.86702624641401,39.218501807566206],[-80.70470162809465,39.15587096419193],[-80.53443660824213,39.11163919731064],[-80.35312050887613,39.08931775354793],[-80.1509014964218,39.08709768002253],[-79.97422956272756,39.10431253766443],[-79.81981792534904,39.138324198474535],[-79.68440933505636,39.18649540509333],[-79.5647629080825,39.246189187639615],[-79.45764318483916,39.31476837382787],[-79.35981131628817,39.38959518718668],[-79.26801834682658,39.46803093308802],[-79.17900061504469,39.547435776076924],[-79.08947733145615,39.625168614666],[-78.99615041519674,39.69858706132496],[-78.8957066793124,39.7650475358413],[-78.78482244601506,39.82190547954389],[-78.66017064854856,39.866515696051906],[-78.51843043464653,39.896232821229304],[-78.53480481761561,39.746280908745085],[-78.54945244564469,39.59509882340563],[-78.56357123129389,39.44341758467412],[-78.5783464774555,39.29196750335156],[-78.59495123396631,39.14147821624202],[-78.61454683860413,38.99267872859798],[-78.6382836268786,38.846297463130604],[-78.6673017960332,38.7030623144113],[-78.70273240996394,38.56370070755219],[-78.74569853330664,38.42893966013903],[-78.7973164847184,38.29950584649555],[-78.85869720137283,38.176125663486644],[-78.93094770888487,38.05952529721705],[-79.01517269327914,37.950430790153106],[-79.11247617421812,37.84956810838753],[-79.22396328151846,37.75766320898119],[-79.35074214002896,37.67544210755198],[-79.33221063806671,37.525480889263164],[-79.30966124991886,37.375737276327605],[-79.28725053517354,37.22719518018064],[-79.26911403670572,37.08083790665174],[-79.25936755128748,36.9376482185696],[-79.26210885536942,36.79860840461154],[-79.2814198544289,36.66470035246858],[-79.32136912904828,36.53690562458833],[-79.38601485645928,36.4162055350024],[-79.47940809260561,36.30358122604381],[-79.60559640678608,36.200013744112745],[-79.74532030181271,36.1278102139599],[-79.90926441443757,36.07860630798504],[-80.0866149955494,36.04346188368201],[-80.26657824928213,36.01343863826323],[-80.43836004604597,35.97959935929538],[-80.59116577806041,35.93300785231513],[-80.7142200202986,35.86472949758301],[-80.80681418325344,35.77193011163422],[-80.87974047042206,35.65998357321563],[-80.93872404878488,35.53432071497],[-80.98945968473825,35.400370676943496],[-81.03759920830983,35.26356060106011],[-81.08874633544906,35.12931560365357],[-81.14845832004434,35.003058973724656],[-81.22225273648046,34.89019345037911],[-81.31562892933758,34.796178814161145],[-81.4340724350203,34.726415531364225],[-81.57092621634789,34.67514799278264],[-81.7156527122622,34.63477467498274],[-81.86766547280929,34.60416930790917],[-82.02638333872181,34.58220587530317],[-82.19122858063952,34.56775855105804],[-82.36162523626105,34.55970164626751],[-82.53699765181184,34.556909565479465],[-82.71676923314719,34.55825677107504],[-82.90036141092284,34.56261775503721],[-83.08719282355139,34.56886701765757],[-83.27667872112609,34.57587905295252],[-83.46823059313485,34.58252834072283],[-83.66125602261222,34.587689345292176],[-83.8551587693835,34.5902365210011],[-84.0493390852559,34.58904432451402],[-84.24319426440255,34.582987233915574],[-84.43611943277725,34.5709397744329],[-84.62750858119206,34.55177655041857],[-84.81675584769202,34.52437228296607],[-84.86728029322455,34.39575954493268],[-84.95884886809405,34.30291353746117],[-85.0818268940618,34.23673401196598],[-85.22666881921153,34.18812340934449],[-85.38387235082668,34.14798572411579],[-85.5439508645829,34.10722587502016],[-85.69742438100775,34.05674950573996],[-85.83482937526814,33.98746316925361],[-85.93876651313938,33.888814043010555],[-85.99918824762096,33.7799646588973],[-86.05136388250695,33.67367113584137],[-86.1304385818954,33.582687433465836],[-86.27146651140085,33.51976597892152],[-86.43321910011147,33.490811261066625],[-86.6144919753775,33.47548758467022],[-86.81050349148174,33.472405292239074],[-87.01648051422198,33.480174911677025],[-87.2276532681696,33.49740709620266],[-87.43925095100991,33.522712574080124],[-87.64649811839378,33.554702106010986],[-87.84461184584846,33.591986448810694],[-88.0287996765247,33.633176324652155],[-88.19425836488168,33.67688239570663],[-88.33617342684593,33.72171524444473],[-88.48847956227353,33.804509151383094],[-88.61183428347168,33.917701428928005],[-88.75894997337427,34.04983530936764],[-88.98255345894137,34.18945234723361],[-89.21912577322699,34.28909319940092],[-89.40074498639588,34.33719300586063],[-89.54632389204055,34.36896247113403],[-89.67501233733556,34.41961603843296],[-89.80616821808808,34.52437228296607],[-89.91484995233697,34.647666657964066],[-90.00275165283736,34.768614955543896],[-90.07160456556485,34.88741121377472],[-90.12314818717817,35.004269429976624],[-90.15912235898675,35.119344703590805],[-90.18128100839154,35.23285033622452],[-90.19138181784663,35.34498059500562],[-90.19118725247745,35.455929785087534],[-90.1824644381686,35.56589225378109],[-90.16698506727747,35.675062394611764],[-90.14652533347792,35.78363465137009],[-90.12286589723524,35.89180352222012],[-90.09779188341646,35.99976356392965],[-90.07309291255827,36.10770939628466],[-90.05056316734131,36.215835706749594],[-90.03200149586472,36.32433725543449],[-90.01921155337146,36.433408880431166],[-90.01400198415205,36.54324550357983],[-90.01818664544852,36.6540421367297],[-90.03358487529685,36.76599388855851],[-90.06202180638233,36.87929597201722],[-90.10532872814657,36.99414371246972],[-90.16534349957323,37.110732556599416],[-90.24391101529783,37.22925808215857],[-90.34288372793712,37.349916008640335],[-90.46412222981809,37.472902208957414],[-90.6657474380423,37.52567078282359],[-90.85436118398184,37.563112791871276],[-91.03025578267514,37.585867503239086],[-91.19374460749388,37.594574990352505],[-91.34516002095883,37.58987604423874],[-91.4848512502484,37.572412078693155],[-91.61318224189779,37.54282503207992],[-91.73052952712251,37.50175726822738],[-91.83728012597687,37.44985147856577],[-91.93382951524094,37.387750587356095],[-92.02057968157933,37.316097661573394],[-92.09793727818716,37.235535826735145],[-92.16631189988388,37.146708189709706],[-92.22611448848012,37.05025776929804],[-92.27775587726168,36.94682743515756],[-92.32164548064307,36.83705985542796],[-92.3581901324596,36.7215974532278],[-92.3877930740166,36.60108237201604],[-92.41085309090295,36.47615644965456],[-92.42776379571396,36.347461200868416],[-92.4389130522165,36.21563780767569],[-92.44468253512693,36.08132711725331],[-92.44544741855091,35.94516964661402],[-92.4415761852531,35.80780559339729],[-92.43343054826359,35.669874852017685],[-92.42136547589058,35.53201703437402],[-92.40572931096963,35.394871494296105],[-92.38686397513567,35.25907735489488],[-92.36510524904394,35.12527353798735],[-92.49301803552012,35.08940008024745],[-92.63209494194737,35.08318603269099],[-92.77953084678076,35.10041451974285],[-92.93253405987328,35.13486962357846],[-93.08830348300178,35.180335615964914],[-93.24401274194929,35.2305964180813],[-93.39680123270692,35.27943527646954],[-93.54377229355315,35.32063466853655],[-93.68199883335659,35.347976462051406],[-93.80853671049455,35.355242349835464],[-93.92044596180448,35.33621456329415],[-94.01481962445173,35.2846768365778],[-94.08881937753529,35.19441554702794],[-94.00625205691757,35.04036672592766],[-93.89788422132594,34.92233268140936],[-93.77118475587342,34.83000046982855],[-93.63370938348912,34.75300182729249],[-93.49308797853485,34.680991257483754],[-93.35701278087264,34.60362511703064],[-93.2332386501001,34.51056152772919],[-93.12959346489045,34.391460831324764],[-93.15695371892424,34.26130709198747],[-93.20365519284462,34.143417592587625],[-93.26831732546552,34.03696468377086],[-93.34957727479124,33.94112120474606],[-93.44608751643037,33.855060397488295],[-93.5565136121227,33.7779558348931],[-93.67953215043411,33.708981360796265],[-93.81382886155815,33.64731104006332],[-93.95809690810742,33.59211911721729],[-94.11103535375038,33.5425799823113],[-94.27134781155057,33.497868142967036],[-94.437741273877,33.45715820168773],[-94.60892512577618,33.41962483771988],[-94.78361034371909,33.38444279287734],[-94.960508881658,33.35078686085768],[-95.13833324634932,33.31783187967282],[-95.15014186022879,33.19486556214759],[-95.18290267147306,33.08525816780799],[-95.2352325895978,32.98817525007579],[-95.30576879793487,32.902782735532185],[-95.3931659993632,32.82824684907738],[-95.49609384062383,32.76373405289875],[-95.61323451690977,32.70841099691908],[-95.74328055834408,32.66144447872112],[-95.88493279993342,32.62200141124214],[-96.03689853658977,32.58924879680491],[-96.19788986483988,32.56235370629786],[-96.36662221287828,32.54048326253985],[-96.54181306066127,32.52280462706112],[-96.72218085177903,32.50848498970484],[-96.90644409888013,32.49669156060124],[-97.09332068445143,32.486591564189176],[-97.2815273587825,32.47735223505898],[-97.46977943696014,32.468140815464054],[-97.65679069675157,32.458124554399454],[-97.84127347924162,32.446470708169045],[-97.93993305739107,32.35704983490615],[-98.03675519100594,32.26601190815294],[-98.13614272817512,32.176220568831035],[-98.2424781813274,32.090539280011804],[-98.36012581782353,32.011831372346656],[-98.49343619558454,31.942960094456538],[-98.64675317043209,31.886788662532012],[-98.82442340247077,31.846180305813405],[-98.84931906125004,31.71460911239622],[-98.88446575840818,31.58958926901387],[-98.92916363801517,31.47069454026784],[-98.98272064996462,31.35749879951705],[-99.04445186685442,31.24957600848462],[-99.11367884879263,31.14650019996233],[-99.18972905667196,31.047845463189685],[-99.27193531444577,30.953185931525493],[-99.35963532093348,30.862095772068],[-99.45217121168133,30.774149176913284],[-99.54888917140491,30.688920355772837],[-99.64913909754522,30.605983529698584],[-99.75227431547275,30.5249129256879],[-99.85765134588146,30.44528277196197],[-99.96462972491935,30.36666729372861],[-100.07257187761006,30.28864070925461],[-100.18084304512671,30.21077722608441],[-100.28881126648506,30.13265103724862],[-100.39584741523207,30.053836317311465],[-100.50132733083899,29.973921547585025],[-100.60462342167429,29.892451711975582],[-100.70511745735486,29.809015843882605],[-100.80219240662679,29.723188121644164],[-100.89523495367276,29.634542703275883],[-100.98363583031144,29.542653726438466],[-101.06679019960697,29.44709530840534],[-101.14409808988165,29.34744154609193],[-101.21496487797462,29.243266516216842],[-101.27880182041342,29.134144275670412],[-101.33502663098155,29.019648862176325],[-101.38306410295928,28.899354295340437],[-101.42234677410042,28.77283457819123],[-101.45231563217841,28.639663699327695],[-101.4724208586978,28.49941563580199],[-101.60682802740574,28.399763152303056],[-101.73100738860235,28.292952863213284],[-101.84689084789515,28.180285867208507],[-101.9564006711522,28.063063322036278],[-102.0614474682946,27.942586445740883],[-102.16392869536384,27.82015651485661],[-102.26572766929647,27.697074860038857],[-102.12106627022281,27.611002923949506],[-101.986128922103,27.51962855797068],[-101.86046863327876,27.423167353543267],[-101.74363768750146,27.32183491317497],[-101.6351875463364,27.21584685169266],[-101.53466875511263,27.10541879728768],[-101.44163085204538,26.990766392346508],[-101.35562228022344,26.872105294061676],[-101.2761903022158,26.749651174820382],[-101.20288091711082,26.623619722370073],[-101.13523877985848,26.494226639762864],[-101.07280712283853,26.36168764508215],[-101.01512767962751,26.226218470957146],[-100.96174061098587,26.08803486387251],[-100.91218443312876,25.94735258328208],[-100.8659959483858,25.80438740053717],[-100.82271017839349,25.659355097641452],[-100.7818602999973,25.512471465845724],[-100.74297758407306,25.363952304096905],[-100.70559133750564,25.21401341735701],[-100.66922884858785,25.062870614808652],[-100.63341134235743,24.910742578141814],[-100.59766092645611,24.757839625439853],[-100.56148069303858,24.604379899209178],[-100.52437477465777,24.450579017531265],[-100.48584513289349,24.296652592884858],[-100.44539173732021,24.142816232677486],[-100.40251275042954,23.989285539796978],[-100.35670471679494,23.836276113177174],[-100.30746275473524,23.684003548372477],[-100.25428074870776,23.532683438136388],[-100.19665154064792,23.382531372997786],[-100.13406711846925,23.23376294183081],[-100.0660187999454,23.086593732412553],[-99.99199741021705,22.941239331963885],[-99.91196304795466,22.820160384264977],[-99.80682346569175,22.695906090637102],[-99.6834009554159,22.568289650969017],[-99.54851226424019,22.43712426394902],[-99.40896818137526,22.30222312659655],[-99.27157306905976,22.163399433736405],[-99.14312433578951,22.020466377409207],[-99.03041184954394,21.873237146211526],[-98.91367932450333,21.699674809251704],[-98.80297395291043,21.53551739126206],[-98.69666682437271,21.379967807179487],[-98.59314240967613,21.23222899015989],[-98.49079636620019,21.09150388747292],[-98.38803370773778,20.95699545711328],[-98.28326728702604,20.827906665007838],[-98.1749165460848,20.703440482709862],[-98.06140649528346,20.582799885485265],[-97.94116688699677,20.465187850704368],[-97.80258297911745,20.4105478461108],[-97.66468047625551,20.3421487311007],[-97.52726307430842,20.262466791073628],[-97.3901299779999,20.17397831022001],[-97.25307556508899,20.07915957393382],[-97.11589607816371,19.980504385439602],[-96.97836564655594,19.88045369571575],[-96.84027865985523,19.78150166395051],[-96.7014197763103,19.68612462947966],[-96.56156954410474,19.596798941000742],[-96.42050410466392,19.516000954762124],[-96.27799517572318,19.446207032330744],[-96.13381036747388,19.389893538006078],[-95.98771384890868,19.34953683590572],[-95.83946733548551,19.327613286693037],[-95.6888313135507,19.32659924384977],[-95.53556635171998,19.348971049317463],[-95.37943427470768,19.39720502823927],[-95.45885419014982,19.540141960904307],[-95.58076772745666,19.63697708469141],[-95.73188846671897,19.702117278842472],[-95.89894456747959,19.74996934532722],[-96.06867976459502,19.794940041303228],[-96.2278541506814,19.851436092904038],[-96.36324213251638,19.933864187205263],[-96.46057072367594,20.037762709019127],[-96.54844516819144,20.15203104828764],[-96.62776587421726,20.275674471562425],[-96.69944207581194,20.407715619963675],[-96.76438518813144,20.5471771458937],[-96.82350870099853,20.69308171313741],[-96.87772786526503,20.844451996326228],[-96.92795918842398,21.00031067981256],[-96.97511976256334,21.159680456020364],[-97.02012645331408,21.32158402335294],[-97.06389498294975,21.485044083752484],[-97.10733894424233,21.649083340015903],[-97.15136878410178,21.812724492978624],[-97.19689079744481,21.974990238682945],[-97.24480617217804,22.134903265648703],[-97.29601012567656,22.291486252363566],[-97.35139117171175,22.443761865105557],[-97.41183055446055,22.590752756203763],[-97.47820188302778,22.731481562834432],[-97.55137099584687,22.86497090643542],[-97.63219607939536,22.990243392808644],[-97.72152805986438,23.10632161296051],[-97.82021127974085,23.21222814470988],[-97.8261301853785,23.352926937069835],[-97.79670554366255,23.486248718813872],[-97.73887554460458,23.613774339006827],[-97.65959771971953,23.73708466463102],[-97.56584771008049,23.857760581810517],[-97.4646185876403,23.977382997165208],[-97.36292084849642,24.09753283955373],[-97.26778318968452,24.219791062443054],[-97.1862541798359,24.3457386471354],[-97.12540493933932,24.47695660708695],[-97.0923329582217,24.615025993568715],[-97.08410769710702,24.765683539152274],[-97.09133242544804,24.91751339883729],[-97.11078120754553,25.069842403620772],[-97.1391997557425,25.222005145554807],[-97.17332453327182,25.373327889211907],[-97.20987542461198,25.523139745602823],[-97.24555952100387,25.670769823036096],[-97.27707133141799,25.815547233168544],[-97.30109320135527,25.95680109663351],[-97.31429594869928,26.093860548077163],[-97.31333972508602,26.22605474044857],[-97.29487511023127,26.35271284840651],[-97.25554444534308,26.47316407072796],[-97.19198341014622,26.58673763162798],[-97.10082284615433,26.69276278092857],[-97.15715517407465,26.89449455244882],[-97.21403847382774,27.095044088418483],[-97.2711169753505,27.293230244112547],[-97.20382613873036,27.422201889877314],[-97.14295113446812,27.554611822780856],[-97.08950359056449,27.691296426028174],[-97.04450699952426,27.833092033237772],[-97.00899788580524,27.98083491774202],[-96.98402718691275,28.135361279892358],[-96.97066185531257,28.297507231979065],[-96.81624607674053,28.35130816413851],[-96.66462170691221,28.406867845532176],[-96.51525270494562,28.463828213478568],[-96.3676018211478,28.521831211317583],[-96.22113047637859,28.580518789245975],[-96.07529867828522,28.639532905078923],[-95.929564974495,28.698515524918054],[-95.78338644288156,28.75710862370514],[-95.63621871903618,28.81495418564023],[-95.4875160610761,28.871694204443013],[-95.33673145191104,28.926970683436863],[-95.18331673906032,28.980425635436028],[-95.02672281207528,29.031701082418014],[-94.8663998175643,29.080439054965478],[-94.70179741174884,29.126281591464362],[-94.53236505039534,29.168870737048394],[-94.53312663666134,29.313508549232907],[-94.56768828976772,29.481859573396857],[-94.61353676103565,29.658111787504154],[-94.64789818816591,29.826454568399136],[-94.64773618282085,29.97107886648601],[-94.46307673709632,30.003737503896083],[-94.28393928643679,30.04032067621123],[-94.1096081076581,30.080297548694254],[-93.93936957842129,30.123151609354405],[-93.77250979636244,30.16836635951444],[-93.60831420554773,30.21542531500658],[-93.44606730277235,30.263812006541706],[-93.2850524227911,30.313009979341647],[-93.12455160157512,30.362502792145268],[-92.96384551669905,30.411774015713284],[-92.80221350397333,30.460307230966823],[-92.63893364944505,30.507586026897158],[-92.45817234713083,30.4303714485892],[-92.31003190967421,30.311849987547376],[-92.17365309914997,30.178283022560052],[-92.02792741431662,30.055933106133953],[-91.85148956969856,29.97107886648601],[-91.65272496676747,29.95417542778108],[-91.4563638927402,29.92410674507018],[-91.26237550696753,29.883148700009542],[-91.07072344665106,29.83357717155452],[-90.8813617265656,29.777668071247703],[-90.6942316829753,29.71769736883575],[-90.5092599450248,29.655941108363635],[-90.32635741636473,29.594675415266344],[-90.14541924976258,29.536176495215827],[-89.9663257979107,29.48272062558597],[-89.78894452451037,29.436584140369987],[-89.61313286093342,29.40004340922243],[-89.43874199528717,29.37537481100286],[-89.26562158250458,29.364854701769328],[-89.09362536613791,29.37075937660697],[-89.17464976610574,29.583298954308148],[-89.23623391486178,29.782073616789],[-89.27707449029164,29.966274948185898],[-89.29586693005555,30.135079378839674],[-89.29131556946857,30.28770897932483],[-89.26212864099259,30.423341713161033],[-89.20703127225202,30.541169459334704],[-89.12476752104784,30.640383786155617],[-88.94837311227145,30.70644957799628],[-88.76818910286835,30.760906919415884],[-88.58475944629133,30.804233229755173],[-88.39863686006535,30.83690588266095],[-88.21038148898391,30.859402221417568],[-88.02055965756016,30.872199569682063],[-87.82974270804623,30.87577523852344],[-87.63850592060928,30.870606530568953],[-87.447427512509,30.857170741966375],[-87.25708771336281,30.83594516278239],[-87.06806791381061,30.807407076373412],[-86.88094988510674,30.77203375818505],[-86.69631506736714,30.730302474361757],[-86.51474392439152,30.68269048047765],[-86.33681536316152,30.629675020633876],[-86.16310621628631,30.571733327106337],[-85.99419078583178,30.509342620671358],[-85.8306404471239,30.4429801116848],[-85.6730233112663,30.3731230019425],[-85.52190394525537,30.300248487307623],[-85.37784314871453,30.224833761051595],[-85.24139778640306,30.14735601782242],[-85.11312067578775,30.068292458125057],[-84.99356231601502,29.988134712967092],[-84.88326346586364,29.907330678707652],[-84.82304398695575,30.062929293313395],[-84.73845242088213,30.173055889098446],[-84.63182163257471,30.242894137015487],[-84.50562408196885,30.27764039119977],[-84.3624267694241,30.282490300278837],[-84.20485431385246,30.26263912143955],[-84.0355582870307,30.22328190708193],[-83.85719255407685,30.169613628488936],[-83.67239445836455,30.106829272751167],[-83.48377175702484,30.040123926932612],[-83.28249120601788,29.960501789259425],[-83.10574385204747,29.875303884257278],[-82.9518769923907,29.784499350123713],[-82.81923755791769,29.688042568568694],[-82.70617430236638,29.585887916325934],[-82.61103813009291,29.477989766824905],[-82.53218242333435,29.36430249203478],[-82.46796336781782,29.24478046448721],[-82.41674027551784,29.119378059485328],[-82.37687590333007,28.988049657505954],[-82.34673676639909,28.85074964680248],[-82.32469344480758,28.707432426216133],[-82.30912088230572,28.55805240820264],[-82.29839867573078,28.402564022082938],[-82.2909113537412,28.240921717524923],[-82.28504864346323,28.073079968264775],[-82.27920572362343,27.89899327607579],[-82.17999980334422,27.811170927009908],[-82.08829379502372,27.710728058332087],[-82.00335847268586,27.599103580512235],[-81.92445858913044,27.47773644972482],[-81.85085074657712,27.348065677745343],[-81.78178157561469,27.21153033720142],[-81.71648621852177,27.06956956238196],[-81.65418711414088,26.923622546003294],[-81.59409308248375,26.77512853249235],[-81.53539870811362,26.625526808473992],[-81.4772840220764,26.47625669124411],[-81.41891448272246,26.328757516069338],[-81.35944125615713,26.184468623181036],[-81.2980017972629,26.044829345323084],[-81.23372073223548,25.911278996671545],[-81.16571104334882,25.785256863869208],[-81.09307555619696,25.668202199808277],[-81.01490872894557,25.561554220651654],[-80.93029874214314,25.466752106406865],[-80.83832988639783,25.38523500515549],[-80.73808524370716,25.318442040797105],[-80.62864965644955,25.267812323889114],[-80.50911297600912,25.234784964851755],[-80.37857358073275,25.220799088462716],[-80.31514058067027,25.316955449786313],[-80.2587126145904,25.42175337814563],[-80.2092021420122,25.534680125035482],[-80.16652210617636,25.655222918023668],[-80.13058517579906,25.782868958213804],[-80.101303033089,25.917105418597394],[-80.078585706765,26.057419443324036],[-80.06234094898518,26.203298147897282],[-80.0524736552626,26.354228620284182],[-80.04888532660789,26.50969792290825],[-80.05147357329986,26.669193095479123],[-80.06013165984268,26.83220115859692],[-80.074748090826,26.998209118055854],[-80.09520623755634,27.16670396975956],[-80.12138400548095,27.337172705150003],[-80.15315354257186,27.509102317043038],[-80.19038098898265,27.681979805756217],[-80.23292626843049,27.85529218540813],[-80.280642921889,28.028526490265083],[-80.33337798430759,28.201169781007245],[-80.39097190519091,28.372709150785614],[-80.45325851398644,28.542631730941388],[-80.52006503132817,28.710424696261025],[-80.5912121272767,28.875575269643857],[-80.66651402777335,29.03757072606377],[-80.74577867059047,29.19589839571317],[-80.8288079121094,29.350045666225267],[-80.91539778628878,29.499499983880284],[-81.00533881720123,29.643748853712044],[-81.09841638651052,29.782279838444175],[-81.19441115723593,29.914580556198935],[-81.29309773553112,30.040123926932612],[-81.24114478333374,30.12103158744942],[-81.20341835042596,30.21181682342883],[-81.17806914379443,30.3111512695264],[-81.16324293111578,30.41770666550845],[-81.15707781740635,30.530154863128402],[-81.15770200210746,30.647167823046253],[-81.16323201313358,30.76741760284695],[-81.17177141483526,30.889576337650677],[-81.18140998715731,31.01231621514795],[-81.19022337350225,31.13430944713166],[-81.19627319494371,31.25422823974015],[-81.19760762847012,31.370744764668032],[-81.19226244689119,31.482531133545827],[-81.17826251790719,31.58825937753607],[-81.15362375963772,31.68660143394041],[-81.11635554963847,31.776229141261094],[-81.06446358410714,31.855814243709943],[-80.99595318359934,31.924028405607515],[-80.90883304113399,31.979543235466313],[-80.80111940806314,32.02103031880174],[-80.670840712492,32.04716125786665],[-80.51604260433399,32.056607715556034],[-80.33479342024008,32.04804145968145],[-80.27384042237988,32.18107636230698],[-80.21616178010376,32.31647996971706],[-80.16026131568752,32.45313220361115],[-80.10463151764255,32.589912891615974],[-80.04775348526631,32.725701734650954],[-79.9880971873033,32.85937827675166],[-79.92412203118484,32.9898218791455],[-79.85427773929756,33.11591170032341],[-79.6665064473638,33.11787313579759],[-79.52249862709107,33.164480933480476],[-79.4122776646268,33.24508884517965],[-79.32591616178573,33.349051013207045],[-79.25346950272169,33.465721017560526],[-79.18493452887152,33.584451142354695],[-79.11023295982343,33.694591916858464],[-79.01921913013112,33.78549204761141],[-78.88166455415113,33.86196737207498],[-78.71910207929676,33.91364128706453],[-78.53995176828494,33.95291423182679],[-78.35265212218748,33.992187851192995],[-78.16564098408423,34.04386470940232],[-77.98736559416317,34.12034867668297],[-77.88168630902234,34.19072019226173],[-77.79044770372558,34.27436336644786],[-77.70982202727468,34.36775187411883],[-77.63597040628304,34.46735899374751],[-77.56503689183097,34.56965743722055],[-77.49314529074954,34.671119223858256],[-77.41639874341455,34.768215610150136],[-77.33088200898864,34.85741708816427],[-77.23266641940144,34.93519346516882],[-77.11781746532212,34.99801403471152],[-76.98240701416066,35.04236804887437],[-76.82251806646804,35.06468443317327],[-76.6342717012925,35.061452787029296],[-76.59737453363117,35.154756287262686],[-76.55127466457661,35.25358665410548],[-76.49847638031937,35.357556589651054],[-76.44148697538985,35.466278812172234],[-76.38281712831878,35.57936604269579],[-76.324981216499,35.696430990448754],[-76.27049756971728,35.81708633723589],[-76.22188866165133,35.94094472084635],[-76.18168123844168,36.06761871762234],[-76.15240638325741,36.196720824355005],[-76.1365995155803,36.327863439701225],[-76.1368003237401,36.46065884534021],[-76.1555526290539,36.59471918711103],[-76.19540417975692,36.72965645639118],[-76.25890637277409,36.8650824719916],[-76.34861390127743,37.00060886285612],[-76.46708432591207,37.135847051862086],[-76.61687756756592,37.27040824102502],[-76.70648852810781,37.21764666828329],[-76.72733906627286,37.14116628352833],[-76.69908459744558,37.0464531119087],[-76.64135993891837,36.938992127470236],[-76.57374307544494,36.824266400216175],[-76.51573430741183,36.707756631569325],[-76.48675022516713,36.594941044743166],[-76.50613174660175,36.491295583564565],[-76.59316544592886,36.40229437025742],[-76.68243226434087,36.5462621871885],[-76.76958613694102,36.70582836447594],[-76.85400279325448,36.877567476872],[-76.93502566818321,37.05805277598141],[-77.01195903931293,37.243855689657025],[-77.08406263930958,37.43154537371277],[-77.15054799694838,37.61768834305648],[-77.21057680030873,37.798848213260854],[-77.26326159484857,37.9715855851371],[-77.3076691254993,38.13245810401278],[-77.34282660345256,38.27802072208992],[-77.20339618332858,38.34611324946294],[-77.06658066155131,38.415798486859174],[-76.92776416715377,38.484090019377966],[-76.78231793881446,38.54800035500817],[-76.62560299826957,38.60454101269705],[-76.45297586659657,38.650722740013144],[-76.2597973690169,38.68355586629119],[-76.14821311735199,38.51883938632751],[-76.03176083585068,38.36235406901725],[-75.90427566112763,38.221007030927844],[-75.75953178769458,38.10170136759075],[-75.59125688497748,38.01133794496079],[-75.48231798100154,38.11147931666628],[-75.44739066842754,38.233511758287],[-75.47165017745515,38.36781744439875],[-75.54018407025877,38.504773156649186],[-75.63794805951562,38.63474903746832],[-75.7497507356796,38.7481085162475],[-75.86026948924993,38.83520958466549],[-75.95409968690494,38.88640755931903],[-75.79114366070455,38.88166182934552],[-75.67339150603068,38.90539079954869],[-75.5895395364237,38.95047805646491],[-75.66001240086469,39.144727982698946],[-75.76417520029989,39.3149927513291],[-75.84662765047433,39.45524369149285],[-75.85178423237369,39.559449723495916],[-75.73723095983769,39.62926122628696],[-75.59776038163919,39.68374969006578],[-75.43866594508856,39.72618276634413],[-75.26526536291732,39.7598297861649],[-75.08288837325397,39.787961246700114],[-74.89686824248297,39.813848451369424],[-74.71253711582399,39.84076331345746],[-74.5352252651421,39.87197832959847],[-74.37026426066093,39.91076672802833],[-74.22299410329713,39.96040279719133],[-74.23052501388527,40.13864137701783],[-74.2456979261292,40.31945990066195],[-74.24482383791003,40.489294759392294],[-74.2039662648006,40.634584837124926],[-74.06013284303852,40.68062138350334],[-73.92580257035243,40.732479664046146],[-73.79954494447782,40.78927655649214],[-73.6799290593004,40.850128742388954],[-73.5655222426723,40.91415263400115],[-73.45488899480848,40.9804643132267],[-73.3465902221302,41.048179482884656],[-73.23918276079999,41.11641343086119],[-73.13121918372235,41.184281007693485],[-73.02124788447163,41.25089661822638],[-72.90781343146641,41.3153742280018],[-72.7894571857501,41.37682738502805],[-72.66471817597755,41.434369257529596],[-72.53213422465907,41.48711268819644],[-72.39024332038872,41.534170265333884],[-72.23758523168978,41.574654411159294],[-72.07270335924287,41.60767748730264],[-71.89414682461415,41.632351917341126],[-71.70047279514787,41.6477903259354],[-71.49024904639275,41.653105693836885],[-71.26205676524711,41.647411527703454],[-71.18769656198242,41.78125556973428],[-71.10566751533703,41.90991713285996],[-71.01728246450959,42.03443641615691],[-70.92386658420264,42.15585470296747],[-70.82675580468168,42.27521431861175],[-70.72729558856302,42.39355860567059],[-70.71283483997574,42.50527124487155],[-70.72912313529142,42.635858580828994],[-70.76868622408836,42.78066951103223],[-70.82400625682679,42.93504910628868],[-70.88750562951913,43.09433731819485],[-70.95153824061823,43.25386808348869],[-71.00838787524071,43.40896886171621],[-71.0502733771485,43.55496064853332],[-71.06936024438032,43.68715850772173],[-71.05777829820298,43.80087266046105],[-71.00764513519822,43.89141016040328],[-70.91109518486184,43.95407716751336],[-70.6661037365648,43.94662321845013],[-70.44357352638764,43.95135773574719],[-70.24172739991023,43.96734163074231],[-70.05880394568442,43.99363661705653],[-69.89305422259326,44.02930497751072],[-69.74273878384679,44.07340935263306],[-69.60612500495952,44.125012549273606],[-69.48148472001257,44.183177368270236],[-69.36709216791525,44.24696645049309],[-69.26122224815916,44.31544214093528],[-69.16214908363402,44.3876663708165],[-69.06814488640758,44.46270055792313],[-68.9774791209367,44.53960552562451],[-68.88841795796417,44.617441441180354],[-68.79922401137382,44.6952677740866],[-68.70815634954181,44.77214327529932],[-68.61347077225551,44.847125978224085],[-68.51342034411523,44.919273222363834],[-68.40625617550755,44.987641700479315],[-68.29023424737598,45.05130181552545],[-68.1635946199608,45.10928082191919],[-68.01146885619927,45.16101417631304],[-67.85525396003285,45.20078294224621],[-67.69733531128752,45.233835218745035],[-67.54008804267596,45.26542148492794],[-67.38587482401363,45.3007940675456],[-67.23704722165728,45.34520731928741],[-67.09595083156991,45.403918530327445],[-66.964934486244,45.48218960468322],[-66.84636408056073,45.585289554709966],[-66.85775112844654,45.794235452014334],[-66.93704711436568,45.94670951752678],[-66.99859327545147,46.06191076163747],[-66.83085342024523,45.99536897814826],[-66.65163496465135,45.94498659825096],[-66.46274851920494,45.90816250383303],[-66.2660201758069,45.88229846503895],[-66.06329065455273,45.86479820972264],[-65.8564148074663,45.853066705172346],[-65.6472613441209,45.84450963993376],[-65.43771269142601,45.83653309850045],[-65.22966493204048,45.826543425032895],[-65.02502778347736,45.81194727413],[-64.82572458349554,45.790151847017825]]],[[[7.9231455569271585,45.305751658656476],[7.908681070829869,45.472686437154444],[7.886308593742232,45.63727098748595],[7.85553435241581,45.7992963995984],[7.8158635288759815,45.95855332868213],[7.766800438770456,46.114831998675974],[7.707848726454115,46.26792220851318],[7.493007958021706,46.31744657236339],[7.284812536695305,46.33228964981525],[7.084129382071507,46.31793761126301],[6.8917879610397526,46.27988417777289],[6.708582423151929,46.223626362252084],[6.535274390935589,46.154661077856254],[6.372596230917327,46.07848267182287],[6.221254667779598,46.000581394586604],[6.0819346446740665,45.9264427804174],[6.056618106026265,45.79656059810472],[6.031605543854426,45.65126830638805],[6.007872166212363,45.49302688442876],[5.986388664754313,45.324294132128635],[5.968120989260306,45.14752398228509],[5.954030751092714,44.96515200467875],[5.945072859595253,44.77965204782195],[5.942197540501781,44.593450659173385],[5.946350802089817,44.40898448565679],[5.958476316194267,44.22868583800143],[5.979516806525908,44.054983009188945],[6.0104156123714025,43.89030071574894],[6.052118407898689,43.73706064981997],[6.105575064093464,43.59768213205103],[6.171741649367438,43.474582858251296],[6.29369987703738,43.487278035618516],[6.406953332433681,43.526786864579314],[6.5150880822483215,43.58716948426726],[6.621675214203727,43.662486435987894],[6.730276467057281,43.74679625468367],[6.844447033270292,43.834153814883926],[6.967735574894971,43.91860944587026],[7.103681489071882,43.99420884736053],[7.255809465777721,44.054993842811086],[7.427621396592826,44.09500400229293],[7.622585719330894,44.10827915063917],[7.844124321327803,44.088862749090865],[7.871326788653816,44.26642824645202],[7.894029400935994,44.44309663859902],[7.911751304038106,44.61866128166795],[7.92400966798013,44.792915151940726],[7.9303197647252945,44.965650840967015],[7.930194618302882,45.13667512640162],[7.9231455569271585,45.305751658656476]]],[[[-4.108032935062765,52.29818973353898],[-3.968371135833939,52.32389624307851],[-3.7882823890762243,52.41844973663767],[-3.842301388933068,52.612439804396914],[-4.011407383951704,52.726284045125475],[-4.230419898844792,52.75738070165802],[-4.280276725756179,52.6294903791975],[-4.29363352260153,52.506924429992985],[-4.2698510720392004,52.402393879782494],[-4.208239391333519,52.328588136257174],[-4.108032935062765,52.29818973353898]]],[[[-2.520937113496897,52.71489316643443],[-2.4307183716508938,52.81260639998573],[-2.3472389470100747,52.99663096000671],[-2.489407780091584,53.15071467466649],[-2.6776575560598292,53.1674295540952],[-2.85953064357572,53.080155881942915],[-2.827217559846833,52.934995330477456],[-2.771025273209082,52.813384788502084],[-2.6971669375429332,52.72782817125969],[-2.611776997077399,52.69082452228739],[-2.520937113496897,52.71489316643443]]],[[[-2.7069155289111997,54.6023997961352],[-2.8084538673938564,54.70706815439091],[-2.934603424316661,54.79181643512291],[-3.0760070661909626,54.85328668474453],[-3.2232546740979817,54.888124294534634],[-3.366902107723929,54.89298265229327],[-3.3331031129872315,54.73298439591605],[-3.2665006101532885,54.56470583333189],[-3.170138253536436,54.40031629886812],[-3.0469790447171263,54.25194316465931],[-2.899884170315472,54.13167914439871],[-2.7316030481401867,54.051596827925515],[-2.642514237592767,54.20242471273763],[-2.6147644898684526,54.34672805405285],[-2.6392796320134018,54.48116865610617],[-2.7069155289111997,54.6023997961352]]],[[[-4.113389731428869,57.59603173352023],[-4.183985348187873,57.76314884440141],[-4.2528554745834395,57.93266786604029],[-4.333021728932332,58.09297967141447],[-4.4233249110543245,58.09297967141447],[-4.512053037674141,58.09297967141447],[-4.602356219796098,58.09297967141447],[-4.6734116610349705,57.9729756281251],[-4.718214761759137,57.833678033268505],[-4.76644827367995,57.696725457857106],[-4.847658047701637,57.58368412631941],[-4.9913327099016005,57.51606678031676],[-5.22711125705627,57.515379650947914],[-5.22486941050815,57.33138314678594],[-5.254564957282023,57.17041206249265],[-5.305243239586739,57.02453197717274],[-5.3660353013177815,56.88584338067919],[-5.426132650871919,56.74647559514359],[-5.474779619792836,56.59858465675099],[-5.5012827106730295,56.43435491116408],[-5.311177292833959,56.36606648140996],[-5.12305888824662,56.295624704697914],[-4.93203299683986,56.227788130476114],[-4.733180548412028,56.167307880585966],[-4.521554650870202,56.11892909117665],[-4.29217400825476,56.087393630173274],[-4.040012906197889,56.07744407591531],[-3.9775135401808424,56.20531197642783],[-3.8941213025065355,56.31965726410498],[-3.794367395505434,56.424076210265014],[-3.682803564352712,56.52217592975415],[-3.5639935826979396,56.617572830052694],[-3.4425079085076735,56.71389178035838],[-3.322921579119768,56.81476603778877],[-3.209815396564627,56.92383796483071],[-3.1077804544579717,57.04476057408596],[-3.021426076824561,57.18119994348739],[-2.9553912778199862,57.336838557813515],[-2.9143599105775113,57.515379650947914],[-3.0729956212607217,57.53442415970664],[-3.2352071148035115,57.47866711097015],[-3.4026992802766998,57.38432138850088],[-3.5773602573712164,57.287568083552245],[-3.7612535359818065,57.224511034921946],[-3.9150312064433397,57.31520620587642],[-4.028069149647143,57.442877570954685],[-4.113389731428869,57.59603173352023]]],[[[118.64924660466595,-20.874208012364114],[118.6558107860052,-20.790772013568045],[118.66195312326879,-20.71453155180705],[118.66762190662125,-20.64570972973115],[118.67276666023973,-20.584529652156775],[118.67733801465361,-20.53121442548029],[118.68128758087971,-20.48598715709051],[118.53745741948187,-20.531708491631296],[118.38820406521278,-20.58049160676401],[118.23399624373297,-20.632191392712866],[118.07530298431476,-20.686662740198333],[117.9125936486788,-20.74376054048326],[117.74633795480834,-20.803339685407288],[117.57700599568123,-20.86525506740997],[117.40506825291777,-20.929361579541986],[117.23099560539835,-20.995514115464093],[117.05525933295134,-21.063567569434838],[116.87833111525659,-21.133376836286615],[116.70068302614804,-21.20479681139061],[116.52278752353521,-21.27768239061142],[116.21709947868555,-21.403483151897625],[115.93693498693334,-21.519502644867096],[115.68107192803102,-21.626626510768684],[115.44828516640243,-21.725740386732667],[115.23734733623745,-21.817729907723713],[115.04702946071258,-21.903480707979142],[114.876101445879,-21.983878422049784],[114.72333248294925,-22.059808685543004],[114.587491387003,-22.132157135654452],[114.46734689541664,-22.201809411560596],[114.36166794553627,-22.269651154734156],[114.26922394818368,-22.336568009236455],[114.18878507146138,-22.40344562203314],[114.11912254795757,-22.471169643377124],[114.05900901781806,-22.540625727298117],[114.0072189202132,-22.6126995322406],[113.9625289464682,-22.688276721891945],[113.92371856952256,-22.768242966247605],[113.88957066643175,-22.85348394296658],[113.85887225329135,-22.94488533907812],[113.83041535525864,-23.043332853111405],[113.80299803823446,-23.149712197732782],[113.77542563324019,-23.264909102989286],[113.74124891230085,-23.442143738588257],[113.71626696115358,-23.624014900457244],[113.70060050931808,-23.806499250168883],[113.69433134841431,-23.985573369474697],[113.69749772474306,-24.157213747895213],[113.71009252890569,-24.317396776705245],[113.73206496263036,-24.462098751324696],[113.76332625362289,-24.587295883759666],[113.80375981256718,-24.68896432617632],[113.83130720282078,-24.752049463278748],[113.86030196503452,-24.836134887595016],[113.89054783088707,-24.939690439808587],[113.92186549874167,-25.061183472726803],[113.95407179956729,-25.199089192897834],[113.98699097472677,-25.35187453287665],[114.02043933848928,-25.518009147783218],[114.0542243918497,-25.695962598637355],[114.08814106676327,-25.88420434861764],[114.12196840433039,-26.081203766316296],[114.15546666913298,-26.285430135617073],[114.18837490313193,-26.495352671548197],[114.2204089237002,-26.709440541230475],[114.25125977144125,-26.926162888847415],[114.28059261443073,-27.143988863413334],[114.31057149932522,-27.355925739590145],[114.34223174009539,-27.560021182655923],[114.37561361072711,-27.756725452647313],[114.41076743553134,-27.94648884997241],[114.44775301155353,-28.12976170428102],[114.4866390685562,-28.30699436486823],[114.52750276703271,-28.478637192415633],[114.57042923474211,-28.64514055188983],[114.61551114226059,-28.806954806431364],[114.66284831806665,-28.964530312080115],[114.71254740368046,-29.11831741319539],[114.76472154938908,-29.26876643843871],[114.81949015109994,-29.416327697198255],[114.87697862887445,-29.561451476341713],[114.93731824770715,-29.704588037192696],[115.00064598113612,-29.84618761263184],[115.06710441829021,-29.986700404229623],[115.13683922565686,-30.12656133956062],[115.21000605551552,-30.266250672902377],[115.28675962803725,-30.40620460592675],[115.41420766957539,-30.636096708040917],[115.5260032084123,-30.842988162360705],[115.62268946373095,-31.030063457434757],[115.70489331768516,-31.20050624834438],[115.77331140386143,-31.35749968319583],[115.82869855252243,-31.504226631511745],[115.87185848398538,-31.643869844601465],[115.90363666234505,-31.779612072204813],[115.92491523600937,-31.914636155297913],[115.9366099994984,-32.052125111914265],[115.93966931287683,-32.19526223116742],[115.93507491121707,-32.347231190361704],[115.92384452673672,-32.51121621114635],[115.90703623086291,-32.69040227310954],[115.87723976863386,-32.89286794412058],[115.8368784437046,-33.086814358924705],[115.7875502772754,-33.267695402043955],[115.73081877031568,-33.430963673486815],[115.66822579829014,-33.57207058794503],[115.60130662503198,-33.68646665231054],[115.53160695101957,-33.76960192772749],[115.46070202649923,-33.816926662930896],[115.35889908234222,-33.86965261607573],[115.29574052252767,-33.9334261094384],[115.26934841886177,-34.00646261285418],[115.27784837058066,-34.08697753545494],[115.31936418908094,-34.173186157249845],[115.3920133431029,-34.2633035667515],[115.49390314740677,-34.35554460606397],[115.62312768131643,-34.44812382561964],[115.77776542709874,-34.539255451283154],[115.95587762196286,-34.62715336683367],[116.1555073215226,-34.71003111488536],[116.3746791768911,-34.78610191911654],[116.61139993220075,-34.85357873024144],[116.77544416064441,-34.89292051087166],[116.92926620271717,-34.92413527904521],[117.0755747918966,-34.94690863984647],[117.21708326153215,-34.96092629778046],[117.35650908487719,-34.965874076121324],[117.49657336287869,-34.961437935764],[117.64000026539068,-34.94730399319309],[117.78951643244756,-34.92315853714657],[117.94785034326507,-34.88868804351409],[118.11773166173677,-34.84357918796784],[118.30189056837031,-34.78751885578561],[118.50305708987916,-34.7201941482822],[118.7239604389948,-34.641292385223984],[118.96732837853517,-34.55050110255682],[119.09860964359024,-34.502503308448404],[119.23968723481865,-34.454366533668136],[119.38952093156921,-34.40632439896726],[119.54707118109691,-34.35861050227334],[119.71129915917163,-34.31145841974882],[119.88116681958962,-34.26510170709223],[120.05563693315231,-34.219773901055355],[120.23367311667911,-34.175708521151],[120.41423985260937,-34.13313907152764],[120.5963024997272,-34.09229904299006],[120.77882729550713,-34.05342191514728],[120.96078135053449,-34.016741158673824],[121.14113263539295,-33.98249023767245],[121.31884996034279,-33.95090261213332],[121.49290294802859,-33.922211740487484],[121.66226199935964,-33.89665108225986],[121.55274077075494,-33.731459495853116],[121.443659886681,-33.565159025934314],[121.33518932392877,-33.39793075024856],[121.2274964546238,-33.22995567844749],[121.12074599406183,-33.06141475892063],[121.01509995558622,-32.89248888594048],[120.91071761264257,-32.723358907064224],[120.80775546814856,-32.55420563073616],[120.70636723131719,-32.3852098340319],[120.60670380206943,-32.21655227048756],[120.50891326317772,-32.04841367795609],[120.41314088027752,-31.88097478643262],[120.31952910988801,-31.71441632579349],[120.22821761558083,-31.548919033390746],[120.13934329243853,-31.384663661448855],[120.05304029994352,-31.221830984208374],[119.96944010343839,-31.060601804764236],[119.88867152429891,-30.901156961547773],[119.81086079896289,-30.743677334403436],[119.73613164695261,-30.588343850212492],[119.66460534803451,-30.435337488019826],[119.59640082865349,-30.284839283621235],[119.53163475777977,-30.137030333571616],[119.47042362922917,-29.992106243714208],[119.41287511306285,-29.850218551827528],[119.3590996672785,-29.711564370901723],[119.30920366809877,-29.576325520094375],[119.26329227435727,-29.444683812588174],[119.21195638481048,-29.290125160502573],[119.16242298697944,-29.13138108416974],[119.11471482928472,-28.968674579268278],[119.06885243455328,-28.80222867824463],[119.02485395473848,-28.632266450434138],[118.98273503626086,-28.459011001822105],[118.94250869578246,-28.28268547445568],[118.90418520623096,-28.10351304551959],[118.86777199288943,-27.92171692609003],[118.83327353937165,-27.737520359583407],[118.80069130330882,-27.551146619917397],[118.77002364157833,-27.362819009404937],[118.74126574491424,-27.172760856401545],[118.7144095817434,-26.98119551272745],[118.68944385110588,-26.78834635088939],[118.66635394452379,-26.594436761125177],[118.64512191669756,-26.399690148297065],[118.62572646491456,-26.204329928659305],[118.60814291707274,-26.008579526526777],[118.59234322823139,-25.812662370871916],[118.57829598561251,-25.61680189187723],[118.56596642199378,-25.421221517470848],[118.5553164374389,-25.226144669873364],[118.54630462933433,-25.031794762183253],[118.53888037851722,-24.838398206429414],[118.53298254683085,-24.646172477051273],[118.52853081463167,-24.455343175896854],[118.52544649720416,-24.266133311705197],[118.52364956982044,-24.078765891059675],[118.52305899738941,-23.893463919298195],[118.52359305422715,-23.710450401391366],[118.525169632048,-23.529948342782845],[118.52770653436869,-23.352180750185536],[118.53112175562673,-23.177370632328856],[118.53533374342285,-23.005741000651515],[118.5402616424314,-22.837514869935312],[118.54582551865295,-22.67291525887589],[118.55194656283673,-22.5121651905868],[118.55854727206051,-22.35548769303308],[118.56555160862914,-22.203105799392663],[118.57288513563846,-22.05524254834266],[118.5804751287512,-21.91212098426948],[118.58825066393995,-21.773964157402073],[118.59614268118082,-21.64099512386791],[118.60408402431243,-21.51343694567212],[118.6120094575299,-21.39151269060183],[118.61985565924192,-21.275445432057094],[118.62756119429392,-21.165458248811493],[118.63506646585067,-21.061774224706607],[118.64231364852624,-20.964616448284495],[118.64924660466595,-20.874208012364114]]],[[[96.36351755734408,5.33134459544477],[96.19997831374279,5.37421193635594],[96.04421611909365,5.423809985026134],[95.8963685828594,5.480234552336656],[95.75657422718704,5.543581449164006],[95.6249725522018,5.613946486371596],[95.63695158353124,5.458126318768972],[95.6604526241556,5.309219366009486],[95.6948259194564,5.166840371984865],[95.73942424129153,5.030604080465935],[95.79360351505507,4.90012581081084],[95.85672282371344,4.775019090889882],[95.92814520553799,4.654899306097607],[96.00723390333268,4.5393811994697],[96.0933529146574,4.42807951410419],[96.18586701125044,4.320608993154948],[96.28414175062348,4.216584379825567],[96.38754348249573,4.115620417364429],[96.49543935247381,4.017331849059798],[96.6071973051544,3.921333418236088],[96.72218608863305,3.8272398682501856],[96.83977526223663,3.734665942488554],[96.95933520915928,3.6432263843644597],[97.08023715556948,3.552535937315839],[97.20185319766773,3.4622093448034157],[97.32355633811284,3.371861350308897],[97.44472053318647,3.2811066973337493],[97.56472075204947,3.1895601293979086],[97.6829330494379,3.0968363900388267],[97.79873465316328,3.002550222810541],[97.91150406781887,2.906316371283002],[98.02062119614213,2.8077495790411304],[98.12546747955253,2.706464589684297],[98.22542605946767,2.6020761468253104],[98.3198819610917,2.49419899408971],[98.40822230148225,2.382447875114676],[98.48983652381749,2.2664375335476525],[98.51617148345588,2.0809058268177143],[98.55446932281828,1.9056716983944773],[98.60261394811427,1.738917928452902],[98.65850091664407,1.5788272973437378],[98.72003706229843,1.423582585556219],[98.78514027951435,1.2713665736884532],[98.85173952722774,1.1203620424232235],[98.91777510795728,0.968751772507906],[98.98119927310242,0.8147185447371329],[99.03997720370192,0.6564451399361572],[99.25308220469596,0.6370176334794609],[99.3927949869219,0.5488466427566625],[99.50110833201161,0.4307871808707173],[99.61988105853334,0.32169426061365763],[99.67669668823079,0.17111579174238736],[99.74005366690501,0.026313656649975325],[99.80927617336928,-0.11331201837106883],[99.88368747327762,-0.24836110700188485],[99.96261383361299,-0.3794334829041751],[100.04538663525781,-0.5071290197258673],[100.13134190254374,-0.6320475911064093],[100.21981989589587,-0.7547890706809941],[100.31016477007833,-0.8759533320847117],[100.40172429128957,-0.9961402489560048],[100.49384960687254,-1.115949694940389],[100.58589506177262,-1.2359815436938009],[100.67721805611698,-1.3568356688860814],[100.76717893839668,-1.4791119442047345],[100.8551409287113,-1.6034102433590856],[100.94047006640186,-1.7303304400846284],[101.02253517613438,-1.8604724081482302],[101.10070784612775,-1.9944360213540036],[101.17436241173584,-2.1328211535500077],[101.24287593700971,-2.2762276786359035],[101.3056281861756,-2.425255470572132],[101.36200157618755,-2.5805044033904703],[101.4113811006428,-2.742574351205823],[101.45315421440597,-2.912065188230544],[101.48671066726902,-3.089576788790441],[101.60446089029818,-3.202492705748289],[101.71798194209711,-3.3194171051419814],[101.82832107088619,-3.4393770549833693],[101.93652196646894,-3.561399623235971],[102.04362480230239,-3.6845118778062984],[102.15066636302107,-3.8077408865360134],[102.2586802437771,-3.9301137171951646],[102.36869710722664,-4.050657437476678],[102.48174498396061,-4.168399114992732],[102.59884960262542,-4.282365817273068],[102.72103473690133,-4.391584611765742],[102.84932255788674,-4.495082565840368],[102.9847339822714,-4.591886746794343],[103.12828900896632,-4.681024221861965],[103.28100703959042,-4.761522058226812],[103.44390718140752,-4.832407323037229],[103.48820794214777,-4.968765386290999],[103.54546960808759,-5.096349485253975],[103.61515248515434,-5.2148818782826645],[103.6967164242981,-5.324082921584405],[103.78962148289311,-5.423673582346916],[103.8933275289198,-5.513374827908734],[104.00729444993115,-5.592907625739213],[104.1309823720727,-5.661992943418671],[104.26385188776258,-5.720351748618905],[104.40536429038924,-5.767705009084246],[104.55498181411826,-5.8037736926147225],[104.71216787662574,-5.828278767050909],[104.87638732228235,-5.840941200261746],[105.04710666301249,-5.841481960135911],[105.22379431373908,-5.829622014577794],[105.40592081900814,-5.805082331508493],[105.59295906705279,-5.767583878872775],[105.64498114752942,-5.625733550328692],[105.70859798387701,-5.484270666499168],[105.78012499205354,-5.342918482828261],[105.85587945354752,-5.201400254773784],[105.9321804279903,-5.059439237818722],[106.00534952002428,-4.916759271682251],[106.07171210235906,-4.773082369622892],[106.12760034632313,-4.6281324435580675],[106.1693479841189,-4.481632748252013],[106.19329093490377,-4.333306538492928],[106.19576743409658,-4.182877069090861],[106.17311817253415,-4.030067594876178],[106.13133556821009,-3.925258555427673],[106.06424640361448,-3.826844889003048],[105.98016043476628,-3.732790615677292],[105.8873913572105,-3.6410597556678583],[105.7942569553641,-3.5496163293158602],[105.70907934023676,-3.456424357074735],[105.64018533824911,-3.359447859505256],[105.59590709429247,-3.25665085727567],[105.58458295910297,-3.1459973711658726],[105.61455874496365,-3.0254514220742186],[105.69418945533812,-2.8929770310251923],[105.5448180190392,-2.827787765022722],[105.40516166028698,-2.753372466381944],[105.27436255380107,-2.6705696273890402],[105.15156268966778,-2.580217740311847],[105.03590339114564,-2.4831552973913706],[104.9265248441697,-2.380220790835544],[104.82256563761223,-2.2722527128144914],[104.72316231592457,-2.160089555457822],[104.6274489480399,-2.0445698108533734],[104.53455671835911,-1.926531971047822],[104.44361354727751,-1.8068145280483494],[104.35374375003963,-1.6862559738256149],[104.26406774372826,-1.5656948003178568],[104.17370181289368,-1.4459694994353793],[104.08175794471303,-1.3279185630658954],[103.98734374460895,-1.212380483079713],[103.88956244296963,-1.1001937513353073],[103.7875130029599,-0.9921968596845713],[103.68029033840642,-0.8892282999773687],[103.56698564936639,-0.7921265640659972],[103.44668688123294,-0.7017301438086706],[103.31847931110087,-0.6188775310720022],[103.18144626260921,-0.5444072177329713],[103.18238722679405,-0.3818471430090794],[103.22102092221998,-0.2521643870731151],[103.25661912326672,-0.11849650181393691],[103.24871716336487,0.05601896068859444],[103.13589424680367,0.17869718711546267],[103.03103534134756,0.3092819105864401],[102.93222625233875,0.4454776966252583],[102.8375377568922,0.5849891107653619],[102.74502501218882,0.7255207185330121],[102.59335145145901,0.8044113835909962],[102.44475814002487,0.8860515962785702],[102.29912797154367,0.9703286801312747],[102.15634344998044,1.0571299586886258],[102.01628665929886,1.1463427554937824],[101.87883923660084,1.2378543940936046],[101.74388234866781,1.331552198038331],[101.61129667184487,1.4273234908814219],[101.48096237520363,1.5250555961792898],[101.3527591069078,1.6246358374909737],[101.22656598370192,1.725951538377745],[101.10226158343292,1.8288900224028306],[100.97972394051159,1.9333386131308423],[100.85883054420951,2.039184634127461],[100.7394583396864,2.146315408958782],[100.62148373163359,2.2546182611909726],[100.50478259041499,2.363980514389587],[100.3892302605838,2.4742894921190444],[100.27470157164534,2.585432517942024],[100.16107085093594,2.697296915418944],[100.04821193848072,2.8097700081071584],[99.9359982036919,2.9227391195605463],[99.82430256376598,3.0360915733287053],[99.71299750363325,3.1497146929564956],[99.60195509731403,3.2634958019831926],[99.49104703053231,3.377322223942026],[99.38014462443614,3.491081282359497],[99.26911886027273,3.6046603007549263],[99.1578404048686,3.717946602639649],[99.04617963676054,3.8308275115166097],[98.93400667282754,3.9431903508798083],[98.82119139527325,4.054922444213824],[98.70760347881053,4.165911114993302],[98.59311241790164,4.276043686682666],[98.47758755391101,4.385207482735606],[98.36089810203104,4.493289826594777],[98.24291317784474,4.600178041691604],[98.12350182339439,4.705759451446001],[98.0025330326322,4.809921379266239],[97.87987577613237,4.912551148548859],[97.75539848210046,5.01353544897714],[97.62897177672274,5.112762820537211],[97.50046603932351,5.210120004372456],[97.29311002324705,5.21461512682284],[97.092721597978,5.225266091931384],[96.8994339674706,5.242168710509988],[96.71338096591597,5.265418793388399],[96.53469709370108,5.295112151413025],[96.36351755734408,5.33134459544477]]],[[[118.49281952898731,4.60462982765934],[118.58184730645601,4.699277848170762],[118.66656544723858,4.795593260438647],[118.74560207134886,4.894205660012745],[118.8175863261206,4.995744642499525],[118.8811481055937,5.100839125190232],[118.93492262503204,5.210120004372456],[118.81810125891734,5.23892993959414],[118.70605574007823,5.282965468814637],[118.59833995500385,5.340404686944884],[118.49450940514804,5.409425688879491],[118.39411993598101,5.488206569450245],[118.29672661904405,5.574925423395045],[118.20188278000309,5.667760345343817],[118.10913917383961,5.764889429820671],[118.01804331491198,5.864490771260265],[117.9281389746865,5.96474246403526],[117.8389658634917,6.0638226024904744],[117.75005951468451,6.159909280979406],[117.6609513901492,6.251180593898651],[117.5711692250612,6.335814635715298],[117.48023762734664,6.41198950098377],[117.38767894323975,6.4778832843492085],[117.29301439479386,6.531674080535409],[117.195765488137,6.571539984317448],[117.09545568269847,6.595659090480832],[116.99161230158762,6.602209493771284],[116.88376865182713,6.5893692888420095],[116.771466310277,6.555316570208213],[116.65425751690474,6.498229432222052],[116.53170760165274,6.4162859690850675],[116.43261704556902,6.306350504289728],[116.36669366278514,6.1691095191250165],[116.31819928311555,6.014452039659893],[116.2713672878176,5.852267092545506],[116.21039812333622,5.69244370466387],[116.11945953508834,5.544870902638889],[116.01403391598068,5.426695371713832],[115.90052758730909,5.322103526042778],[115.77920772531786,5.229801231362048],[115.65034738500552,5.148494353392068],[115.51422448398174,5.076888757876919],[115.37112095280506,5.013690310607545],[115.22132272299274,4.957605482535718],[115.0651167185395,4.907338903636486],[114.90279407711199,4.861597072978039],[114.73464711250051,4.819085855913281],[114.56096980848626,4.778511117848681],[114.38205772204111,4.738578724236476],[114.1982079615549,4.697994540570506],[114.00971924908157,4.655464432385244],[113.81689207475708,4.609694265258216],[113.7141411204988,4.49336301965269],[113.62462802030127,4.364392544320887],[113.54563664253965,4.225423873588461],[113.47444584687295,4.079098041540131],[113.40832760022592,3.928056081993641],[113.34454517495132,3.774939028491945],[113.28035154590633,3.6223879143115956],[113.21298812285899,3.4730437724842274],[113.13968396395728,3.3295476358283818],[113.05765561460547,3.194540536988439],[112.96410770362631,3.070663508478247],[112.85623440470016,2.960557582727281],[112.73122183549825,2.8668637921271176],[112.5194803042819,2.8453109253983273],[112.32784815143795,2.804646927073779],[112.15202269881627,2.7489826586580026],[111.9876994038499,2.682428981636003],[111.83056742727156,2.609096757412557],[111.67630640791376,2.5330968472756665],[111.5205845056042,2.4585401123829653],[111.35905784090467,2.3895374137682013],[111.18737148652652,2.3301996123638093],[111.17295808126168,2.1193478997976203],[111.12704795501631,1.9381464862510067],[111.0562051804352,1.780460826371041],[110.96704599047004,1.6401563754439934],[110.86623108206065,1.5110985891915383],[110.76045964964818,1.3871529236383158],[110.65646620741063,1.262184835029534],[110.48529543077191,1.292885092908427],[110.34275727243006,1.3501528817781152],[110.21555387068939,1.421590020726012],[110.09035944350238,1.4947983287161275],[109.95380953589995,1.5573796245152178],[109.79250856755385,1.5969357267049675],[109.76166914497759,1.4416863319918962],[109.70493625162064,1.3169047667626683],[109.62798746703544,1.2166986673378075],[109.53654796235092,1.135175670363391],[109.43637864638833,1.066443412687746],[109.33326683541706,1.0046095312856598],[109.23302018154916,0.9437816632148572],[109.1414643322632,0.8780674455950889],[109.06444465264472,0.8015745156024108],[109.00783232501814,0.708410510471692],[108.9775352494103,0.5926830674992373],[108.9782061886768,0.5024014949886014],[108.99806531435914,0.4108184661502395],[109.03447081526534,0.31751565565791107],[109.08478335261859,0.22207473818455453],[109.14636622771239,0.12407738840060939],[109.21658558390861,0.02310528097228906],[109.2928103199878,-0.08125990944052469],[109.372409876553,-0.18943650818655278],[109.45275521373944,-0.3018428406258937],[109.53121998601608,-0.41889723213319036],[109.60518060231321,-0.5410180081012705],[109.67201626370297,-0.6686234939457607],[109.72910897885654,-0.8021320151098934],[109.77384354947108,-0.9419618970705576],[109.80360751726484,-1.088531465345218],[109.81579106354936,-1.242259045499922],[109.80778685183552,-1.4035629631585695],[109.77698980342677,-1.5728615440134635],[109.7207967955321,-1.750573113837703],[109.8252226951711,-1.8676570564899209],[109.92813794850251,-1.9858618179502616],[110.02631423223222,-2.1083007810185763],[110.11653860333129,-2.238087328637099],[110.19561426863669,-2.378334843928019],[110.26036192251036,-2.5321567102467184],[110.30762142180345,-2.7026663112557063],[110.33425350983732,-2.8929770310251923],[110.4926996001171,-2.938444124618513],[110.65555854456419,-2.984456304458403],[110.8223967164544,-3.0304555063186007],[110.99277945755048,-3.0758836659603377],[111.16627109810938,-3.1201827191320977],[111.34243500368497,-3.1627946015697095],[111.5208336474748,-3.20316124899704],[111.70102870711958,-3.240724597126911],[111.8825811851113,-3.274926581663022],[112.06505155229098,-3.305209138301817],[112.24799991433778,-3.331014202735361],[112.43098620165718,-3.35178371065462],[112.61357038367571,-3.3669595977531506],[112.795312709245,-3.375983799731594],[112.97577397564532,-3.378298252302169],[113.15451582956592,-3.3733448911940704],[113.33110110441868,-3.360565652158758],[113.51746085434435,-3.314318459824557],[113.71337620077206,-3.24917879792128],[113.90836768192125,-3.2277279728263237],[114.03139633833862,-3.2464646453542803],[114.15555808304097,-3.2796166660509227],[114.28071057070527,-3.324478082370852],[114.40671080693778,-3.3783429417723037],[114.53341276534715,-3.4385052916800527],[114.66066570664643,-3.502259179455691],[114.78831318793884,-3.5668986523762887],[114.91619272578723,-3.629717757621485],[115.04413606234513,-3.688010542271162],[115.17196997985829,-3.7390710533142664],[115.29951761538118,-3.7801933376702035],[115.42660024472275,-3.8086714422237242],[115.55303953258357,-3.821799413872932],[115.6786602847174,-3.816871299590457],[115.80329378784869,-3.7911811464954144],[115.92678188413701,-3.7420230019333274],[116.04898199926791,-3.6666909135598282],[116.16977342685705,-3.562478929421035],[116.1758810729242,-3.3948310050740393],[116.18990185730537,-3.2340245973823896],[116.21126392704069,-3.0795695738995894],[116.23939758521163,-2.930975802275003],[116.27373537816875,-2.787753150241572],[116.31371215346971,-2.6494114856051203],[116.3587650962198,-2.5154606762350693],[116.40833375074851,-2.3854105900560634],[116.46186003388668,-2.2587710950408475],[116.51878824552526,-2.1350520592040634],[116.5785650816272,-2.0137633505966885],[116.64063965443229,-1.8944148373012282],[116.70446352422934,-1.7765163874274827],[116.7694907467687,-1.6595778691088292],[116.8351779401548,-1.5431091504988848],[116.9009843748777,-1.4266200997683947],[116.96637209052408,-1.3096205851024632],[117.0308060426471,-1.1916204746979648],[117.0937542832571,-1.0721296367607631],[117.15468817844655,-0.9506579395033323],[117.21308266674572,-0.8267152511418494],[117.2684165619541,-0.6998114398933878],[117.32017290437642,-0.5694563739728231],[117.36783936463013,-0.43515992158910594],[117.41090870446733,-0.29643195094136443],[117.4488792993768,-0.1527823302141138],[117.48125572809099,-0.003720927571880582],[117.50754717012799,0.15124238884698551],[117.52725947072108,0.3125977509376901],[117.53990052071123,0.4808352906376177],[117.54498256171318,0.6564451399361572],[117.6582055459371,0.7460931268074895],[117.79824872142555,0.8101805162228592],[117.95757070817035,0.8556783801464878],[118.12866606111872,0.8895577906124816],[118.304050754348,0.9187898197037173],[118.47625453445522,0.9503455395378265],[118.63781978328413,0.9911960222673379],[118.57133760041789,1.1618180172923203],[118.50136073593943,1.3289649806547763],[118.42715303487911,1.4920311727461635],[118.34797524010301,1.6504108539117561],[118.26308555922904,1.8034982844475231],[118.1717402315679,1.95068772459835],[118.07319409027545,2.0913734345575],[117.96670111580191,2.2249496744676676],[117.85151497774163,2.3508107044234743],[117.72688956333951,2.468350784475561],[117.65684569472175,2.640646543613051],[117.60756515558191,2.8032769816460092],[117.57761602755058,2.956871693450136],[117.56557490093022,3.1020602739190966],[117.57002567770473,3.2394723179713534],[117.58955854825899,3.369737420555265],[117.62276911838896,3.4934851766524977],[117.66825766619506,3.6113451812804778],[117.72462851110072,3.7239470294936767],[117.7904894795493,3.8319203163845668],[117.86445145394879,3.935894637083789],[117.94512799316757,4.036499586760258],[118.03113501437403,4.134364760621229],[118.12109052726107,4.230119753912325],[118.21361441273123,4.324394161917749],[118.30732823894165,4.417817579961067],[118.40085510824264,4.511019603406261],[118.49281952898731,4.60462982765934]]],[[[101.27319708462404,6.605008847552369],[101.19867523736787,6.734713663636591],[101.14047739879861,6.878561017176228],[100.92310478389136,6.913984391181591],[100.77426512255433,6.910442053791444],[100.62319142059252,6.814798943404545],[100.64815901894325,6.5119290846426665],[100.31746793815903,6.480048046221039],[100.3033079464223,6.311836064306847],[100.30833357243407,6.160401128886461],[100.32902014021619,6.022675969056074],[100.36185829659001,5.895593313471946],[100.40335089710655,5.776085890544525],[100.45001072930964,5.66108642857416],[100.49835897525354,5.54752765585159],[100.5449243346956,5.432342300741878],[100.58624274197699,5.312463091768525],[100.61885761363911,5.184822757713723],[100.63932056057584,5.046354027750743],[100.64419352102902,4.893990204161806],[100.63005375992005,4.724662785088276],[100.59350190173308,4.535305149534981],[100.66542307978114,4.387688359160255],[100.74047273343712,4.242756540179793],[100.81864346483923,4.100503156315078],[100.89992751364436,3.9609216713054827],[100.98431678090347,3.824005548907552],[101.0718028521449,3.6897482528944896],[101.16237701969439,3.5581432470552414],[101.2560303042551,3.4291839951940775],[101.35275347577304,3.3028639611297743],[101.45253707361154,3.1791766086950766],[101.55537142605817,3.0581154017361327],[101.66124666918414,2.939673804111738],[101.77015276508045,2.823845279693003],[101.88207951948888,2.7106232923625586],[101.99701659884808,2.600001306014197],[102.11495354677447,2.4919727845522646],[102.23587979999496,2.386531191891154],[102.35978470374924,2.283669991954849],[102.48665752667863,2.1833826486763805],[102.61648747521686,2.0856626259974007],[102.74926370749772,1.9905033878678233],[102.8849753467954,1.8978983982452295],[103.02361149450948,1.8078411210944374],[103.16516124270896,1.720325020387378],[103.30961368624745,1.6353435601023896],[103.45695793446143,1.5528902042238704],[103.60718312246198,1.472958416742225],[103.76027842203328,1.3955416616530296],[103.91623305214331,1.3206334029571776],[103.92099648143804,1.481859429471686],[103.91893290679819,1.640934463399457],[103.91050705422474,1.798025336466978],[103.89618534172708,1.9532988803964546],[103.87643578071301,2.1069219269075643],[103.85172788257123,2.259061307719196],[103.8225325702427,2.409883854551082],[103.7893220945548,2.5595563991253494],[103.7525699550815,2.708245773168051],[103.71275082527582,2.8561188084105456],[103.67034048160737,3.003342336590984],[103.62581573642608,3.150083189455705],[103.57965437425867,3.296508198760625],[103.5323350912328,3.442784196272595],[103.48433743730914,3.5890780137709615],[103.43614176098959,3.735556483048771],[103.38822915615233,3.8823864359145195],[103.34108141064954,4.029734704193512],[103.2951809562875,4.177768119729592],[103.2510108197856,4.326653514386681],[103.20905457429228,4.476557720050651],[103.1697962910103,4.62764756863119],[103.1337204904589,4.7800898920637245],[103.10131209286746,4.93405152231156],[103.07305608251815,5.089698618698046],[103.04944440354242,5.247199277476941],[103.030972018578,5.406719736573178],[102.9148819250785,5.501064311310706],[102.7902904668504,5.587866717405382],[102.65895190078167,5.668675862433019],[102.52262345122764,5.7450406540755115],[102.38306490507544,5.818510000086534],[102.2420383278524,5.890632808265894],[102.10130791292033,5.962957986439465],[101.96263997399166,6.0370344424418185],[101.82780309034239,6.1144110840992285],[101.6985684141929,6.196636819210283],[101.57671015079505,6.285260555521319],[101.4640062238177,6.381831200693602],[101.36223914168495,6.487897662257941],[101.27319708462404,6.605008847552369]]],[[[81.16245300882382,6.395520290251437],[81.34320605775181,6.429376583030931],[81.52544336719828,6.466862678449211],[81.70860963196577,6.502249610711235],[81.89214374879828,6.529808414100029],[82.07547996574885,6.543810122957872],[82.17251129588749,6.696322507574779],[82.22742273335096,6.8295495461041495],[82.24517504313594,6.946277383524866],[82.23074168475279,7.049292164767505],[82.18910651240077,7.141380034626472],[82.12526174481597,7.225327137717443],[82.04420629144666,7.303919618459924],[81.95094450086317,7.379943621068353],[81.85048538103301,7.45618528953995],[81.7478423297595,7.535430767628525],[81.64803340755158,7.620466198796183],[81.55608218468346,7.71407772613335],[81.47701919942337,7.8190514922371035],[81.39086209421963,7.980065209994186],[81.3361109455218,8.136782451086518],[81.30257219332093,8.289888159411348],[81.28004994485055,8.440067278770155],[81.25834606172447,8.588004752840666],[81.22726018498162,8.734385525150577],[81.17658969002623,8.879894539051717],[81.09612956319098,9.025216737693743],[80.9691941376874,9.08370894263332],[80.8549818405349,9.12177604677284],[80.75290102301247,9.140530344490024],[80.66236565547891,9.141084129390531],[80.58279432433605,9.124549694418938],[80.51360925677022,9.092039331982718],[80.45423538806006,9.044665334082204],[80.40409948343385,8.983539992439962],[80.36262932394385,8.909775598624398],[80.32925296357556,8.824484444163982],[80.30339806279459,8.728778820648255],[80.28449130193356,8.623771019814347],[80.27195787621453,8.510573333616568],[80.26522107277694,8.390298054279363],[80.26370192882165,8.264057474333084],[80.26681896888275,8.132963886633307],[80.27398801828828,7.998129584364952],[80.28462208907213,7.8606668610323265],[80.298131333943,7.721688010437488],[80.31392306340706,7.582305326648493],[80.33140182077881,7.443631103960431],[80.3499695096059,7.306777636850901],[80.36902556797385,7.172857219933384],[80.38796718426835,7.042982147909633],[80.40618954923801,6.918264715524853],[80.42308613965533,6.799817217526247],[80.43804902948855,6.6887519486277425],[80.45046922531641,6.586181203481908],[80.459737023709,6.493217276660053],[80.46524238949262,6.4109724626407205],[80.63458163877785,6.373019886365393],[80.80759515538682,6.361612976055175],[80.98373403461052,6.3710227659667495],[81.16245300882382,6.395520290251437]]],[[[98.672059745483,8.10417230427536],[98.81823915887432,8.017854807324696],[98.96499663949437,7.931992408361894],[99.10980614549449,7.844333554863921],[99.25014638528575,7.752626694010474],[99.38350122329558,7.654620272697329],[99.50736044064497,7.548062737541605],[99.63004960620624,7.675586860542811],[99.75286036283133,7.803110977971462],[99.93138988150314,7.842962263458058],[100.10993888538893,7.882813548346114],[100.08452757954525,8.062313444539896],[100.05082662524104,8.234415011067979],[100.00921466114814,8.399468792190955],[99.96007234681163,8.557825332239881],[99.90378233612228,8.709835175584145],[99.84072923787426,8.855848866604205],[99.77129956580117,8.99621694966896],[99.69588168033751,9.131289969116672],[99.61486572420858,9.2614184692394],[99.52864355381335,9.386952994270208],[99.43760866822034,9.508244088372859],[99.34215613746883,9.625642295633234],[99.35946651752002,9.807408241660006],[99.37288915215014,9.985189038536808],[99.38038131495217,10.157658484485866],[99.37989287283025,10.32348412195842],[99.36936414679813,10.481339487293438],[99.34672916614615,10.629896209448034],[99.44679237143588,10.741114489770313],[99.53005103371271,10.86209633030339],[99.59812002199065,10.991845449799206],[99.65261209568082,11.12936556768629],[99.6951374236829,11.273660404051379],[99.72730314084416,11.423733679577834],[99.75071294427967,11.578589115444402],[99.7669667322121,11.737230433188786],[99.77766028809376,11.898661354541419],[99.78438501282055,12.061885601236911],[99.78872770784103,12.225906894809977],[99.79227041191177,12.389728956384975],[99.79659029416196,12.552355506466888],[99.80325960601087,12.712790264742912],[99.81384569435005,12.870036949903605],[99.82991107826014,13.023099279491426],[99.85301359139243,13.170980969785411],[99.8847065920234,13.312685735728707],[99.92653924267734,13.447217290906034],[99.98005686113898,13.573579347575405],[100.16355041885237,13.537289964853],[100.33741083024245,13.489112498347124],[100.50229462886175,13.430065744547734],[100.65886105617682,13.361168500059613],[100.80777080344525,13.283439561359833],[100.94968487508486,13.19789772459249],[101.0852635792584,13.105561785404586],[101.21516564928676,13.007450538824083],[101.34004749762073,12.904582779180025],[101.46056260244545,12.79797730006301],[101.57736102558883,12.688652894322239],[101.69108905922977,12.577628354095804],[101.80238899798204,12.46592247086815],[101.91189903224614,12.354554035549967],[102.02025325827783,12.244541838573483],[102.12808180021311,12.136904669997783],[102.23601103931234,12.032661319617342],[102.35809536621116,11.919146110628292],[102.48016969313514,11.805747662132376],[102.60225817064321,11.692458189517463],[102.7243849654645,11.579269908180045],[102.84657426044846,11.466175033524417],[102.96885025450904,11.353165780961914],[103.09123716256381,11.240234365910089],[103.21375921546723,11.127373003791979],[103.33644065993907,11.0145739100353],[103.45930575848747,10.901829300071647],[103.58237878932714,10.789131389335768],[103.7056840462922,10.67647239326474],[103.82924583874474,10.563844527297233],[103.95308849147804,10.451240006872759],[104.07723634461532,10.338651047430819],[104.20171375350361,10.226069864410276],[104.31542021432367,10.240277263769668],[104.38924335276485,10.293900076730711],[104.43668497257987,10.373550758652653],[104.47123219448213,10.465841766130819],[104.50633976641515,10.557385558195095],[104.55542417781227,10.63479459601351],[104.63186999212202,10.684681341815084],[104.74904880080851,10.693658257717258],[104.9388267272479,10.625791024080971],[105.09935610354104,10.534593942330407],[105.2292437919091,10.424714389527177],[105.32709515338878,10.300799742215467],[105.39150622859336,10.167497376848221],[105.42105790863077,10.029454670417113],[105.4143126422786,9.891317238590409],[105.37517971785395,9.792757154601354],[105.30475978864209,9.702199192732174],[105.21318482742251,9.616487136144153],[105.11059405414782,9.532464767046662],[105.00713361712714,9.446975866827374],[104.9129565668348,9.35686421610261],[104.83822310492802,9.258973594701075],[104.79310108931034,9.150147781593583],[104.78776677464181,9.027230554785586],[104.83240576590336,8.887065691191898],[105.0514896746561,8.863129421343475],[105.23716271439176,8.87190508182639],[105.39617245251219,8.90674532814655],[105.53527181318577,8.961002814908841],[105.66121007270077,9.028030196681765],[105.78072631935993,9.101180128636695],[105.90054540784189,9.173805266969556],[106.02737651946465,9.239258269079887],[106.16791447948265,9.290891793466649],[106.26141634198311,9.427923016716164],[106.36316599821097,9.556918107499975],[106.47240692781696,9.67860163566853],[106.58838600175605,9.793698170833302],[106.71035329956916,9.902932282363587],[106.83756134252235,10.007030479681369],[106.96926728073085,10.106713604179326],[107.10472908805602,10.20270800702523],[107.24320796490001,10.295738258497977],[107.38396765645513,10.386528928552957],[107.52627437414846,10.475804586890607],[107.66939674920417,10.564289803014516],[107.812605820204,10.652709146282374],[107.95517505647321,10.741787185951843],[108.0963804190999,10.832248491224577],[108.23550046140936,10.924817631290457],[108.37181647076001,11.02021917537472],[108.50461265360674,11.119177692791006],[108.63317636588974,11.222417753003143],[108.75679839094653,11.330663925699241],[108.87477326732366,11.444640780881299],[108.98639966906521,11.565072888975623],[109.00515940725556,11.746674179761612],[109.031056446461,11.923652618976925],[109.06160263213249,12.096391452545259],[109.09431074226877,12.265273926002072],[109.12669446413716,12.430683284605127],[109.1562683659308,12.593002773434103],[109.18054786231434,12.752615637480357],[109.19704917280679,12.909905121729022],[109.20328927194093,13.065254471234855],[109.19678583011508,13.219046931193173],[109.17505714401874,13.371665747007532],[109.13308705462885,13.510465850474292],[109.06786483854793,13.641743974072693],[108.98593457245595,13.768211539050785],[108.89385966282212,13.89257996924015],[108.7982214731519,14.017560691227887],[108.70561913106525,14.145865134649743],[108.6226705876552,14.280204732655251],[108.5560150033642,14.423290922597142],[108.51231654483396,14.57783514700222],[108.49103937981955,14.736941653106662],[108.4823842953474,14.892934364929419],[108.48272095012375,15.046381924192032],[108.48841868162678,15.197872020449068],[108.49584046715019,15.347972905145351],[108.50135075765866,15.497259437029474],[108.50131493313727,15.646306475882513],[108.49209890382728,15.795688882136508],[108.47006869198346,15.945981516502137],[108.43158998239456,16.09775923959503],[108.3730276302732,16.251596911551104],[108.23662907632958,16.332631393243364],[108.10734215902873,16.419291023831214],[107.98408429226681,16.510706607235207],[107.86577067571032,16.606008946980694],[107.75131394561969,16.704328846377127],[107.63962395266445,16.80479710873936],[107.52960765875572,16.90654453763943],[107.42016914382157,17.008701937175946],[107.31020971264843,17.110400112246058],[107.19862809140446,17.210769868805446],[107.08432070327953,17.30894201410008],[106.96618201280904,17.404047356854853],[106.84310492892827,17.495216707404865],[106.71398125763201,17.581580877755535],[106.577702196302,17.662270681561182],[106.43315886331803,17.73641693401288],[106.27924285850091,17.803150451629392],[106.11484685221949,17.861602051949816],[106.0395203069509,17.975154641255116],[105.97367241142696,18.09054579427678],[105.91709585222314,18.207556004926232],[105.86958270194656,18.325965767290867],[105.8309244191389,18.445555575729692],[105.80091185524667,18.56610592497202],[105.7793352680418,18.687397310218405],[105.76598434085426,18.8092102272425],[105.76064820695878,18.93132517249282],[105.76311547844216,19.053522643193304],[105.7731742788619,19.175583137441365],[105.79061227899686,19.297287154302325],[105.81521673498294,19.41841519389895],[105.8467745281183,19.53874775749512],[105.88507220562566,19.658065347572165],[105.92989602165689,19.77614846789683],[105.98103197783584,19.892777623579928],[106.03826023711191,20.007715719704102],[106.10137915416479,20.120778106743135],[106.1701751121054,20.231728080197595],[106.2444401419002,20.34034616852238],[106.32396521407424,20.44641289906465],[106.40854018122515,20.549708797844037],[106.49795373319427,20.650014389365783],[106.59199336566361,20.747110196468267],[106.69044536284596,20.84077674020693],[106.79309479483314,20.930794539775928],[106.8997255300368,21.016944112468057],[107.01012026302784,21.099005973673474],[107.12406055792326,21.176760636916804],[107.24132690730579,21.24998861393188],[107.36169880647996,21.318470414772662],[107.48495484266877,21.381986547958487],[107.61087279854458,21.440317520650574],[107.7392297692535,21.49324383885685],[107.86980229184981,21.54054600766051],[108.00236648579245,21.582004531467888],[108.136698202876,21.617399914269473],[108.27257318467423,21.646512659908208],[108.40976722526347,21.66912327234694],[108.54805633666629,21.685012255927568],[108.6872169141184,21.693960115612196],[108.82702589790212,21.69574735719639],[108.96726092813182,21.690154487483383],[109.10770048848788,21.676962014407433],[109.24812403451682,21.655950447092586],[109.38831210171031,21.6269002958332],[109.52804638817169,21.58959207198049],[109.66710980626779,21.543806287718944],[109.67464485632078,21.404653824980645],[109.67324906388743,21.258200837896208],[109.66900520129859,21.109261231844684],[109.6679742333959,20.96264890270635],[109.67619888122289,20.82317774792306],[109.69970892478098,20.69566167665118],[109.74452747998926,20.584914616647847],[109.81667766125602,20.495750516032547],[109.9221893200729,20.43298333890782],[110.06710593043515,20.40142705500099],[110.1473036087562,20.54432718019351],[110.24034789557763,20.673613318239248],[110.34492293754066,20.790684553883683],[110.45971102239193,20.896939954859512],[110.58339401936188,20.99377857713001],[110.71465441854323,21.08259946875748],[110.85217606932498,21.164801672720124],[110.99464470046831,21.241784228944486],[111.14074828977314,21.314946175772654],[111.28917733936326,21.38568655104515],[111.43862510334121,21.455404392947717],[111.58778780787858,21.525498740749235],[111.7353648996888,21.59736863554277],[111.88005935727107,21.67241312109536],[112.02057810030114,21.752031244915436],[112.15563253609032,21.837622059656052],[112.28393928812378,21.930584624992136],[112.40422116032227,22.032318010136578],[112.51520840180704,22.144221297194825],[112.72463263930543,22.151552970424355],[112.93013009073135,22.163189792603852],[113.13191916194324,22.178897124711362],[113.33021811343583,22.198440328218012],[113.52524502470472,22.221584765008974],[113.71721776029824,22.248095797310135],[113.90635393672855,22.277738787617388],[114.09287088958679,22.310279098626697],[114.27698564037424,22.345482093162833],[114.45891486271556,22.383113134105685],[114.63887484776961,22.422937584313537],[114.81708146879042,22.464720806542832],[114.99375014491591,22.508228163364873],[115.1690958043835,22.553225017079562],[115.34333284747292,22.599476729627412],[115.51667510957304,22.646748662500542],[115.68933582485505,22.694806176654495],[115.86152759110387,22.74341463242187],[116.03346233632018,22.7923393894302],[116.20535128775695,22.841345806525258],[116.37740494408646,22.890199241702337],[116.5498330514243,22.938665052047032],[116.72284458394182,22.986508593688082],[116.89664772980751,23.033495221763896],[117.07144988317862,23.079390290404636],[117.17800295859935,23.211769156310666],[117.28813534189106,23.34036995385313],[117.40133811232621,23.46575341776696],[117.51710527065649,23.588480287219035],[117.63493397238503,23.70911130652779],[117.75432475414362,23.828207225841],[117.87478176414511,23.946328801804974],[117.99581300709454,24.064036798256236],[118.11693061353914,24.181891986965212],[118.23765114340488,24.30045514846047],[118.35749593341131,24.42028707296194],[118.47599149817529,24.541948561451445],[118.59266999510503,24.666000426909594],[118.70706976365058,24.793003495749325],[118.81873595011581,24.923518609478254],[118.92722445575964,25.0581040974743],[119.03208516257176,25.19732616132199],[119.13288068317713,25.34174270673834],[119.22917768847222,25.491914470010165],[119.32055102446661,25.648402169380724],[119.40658427329177,25.81176649744749],[119.48687036131889,25.98256811215621],[119.56101221347541,26.161367626147786],[119.37139390629898,26.115174447982216],[119.18664927520787,26.076173713786048],[119.00562604954993,26.043424250719447],[118.82717949502074,26.01598488369601],[118.65017105512506,25.992914436503963],[118.47346723541212,25.973271732464717],[118.29593872597846,25.95611559479392],[118.11645975847333,25.940504846786407],[117.93390769437276,25.92549831191153],[117.74716284162645,25.910154813881547],[117.55510849691575,25.893533176738604],[117.35663121070522,25.874692225001485],[117.15062127201954,25.852690783915335],[116.93597340943987,25.826587679861188],[116.74435609064648,25.791923916921792],[116.55815653963091,25.740580241094328],[116.37656647942848,25.675804104688154],[116.19876736886137,25.600842967853158],[116.02392360619982,25.51894429314976],[115.85117771174407,25.4333555370364],[115.67964746002838,25.347324139392757],[115.50842493409357,25.264097513026314],[115.33657747579332,25.186923035550144],[115.16315050722882,25.119048046072393],[114.98717219897365,25.06371984880348],[114.8076599606057,25.02418572496262],[114.63485660311719,25.001123531219168],[114.4649736208811,24.991948982820833],[114.29744280605608,24.994437422177153],[114.13170165592838,25.006369602199097],[113.9671886951618,25.025531617386736],[113.80335571777174,25.049701534247898],[113.63965233882419,25.0766600922701],[113.47552751005568,25.10418802245345],[113.31042883653838,25.130066046352752],[113.14380287789402,25.152074877149065],[112.97509642465525,25.167995222403814],[112.80375873963789,25.175607788241333],[112.6292447526731,25.172693284921955],[112.45101919477337,25.15703243410568],[112.29532618679464,25.128531309118472],[112.14014131133244,25.083806312350443],[111.98538952906553,25.024947164705306],[111.83099263418566,24.954046375740575],[111.67687576195219,24.873188318646626],[111.5229440457546,24.784465301601294],[111.36909226710469,24.689967001667107],[111.21519966794922,24.59178306612254],[111.06112887769977,24.492003110146953],[110.90672574344875,24.392716716689268],[110.75181995380163,24.296013438218996],[110.5962263415122,24.203982800037995],[110.4397467539755,24.118714304836832],[110.2821723933783,24.042297438214774],[110.12328654970932,23.976821674943782],[109.96286767969416,23.924376485847013],[109.80069282288727,23.887051345279275],[109.61210062370411,23.859157879912146],[109.4251540477229,23.842742998973034],[109.23984105181664,23.835702524319768],[109.05615816280113,23.835932289013474],[108.87410787358921,23.84132813190959],[108.69369672291523,23.849785893699938],[108.5149340167644,23.859201414305932],[108.33783117266292,23.86747053159275],[108.16240168158087,23.872489081414898],[107.98866168656191,23.872152899017273],[107.81663117249555,23.864357821799544],[107.6463357478591,23.84699969340886],[107.47780897693552,23.817974369053037],[107.29419729344657,23.770730798000468],[107.11281789237051,23.709043583845443],[106.93385086503822,23.635595540571913],[106.7574667521353,23.55306947010175],[106.58382313337965,23.46414815462741],[106.41306253534508,23.371514352027788],[106.24531155882433,23.2778507941155],[106.08068108590808,23.185840187324736],[105.91926740494786,23.098165215367036],[105.76115408819713,23.017508543360446],[105.60641447163614,22.946552822973544],[105.40853945569927,22.86083034197975],[105.21639470380612,22.77533117057215],[105.02938765042936,22.689322042679763],[104.8469295887713,22.602069696694908],[104.66843546283874,22.512840874984377],[104.49332371450964,22.42090232344335],[104.32101617292241,22.325520791054547],[104.15093797282572,22.22596302941074],[103.98251748745768,22.12149579215542],[103.8151862601155,22.011385834289857],[103.7659528330865,21.85183476988791],[103.71384471941475,21.69205561473852],[103.65944537852953,21.53215210272359],[103.60333710122576,21.372227967062226],[103.54610110518696,21.2123869405973],[103.48831763128018,21.052732756082882],[103.43056604013084,20.89336914647116],[103.37342490852083,20.734399845197405],[103.31747212518717,20.575928586461973],[103.26328498563493,20.41805910550783],[103.21144028561588,20.260895138892298],[103.16251441295779,20.104540424752038],[103.11708895844102,19.94911611589504],[103.07573600845856,19.794690650608906],[103.03905461980739,19.64138573410721],[103.00763831930398,19.489305160981864],[102.98207962286251,19.338552725940893],[102.96297002754235,19.18923222373604],[102.95090000870348,19.04144744909296],[102.94645902227406,18.89530219664395],[102.95023551211366,18.750900260863823],[102.96281692244438,18.608345436008843],[102.98478971530984,18.467741516059284],[103.01673939301213,18.329192294665706],[103.06513961249058,18.212209841330214],[103.14017175465331,18.096630073080025],[103.23615730897707,17.981624086824585],[103.3474235357317,17.866362977064345],[103.46830339373574,17.750017836219968],[103.59313566065396,17.631759754927565],[103.71626525336093,17.510759822315936],[103.83204375557023,17.386189126282996],[103.93483015966054,17.25721875378965],[104.0189918293435,17.123019791189826],[104.0893711988928,16.955593759365094],[104.13285797667703,16.782558903312278],[104.16030923340124,16.61159036674561],[104.18253244512061,16.450363303361854],[104.21028476394423,16.30655287012187],[104.25428080733838,16.187834221605772],[104.3403527694341,16.072559540292506],[104.45146266732947,15.974111124214621],[104.5678793746306,15.880976267910533],[104.66991758680417,15.781642266033042],[104.7379416093167,15.664596416784361],[104.75238893041572,15.518326027376396],[104.59970167988953,15.463951161826923],[104.44564891898419,15.45093837422701],[104.28795478791878,15.465345389087148],[104.12437949218106,15.493229934982079],[103.95269058962394,15.520649739685599],[103.77065517095922,15.533662528771353],[103.57605248684827,15.518326027376396],[103.4557739939167,15.616950937603436],[103.3259182654563,15.707956219807869],[103.19088258226138,15.794880698473227],[103.05507708317525,15.881263200013747],[102.92292305981184,15.970642551860005],[102.79885290126303,16.06655758166973],[102.68731153933173,16.172547116432288],[102.5927592278612,16.29214998120448],[102.51967545202237,16.42890499714906],[102.47256370378115,16.586350978444422],[102.34815828618217,16.67067215722423],[102.22889449177859,16.759131860226134],[102.11452269711758,16.8515233139687],[102.00479285902279,16.9476397444696],[101.89945442697491,17.0472743772549],[101.7982562668065,17.150220437378184],[101.70094659563358,17.256271149448615],[101.6072729278943,17.365219737668603],[101.51698203230077,17.476859425880253],[101.4298198994634,17.590983437620586],[101.34553171989045,17.707384996184814],[101.26386187202176,17.82585732469748],[101.18455391990584,17.94619364619044],[101.10735062008884,18.068187183687222],[101.03199393724002,18.191631160292935],[100.9582250680033,18.31631879928881],[100.88578447252355,18.442043324230486],[100.81441191306888,18.568597959049278],[100.74384649913311,18.695775928154955],[100.67382673838148,18.82337045653962],[100.60409059277264,18.951174769881128],[100.53437553917416,19.078982094645077],[100.46441863376731,19.206585658184544],[100.39395657952765,19.33377868883597],[100.32272579605568,19.460354416010617],[100.2504624910296,19.586106070280046],[100.17690273255346,19.710826883454708],[100.10178252167458,19.834310088654828],[100.02483786436329,19.95634892037204],[99.94579991069754,20.07671879177846],[99.86442053400556,20.195248219803958],[99.78043873795613,20.31171302947583],[99.69359813091577,20.425906480790076],[99.60364159483598,20.53762183242722],[99.51031126400778,20.646652341528455],[99.41334851693986,20.752791263504445],[99.3124939819878,20.855831851877934],[99.20748755725393,20.95556735816235],[99.09806844514999,21.051791031777874],[98.98397520188807,21.144296120005468],[98.86494580201958,21.232875867979413],[98.740717717988,21.31732351871897],[98.61102801450072,21.397432313197886],[98.47561345734913,21.472995490451414],[98.33421063612629,21.543806287718944],[98.30349497592594,21.704424989246228],[98.24741461135912,21.832812747936366],[98.16912365384287,21.93435729133392],[98.07180521730093,22.014446361202598],[97.95866437824381,22.078467718641164],[97.8329211304169,22.131809143123206],[97.69780451123322,22.17985842951614],[97.55654866179403,22.228003385719735],[97.41239130054035,22.28163183262364],[97.26857494657409,22.34613160761658],[97.12550808517778,22.43331539269544],[96.98963521059,22.539367463958833],[96.85894490256145,22.656480391226083],[96.7314090516824,22.776846703363457],[96.60497475154271,22.89265886926896],[96.47756158439402,22.996109287600632],[96.34706570183099,23.079390290404636],[96.19381899005336,23.140827748393868],[96.02708992472527,23.18034702303417],[95.86035137233866,23.21986633362445],[95.7070933412875,23.28130399027656],[95.56615052237336,23.366989603763642],[95.4332468784265,23.4570668830372],[95.30778037979641,23.551211175194442],[95.18914904936513,23.649097827749568],[95.07675071731536,23.750402188219326],[94.96998277589535,23.85479960367],[94.86824193485398,23.961965420228875],[94.77092397856869,24.07157498256438],[94.67742352621374,24.183303633339904],[94.58713379661744,24.296826712647416],[94.49944637973249,24.411819557427773],[94.4137510168976,24.52795750088501],[94.32943539229089,24.644915871902825],[94.24588493817764,24.762369994471786],[94.16248265672178,24.879995187136117],[94.07860896127163,24.997466762469116],[93.9936433891653,25.114457619675733],[93.90695190218764,25.230648054729233],[93.81790465512518,25.34571061081362],[93.7258666489623,25.459320500868273],[93.63020038905677,25.571152938338013],[93.53026601030905,25.68088313882211],[93.42542143024926,25.788186321594488],[93.31502253046528,25.892737710967324],[93.19842336672029,25.99421253747243],[93.07497640802413,26.09228603883738],[92.90963282409396,26.10383769332536],[92.73406343493271,26.122924388697115],[92.5516604780047,26.144128367226266],[92.36582004239155,26.16203187210283],[92.17994324065243,26.171217148001887],[91.99744083510944,26.16626644002153],[91.8217412390458,26.141761990839615],[91.65630182463275,26.09228603883738],[91.59664626362328,26.07811545553723],[91.54879931062747,26.049774288528305],[91.49572575158487,26.028518413367337],[91.4829838553685,25.888731542924155],[91.50200625659015,25.751601784568972],[91.5389235735902,25.610043968583664],[91.57994227281088,25.45697299763574],[91.61135325902129,25.28530392264346],[91.61955214915956,25.087952059201072],[91.61231448906825,24.946230927228747],[91.59799898361175,24.798569082470397],[91.57763102387435,24.64575522792748],[91.55222947124578,24.488575580534697],[91.52280417794341,24.327816333734944],[91.49035590127491,24.164263657981753],[91.45587641513134,23.998703701753637],[91.42034879685883,23.831922593014443],[91.38474786651079,23.66470644104845],[91.35004075489726,23.497841338595403],[91.31718757677929,23.33211336420827],[91.28714218596792,23.16830858475562],[91.26085298993833,23.00721305799153],[91.23926380282386,22.84961283511764],[91.22331471727774,22.696293963265887],[91.21394297765451,22.548042487835467],[91.31078388351706,22.42020993392655],[91.41616509270881,22.299627436380305],[91.52783729908045,22.18443601479775],[91.64356015292528,22.072776706790485],[91.76110053383357,21.96279056380091],[91.87823134294823,21.85261864784443],[91.99273072881233,21.740402028860984],[92.01566172591106,21.587559108995443],[92.0577699814145,21.44704736088394],[92.11712778967818,21.317686146876515],[92.19181922453565,21.198294846999193],[92.27993764377489,21.08769285397161],[92.37958365188575,20.98469956938618],[92.48886344724168,20.88813440080315],[92.60588749264092,20.796816759552716],[92.72876945871012,20.709566059067736],[92.85562539828635,20.62520171359762],[92.98457311671501,20.54254313717655],[93.11373170816083,20.460409742735763],[93.24122123162165,20.37762094126247],[93.36516250244587,20.292996140914916],[93.48367697583278,20.205354746004996],[93.59488669810797,20.11351615575791],[93.6969142995569,20.01629976274953],[93.78788834777268,19.912542247120705],[93.86592749647667,19.80102804634532],[93.9189208827828,19.679328718942433],[93.9498154937632,19.540286090553405],[93.973301876101,19.388235887801482],[94.0040578245717,19.227513862149927],[94.05674366137173,19.06245579250409],[94.12260780422397,18.926843649303112],[94.1968104633254,18.800932750016372],[94.27689615093954,18.68255048022619],[94.36041310536083,18.56952421365468],[94.44491313507018,18.45968131438115],[94.52795164035139,18.35084913845383],[94.60708788690667,18.240855035018768],[94.67988559823672,18.127526347076543],[94.74391393068748,18.008690411973724],[94.79674889687134,17.882174561740072],[94.83597530942406,17.74580612339573],[94.85918932746841,17.597412419373384],[94.86400170238127,17.43482076823035],[94.8480418370448,17.255858485862525],[94.66449097180336,17.216498878727755],[94.51544149317964,17.142896399517696],[94.44575068192039,16.990181041856008],[94.53275561835993,16.876197976593158],[94.60728773028703,16.74738120898197],[94.67298497976675,16.608601491867912],[94.73347183315346,16.464729585647877],[94.7923543466739,16.320636256664216],[94.85321710525072,16.181192274634252],[94.91962240509753,16.051268409772366],[94.99511206971019,15.935735430265673],[95.08321223683949,15.839464100675036],[95.18744135245159,15.767325181649099],[95.31132145725363,15.724189431061722],[95.45839265138025,15.714927606311388],[95.59391283835373,15.738501673832857],[95.71089481854541,15.788356936064561],[95.8126538189243,15.86051984634533],[95.90250457890104,15.951016857029755],[95.98375577445888,16.055874418297904],[96.05970583598868,16.171118977768465],[96.13364021113553,16.292776980962806],[96.20882999182406,16.416874872483078],[96.28853172968451,16.539439097634787],[96.37598820634287,16.656496104141127],[96.47442990401403,16.764072343565275],[96.58707693690776,16.858194272076837],[96.71714125459194,16.934888350269247],[96.86782901438866,16.990181041856008],[97.02323354221855,16.904486356177607],[97.16913789283943,16.81078852280174],[97.30626812144163,16.709743533280555],[97.43535124418605,16.602007380575987],[97.55711475853371,16.48823605917611],[97.67228616571457,16.369085565136967],[97.78159249662843,16.245211896051288],[97.88575984371349,16.11727105094741],[97.98551290240638,15.985919030123412],[97.97818069189428,15.807987500581039],[97.95738392023374,15.63646962240229],[97.92816162501182,15.470804993058417],[97.89554992860157,15.310433207694107],[97.86458280225865,15.154793859755676],[97.84029269764578,15.003326541533799],[97.8277104914146,14.855477542586375],[97.83185969503496,14.710673405561334],[97.85577768664146,14.55561306588814],[97.89419513101818,14.40357024331892],[97.94519930806652,14.25447355090525],[98.00688032675592,14.108251602190206],[98.07733093485199,13.964833011175962],[98.15464634203789,13.82414639229323],[98.23692405557482,13.686120360372449],[98.32226372770495,13.550683530616654],[98.40876701405685,13.417764518575874],[98.49453744236249,13.287291940122927],[98.57768029084282,13.159194411430784],[98.65630247566483,13.033400548951219],[98.72851244691275,12.909838969394636],[98.79242009255249,12.788438289711184],[98.84613664991087,12.669127127073033],[98.88777462421614,12.551834098857643],[98.91544771378182,12.43648782263202],[98.93388435155995,12.295953550141927],[98.94123116794391,12.142449175727341],[98.93720391476629,11.979609287303223],[98.92150026633702,11.811068470012263],[98.8937973669084,11.64046130663275],[98.85375066949716,11.471422378235978],[98.80099398959338,11.307586264979811],[98.73514068926238,11.152587546918125],[98.65578590641665,11.01006080471157],[98.56250975042516,10.883640620139067],[98.45488139854295,10.776961576335657],[98.33246404767368,10.693658257717258],[98.42410719531365,10.56881166781508],[98.48593771444817,10.443342395747242],[98.52120601148893,10.31725043987917],[98.53316089497442,10.190535798529785],[98.52504960370446,10.06319846997101],[98.50011837524644,9.93523662229055],[98.46161011970021,9.806654112292481],[98.41276770190147,9.67744891373739],[98.35683198148263,9.547621026881657],[98.29704238871727,9.417170451993666],[98.23663695600298,9.28609718935386],[98.17885234954369,9.15440123925495],[98.12692390118629,9.022082602002024],[98.08408564036428,8.889141277912781],[98.05357032610091,8.755577267317591],[98.03860947902255,8.621390570559756],[98.14382001241967,8.499024309702275],[98.26232392125655,8.38837090304952],[98.39156329594327,8.28717880054802],[98.52898916676965,8.193196451410259],[98.672059745483,8.10417230427536]]],[[[110.10540671318701,18.937588757765003],[110.20105465785731,19.08540095648342],[110.29759658631086,19.23229048387512],[110.39539271178252,19.377777645902416],[110.4948029257679,19.521382751578006],[110.59618700443299,19.662626113167192],[110.69990479842798,19.80102804634532],[110.49795669111927,19.81005675894891],[110.30965064648962,19.804514997524986],[110.13044984871945,19.78925958513848],[109.95581089752359,19.769147343730268],[109.78118446332019,19.749035097960814],[109.60201547875353,19.733779676448975],[109.41374290798785,19.728237910467506],[109.21179913453432,19.737266630156874],[109.17907844419511,19.58571009712806],[109.09703134290066,19.488321185647564],[108.98579458647373,19.423108198988853],[108.86551461612292,19.36807932800029],[108.75635673131569,19.301242703062343],[108.67850710778013,19.200606395509446],[108.7736504089641,19.07378977522837],[108.85591311846848,18.937045746409392],[108.93077379729716,18.79461633511237],[109.00370284046409,18.650743588103165],[109.08015959585006,18.509669571765166],[109.16559078225276,18.375636369431895],[109.26543056713332,18.252886077648945],[109.38510263296334,18.145660801832097],[109.53002448977442,18.058202651686443],[109.62791890868829,18.20147716643314],[109.7245268879638,18.346707222854356],[109.82021520170753,18.493413114521204],[109.91534899821751,18.641115136277193],[110.01029199920782,18.789333584567622],[110.10540671318701,18.937588757765003]]],[[[48.161194630863136,33.62852318799403],[48.02294938145291,33.67960142220557],[47.881126713044075,33.72791934170453],[47.7355056133204,33.773304376969996],[47.58586555802421,33.81558395004316],[47.43198659238953,33.854585477044616],[47.44301247647013,33.659600530290106],[47.431518237996904,33.48315996674236],[47.399662119266466,33.32373919471671],[47.34959825392099,33.17981475878335],[47.283478397378424,33.04986409582936],[47.203453332242574,32.93236534043316],[47.111673997651174,32.825797170651455],[47.01029238332251,32.72863868672253],[46.901462221561594,32.63936931643379],[46.78733950378713,32.556468741986436],[46.6700828423087,32.47841684412093],[46.55185369318778,32.40369366004512],[46.43481645209277,32.330779352333884],[46.32113843215295,32.25815418644515],[46.21298973094796,32.184298514825265],[46.1125429929595,32.10769276575376],[46.02197307407741,32.02681743510723],[45.943456616111064,31.940153079102792],[45.879171541720815,31.846180305813405],[45.82882429126178,31.72745719622461],[45.78359555516847,31.56831528930441],[45.74476222285493,31.38427307758874],[45.71353763074843,31.1908478018614],[45.691058554078076,31.003555878158803],[45.67838692761713,30.83791367026591],[45.67652688827697,30.709438160810844],[45.68515095253865,30.557651598680884],[45.70452118858039,30.406664083445204],[45.733882686798495,30.25647911102171],[45.77248238470184,30.107100193825044],[45.81956960351628,29.95854509358766],[45.874393166608925,29.81078815913057],[45.936204938438074,29.663848702046824],[46.0042576748637,29.51773088881291],[46.077805722087646,29.372438881685127],[46.15610496126095,29.227976838718515],[46.238412754196794,29.08434891378659],[46.32398789017793,28.941559256602147],[46.41209053384952,28.799612012738567],[46.501982174185294,28.658511323652636],[46.59292557451762,28.518261326707616],[46.68418472362192,28.378866155197652],[46.775024787843805,28.24032993837279],[46.864712064260736,28.102656801464818],[46.95251393486592,27.965850865714376],[47.03769882176682,27.8299162483982],[47.11655123750718,27.701741598413214],[47.196499146938834,27.570800062833307],[47.277260829586375,27.43727498794204],[47.35855467121558,27.301349735680922],[47.44009914183431,27.163207683099696],[47.52161277160083,27.023032221652336],[47.60281412483322,26.881006756347706],[47.683421772323605,26.737314704764103],[47.763154262172165,26.5921394959383],[47.84173008936108,26.44566456914025],[47.918867664299356,26.298073372544962],[47.99428528056906,26.149549361814113],[48.06770108211308,26.000275998600003],[48.13883303010066,25.85043674898524],[48.20739886971209,25.700215081871747],[48.27311609708105,25.54979446733299],[48.335701926630286,25.399358374943453],[48.39487325903553,25.249090272099597],[48.45034665004322,25.099173622347145],[48.50183712249924,24.949794666474467],[48.5564775960538,24.778559702951675],[48.604824855360604,24.609990877823254],[48.64773514134052,24.444040918927236],[48.68606393042183,24.2806625608794],[48.720666006271024,24.11980854470387],[48.75239552337794,23.961431617480546],[48.78210606325859,23.80548453200849],[48.81065068397365,23.651920046484722],[48.838881963597814,23.50069092419779],[48.86765203821858,23.351749933235666],[48.89781263498937,23.20504984620715],[48.93021510071201,23.06054343997662],[48.96571042638073,22.918183495411053],[49.005149268073545,22.777922797139524],[49.04938196454289,22.639714133323793],[49.09925855181656,22.5035102954404],[49.15562877509096,22.369264078073197],[49.219342098165804,22.23692827871585],[49.29124771064135,22.106455697584526],[49.37219453307513,21.97779913743933],[49.46303122026854,21.850911403414905],[49.564606162834,21.72574530285953],[49.67776748717252,21.602253645182117],[49.87392506104007,21.61407540137131],[50.06806564703082,21.62056981835882],[50.26024448870686,21.622275546520065],[50.450517857897474,21.61973123669756],[50.638942976094924,21.61347554006019],[50.82557794071865,21.604047107967684],[51.01048165771688,21.591984591849375],[51.193713781588016,21.577826643103503],[51.375334663564544,21.562111913020072],[51.55540530840248,21.545379052728435],[51.733987339974504,21.528166713168357],[51.91114297566887,21.511013545082406],[52.086935009458514,21.4944581990266],[52.26142680342599,21.47903932539541],[52.43468228751127,21.46529557445765],[52.606765967296994,21.45376559640033],[52.77774293975825,21.444988041378302],[52.94767891708851,21.439501559568992],[53.116640258965916,21.437844801233958],[53.284694013954386,21.440556416790685],[53.451907971137715,21.44817505690166],[53.61835072357165,21.46123937259027],[53.78409174570027,21.480288015398344],[53.94920148753919,21.505859637602462],[54.11375148916437,21.538492892512934],[54.26980379020425,21.59374237054146],[54.42650224076549,21.68116744983356],[54.58301620588748,21.786894303757734],[54.73848857672762,21.89704908672433],[54.892029147705024,21.997757910519667],[55.04271367993958,22.075146832131594],[55.20353878586768,22.135273593733082],[55.367353858992566,22.18854058920513],[55.53393690414488,22.235560945381454],[55.70306709047177,22.276947791000662],[55.87452473951454,22.31331425667409],[56.04809130328663,22.345273474771894],[56.22354933660684,22.37343857925953],[56.4006824672914,22.398422705510086],[56.579275367231006,22.42083899011402],[56.75911372688145,22.441300570702744],[56.9399842352725,22.460420585799362],[57.12167456730156,22.478812174706466],[57.30397337982071,22.49708847743903],[57.486670317853076,22.51586263470901],[57.66955603219917,22.535747787966713],[57.85242220970261,22.55735707950499],[58.03506161756214,22.581303652631803],[58.21726816328702,22.60820065191851],[58.39883697221534,22.63866122353335],[58.57956448494693,22.67329851567174],[58.759248577582724,22.712725679098735],[58.93768870832887,22.757555867823264],[59.11468609480434,22.808402239927727],[59.04628367620912,22.940838451321284],[58.96669989234299,23.063981853707247],[58.8765833156946,23.178379053330644],[58.77658525409793,23.284576658995157],[58.66735963165805,23.383121283150935],[58.549562828151174,23.47455954263841],[58.42385348778174,23.55943805915135],[58.290892307200835,23.638303459475825],[58.15134181170204,23.711702375554292],[58.00586612753155,23.780181444419654],[57.85513075730502,23.844287308037035],[57.69980236461674,23.904566613087354],[57.540548573085466,23.96156601072149],[57.37803778430541,24.01583215631028],[57.212939018472746,24.06791170921199],[57.04592178084846,24.118351332576157],[56.877655956697204,24.167697693199372],[56.708811736912324,24.216497461448306],[56.67664925996219,24.391911272271923],[56.60297994065195,24.533212914671733],[56.50012730896059,24.65053366243009],[56.38047901826042,24.754005026457936],[56.256466111152385,24.853758705942095],[56.140553535729815,24.959926568047294],[56.04524487714081,25.082638191784056],[56.19788475061374,25.181386445550885],[56.307571689132295,25.300027332844344],[56.372104084523336,25.431775302194985],[56.38924080833938,25.569844668773737],[56.35670186249285,25.707449633281087],[56.27217391054499,25.83780432566394],[56.13332081502097,25.95412285689907],[56.111116607197935,25.79770947022589],[56.036446720151005,25.69316547387969],[55.92247305444438,25.627291061418703],[55.782411223891174,25.586886472455628],[55.629516064644115,25.558752006892018],[55.47707296317092,25.529688005253266],[55.33839520976865,25.48649484235039],[55.26263044217553,25.33351361301973],[55.16707642176354,25.199864249824476],[55.058148334010674,25.07929242398079],[54.94228573621657,24.965546627335875],[54.825954943728256,24.852367452403996],[54.7156392425326,24.733503280320484],[54.61784467666533,24.60270013030506],[54.53909875854755,24.453704151672895],[54.485950800520285,24.28026164320562],[54.32807610934889,24.194886454907625],[54.166442491106,24.11388017733173],[53.997786206992814,24.040310120698834],[53.81883627469973,23.97724357236405],[53.62631526936927,23.927747806613503],[53.41694012444888,23.89489009632485],[53.18742291931389,23.881737726571703],[53.128837453340346,24.012537553526265],[53.05533841182123,24.131092453052172],[52.96505597357536,24.235784143580545],[52.856120225658664,24.324994327675427],[52.726664167226495,24.397104701787867],[52.574827136258904,24.45049696786271],[52.398758588600636,24.48355284648287],[52.19662213178079,24.49465409109991],[51.966599688322674,24.482182502750685],[51.84637956363755,24.58347150370309],[51.76317307356062,24.71782436070042],[51.71010223835288,24.875401233663403],[51.68027272111941,25.046359596126873],[51.6667435673247,25.22086469208918],[51.66251802522029,25.389072836738062],[51.660539663783865,25.54114310938753],[51.653702208124315,25.667234535605736],[51.634868148771744,25.75750618347898],[51.46524396194827,25.806996684609597],[51.33281628649393,25.812721870118125],[51.230754538627316,25.78229934013423],[51.15223081891519,25.72334673550967],[51.090411950787285,25.64348172289679],[51.038453516630206,25.550321980803194],[50.989495663485435,25.451485175127058],[50.9366606095698,25.35458892642332],[50.87305188201761,25.267250779889874],[50.79175535507481,25.19708819279328],[50.68584213620576,25.151718552777407],[50.536883179180265,25.12365156343858],[50.40358216611643,25.117457647911042],[50.284920258345004,25.131624779633917],[50.17989292537675,25.164640977573146],[50.08750683121739,25.21499429231602],[50.006777022130045,25.28117279048486],[49.93672439051283,25.361664539369464],[49.87637339449952,25.45495759322871],[49.82475001733324,25.559539982302606],[49.78087995455006,25.67389970520481],[49.743787020569634,25.79652472503506],[49.71249176945699,25.92590296925828],[49.686010327396765,26.06052233314371],[49.663353436828714,26.198870686343795],[49.643525714225845,26.339435882016762],[49.625525125151675,26.480705767761883],[49.60834268151012,26.621168197538783],[49.59096236677935,26.759311043685294],[49.572361295493565,26.89362220813021],[49.55151011328777,27.02258963191748],[49.52737364342908,27.144701302219893],[49.49891178491492,27.258445256118634],[49.46508066590737,27.36230958056405],[49.35789659538616,27.383736179391235],[49.25576415628963,27.42192436842759],[49.15891065192396,27.47566614146009],[49.06756943680319,27.54375345630043],[48.981978582497035,27.62497823925468],[48.90237965572332,27.718132389475958],[48.82901660258801,27.8220077838925],[48.762134733158945,27.93539628318774],[48.70197980085854,28.05708973911066],[48.64879717148963,28.185880003217584],[48.60283107706824,28.320558936989876],[48.564323950042,28.4599184231337],[48.53351583391798,28.602750377751317],[48.5106438668212,28.747846762976028],[48.495941835046345,28.893999599585346],[48.489639794260924,29.040000979049825],[48.49196375665959,29.18464307443824],[48.50313544305858,29.32671814958192],[48.52337209965666,29.465018565904465],[48.55288637996207,29.598336786345843],[48.59188629320649,29.725465375852295],[48.6405752214129,29.845196997966433],[48.69915200816592,29.956324407134275],[48.76781039437429,30.05762557864546],[48.84674193626865,30.147922642979463],[48.93613238822596,30.2259944028312],[49.03616495092868,30.290633796409665],[49.14702010472977,30.34063367561917],[49.268876182402664,30.374786806342026],[49.424002515520264,30.393485141988105],[49.579356376644384,30.38916655325332],[49.73392584589182,30.363838575700058],[49.88671194330699,30.31950861613392],[50.036726618494654,30.258183975039042],[50.1829908156691,30.181871860600946],[50.3245326047954,30.092579402831223],[50.46038608230351,29.99232811996615],[50.58958664999759,29.883095513800285],[50.71117352519037,29.76690398616528],[50.82418533826391,29.64576101486047],[50.92765961661362,29.521674225587002],[51.020631619684316,29.396651393133254],[51.10213336066286,29.27270043499404],[51.17119282726875,29.151829398779867],[51.226833411764815,29.036046444815447],[51.280217084507754,28.866410805932578],[51.31033509335108,28.69014099601892],[51.33457041173214,28.518458583620596],[51.37021920603768,28.362585918163596],[51.43450596882242,28.233745899900068],[51.497935571775486,28.16597214580315],[51.59135981773668,28.088616891522523],[51.709933623560104,28.003692017405754],[51.84881227342649,27.913209454753325],[52.00315256040831,27.819181192917927],[52.16811360508668,27.723619280994324],[52.33885737326725,27.628535824933365],[52.510548921982554,27.535942981076406],[52.67835640685427,27.447852947176937],[52.837450884553554,27.36627795195456],[52.983005941580664,27.293230244112547],[53.10896348500036,27.23162209131622],[53.25673047329136,27.159735966741543],[53.42063080815255,27.08225147610193],[53.594989372011035,27.00384828929687],[53.774132725186355,26.929206136995216],[53.952390043092024,26.86300479736751],[54.12409439559728,26.809924077463183],[54.28358446618148,26.774643792794876],[54.425206784754515,26.761843746598682],[54.613716582084315,26.798647511175734],[54.788919648481546,26.882685898164215],[54.96995223327651,26.958458012647327],[55.132721151662764,27.002529082519946],[55.29702101832769,27.044207594667757],[55.46195572308251,27.082848924756814],[55.62662700255177,27.11780845263447],[55.79013467604586,27.148441561568994],[55.951576951193566,27.174103637138646],[56.110050800469246,27.194150065773957],[56.264652409414666,27.207936232977104],[56.41447769694837,27.214817521265747],[56.558622907682775,27.214149307915115],[56.696185275622156,27.205286962601726],[56.82626375800747,27.187585845084328],[56.94795983739845,27.160401303093355],[57.06037838934379,27.123088670638925],[57.16262861220011,27.075003266988677],[57.253825014805535,27.01550039661163],[57.33308845681936,26.94393535043201],[57.39954723559593,26.859663408787572],[57.45233821248227,26.762039846540716],[57.49060797042268,26.65041994084788],[57.51351399372126,26.524158982151853],[57.52022585977361,26.38261228902536],[57.50992643152852,26.225135227558873],[57.643269628416434,26.142408418919874],[57.77381283933638,26.059759439567745],[57.90232877578803,25.977661419232867],[58.02958877427786,25.896587486764794],[58.15636281669851,25.81701076888869],[58.283419587584376,25.7394043890638],[58.41152656777312,25.66424146649157],[58.541450164065104,25.59199511531776],[58.67395587456441,25.523138444067243],[58.80980848950342,25.45814455534481],[58.949772327503574,25.397486545827014],[59.094611507402504,25.341637506562243],[59.24509025598134,25.29107052358585],[59.40197325216364,25.246258678846687],[59.566026008518016,25.20767505142871],[59.738015291193236,25.175792719038217],[59.918709579733246,25.15108475971265],[60.10887956857681,25.134024253691297],[60.30929871243215,25.125084285370555],[60.520743818132665,25.124737945249294],[60.743995686038545,25.133458331749484],[60.97983980453555,25.151718552777407],[61.15919608474287,25.183369470316045],[61.33880350449362,25.235749259730806],[61.5199705757799,25.299655514260003],[61.7039768529185,25.365885764421975],[61.89206651450575,25.42523746852372],[62.0854491072405,25.46850803199486],[62.28530767025061,25.48649484235039],[62.45363703638109,25.483173633797215],[62.6227821065766,25.47001080569524],[62.792750231188705,25.449039758537783],[62.96355233783117,25.42229389447769],[63.13520167053613,25.39180661418737],[63.30771289551267,25.35961131422991],[63.4811015827667,25.327741385032198],[63.655384072775,25.298230209725922],[63.8305777374735,25.273111164202735],[64.00670164502424,25.25441761871397],[64.18377763817686,25.244182941235795],[64.36183183653365,25.244440502613703],[64.54089657368176,25.257223683200937],[64.72101278098555,25.284565880307493],[64.80234131884842,25.40194877735578],[64.89481680350606,25.49851589608897],[64.99726685466909,25.575335522390855],[65.10853119693216,25.63347601434592],[65.22746044576093,25.674005777797678],[65.35291496775021,25.697993249404],[65.4837638026437,25.706506885503558],[65.6188836372722,25.700615155335758],[65.75715782399362,25.68138653736924],[65.89747543841447,25.649889517695158],[66.03873037314774,25.607192589626692],[66.17982046611033,25.554364253819553],[66.31964666340373,25.492473018386182],[66.45711221814743,25.42258739862158],[66.59112192775456,25.345775916089792],[66.72058141306401,25.26310709693685],[66.84439644346192,25.175649469399954],[66.96147231266313,25.084471560571775],[67.07071155557438,24.990644579691715],[67.171019931207,24.895231881337406],[67.26129491345807,24.79930438758634],[67.34043315731964,24.703930533064536],[67.4073288719733,24.610178736222455],[67.46087378830761,24.51911740082013],[67.49995718381251,24.431814917758683],[67.52346595248578,24.34933966718374],[67.71344966590738,24.304063200961874],[67.88652147297259,24.245015251194577],[68.04409962319743,24.1733278061813],[68.18760678034026,24.090132857113687],[68.31846788842867,23.996562392359294],[68.43810828065625,23.893748392576736],[68.54795205404561,23.782822826737185],[68.64942072236654,23.66491764908652],[68.74393215049841,23.541164797045898],[68.83289976533582,23.412696190017982],[68.9177320315017,23.280643729038083],[68.99983217458184,23.146139297187222],[69.0805981303018,23.01031476066527],[69.26853327757246,22.97453430304225],[69.44746710813891,22.970066303185373],[69.61789761624281,22.98650242216123],[69.78031462266195,23.01343434553691],[69.93519092580574,23.040453749346103],[70.08298011477952,23.05715228810283],[70.22412137834957,23.053121605782298],[70.35905162519497,23.01795337071711],[70.48822455792362,22.941239331963885],[70.50040176913478,22.811531877862603],[70.47945658142592,22.688487828648583],[70.42810359323548,22.574306889132764],[70.34904785890622,22.47118875784887],[70.24498589878405,22.38133313202547],[70.11860691128868,22.306939711889292],[69.972594170128,22.250208204300975],[69.80962663047434,22.21333832591852],[69.63238081358658,22.19852980631169],[69.44353308960768,22.20798239170861],[69.51173006381264,22.06330395155007],[69.5881016018526,21.925317848013822],[69.67266783836031,21.794047260828787],[69.76545147739829,21.66951537880203],[69.86647762277182,21.551745398910015],[69.97577361827948,21.440760525426608],[70.0933688976669,21.336583969089297],[70.21929484409146,21.23923894630421],[70.35358465894308,21.148748678391662],[70.49627323990764,21.065136390873153],[70.64739706820119,20.988425312800832],[70.80699410494022,20.918638676131053],[70.9751036966585,20.855799715143068],[71.15176649002348,20.799931665903525],[71.26773881942346,20.864690351872774],[71.39324357058766,20.927532855805048],[71.52253387204918,20.991285536477026],[71.64986465474703,21.05877475190116],[71.7694929084355,21.132826860637756],[71.87567767557486,21.216268223529436],[71.96267987588544,21.31192520637088],[72.02476208048945,21.422624184187125],[72.05618838948422,21.55119154802036],[72.05122460902739,21.700453715422054],[72.00413897072752,21.873237146211526],[72.18769884131893,21.910431005964288],[72.37184125000863,21.947624878519168],[72.56110073261206,21.98083370457284],[72.76000495264412,22.006072419740832],[72.78119795531185,21.851954274109822],[72.80018170391888,21.69593880095297],[72.8171701338638,21.53820375054887],[72.83237601143865,21.378926869716928],[72.84601099598927,21.218285902210294],[72.8582857100469,21.056458589137925],[72.86940981660467,20.893622669412665],[72.87959210270444,20.72995588022163],[72.88904056848611,20.565635957515298],[72.8979625208567,20.400840636511656],[72.90656467093332,20.235747652211465],[72.91505323442632,20.070534739920973],[72.92363811295778,19.905396909370374],[72.93252625615571,19.740476857531043],[72.94194196928554,19.575970188534626],[72.95210566522235,19.412054704519534],[72.96323727279466,19.24890820852945],[72.9755561824455,19.086708504366054],[72.98928119578258,18.925633396442475],[73.00463047940842,18.765860689638643],[73.02182152339908,18.607568189159394],[73.04107110477833,18.45093370039611],[73.06259525630914,18.296135028793415],[73.08660924090226,18.14334997972102],[73.11332753191758,17.99275635835208],[73.14296379960963,17.84453196954895],[73.17573090394703,17.698854617756382],[73.21184089401108,17.55590210690374],[73.25150501415503,17.41585224031629],[73.29493371708709,17.278882820636106],[73.34233668401106,17.145171649753607],[73.39392285194447,17.014896528749308],[73.44990044830561,16.8882352578471],[73.5104770328433,16.765365636378363],[73.57585954696069,16.64646546275776],[73.64625437046153,16.5317125344703],[73.72186738572663,16.421284648070305],[73.80290404930595,16.315359599191073],[73.96034187017527,16.290818107824272],[74.0912022996345,16.24989861405167],[74.19776574168965,16.193836573669277],[74.2823190839154,16.1238674428449],[74.3471538920318,16.041226678595194],[74.3945647380223,15.947149739188639],[74.4268476493619,15.842872084429436],[74.44629867204702,15.729629175792944],[74.45521254484795,15.608656476396822],[74.45588148638572,15.481189450805651],[74.4505941001908,15.348463564677418],[74.44163440578306,15.211714284269705],[74.43128100601055,15.07217707583195],[74.4218067529461,14.931093916411527],[74.41547423862971,14.789687593402567],[74.41453801411558,14.649199716435477],[74.42124542563893,14.510865732268556],[74.43783755976062,14.375921085970832],[74.4816150490506,14.218653186333384],[74.54951911308592,14.075208808381962],[74.63086604561065,13.9419764017063],[74.71499646183777,13.815344422300985],[74.7912711618094,13.691701331237507],[74.849069018794,13.567435593780809],[74.87778676440894,13.438935678851],[74.86684055307381,13.302590058739277],[74.93804181330425,13.207948834195557],[75.03086548214122,13.099295281624078],[75.13985103025648,12.978689341239903],[75.25953686060205,12.848190951726025],[75.38445973321669,12.709860049949697],[75.50915420610212,12.56575657084814],[75.62815210316441,12.417940447467466],[75.73598202213479,12.268471611131313],[75.82716889579572,12.119409991709809],[75.89623361889187,11.972815517957036],[75.93769275097821,11.830748117882743],[75.96424764428258,11.686686950618514],[75.99259757146957,11.53683259803307],[76.02292322921592,11.382255139289567],[76.0554013836834,11.224024652825996],[76.09020468406403,11.06321121650641],[76.12750156330998,10.900884907802952],[76.16745622124442,10.73811580399966],[76.21022868500897,10.575973982408309],[76.25597494170964,10.415529520586597],[76.304847138176,10.257852496548375],[76.35699384293802,10.104012988956322],[76.41256077006335,9.955079216686705],[76.47437865639678,9.774141427880021],[76.51174401050908,9.606495108172329],[76.52532304949095,9.447864677518616],[76.51579768161844,9.29397455331765],[76.4838641740265,9.140549150876112],[76.43023279415556,8.983312883703796],[76.35562832981468,8.817990163681586],[76.54952878980717,8.824992329631987],[76.71670589247805,8.808664588004815],[76.86273034223491,8.77386933174389],[76.99317928206268,8.725468953491744],[77.11363090778359,8.668325846047214],[77.22966072984129,8.607302402666946],[77.34683950226058,8.547261017211898],[77.47073279129509,8.493064084152742],[77.60690213521272,8.449573998452236],[77.76090775161273,8.421653155342092],[77.93831277944223,8.414163950003914],[78.04162433313022,8.5166961816241],[78.1444914116698,8.619721787247851],[78.2465986354688,8.72354550089819],[78.34763131938406,8.828472056519079],[78.44727550462397,8.934806187966702],[78.54521799523509,9.042852628999885],[78.64114639949807,9.15291611326954],[78.7347491765704,9.265301374306633],[78.8257156887241,9.380313145508811],[78.91373625954166,9.498256160125532],[78.99850223844892,9.61943515124119],[79.07970607198158,9.744154851756448],[79.1570413821979,9.872719994367205],[79.23020263190432,10.005437249391276],[79.2988868433875,10.14260768420469],[79.36279095232184,10.284537767844675],[79.42161376124452,10.431532235656558],[79.47505566303685,10.583895823329094],[79.52281875353697,10.741933266983798],[79.56460695236734,10.905949303277392],[79.60012613229571,11.076248669518286],[79.62908425745006,11.253136103799315],[79.65119153070584,11.436916345147981],[79.6661605505565,11.627894133696312],[79.67370647777355,11.826374210872757],[79.67354721214757,12.032661319617342],[79.78528745928736,12.150467817340965],[79.88529839893556,12.27622123669932],[79.97390114071274,12.409151019583293],[80.0514147147324,12.548486608208263],[80.11815576065419,12.69345744502748],[80.17443824190475,12.84329297262383],[80.22057318735163,12.997222633581805],[80.25686846291033,13.154475870342743],[80.28362857571744,13.314282125047018],[80.30115451361058,13.475870839367095],[80.30974362271351,13.638471454335912],[80.30968952593828,13.801313410175688],[80.30128208517506,13.96362614613192],[80.2848074098525,14.124639100317989],[80.26054791441074,14.283581709575468],[80.22878242703766,14.439683409355387],[80.16991263113783,14.60168226756585],[80.08473234427076,14.748633275462922],[79.99903802362556,14.888442955499928],[79.93868045169637,15.029011574927265],[79.9295641882133,15.178258586623352],[79.97639911883796,15.32622171397498],[80.0589590576711,15.453542929244492],[80.17018729852293,15.563589649608888],[80.3030410320105,15.659729301069193],[80.45048885324768,15.745329315168018],[80.60550903520436,15.823757126855048],[80.76108831295399,15.89838017311706],[80.91022099743064,15.972565892085699],[81.045908285202,16.049681722402507],[81.19799159781596,16.17131237848478],[81.32406312436545,16.30938184734308],[81.43254455458882,16.43449950807209],[81.53175680953824,16.51727475295514],[81.69229749562729,16.576531527738904],[81.8612039009144,16.60620242162238],[82.02616271696596,16.632812706347284],[82.17490681469786,16.682887647827346],[82.29522448921115,16.782952499877666],[82.36402754680104,16.94133162753807],[82.43713193708595,17.095421348847673],[82.51506948204391,17.244683057791416],[82.59837171892208,17.388578151055377],[82.68757004520913,17.52656802811651],[82.78319583195677,17.658114091255726],[82.8857805038173,17.782677745490698],[82.99585558493484,17.89972039842702],[83.1139527106679,18.008703460026915],[83.24060360601906,18.10908834229716],[83.37634003263098,18.200336458899244],[83.5216937072625,18.281909224686675],[83.67719619580261,18.35326805517655],[83.8433787881181,18.413874365964542],[84.02077236038232,18.463189572094898],[84.20990723299242,18.50067508739892],[84.41131303378482,18.52579232381902],[84.5000518129931,18.670819405069373],[84.60358580089117,18.801073976368194],[84.71936589615453,18.919139058413766],[84.844847611185,19.027597661451832],[84.97749036767,19.12903278586185],[85.11475703642162,19.226027422727746],[85.25411360395185,19.321164554188208],[85.39302887089937,19.417027153398717],[85.52897410139664,19.516198183962395],[85.65942254797488,19.621260598696132],[85.78184877377623,19.73479733759504],[85.89372768281456,19.859391324840306],[85.99253314994492,19.997625464663],[86.15459843588327,19.97969261004855],[86.30149423668652,19.94183434940639],[86.44200004780814,19.931871646543165],[86.584940389417,19.997625464663],[86.65453670608845,20.148234867761442],[86.71338411883912,20.308395132713024],[86.76182856142383,20.476208232427087],[86.80022092534887,20.649793730403342],[86.82891167575318,20.82727120835036],[86.84824968019653,21.00676026127104],[86.85858089964404,21.18638049157531],[86.860247054111,21.364251502671976],[86.85358438102558,21.538492892512934],[86.97405229979387,21.623310057741683],[87.12139486703627,21.681041379586635],[87.28591795097728,21.721462658138382],[87.45794525760603,21.754349709598372],[87.62781733678061,21.78947836149271],[87.78589164212806,21.836624452479153],[87.9225444798327,21.90556384000714],[88.02817583921873,22.006072419740832],[88.03578887685501,22.15625394054949],[88.03411055454093,22.307392366858707],[88.02402467749913,22.459362011948503],[88.00641564844238,22.61203718933446],[87.98216842555888,22.765292212454224],[87.95216847860097,22.919001394347607],[87.91730174353171,23.07303904733203],[87.87845457613786,23.227279482675485],[87.83651370497158,23.381597010268223],[87.7923661839288,23.535865938295633],[87.74689934472248,23.68996057291359],[87.70100074945182,23.843755217928553],[87.65555814341555,23.997124174484096],[87.61145940826054,24.149941740755562],[87.5695925155041,24.302082211654827],[87.5308454804118,24.453419878547148],[87.49610631616643,24.60382902898138],[87.4662629882079,24.753183946435815],[87.26830564760151,24.776785390726264],[87.07937263445703,24.80782247734721],[86.89967183313362,24.846424389595676],[86.72941448998243,24.892720319092785],[86.56881548492943,24.946839466574488],[86.41809595701696,25.008908398874286],[86.27747414476804,25.079061787429765],[86.14717905646725,25.157426054985763],[86.02744162764978,25.24413041227081],[85.91849733906366,25.33930406527929],[85.82058646234022,25.443076211529696],[85.73395431940979,25.55557603571782],[85.73813691289132,25.699300535474503],[85.74662627219904,25.85167020840359],[85.75938310605174,26.01124414200447],[85.7763583468148,26.176581375575978],[85.79749171639884,26.346240910381272],[85.82271056328604,26.51878172298121],[85.85192897165523,26.69276278092857],[85.8850471444474,26.866743059914338],[85.92195106303255,27.039281561388922],[85.96251242688878,27.20893732964776],[86.00658887736434,27.3742694673704],[86.05402451014285,27.53383714863684],[86.10465068145204,27.68619962851291],[86.15828711332038,27.8299162483982],[85.98375364571412,27.789498155595975],[85.80571858565484,27.752769990145648],[85.62468636124919,27.718993772325025],[85.44116433915104,27.687431512522934],[85.25566263569866,27.65734521302559],[85.06869398442092,27.627996869297665],[84.92790487400939,27.51133550993832],[84.77837991063438,27.403595243678996],[84.62326951208743,27.301496160454857],[84.46574549010649,27.201758253683476],[84.30899981540426,27.101101442626614],[84.15624427790883,26.99624558736824],[84.0107110425169,26.88391049956699],[83.87565410238571,26.76081595225265],[83.75435163849424,26.623681692449008],[83.60262298327197,26.571263482152034],[83.4500983577745,26.516882648304843],[83.2967794587262,26.460911855297546],[83.14266641224299,26.4037237700726],[82.98775770883378,26.34569106181468],[82.83205015778893,26.287186401556973],[82.67553886062468,26.228582461724574],[82.51821720324853,26.17025191563712],[82.36007686650501,26.11256743699307],[82.2011078547572,26.055901699358806],[82.04129854215772,26.00062737568477],[81.88063573626063,25.947117137870293],[81.71910475862403,25.895743656396647],[81.55668954205376,25.846879600046236],[81.39337274413747,25.80089763572262],[81.22913587671786,25.758170428382915],[81.06395945095598,25.71907064109011],[80.89782313763345,25.68397093518832],[80.7307059423443,25.653243970598883],[80.56258639522656,25.627262406229445],[80.39344275488479,25.606398900481974],[80.22325322615404,25.591026111838595],[80.05199619135747,25.581516699497172],[79.87965045470932,25.57824332401949],[79.70619549951712,25.581578647947634],[79.53161175783805,25.59189533633361],[79.35588089224753,25.609566057118435],[79.17898608938103,25.63496348128588],[79.00091236491643,25.668460282705524],[78.82164687967025,25.7104291375678],[78.64117926649101,25.761242723301873],[78.45950196764507,25.82127371685433],[78.39287371011243,25.668092645663844],[78.33995153654595,25.500526951278],[78.29360949665136,25.326111923859397],[78.24666780454685,25.15238278788704],[78.1918888909262,24.986877305795154],[78.1219866157017,24.837125237791305],[78.02962011288064,24.710663348497803],[77.90742227260266,24.615025993568715],[77.744449892955,24.659576537799758],[77.58131080891908,24.703900438623116],[77.41786668904912,24.747912675305194],[77.25397909538717,24.79152822649099],[77.08950948678681,24.83466207019901],[76.9243192238116,24.87722918382031],[76.75826957525271,24.919144544121426],[76.59122172630273,24.96032312725155],[76.42303879650758,25.000677245362006],[76.25357779362047,25.04012729301076],[76.08270161710719,25.078585482981516],[75.91027112271445,25.115966786374624],[75.7361471731248,25.152186174292897],[75.56019065723083,25.187158617898156],[75.3822625107126,25.220799088462716],[75.31832171042927,25.364668170983318],[75.28040821096948,25.53215533472349],[75.31197546672746,25.75750618347898],[75.11305078604849,25.79078555487068],[74.92571146995544,25.83338190968614],[74.74841597457186,25.884047187952696],[74.57962484446385,25.941533325212426],[74.41779911086508,26.004592251382775],[74.26139896900656,26.071975890624746],[74.10888273024175,26.142436162175233],[73.95870604659791,26.21472498200119],[73.80932140690349,26.2875942650571],[73.6591779047287,26.359795927873154],[73.50672127903795,26.430081891169326],[73.35039422867705,26.497204082179568],[73.18863700160249,26.55991443638306],[73.00304878987642,26.58707457469787],[72.79253711489686,26.589436325119227],[72.60403114970286,26.623681692449008],[72.46484134934948,26.69020576179804],[72.32943345494583,26.763086120309165],[72.19735528408741,26.841593897981],[72.06815407879033,26.925000220644975],[71.94137597741405,27.012576211613585],[71.8165655641092,27.103592993783938],[71.69326549513144,27.197321692135844],[71.571016201634,27.29303343653884],[71.44935566877585,27.389999364761678],[71.32781929116423,27.487490625561563],[71.20593980478253,27.584778381718486],[71.08324729564414,27.681133812872325],[70.95926928544993,27.775828118017696],[70.83353089451653,27.868132517512073],[70.70555508218173,27.957318254459256],[70.57486296477666,28.04265659533914],[70.44097421108938,28.123418829770454],[70.30340751502047,28.1988762693108],[70.161681144854,28.268300245222132],[70.01531356823412,28.33096210515708],[69.86382415155268,28.38613320875344],[69.70673393200747,28.43308492216056],[69.54356646009924,28.471088611561772],[69.37384870979248,28.49941563580199],[69.21081675592986,28.51835621634267],[69.04562305005594,28.531589300004143],[68.87830654892129,28.53976896060179],[68.70890627734282,28.54354926159955],[68.53746094246667,28.543584259067547],[68.36400859972859,28.540528004307863],[68.18858636983109,28.53503454609712],[68.01123020595867,28.527757932512323],[67.83197471036772,28.519352212321838],[67.65085299940984,28.510471435934654],[67.46789661597847,28.501769655910017],[67.28313548831213,28.49390092703505],[67.09659793403532,28.48751930598],[66.9083107082783,28.483278850540216],[66.7182990946815,28.481833618469526],[66.52658703806401,28.483837665902854],[66.3331973175146,28.489945045355586],[66.13815175865132,28.500809803273064],[65.94147148378495,28.517085977087667],[65.7431771987235,28.539427591720408],[65.54328951495313,28.568488655441712],[65.40513753555054,28.600862482384244],[65.26337772632422,28.650865566405503],[65.11793833057673,28.71476775438295],[64.96875009753263,28.78883890981523],[64.8157422779313,28.869348961003517],[64.65884007450546,28.952567939639422],[64.49796352620655,29.03476600813966],[64.33302780395098,29.112213473054865],[64.16394489336777,29.181180781454195],[63.99062663648222,29.23793849734846],[63.75845262180655,29.266273811946732],[63.53115235965685,29.266273811946732],[63.323977245208276,29.301692808515053],[63.17815968707431,29.364905074914855],[63.03584173786086,29.43662664229922],[62.89626795972298,29.51530830562625],[62.75868208484057,29.599400894038965],[62.62232589559537,29.687355286111245],[62.48643840996668,29.777622423262972],[62.350255370041914,29.868653320926487],[62.21300903241812,29.958899076941847],[62.07392728250174,30.04679608516229],[61.93223769062605,30.130824733451217],[61.78716270129916,30.209422246162408],[61.637924451491436,30.281040108696235],[61.48374518501597,30.344129812136806],[61.32384881995754,30.397142836381807],[61.15746277796173,30.438530636930995],[60.98838098631929,30.468715173485133],[60.81413844021186,30.490051112456324],[60.635396147334326,30.503888918010816],[60.452815227152804,30.511579029135053],[60.26705572433491,30.51447186951083],[60.07877566016393,30.513917854432133],[59.888630316791335,30.511267395582404],[59.69727174936245,30.507870904120566],[59.50534852113956,30.505078792259212],[59.313505656766374,30.504241473355968],[59.122384808758696,30.506709360482333],[58.93262463218962,30.513832863480335],[58.744861362366365,30.526962384668096],[58.55972959007545,30.54744831361051],[58.377863228716166,30.576641021729348],[58.21188620214018,30.609010428616664],[58.046866671481354,30.643869710869037],[57.8821703833875,30.68047187588088],[57.717163594537865,30.718069939055667],[57.551212976270946,30.755916923097683],[57.38368559835225,30.79326585674441],[57.213948990544544,30.82936977315165],[57.041371280626706,30.863481708149312],[56.865321407469736,30.89485469857406],[56.685169407725375,30.92274178085568],[56.500286774609584,30.94639598998715],[56.31004688716901,30.965070358943354],[56.11382550830424,30.97801791853211],[55.911001349683666,30.984491697560216],[55.70095670151952,30.98374472308104],[55.4830781249831,30.97503002035392],[55.320196626109286,31.103103832239437],[55.12875069221787,31.209930450389898],[54.92951826905104,31.3096748755004],[54.70272387866006,31.29053941338864],[54.483024166918554,31.27691599644542],[54.27018349545038,31.268632285218665],[54.06396823937603,31.26551594400183],[53.86414662177597,31.267394639988296],[53.67048855608967,31.274096042794955],[53.482765496183,31.28544782428349],[53.300750293828386,31.301277658613994],[53.12421706335572,31.321413222471786],[52.95294105324284,31.345682195414014],[52.7866985244278,31.373912260288286],[52.625266635138146,31.40593110368088],[52.46842333204472,31.44156641635764],[52.31594724756032,31.480645893664814],[52.16761760311655,31.522997235863237],[52.0232141182632,31.568448148372035],[51.882516925448535,31.616826341903927],[51.74530649034847,31.667959532477294],[51.61136353762487,31.721675441294654],[51.480468982004254,31.7778017944804],[51.35240386457841,31.836166322674515],[51.226949294237215,31.896596760481845],[51.10388639415499,31.95892084577994],[50.98299625325884,32.02296631889074],[50.864059882617006,32.08856092162467],[50.746858176690786,32.15553239620718],[50.63117187940275,32.223708484100975],[50.51678155497867,32.29291692473808],[50.403467563526235,32.36298545417839],[50.29101004131895,32.43374180371254],[50.17918888575776,32.50501369842812],[50.067783744987246,32.576628855759516],[49.95657401214338,32.6484149840428],[49.84533882421666,32.72019978109687],[49.73385706551128,32.79181093285356],[49.62190737568554,32.86307611205894],[49.50926816235732,32.93382297706815],[49.39571761825801,33.00387917075634],[49.28103374291885,33.0730723195672],[49.16499436886993,33.14123003272048],[49.04737719233259,33.208179901598726],[48.92795980838043,33.273749499332695],[48.80651975054381,33.33776638060317],[48.68283453482559,33.40005808167592],[48.5566817080952,33.460452120684515],[48.42783890081933,33.518775998173496],[48.296083884085135,33.57485719791325],[48.161194630863136,33.62852318799403]]],[[[100.39610342106928,31.58058072290359],[100.3159183369833,31.420118962778144],[100.27405062608904,31.247930090067353],[100.25405478498766,31.06885795915437],[100.23947075322735,30.887746145598122],[100.21382335708066,30.709438160810844],[100.36796207208089,30.69413605003282],[100.51493119729996,30.68969774628525],[100.65470359302444,30.6954216167863],[100.78725425076462,30.71060601206655],[100.91255938099968,30.734549270765616],[101.03059555879011,30.766549725491387],[101.14133893409269,30.8059057088934],[101.24476451260996,30.851915559285057],[101.34084551205117,30.90387762531649],[101.42955279777456,30.961090269353313],[101.51085440093067,31.022851869354476],[101.58471512144122,31.088460819167157],[101.65109621742056,31.157215527264754],[101.70995518199207,31.228414414049404],[101.76124560786127,31.301355907920225],[101.80491713948933,31.37533844037366],[101.84091551226015,31.449660440453364],[101.86918267765604,31.523620328903004],[101.88965701314856,31.59651651239738],[101.9022736152692,31.6676473782341],[101.90696467415646,31.736311289860325],[101.90365992777126,31.801806583587922],[101.89228719393522,31.863431566812718],[101.87277297837791,31.920484518003207],[101.84504315707295,31.972263688657275],[101.80902373129878,32.01806730734637],[101.76464165408217,32.05719358586979],[101.71182572696424,32.088940727433204],[101.65050756636886,32.11260693664058],[101.5806226392561,32.127490430949344],[101.50211136820225,32.132889453085184],[101.4149203065626,32.12810228374439],[101.3190033849465,32.112427253728804],[101.21432323086157,32.085162754461],[101.10085256406774,32.04560724561539],[100.97857567091928,31.993059258375336],[100.84748996177134,31.926817392585523],[100.70760761638533,31.846180305813405],[100.76649206984686,31.848541224498476],[100.82616023051744,31.81902978817501],[100.84471652068721,31.78243574587766],[100.74586670853799,31.760794177461992],[100.52724553457325,31.655341400736038],[100.39610342106928,31.58058072290359]]],[[[51.204343520434286,35.85301198475002],[51.37408981818827,35.854908682746725],[51.54613394016989,35.863783152048796],[51.71939412471333,35.879266647877174],[51.89278825145511,35.900990514935465],[52.06523341178464,35.928586170715356],[52.085662193596896,36.09885539226177],[52.064204900090495,36.23702379043618],[52.00560910193111,36.346886132313706],[51.914682643862925,36.432240287298924],[51.796277768360184,36.49688671210619],[51.655276780185055,36.544627895600456],[51.49657966297811,36.57926782606524],[51.32509393898154,36.60461152580029],[51.24500242258842,36.70586139702233],[51.15576445034137,36.80980240695425],[51.057062007993224,36.912237501383366],[50.948572075731605,37.008967934419516],[50.829969347224555,37.09579333361142],[50.700930394873744,37.1685119701288],[50.56113930972044,37.22292125268243],[50.41029479084867,37.25481845338545],[50.248118588053366,37.26000165877219],[50.07436511462608,37.23427091970015],[49.888831946985285,37.17342954992392],[49.69137081829694,37.07328549486198],[49.67512929218478,36.91320689931322],[49.67898705619472,36.76604397885748],[49.70176620396198,36.63142130637318],[49.742303606400306,36.5089644350125],[49.799449211600184,36.398299773677536],[49.87206450179774,36.29905447723354],[49.95902108965872,36.21085634993605],[50.05919943843292,36.13333376066552],[50.171487692539266,36.066115568673105],[50.29478060688719,36.008831058644795],[50.42797856475452,35.961109883987795],[50.56998667537154,35.922582017335905],[50.71971394352256,35.89287770735706],[50.87607250449656,35.87162744102919],[51.03797691862378,35.858461910628634],[51.204343520434286,35.85301198475002]]],[[[80.51420912519585,43.314451508714036],[80.68302289619078,43.40795316421672],[80.83926815590586,43.51779118038132],[80.9815158872107,43.64588484404161],[81.10834514030554,43.7941580622939],[81.21834094734497,43.96454039005542],[81.31009123994598,44.158968225346364],[81.18426216959304,44.242408028171475],[81.05323377732205,44.29971017130833],[80.91882421368663,44.332584672432155],[80.78286777653126,44.34274654315039],[80.6472083285753,44.33191487105338],[80.51369378886093,44.3018119301185],[80.38417153497015,44.25416233601143],[80.26048458098857,44.19069225966713],[80.14446842325125,44.11312870956615],[80.03794847120595,44.02319889038122],[79.94273800376054,43.92262964317284],[79.86063661190047,43.81314697008291],[79.79342910601228,43.696475644521776],[79.74288488123102,43.57433890617325],[79.71075774634392,43.44845823876033],[79.69878623154642,43.320553227416426],[79.70869439791042,43.1923414916939],[79.74219317708523,43.065538689705086],[79.94679256214248,43.11282354657021],[80.14463998097372,43.16879808028122],[80.33426527088228,43.23537066672545],[80.51420912519585,43.314451508714036]]],[[[58.97425943829539,43.808556536983204],[59.15728174100649,43.77712336117122],[59.29169305281532,43.713365931965946],[59.39784048125304,43.630764579260045],[59.496080814556635,43.54279334186361],[59.60674125311046,43.462916330123036],[59.75012260425823,43.4045882933646],[59.88765408212259,43.51485811764225],[60.01378031970753,43.63718066577953],[60.127789215667896,43.76950007976239],[60.22895066606628,43.90975896208347],[60.31651664691589,44.05589791542411],[60.389721911583585,44.20585515781501],[60.447785282620835,44.3575662188199],[60.48991150356544,44.508963723641514],[60.51529360488422,44.65797727297573],[60.523115729837315,44.802533426925635],[60.512556360986586,44.940555801318354],[60.48279549277881,45.069979626725576],[60.43300771912217,45.18869518291736],[60.36238387988412,45.294633156360156],[60.270118273388334,45.38570885385052],[60.15541672842047,45.45983693469657],[60.01750215832892,45.51493232987329],[59.85994139793121,45.438301136075395],[59.71358645285695,45.34470647277026],[59.578956131819545,45.235662782234506],[59.456554991062866,45.11268451140703],[59.346869514759476,44.97727140911504],[59.25038366434488,44.83096478723546],[59.16756470750169,44.675261617677656],[59.09887362376127,44.511671529232245],[59.04476123130768,44.34170203494258],[59.005668522072895,44.166858319143586],[58.98202705651782,43.98864309623398],[58.97425943829539,43.808556536983204]]],[[[80.24789400316926,45.67206747218508],[80.41929629540445,45.67210193554948],[80.59503728625558,45.69364217198531],[80.77464777863706,45.740057468354976],[80.9576952444095,45.81472353299605],[81.14379297610012,45.92102513472033],[81.25664398121994,46.06656839601108],[81.36050376606717,46.22386344707877],[81.45917485175028,46.3883500499583],[81.55643896679848,46.55546030121062],[81.65605370406016,46.720617634426304],[81.76174874205697,46.879236399463174],[81.87722227244134,47.02672209286879],[82.00613826608581,47.15847231151532],[81.92068917673278,47.27217650548868],[81.8239985824156,47.35792226062803],[81.71708862546362,47.417502083550104],[81.60101922426239,47.45271653836814],[81.47688125237376,47.46537297352526],[81.34578930233367,47.45728424497607],[81.20887441050866,47.430267471412776],[81.06727705372771,47.3861428510452],[80.92214066346111,47.32673256354103],[80.77460584118897,47.253859775197434],[80.625805401009,47.16934776031683],[80.47686031379563,47.075019147155615],[80.32887658224831,46.97269529274547],[80.18294303846147,46.86419578738108],[80.04013002540796,46.75133808663929],[79.90148890085365,46.63593726644784],[79.76805228639667,46.519805894952945],[79.64083497512728,46.40475401373164],[79.5208354082949,46.292589220243805],[79.40903763380312,46.185116843302346],[79.3064136668207,46.08414020374147],[79.21392618482774,45.991460953366065],[79.33994954495122,45.93513062343052],[79.47416127928891,45.87675901975944],[79.61597776006857,45.819713310272846],[79.76482168718225,45.76735855185995],[79.92012447103424,45.72305799988083],[80.08132917842936,45.690173716751964],[80.24789400316926,45.67206747218508]]],[[[18.050389210684795,53.75116262586776],[18.211339977479874,53.81108282336757],[18.305391505789487,53.89718617566982],[18.30316324437056,53.99944148468357],[18.25656380152263,54.11518723536283],[18.217655332163055,54.24175901905733],[18.238710587415245,54.376487815535114],[18.13358713418974,54.45170532399667],[18.018287324730508,54.51767385401013],[17.89384285476894,54.574539952953025],[17.76129152326436,54.62245162822905],[17.62167633196403,54.66155829821486],[17.476044595339147,54.692010739289564],[17.325447064781713,54.71396102936689],[17.170937070639177,54.727562488344844],[17.013569685369273,54.732969615883036],[16.85440091081735,54.73033802690922],[16.694486892349822,54.71982438524847],[16.53488316232098,54.70158633575705],[16.376643915106317,54.67578243533162],[16.220821315700633,54.64257208315121],[16.068464843655253,54.60211545049421],[15.920620673913918,54.55457341045833],[15.7783310959002,54.50010746789427],[15.642633972010618,54.43887968984702],[15.514562236476344,54.37105263678132],[15.395143435372159,54.29678929484907],[15.285399308372213,54.21625300943826],[15.18634541268019,54.12960742022445],[15.09899078939399,54.037016397926514],[15.02433767240391,53.93864398294989],[14.963381239765592,53.83465432608216],[14.917109407338796,53.72521163138672],[14.886502664334522,53.610480101422944],[14.872533950273489,53.49062388490359],[14.876168572720148,53.36580702688241],[14.898364165027155,53.23619342154973],[14.940070683197506,53.10194676769648],[15.002230440852742,52.963230526893426],[15.232160725422002,52.925654849799535],[15.451772707804963,52.90649125282395],[15.66191219467543,52.90414876537992],[15.863407030673297,52.91704088675444],[16.057069279107935,52.943584347190225],[16.243697095971154,52.98219800704624],[16.42407633100097,53.03130188302559],[16.598981884019572,53.08931629369423],[16.769178839795202,53.154661119342414],[16.935423400251892,53.22575517368256],[17.09846362901395,53.30101568695671],[17.259040020017373,53.3788579017522],[17.417885899270164,53.45769478419933],[17.57572766679828,53.535936854246536],[17.733284884382336,53.61199213937211],[17.89127021387356,53.68426625638367],[18.050389210684795,53.75116262586776]]],[[[117.35566213946254,43.19514823762268],[117.56643478282322,43.19303081189219],[117.77971567432729,43.19176121759817],[117.99560530350051,43.191394334121966],[118.2142045431546,43.19198504585976],[118.43561467118667,43.19358824335037],[118.65993739357006,43.19625882447237],[118.66586501099773,43.19635772187129],[118.4857553723829,43.156604621083666],[118.32211330155144,43.065538689705086],[118.48313312716355,43.00390568722167],[118.6327847299191,42.93589014200675],[118.77193331338064,42.86197613382935],[118.90144651751913,42.78264764146815],[119.02219343686191,42.698388482176746],[119.1350436958251,42.60968225789496],[119.24086658214456,42.517012308212685],[119.34053023995368,42.42086167003376],[119.43490092461839,42.321713043833],[119.52484232190659,42.220048766354296],[119.61121493446635,42.116350789554915],[119.6948755388974,42.01110066556887],[119.77667671693287,41.904779537432404],[119.85746646441835,41.79786813529333],[119.93808788186365,41.69084677780956],[120.0193789503862,41.58419537843206],[120.10217239684061,41.47839345626192],[120.187295651862,41.373920151173884],[120.31792145513118,41.336380734419315],[120.45195814344402,41.30079827564088],[120.58834416825643,41.26656782084734],[120.7260190134127,41.23308458781652],[120.86392297335242,41.19974395278343],[121.00099707607777,41.165941444159444],[121.13618315349615,41.13107274312338],[121.26842406174049,41.09453369092841],[121.3966640541444,41.05572030276048],[121.51984930971412,41.01402878796509],[121.63692862019712,40.96885557642917],[121.74685423918164,40.91959735086376],[121.84858289708724,40.86565108468194],[121.94107698639371,40.80641408510411],[122.02330592202233,40.74128404105034],[122.09424768239477,40.66965907529646],[122.15289053736346,40.590937800277864],[122.19823496989022,40.504519376822756],[122.22929579906773,40.409803574983876],[122.24510451276907,40.306190836017294],[122.2447118188993,40.19308233442674],[122.22719042485102,40.069880038853725],[122.19164133193557,39.936004769546145],[122.13717548112058,39.79082323381028],[122.06293488968133,39.63375883189945],[121.96808335951123,39.46421699447478],[121.8518123386543,39.2816040785885],[122.08215849389745,39.343275611867206],[122.31756149451229,39.396746043611],[122.55479401471182,39.446630079283835],[122.79067131931913,39.49754396251829],[123.02205062932454,39.55410541295929],[123.20896751485692,39.665155362673396],[123.39783278672077,39.773885266071034],[123.58859064370544,39.88035538486509],[123.78118593091595,39.984626013943874],[123.97555933952509,40.08673848161676],[124.17166089772742,40.186790449738574],[124.36942864061625,40.28482395546545],[124.56880562282622,40.38089939889547],[124.76973610301576,40.47507722121673],[124.97216549831961,40.567417904583344],[125.17604034137142,40.65798197192558],[125.38130823976958,40.74682998670213],[125.58791783786587,40.834022552601816],[125.79581878075933,40.91962031320184],[126.00496168038815,41.00368395158962],[126.21529808361541,41.08627418995493],[126.42678044220752,41.16745178915849],[126.63936208461456,41.2472775482834],[126.85299718946118,41.32581230417511],[127.0676407606635,41.403116930975834],[127.28324860409053,41.479252339658714],[127.4997773056948,41.55427947756692],[127.71718421103614,41.628259327963036],[127.93542740613023,41.70125290959316],[128.154465699554,41.77332127627086],[128.37425860574518,41.84452551648505],[128.59476632943134,41.914926753036525],[128.81594975113424,41.98458614270694],[129.03777041368824,42.053564875964696],[129.26019050972067,42.121924176711325],[129.48317287004105,42.1897253020724],[129.70668095288673,42.25702954223633],[129.9306788339774,42.32389822034505],[130.15513119732628,42.390392692439875],[130.38000332676367,42.456574347465704],[130.60526109812432,42.522504607337524],[130.73989020306922,42.681043414960214],[130.87503272741986,42.8183513204507],[131.0106529596972,42.93581311743018],[131.14675998310247,43.034817319804276],[131.2834002061086,43.116755736992026],[131.42065104865918,43.18302304402411],[131.5586156083334,43.23501635717539],[131.69741815589487,43.274134824232505],[131.83720033355218,43.30177923702624],[131.97811795180743,43.319351672488395],[132.12033830174346,43.3282551672376],[132.26403791880458,43.329893429562446],[132.40940075136263,43.32567059166387],[132.55661670249134,43.31699100414478],[132.7058805262633,43.305259073998435],[132.85739107044435,43.29187914675243],[133.01135086563139,43.27825543296985],[133.16796606659895,43.26579197900002],[133.32744675487316,43.25589268170242],[133.49000761231366,43.24996134684363],[133.65586897372273,43.24940179098487],[133.82525826221348,43.25561798693844],[133.99841180420452,43.2700142532744],[134.18291585360078,43.42896237361709],[134.37030979334835,43.583011562901255],[134.56048360525088,43.732363093737106],[134.75333254442074,43.87721855808401],[134.94875675865524,44.01777986222784],[135.14666094068193,44.15424922106408],[135.34695401086748,44.286829151827106],[135.54954882812228,44.415722467398766],[135.75436192686206,44.541132269322645],[135.9613132780148,44.66326194064348],[136.1703260721667,44.7823151386844],[136.3813265230601,44.89849578786928],[136.5088834771436,45.10502312341551],[136.6497363039392,45.29374877992483],[136.80126715982658,45.466823070219014],[136.96085449233271,45.62638755685641],[137.12588526141042,45.774588417729646],[137.29375871955293,45.91357600598904],[137.4618889943284,46.04550446065962],[137.62770680355825,46.17253138978671],[137.7886605863784,46.29681764456647],[137.94221729732246,46.420527200315725],[138.08586308578975,46.54582715834561],[138.2171040702901,46.67488788185695],[138.3825107194962,46.85186443527322],[138.545061429349,47.031157357137516],[138.70433853640134,47.211972059281656],[138.8599086422057,47.39351227025535],[139.01132108591688,47.57497992854571],[139.15810654409117,47.755575093563735],[139.29977580599876,47.93449587693771],[139.43581877482302,48.11093839669989],[139.56570374635825,48.284096756956245],[139.68887701711162,48.45316305558401],[139.80476287294576,48.617327422408884],[139.91276400744437,48.7757780901667],[140.01226241590345,48.927701500351816],[140.1026208061281,49.072282445793846],[140.18318456092217,49.208704251481905],[140.2532842792046,49.336148994769744],[140.3122389129868,49.45379776564443],[140.35935950596982,49.560830967224824],[140.40384696925528,49.695477774181334],[140.42678817968522,49.825511402484054],[140.4307049500648,49.951364764683234],[140.41813329634581,50.07347091011328],[140.39163673320556,50.192266756053726],[140.3537761703108,50.30818666214257],[140.3071363472619,50.42166717373956],[140.2543192436134,50.533145683822866],[140.19794307743473,50.643060411986255],[140.1406415289456,50.751850389672626],[140.08506319424257,50.85995545214884],[140.03387127375896,50.96781623770821],[139.98974349984934,51.075874194574475],[139.95537230776867,51.18457159597699],[139.9334652543241,51.2943515638696],[139.92570239538787,51.42291677864746],[139.93636791708613,51.55651973970896],[139.96370810868396,51.694825768966275],[140.00596060270047,51.83749980966772],[140.06135284557092,51.98420635131562],[140.12810068409982,52.13460935626788],[140.2044070693041,52.28837218814341],[140.28846087976322,52.445157542193655],[140.3784358670453,52.60462737784183],[140.4724897261711,52.766442853629],[140.5687632944108,52.930264264841284],[140.66537988197226,53.09575098412694],[140.76044473834403,53.26256140544204],[140.85204465819263,53.43035289169434],[140.93824773078822,53.59878172648027],[140.889908531152,53.68676654511318],[140.7954760423276,53.74975887771134],[140.66318269614663,53.79204317534882],[140.50136215327464,53.81791503490623],[140.31840163714787,53.83167723174661],[140.12270562718825,53.837636622130056],[139.92267086004546,53.84010196060477],[139.72667256438572,53.84338265616428],[139.5430618419749,53.851788477012285],[139.3801741046751,53.86963020750603],[139.24634848331166,53.901221262324654],[139.1499581400878,53.95088027217522],[139.32338856242447,53.96278447525478],[139.50058593333387,53.948105713328005],[139.67513924123742,53.94201972325282],[139.84083578353668,53.97970223250276],[139.99188813459395,54.09637661623526],[139.94550452741888,54.19812106403892],[139.86415888885486,54.270172182983366],[139.75121556833776,54.31545195041357],[139.61015703603044,54.33689711302999],[139.44454809152415,54.33745544212151],[139.25800454472522,54.32008232413521],[139.05416626398963,54.2877377456957],[138.83667450535694,54.24338371487201],[138.60915345485947,54.18998214522879],[138.37519593189054,54.13049321626996],[138.1383532145889,54.06787421346904],[137.9021289576936,54.00507884327233],[137.66997717930025,53.945057013280305],[137.44530429562633,53.89075506523381],[137.23147518262292,53.8451164483961],[137.03182324044658,53.81108282336757],[137.02682131787657,53.913149821238974],[136.98702267600078,53.999648942958274],[136.91657360684923,54.07248038616499],[136.81968151588438,54.13355025490864],[136.70059913793824,54.184769391320174],[136.56361111941558,54.228052358404305],[136.413022977486,54.26531658747927],[136.25315243832495,54.29848170044819],[136.08832314976672,54.32946901434077],[135.9228607588262,54.360201233454674],[135.76109134127103,54.392602332976374],[135.60734216870304,54.42859763719313],[135.46594479836162,54.47011409533209],[135.3412404720497,54.519080758692205],[135.23758781314,54.57742946408071],[135.15937281443695,54.64709573064899],[135.11102111460758,54.73001988006678],[135.32314606069366,54.81008943165642],[135.53205937429368,54.907916399134585],[135.73835006224618,55.02159776308501],[135.94263506230305,55.149289325264846],[136.1454700039836,55.28908695570912],[136.34739957055697,55.43910317627501],[136.5489383068392,55.59744652187868],[136.75056648656204,55.762220483310365],[136.95272664446495,55.931522605984824],[137.1558207957901,56.103443754142006],[137.36020836928256,56.27606755259264],[137.56620488323586,56.44747002011386],[137.77408139741004,56.61571940999942],[137.9840647765568,56.77887627400806],[138.1963388035813,56.934993765970525],[138.411046181794,57.08211820054973],[138.24470204728348,57.13374670363841],[138.08086390110608,57.18813611974394],[137.91951313607723,57.24484346676937],[137.76063189339263,57.303425270808965],[137.60420275227548,57.363437505447834],[137.45020847017958,57.42443554219752],[137.2986317730258,57.48597411231904],[137.14945519503814,57.54760728031652],[137.00266096782332,57.60888842940958],[136.8582309584041,57.66937025930704],[136.71614665596516,57.72860479661017],[136.57638920711037,57.78614341817053],[136.4389394994487,57.841536887712714],[136.3037782933363,57.89433540600875],[136.17088640159182,57.9440886748567],[136.0162516996749,57.99041637810033],[135.84647143203233,58.024667381829964],[135.66908486887803,58.0528797122748],[135.49162690012813,58.08109712961769],[135.32161936323868,58.11536798784303],[135.16657935447915,58.16174643050805],[135.04001616834194,58.22511023838383],[134.93980167635138,58.30716561978384],[134.85562574392003,58.40061162989419],[134.77713031213173,58.49813371959795],[134.69388143500217,58.59239988989074],[134.59536781215064,58.67606027485373],[134.47102622875613,58.74175028654383],[134.35661337277017,58.78157797296305],[134.232314024674,58.81827844750976],[134.09852485894757,58.8519541893891],[133.9556451749902,58.88270794943294],[133.80407662898142,58.910642731656736],[133.64422297372755,58.93586177516385],[133.47648980690764,58.95846853644043],[133.30128432809198,58.978566672081456],[133.1190151048772,58.99626002198547],[132.93009184844558,59.011652593052474],[132.73492519882606,59.02484854341748],[132.53392652010282,59.03595216724873],[132.327507705785,59.045067880137445],[132.1160809945245,59.05230020510321],[131.9000587963399,59.057753759236974],[131.67985352947557,59.06153324100071],[131.455877468004,59.06374341820111],[131.22854260025096,59.06448911665241],[130.99826049810375,59.06387520954069],[130.76544219723925,59.062006607501424],[130.53049808829346,59.05898824941889],[130.29383781896775,59.05492509395511],[130.05587020706298,59.04992211181427],[129.8170031644058,59.04408427874716],[129.5776436316267,59.03751656929853],[129.33819752373438,59.030323951299714],[129.09906968642272,59.02261138110728],[128.86066386303622,59.01448379958759],[128.62338267211658,59.006046128846926],[128.38762759544576,58.9974032697053],[128.15379897649646,58.988660099912394],[127.92229602920473,58.97992147310311],[127.69351685697,58.97129221849023],[127.46785848179985,58.9628771412917],[127.24571688350966,58.954781023889375],[127.0345296712345,58.94774260861106],[126.8227725207465,58.94122431391033],[126.61046012760094,58.93521100608316],[126.39760731311358,58.92968755908902],[126.18422902390121,58.924638854040246],[125.97034033145407,58.92004977870826],[125.75595643174078,58.915905227046466],[125.54109264484421,58.91219009872981],[125.32576441462679,58.90888929871039],[125.10998730842515,58.90598773678966],[124.89377701677243,58.90347032720648],[124.67714935314712,58.90132198824108],[124.46012025374738,58.89952764183507],[124.24270577729031,58.898072213226925],[124.02492210483396,58.89694063060328],[123.80678553962223,58.89611782476568],[123.58831250695027,58.895588728812754],[123.3695195540503,58.8953382778378],[123.15042334999612,58.89535140864185],[122.93104068562482,58.895613059461695],[122.71138847347567,58.89610816971336],[122.49148374774354,58.89682167975073],[122.27134366424698,58.89773853063914],[122.05098550040876,58.8988436639444],[121.83042665524803,58.90012202153646],[121.60968464938323,58.90155854540872],[121.38877712504373,58.903138177511764],[121.16772184608975,58.90484585960258],[120.9465366980387,58.90666653310876],[120.72523968809674,58.90858513900748],[120.50384894519522,58.910586617719865],[120.28238272002936,58.91265590902015],[120.06085938509858,58.91477795195997],[119.83929743474714,58.91693768480777],[119.61771548520446,58.91912004500315],[119.39613227462218,58.92130996912646],[119.17456666310818,58.9234923928833],[118.95303763275601,58.92565225110434],[118.73156428766805,58.92777447776006],[118.51016585397043,58.92984400599081],[118.28886167982088,58.93184576815177],[118.06767123540493,58.933764695873506],[117.84661411292193,58.935585720137155],[117.62571002655815,58.9372937713652],[117.4049788124455,58.938873779527285],[117.18444042860659,58.94031067426126],[116.96411495488141,58.941589385009294],[116.7440225928382,58.94269484116944],[116.52418366566413,58.9436119722621],[116.3046186180365,58.94432570811189],[116.08534801597247,58.94482097904455],[115.86639254665607,58.94508271609903],[115.6477730182417,58.94509585125476],[115.42951035963169,58.94484531767389],[115.2116256202297,58.94431604995863],[114.9941399696643,58.943492984423735],[114.77707469748613,58.94236105938378],[114.56045121283462,58.940905215455395],[114.3442910440737,58.93911039587441],[114.12861583839702,58.93696154682773],[113.91344736139878,58.93444361779991],[113.69880749661182,58.93154156193429],[113.48471824501101,58.928240336408756],[113.27120172447987,58.92452490282577],[113.05828016924116,58.92038022761687],[112.84597592925056,58.91579128246105],[112.63431146955001,58.910743044717464],[112.42330936958322,58.905220497871845],[112.21299232247087,58.899208631996686],[112.00338313424405,58.89269244422489],[111.79450472303708,58.885656939236945],[111.56081530123286,58.87922756352712],[111.32818598724175,58.875829541415186],[111.09657888641654,58.87490708367106],[110.8659614538303,58.87590455728728],[110.6363061987969,58.87826640426488],[110.4075904555664,58.88143708097281],[110.17979621824452,58.884861018020146],[109.95291003807753,58.88798260062896],[109.7269229813091,58.89024616952287],[109.50183064584986,58.89109604235613],[109.27763323502134,58.889976555696855],[109.05433568662416,58.886332127548336],[108.83194785555523,58.87960734034305],[108.61048474815472,58.86924704427543],[108.38996680639623,58.85469648075158],[108.17042023996437,58.83540142562755],[107.95187740416588,58.81080835178343],[107.72974134264072,58.77831262425338],[107.49000033003487,58.7356597633672],[107.23555570378576,58.684155748657055],[106.96929887243792,58.62510646783178],[106.69410562696568,58.55981700704929],[106.4128315235706,58.489591062267166],[106.1283083273429,58.41573047146958],[105.84334149868212,58.33953486637703],[105.56070869881403,58.262301441322286],[105.28315928708014,58.185324836320014],[105.01341478083322,58.10989713096201],[104.75417024866589,58.03730794562513],[104.50809660924158,57.9688446465762],[104.27784381109832,57.905792651886614],[104.0660448733809,57.84943583562251],[103.8753207734658,57.801057028544335],[103.64880850364173,57.745250858084546],[103.40490719147914,57.68594917128712],[103.14693461250262,57.62405963186351],[102.87819160068645,57.56048863992001],[102.6019601731462,57.4961412212518],[102.3215023556837,57.431920969854595],[102.04005969402544,57.36873004231482],[101.76085343464689,57.307469202686256],[101.4870853590119,57.24903791648851],[101.22193925585151,57.19433449256756],[100.96858301771726,57.14425627173792],[100.7301713504563,57.09969986137838],[100.50984908743652,57.0615614154784],[100.31075510429255,57.0307369600265],[100.13602683466759,57.008122764099014],[99.91685368395112,56.98586873754443],[99.69677491735902,56.96708316761828],[99.47594862482931,56.95156292042962],[99.25453505128591,56.93910514201683],[99.03269653371166,56.929507218598495],[98.81059744172369,56.92256673965566],[98.58840412143465,56.91808146376012],[98.36628484237647,56.91584928707693],[98.14440974726114,56.91566821448067],[97.92295080434698,56.91733633323607],[97.70208176217754,56.92065178920319],[97.48197810645522,56.925412765536265],[97.26281701880956,56.931417463853435],[97.04477733722088,56.938464087861554],[96.82803951785557,56.94635082942652],[96.61278559807297,56.95487585708481],[96.39919916036328,56.9638373069965],[96.18746529697854,56.97303327634386],[95.97777057502256,56.982261819181566],[95.77030300177096,56.991320944747706],[95.56525198999849,57.00000861824453],[95.36280832309644,57.008122764099014],[95.16152274529422,57.01560532506636],[94.95957022985192,57.02271288168176],[94.75696825493368,57.02945371711231],[94.55373426762638,57.03583611834111],[94.34988568230018,57.04186837599017],[94.1454398790118,57.04755878414668],[93.94041420195188,57.05291564019299],[93.73482595793539,57.05794724464004],[93.52869241493528,57.06266190096463],[93.32203080065979,57.06706791545028],[93.11485830117276,57.07117359703189],[92.90719205955651,57.07498725714421],[92.69904917461871,57.07851720957405],[92.49044669964093,57.081771770316514],[92.28140164117086,57.08475925743498],[92.07193095785607,57.0874879909251],[91.862051559321,57.08996629258278],[91.65178030508531,57.09220248587613],[91.44113400352448,57.09420489582131],[91.23012941087222,57.09598184886269],[91.01878323026426,57.09754167275682],[90.8071121108231,57.098892696460666],[90.59513264678421,57.100043250023774],[90.38286137666265,57.10100166448475],[90.17031478246007,57.10177627177181],[89.95750928891232,57.102375404607386],[89.74446126277631,57.10280739641704],[89.53118701215709,57.10308058124256],[89.31770278587365,57.10320329365907],[89.10402477286415,57.10318386869661],[88.8901691016295,57.1030306417657],[88.67615183971549,57.102751948587226],[88.46198899323275,57.102356125126576],[88.247696506414,57.10185150753191],[88.03329026120988,57.101246432076806],[87.81878607691984,57.100549235106946],[87.60419970986166,57.09976825299125],[87.38954685307532,57.09891182207711],[87.17484313606438,57.09798827864998],[86.96010412457176,57.09700595889705],[86.74534532039122,57.09597319887534],[86.53058216121357,57.09489833448399],[86.31583002050711,57.09378970144065],[86.10110420743199,57.092655635262346],[85.88641996678912,57.09150447125042],[85.67179247900128,57.090344544479734],[85.45723686012754,57.089184189792235],[85.24276816191048,57.08803174179453],[85.02840137185535,57.086895534859934],[84.81415141334092,57.085783903134576],[84.60003314576211,57.0847051805478],[84.38606136470318,57.08366770082684],[84.17225080214193,57.08267979751557],[83.95861612668408,57.08174980399772],[83.74517194382783,57.080886053524054],[83.53193279625745,57.080096879243904],[83.31891316416673,57.079390614240964],[83.10612746561061,57.078775591573304],[82.89359005688603,57.07826014431729],[82.68131523294008,57.07785260561638],[82.46931722780714,57.07756130873343],[82.25761021507194,57.0773945871077],[82.04620830836126,57.077360774415986],[81.83512556186109,57.07746820463781],[81.62437597086155,57.077725212125145],[81.41397347232689,57.07814013167611],[81.20393194549153,57.07872129861311],[80.99426521248229,57.07947704886517],[80.78498703896518,57.080415719054436],[80.57611113481713,57.08154564658723],[80.36765115482245,57.08287516974915],[80.15962069939442,57.084412627804475],[79.95203331531917,57.08616636110022],[79.74490249652537,57.08814471117397],[79.53824168487584,57.0903560208667],[79.33206427098409,57.09280863443946],[79.12638359505243,57.095510897694716],[78.9212129477335,57.09847115810208],[78.71656557101456,57.1016977649285],[78.51245465912497,57.105199069372716],[78.3088933594636,57.108983424704626],[78.10589477355047,57.11305918640872],[77.90347195799968,57.11743471233247],[77.70163792551303,57.12211836283901],[77.50040564589683,57.12711850096466],[77.29978804709842,57.132443492581075],[77.09979801626454,57.138101706562],[76.90044840082182,57.14410151495492],[76.70175200957625,57.15045129315749],[76.56030126373261,57.2461562376128],[76.41157479611381,57.3333290255141],[76.25755290580985,57.41392812918202],[76.10022328485482,57.489916825400854],[75.94157782023181,57.56326257422432],[75.78361056943137,57.6359366216593],[75.62831691866532,57.70991383527537],[75.47769392956974,57.78717278081534],[75.33374187981232,57.86969604771508],[75.19197055330002,57.95387214947684],[75.03963868096054,58.03573644282663],[74.88052881655739,58.11674746782247],[74.71843269577161,58.19836681933242],[74.55715051042519,58.2820591701637],[74.40049144375129,58.36929243317055],[74.25227548522122,58.46153806741079],[74.11633654653225,58.56027153400335],[73.99652690628884,58.6669729082995],[73.89625959709515,58.78026098886318],[73.80581016141906,58.90092818986917],[73.72389792287171,59.027966751961486],[73.64923794871353,59.160366563632984],[73.58053891883588,59.29711472870565],[73.5165013317137,59.43719518781794],[73.45581605208669,59.579588396495474],[73.39716320740985,59.72327106295171],[73.33921144199623,59.86721594924355],[73.28060917394228,60.010384078739996],[73.22001766361208,60.15175467672423],[73.15606248634664,60.29028130669648],[73.08736649846746,60.42492048837649],[73.0125430795481,60.55462487035721],[72.93019776209643,60.67834349399355],[72.83893029444862,60.7950221520595],[72.73733714259588,60.90360384566829],[72.62401443334707,61.003029342111276],[72.5007622507212,61.08619749894564],[72.35465135902734,61.16194190102391],[72.19123314109449,61.232651578322425],[72.0160747521959,61.30072132730558],[71.83475258782855,61.36855108677572],[71.65284896227779,61.43854573123875],[71.47595203540172,61.51311529602913],[71.30965902078187,61.59467564847132],[71.1432544318654,61.68943631495636],[70.98724744028581,61.79012229306768],[70.83727109657329,61.892127429321185],[70.68894907325812,61.99083143293968],[70.53789505050152,62.081600028974556],[70.37971847051284,62.15978680203058],[70.21003671255438,62.22073679480215],[70.02449368202929,62.259791902194216],[69.88478472076697,62.277487278967094],[69.72191662409598,62.29344123051967],[69.53822390479905,62.30759573104478],[69.33604517970478,62.319892802961256],[69.11772287297998,62.33027452548875],[68.88560289049293,62.33868304347632],[68.64203426531834,62.345060576475696],[68.38936877450094,62.34934942804779],[68.12996052725211,62.35149199529142],[67.86616552480876,62.35143077858123],[67.60034119224439,62.34910839150188],[67.33484588258236,62.34446757096313],[67.07203835362618,62.33745118748134],[66.81427721798609,62.32800225561009],[66.56392036685094,62.31606394450323],[66.32332436812165,62.3015795885913],[66.0948438395951,62.28449269835279],[65.88083079795848,62.264746971159134],[65.68363398442956,62.24228630217298],[65.50559816795193,62.21705479527716],[65.34906342692825,62.18899677401182],[65.10121841503062,62.11826818719741],[64.85938522639361,62.02025177754542],[64.61793880732668,61.90694259407348],[64.37111929879346,61.790302632189714],[64.11302495193864,61.68225274016997],[63.837605762601044,61.59467564847132],[63.63598566251196,61.545300702974686],[63.43393005056778,61.498476318150196],[63.23142502541286,61.45414080587354],[63.028457446213736,61.41223271382544],[62.82501491115217,61.37269081198088],[62.621085737048865,61.335454079667315],[62.41665894007781,61.30046169316517],[62.21172421753085,61.26765301382645],[62.00627193059758,61.23696757668822],[61.80029308812371,61.20834507956033],[61.59377933131588,61.18172537256637],[61.38672291936069,61.1570484481203],[61.17911671592742,61.134254431320734],[60.97095417652586,61.113283570746916],[60.76222933669188,61.09407622964156],[60.55293680097298,61.07657287746641],[60.34307173268932,61.060714081817906],[60.13262984444488,61.04644050069069],[59.92160738936543,61.03369287507827],[59.71000115303941,61.022412021900784],[59.49780844614016,61.0125388272502],[59.2850270977073,61.00401423994496],[59.07165544906573,60.99677926538599],[58.8576923483624,60.99077495970724],[58.64313714569901,60.98594242421443],[58.427989688842125,60.98222280010594],[58.212250319490316,60.979557263471456],[57.995919870078914,60.97788702056307],[57.778999661103256,60.9771533033353],[57.561491498941756,60.97729736525052],[57.34339767415945,60.97826047734653],[57.12472096027356,60.979983924563975],[56.905464612962206,60.98240900233128],[56.68563236969801,60.98547701340545],[56.46522844978727,60.98912926496729],[56.24425755479654,60.99330706596977],[56.02272486934784,60.997951724739345],[55.800636062263486,61.00300454682873],[55.577997288041715,61.00840683312202],[55.35481518864375,61.01409987819131],[55.131096895574046,61.02002496890511],[54.906850032233365,61.02612338328929],[54.68208271652535,61.032336389640285],[54.45680356369781,61.03860524589198],[54.23102168939705,61.04487119923621],[54.00474671291751,61.051075485997806],[53.77798876062394,61.05715933176529],[53.55075846952745,61.063063951777174],[53.323066990993404,61.06873055156539],[53.094925994561336,61.07410032785589],[52.86634767185479,61.079114469727216],[52.63734474055953,61.08371416002767],[52.40793044844952,61.087840577050926],[52.178118577438234,61.09143489647062],[51.94792344763276,61.09443829353382],[51.71735992136955,61.09679194551284],[51.48644340720804,61.09843703441515],[51.25518986386185,61.09931474995041],[51.0236158040422,61.099366292753494],[50.79173829819287,61.098532877862255],[50.5595749780926,61.09675573844789],[50.327144040303224,61.093976129795806],[50.094464249439746,61.09013533353465],[49.86155494123896,61.085174662109964],[49.62843602540544,61.07903546349921],[49.47679895488051,61.1587528636146],[49.328862843694694,61.244617238922615],[49.18389438610096,61.33581052951724],[49.04116179742476,61.431513230835066],[48.899934005573854,61.53090407499626],[48.75948000666616,61.63315975423798],[48.619068384891236,61.7374546878273],[48.47796699745256,61.8429608342127],[48.335442825986085,61.948847550479464],[48.19076199621972,62.05428150141783],[48.04318996781373,62.15842662068144],[47.89199189630384,62.26044412661136],[47.736433168841295,62.35949259531456],[47.57578011498587,62.45472809351654],[47.4093008931484,62.545304373544894],[47.23626655239364,62.63037313254222],[47.055952268198496,62.70908433764644],[46.87401830723002,62.78090268240286],[46.68963193282694,62.84792069402661],[46.503019381166716,62.91055922468683],[46.31440608957356,62.96924044158404],[46.12401636715517,63.02438769842706],[45.93207309827565,63.076425418179085],[45.73879747894866,63.125778987761564],[45.54440878608108,63.17287466532136],[45.34912417935681,63.21813950059347],[45.15315853542955,63.2620012688273],[44.95672431398955,63.304888418688584],[44.76003145518422,63.34723003450532],[44.563287307804316,63.38945581319039],[44.36669658759731,63.431996056151526],[44.17046136504074,63.47528167648635],[43.974781081890775,63.519744221760675],[43.779852595826625,63.5658159126796],[43.58587025252921,63.613929697985895],[43.39302598457285,63.66451932595662],[43.201509436556385,63.71801943291971],[43.011508115973115,63.77486564927654],[42.82320756940123,63.83549472359505],[42.63679158369894,63.90034466543145],[42.452442412005546,63.96985490764897],[42.270341024481326,64.04446648912902],[42.09066738387372,64.12462225891542],[41.91360074616556,64.21076710299843],[41.844359022352364,64.36411440220972],[41.75383078969149,64.50407552015398],[41.64381474358003,64.63179348868012],[41.51613588816295,64.74842022432887],[41.372640491293026,64.85511554680174],[41.215191438120456,64.95304625947821],[41.04566876324315,65.04339958935674],[40.865947282695544,65.1273256649075],[40.67792140799448,65.20602160608188],[40.483483485578624,65.28067469377787],[40.28452631232611,65.35247590243978],[40.08294153655358,65.4226195846828],[39.93190045525058,65.2685980016113],[39.77448333099135,65.14279129131035],[39.61123338818057,65.04299575220247],[39.442709966518336,64.96702226355453],[39.26950473196365,64.9127468510437],[39.09221401033576,64.87802102786793],[38.91145603331386,64.86072434216406],[38.72786624563822,64.85874650111687],[38.54209717491765,64.86998425376187],[38.35481834227721,64.89233871140596],[38.166716193895894,64.92371307905873],[37.97849403192491,64.9620107807634],[37.790876076354785,65.00514811640888],[37.60459073915976,65.05099673257494],[37.420395317685994,65.09746730811442],[37.23905906363791,65.1424530861022],[37.06136685212576,65.1838439174983],[36.888118578240615,65.21952671895593],[36.72012839882572,65.24738634770799],[36.558223802533455,65.26530689972239],[36.403244489350165,65.27117343142997],[36.352093760292135,65.0697942905528],[36.30066643754886,64.86608559329164],[36.24931486589131,64.66142233715054],[36.36108069344077,64.57928007306626],[36.51789539832455,64.52679088778326],[36.69888525220495,64.49010510013312],[36.8831633541599,64.45540301693774],[37.04978534436805,64.40888398731335],[37.177774027788075,64.33677219392007],[37.24621276927389,64.22533878595175],[37.234406265074476,64.06093961604525],[37.014920446400204,63.98581874513122],[36.80212707865142,63.927987867309575],[36.59574777022544,63.8866239644012],[36.39552299815089,63.86091243231016],[36.201210327130404,63.85004589304982],[36.01258279126992,63.853223107073696],[35.82942742152281,63.869647974124845],[35.651543904046015,63.89852861257305],[35.47874335653964,63.93907650876073],[35.310847211255506,63.99050572925603],[35.14768619476742,64.0520321901467],[34.989099395822336,64.12287297861653],[34.834933413665475,64.20224572305177],[34.68504158018199,64.28936800883801],[34.53928325003444,64.38345683784132],[34.39752315372146,64.48372813033113],[34.259630809148675,64.58939626880152],[34.12547998789713,64.69967368378823],[33.99494823291076,64.81377048236325],[33.86791642480361,64.93089412051958],[33.74427194195067,65.05026343174328],[33.62389469792583,65.17105177201071],[33.50667790923331,65.29247144728701],[33.39251339957442,65.4137174069233],[33.28129472949886,65.53398101241297],[33.17291695080149,65.6524499926755],[33.067276405261325,65.76830846328313],[32.964270570244096,65.88073701422341],[32.86379795363914,65.98891287065548],[32.76575804042165,66.09201013083555],[32.67005129280496,66.18920008494392],[32.503536056677746,66.3332166963583],[32.32691471152252,66.46009704109372],[32.161590475014464,66.58478356516062],[32.029013722958716,66.72229588096354],[31.950735310503816,66.8877409515981],[32.14827429815391,66.95919687558721],[32.346086588432215,67.02030060976915],[32.54409887367866,67.0715385584614],[32.742243506843685,67.11340116416055],[32.94045849812981,67.1463824797555],[33.138687481405626,67.17097974450462],[33.336879654260414,67.18769296811732],[33.53498969561229,67.19702452685291],[33.732977664762196,67.19947877511117],[33.93080888570906,67.19556167554944],[34.128453820416986,67.18578045032636],[34.325887934550956,67.17064325564974],[34.52309155900186,67.15065888140042],[34.72004975028805,67.12633647722231],[34.916752152682555,67.09818530611234],[35.11319286465705,67.0667145262197],[35.30937031198572,67.03243300127046],[35.50528712960082,66.99584913977635],[35.70095005405769,66.95747076296436],[35.896369828248254,66.91780500117763],[36.09156111980598,66.8773582183491],[36.28654245447678,66.83663596403643],[36.48133616558613,66.79614295242713],[36.67596836063216,66.75638306768145],[36.87046890595579,66.71785939496812],[37.06487143040992,66.68107427657162],[37.259213348953175,66.64652939250269],[37.45353590714274,66.61472586512646],[37.64788424759386,66.58616438743742],[37.842307499611465,66.56134537475056],[38.03685889338895,66.5407691397506],[38.23159590041401,66.52493609103931],[38.426580402015524,66.51434695555037],[38.62187888835405,66.50950302546023],[38.817562690583905,66.51090643051363],[39.013708249425434,66.51906043700772],[39.210397423976424,66.53446977503948],[39.40771784528337,66.55764099602291],[39.605763319995866,66.58908286292989],[39.804634290353725,66.62930677620457],[40.00443835784026,66.67882723885903],[40.205290879085624,66.7381623648772],[40.40731564407067,66.80783443575534],[40.46522445164853,67.02266048399753],[40.47444114237366,67.20642621755113],[40.449853938804246,67.3685698771659],[40.406566956326586,67.51861138141905],[40.359838422962405,67.6661381626378],[40.3250551536523,67.82079973796644],[40.07432104186841,67.86028235135991],[39.821699863376615,67.89857344625504],[39.56876715060003,67.93653515468604],[39.31709238831715,67.97503105887316],[39.06823903950465,68.01492621163607],[38.82376493045485,68.05708723972936],[38.72557108277839,68.16683930524229],[38.61813367623668,68.27085967969826],[38.501629641553215,68.36926057987453],[38.376240464777965,68.46215559096898],[38.24215198417914,68.54965963683848],[38.09955417778855,68.63188894672513],[37.948640942650314,68.70896101876708],[37.789609866859315,68.780994580595],[37.62266199550115,68.84810954731367],[37.44800159162035,68.91042697716966],[37.265835893348886,68.96806902520322],[37.07637486832216,69.02115889517873],[36.87983096649582,69.06982079008465],[36.67641887245437,69.11417986148622],[36.46635525827137,69.15436215800881],[36.249858537945045,69.19049457321967],[36.027148624386115,69.222704793168],[35.79844668988807,69.25112124383199],[35.563974930952305,69.2758730387109],[35.32395633828425,69.29708992678842],[35.078614472712346,69.3149022410807],[34.82817324771964,69.3294408479705],[34.5728567192094,69.34083709751452],[34.31288888306143,69.34922277489858],[34.048493480966215,69.35473005320122],[33.77989381496012,69.35749144761255],[33.50731257101688,69.3576397712419],[33.230971651988135,69.35530809263447],[32.95109202012356,69.35062969510355],[32.667893549341755,69.34373803797281],[32.38159488736696,69.33476671981026],[32.09241332779329,69.32384944372338],[31.97009284201944,69.48181819025855],[31.8375504453185,69.62016565280715],[31.69453110435549,69.74214326762676],[31.540784962692555,69.85103211336259],[31.376060739894868,69.95013775499987],[31.200099055669185,70.04278275525115],[31.012627988553596,70.13231696548566],[30.813355462070334,70.22209559407547],[30.601965171547796,70.31549247519098],[30.378111596619128,70.41589760337722],[30.14141574594249,70.52671949761562],[29.902745590935915,70.64213718084758],[29.68540079998219,70.74861273901136],[29.478830685780828,70.84235454467986],[29.272456127890223,70.91955810874315],[29.05568968946382,70.97641305066215],[28.81796692876948,71.00911196444302],[28.58993608111411,71.02366439134877],[28.355416311648227,71.03403014598966],[28.115034660112475,71.0404185136285],[27.869418099788334,71.0430394697],[27.619193019597326,71.04210357716087],[27.364984743317557,71.03782188897819],[27.107417087275564,71.03040585590364],[26.84711195751811,71.02006723965901],[26.584688987138147,71.00701803163959],[26.320765214123178,70.99147037722268],[26.055954799815265,70.97363650575147],[25.790868787820134,70.95372866624695],[25.526114902985526,70.9319590688868],[25.262297389876487,70.90853983227461],[25.000016890019687,70.88368293651124],[24.73987035705828,70.85760018206867],[24.482451008861943,70.83050315445585],[24.22834831556334,70.80260319465856],[23.978148022451986,70.77411137532725],[23.73243220663268,70.74523848268133],[23.491779366365535,70.7161950040926],[23.256764542022403,70.68719112130974],[23.19110344212526,70.51192135372526],[23.13810741195811,70.33374632914737],[23.09573493564489,70.1536572127675],[23.061955781632722,69.97263982466629],[23.0347524510987,69.79166020857366],[23.012123368136425,69.61168341220554],[22.99208095521266,69.43366243956248],[22.972651480863643,69.25854238081571],[22.95187461894546,69.08726094317744],[22.92780262122257,68.92074905843869],[22.898499121424337,68.75993155854783],[22.862037585773688,68.60572791196722],[22.816499421530615,68.45905301499772],[22.759971751360865,68.32081803379245],[22.69054485737187,68.19193129438798],[22.606309294460765,68.0732992197667],[22.50535266816609,67.9658273147339],[22.385756067451993,67.87042120126493],[22.245590137684186,67.78798770896746],[22.08291077335975,67.71943602744307],[21.895754403743013,67.66567892964895],[21.687306869214243,67.62564934559242],[21.47541144237927,67.59958156578358],[21.260096593283976,67.58592163066965],[21.041404203729844,67.58312190977328],[20.819389613863315,67.58963914415689],[20.59412179463443,67.60393277117696],[20.365683625575457,67.62446351532458],[20.134172259440035,67.64969223483465],[19.899699556443284,67.67807901858329],[19.662392571291484,67.70808253165269],[19.422394076001225,67.73815961085647],[19.17986310080135,67.76676511350072],[18.934975474297197,67.79235202369719],[18.687924342700693,67.81337182062819],[18.438920646414402,67.82827511226292],[18.18819353076959,67.83551253612556],[17.935990666431103,67.83353592580296],[17.68257845405686,67.82079973796644],[17.630994975101167,67.99599065024357],[17.56038228714307,68.15794205242551],[17.471519421328225,68.30615524349618],[17.365209683245045,68.44013321205989],[17.242280912688294,68.55938162431855],[17.103585556713217,68.66340985288669],[16.950000537009636,68.75173203740621],[16.78242689460527,68.82386816662859],[16.601789197548474,68.87934517040783],[16.409034700509956,68.91769800893412],[16.205132249141183,68.93847074557061],[15.99107092646376,68.94121758887309],[15.767858443443615,68.92550388880944],[15.536519281092865,68.8909070718817],[15.298092596795042,68.8370174998104],[15.053629912887931,68.76343923668799],[15.038786422886075,68.5848519202845],[14.985451871483841,68.42641537087113],[14.900609935723276,68.28494992527472],[14.791171876692811,68.15730872865831],[14.663998906046139,68.04037133134835],[14.525919159818987,67.93103874487595],[14.38373960892927,67.82622981282009],[14.244253128575554,67.72287878646054],[14.11424087936992,67.61793401898878],[14.000470116183607,67.50835770640609],[13.90968753274445,67.39112660922848],[13.848608268123362,67.26323368749883],[13.823900742501722,67.12169057309684],[13.851216990975637,66.97539539366318],[13.929782102831501,66.83437839715516],[14.046982225300852,66.69548333871366],[14.19027449920497,66.5555723320126],[14.347174562582474,66.41152517706215],[14.505252847688007,66.26023966346588],[14.652139340731162,66.09863276186888],[14.77553646594818,65.92364261044771],[14.86323970578961,65.73223119115366],[14.922159654773253,65.52105177944192],[14.959422293308748,65.3206305565231],[14.975752337737212,65.13088552237528],[14.971853700690811,64.9517258407394],[14.94841267039779,64.78310833388643],[14.906096489041275,64.62495173546421],[14.845555993444226,64.477193309373],[14.767426185515841,64.33977399442657],[14.672327215870578,64.21263824335749],[14.560865305918762,64.09573387562213],[14.433633613159003,63.98901194314779],[14.291213044037054,63.89242660825591],[14.134173018406388,63.80593503307577],[13.963072189329628,63.72949727983687],[13.778459121694738,63.663076221496205],[13.580872932878773,63.606637462216945],[13.522443382529099,63.4655721128856],[13.449331966037102,63.32453779200867],[13.36344268317492,63.18317870849717],[13.266669891784725,63.04114072259473],[13.160898723570646,62.89807132733877],[13.048005357881676,62.753619639738396],[12.9298571582473,62.60743640101821],[12.808312676358158,62.459173985278206],[12.685221528193654,62.308486415918516],[12.562424147073424,62.15502938917023],[12.441751418555272,61.99846030406],[12.325024202307931,61.838438298121176],[12.21405274634774,61.67462428814376],[12.110635999343966,61.50668101523249],[12.01656082705709,61.334273093417636],[11.933601139375913,61.15706706103547],[11.863516934860117,60.97473143406592],[11.808053270159842,60.78693676058657],[11.782685384868032,60.6197479066165],[11.777146974767842,60.44693958085459],[11.779674312027748,60.27143808010903],[11.7785799986211,60.09615518064744],[11.762253846800192,59.92399550607291],[11.71915770282034,59.75782753965358],[11.620634383705676,59.57469249857382],[11.489224318545464,59.4142567109629],[11.35397574200781,59.2656355730058],[11.243814423281972,59.117994417037224],[11.18755130264091,58.960542802126376],[11.186560391665115,58.78593812874982],[11.220222165633949,58.60983173413975],[11.284478612682888,58.43520465371431],[11.375306425078083,58.2650244017075],[11.488723022496734,58.10224585212315],[11.620790257968283,57.94981264031432],[11.76761595221733,57.81065905049199],[11.925353400869907,57.68771236238526],[12.090198988139289,57.58389564048134],[12.154829179036584,57.42041911438903],[12.217288018869395,57.25574014197137],[12.278131599976902,57.09020279767943],[12.337913582916935,56.92414973936079],[12.397185147231555,56.75792222573762],[12.45649497710633,56.59186014126367],[12.516389280560167,56.426302027850284],[12.577411840817428,56.2615851229639],[12.640104098544668,56.098045403614876],[12.705005263685635,55.9360176357766],[12.911580124123477,55.985944972617446],[13.120930201270419,56.013753958522535],[13.331566402737135,56.02479733165934],[13.54203611035689,56.024435242691965],[13.750925267990631,56.01803091913155],[13.956859002928162,56.01094796762036],[14.158500922819067,56.00854933398197],[14.354551234636414,56.016197923090544],[14.54374382501399,56.03925887861322],[14.72484242353343,56.08310353649658],[14.902943298772687,56.16867310040973],[15.038881939937085,56.286548415903866],[15.155200513934707,56.41521576082614],[15.274418661976561,56.53310422319802],[15.419048219237293,56.61858476578127],[15.611526172956154,56.64999723129408],[15.669771759412889,56.822400414632334],[15.72637368624675,56.996497420581065],[15.782047562504177,57.17168282588151],[15.837511847767354,57.34734871354891],[15.893487960458703,57.52288458102911],[15.950700312319759,57.6976772692923],[16.009876265844944,57.87111091457934],[16.07174601142168,58.042566924566444],[16.13704236098016,58.21142398074314],[16.20650045509102,58.37705806879847],[16.280857380682402,58.53884253878544],[16.360851696870377,58.696148196775404],[16.44722286682443,58.84834342962228],[16.540710594120497,58.99479436433115],[16.642054062671882,59.134865063358504],[16.751991080077417,59.26791775696694],[16.87125712508273,59.393313113508086],[17.10074559689361,59.403807655166695],[17.2877075863876,59.38018443475489],[17.459173146318644,59.343809328634826],[17.64230511864465,59.31603718883143],[17.86438922354487,59.318208864600244],[17.905369709628246,59.5437977853211],[17.91210636178703,59.74270160788922],[17.88746573194484,59.91722910232628],[17.834379524327083,60.06970404271883],[17.755835113302062,60.20249336075673],[17.65485917482802,60.317958510447966],[17.53450989014594,60.41848239923557],[17.397866536386346,60.50645974434423],[17.24802108428402,60.584294937591686],[17.088071152171345,60.654400235686],[16.92111438003034,60.71919430786993],[16.750244263678663,60.78110116562598],[16.680371237425504,60.94375809650901],[16.63419584904576,61.11523280277235],[16.609598655774818,61.29344806523889],[16.604456525735632,61.47631729371326],[16.616637172603784,61.66174339097742],[16.643994444526747,61.847617896223404],[16.68436439650337,62.03182043294973],[16.735562187040934,62.21221848894278],[16.795379848954777,62.386667557385515],[16.861584990411036,62.553011668236664],[16.931920485457645,62.70908433764644],[17.11356337548577,62.78186875266293],[17.28774274692207,62.86114392554262],[17.456102148535614,62.94557338455025],[17.62027917792266,63.033817836829805],[17.781906760000624,63.12453464797974],[17.94261400215067,63.216377456028695],[18.104026625856477,63.307995924720544],[18.267766973114185,63.398035641780254],[18.435453585260632,63.485138168257684],[18.608700352194766,63.567941245111804],[18.789115231275893,63.64507916288449],[18.978298537478373,63.715183299597186],[19.17784080967786,63.77688283086488],[19.389320262228285,63.82880561464903],[19.61429983623691,63.86957925105077],[19.854323871114754,63.89783231508425],[20.11091442398851,63.91219575747804],[20.385567272313253,63.911304465258446],[20.458578621671272,64.10788533088153],[20.540872455986715,64.2975871422912],[20.634614053852506,64.47849830441906],[20.741970242562616,64.64869634437626],[20.865104893857513,64.80624934353487],[21.00617352245108,64.94921778671153],[21.167318490693656,65.07567125252396],[21.350656225487906,65.18363408720965],[21.558277636395516,65.27117343142997],[21.674838530887165,65.45128486498771],[21.76907890361054,65.65239909838898],[21.86180943664813,65.8559392480021],[21.973908957558862,66.04319036117754],[22.126291635503875,66.1953066456034],[22.40642638362429,66.1983883352354],[22.680382321167794,66.19756842710676],[22.94040385644362,66.18691021850779],[23.178680024182988,66.1604815102265],[23.387368659881364,66.11236197615779],[23.558631532044572,66.03665380169565],[23.5564419984218,65.80508137102258],[23.56323262990607,65.59258633171785],[23.571521950298305,65.3954265524011],[23.57390407813328,65.20989748269247],[23.563036195393313,65.03232601331861],[23.53163094323704,64.85905249395181],[23.47246458265444,64.68648357230327],[23.37837156109132,64.51100656838258],[23.26802342420094,64.37941711930884],[23.124599164923865,64.26964835899896],[22.95545199868866,64.17631363320638],[22.76791820183879,64.09405284221879],[22.569338097521523,64.01752570342258],[22.36706934775649,63.94140765709767],[22.168492664532494,63.86038829353142],[21.98100997105894,63.76917220733575],[21.812035030845628,63.66248218855523],[21.66897661591684,63.535064641171175],[21.587203432474382,63.42372618967174],[21.50489235413682,63.27547237629021],[21.426928018926702,63.10061473531743],[21.35811587495612,62.90942700090015],[21.303176212152184,62.71212786837147],[21.266750127501005,62.518873110062444],[21.25341660669264,62.339756408183284],[21.267720015752637,62.18481820038798],[21.31420757163255,62.06406192074541],[21.397476785881388,61.987477243545186],[21.52223344641051,61.96507028917767],[21.312168488585684,61.960709123237976],[21.176434672750958,61.89095047902693],[21.13511036727301,61.74153169667109],[21.207264676545478,61.554020137615446],[21.282691266376865,61.36937994516989],[21.364849441812346,61.19019843625602],[21.45718124079754,61.01904987233395],[21.563116190244116,60.85849706500009],[21.686077764876202,60.711093380727014],[21.857357742792686,60.680628541999624],[22.03772609577434,60.64843994419079],[22.226260824677173,60.615148741349714],[22.42204482505477,60.58137552525698],[22.624166383637693,60.5477402925739],[22.83171956966602,60.51486244007323],[23.04380452392153,60.483360787524546],[23.25952764852056,60.453853627818035],[23.47800170064194,60.42695880395111],[23.69834579337428,60.403293812575576],[23.919685306777346,60.383475933906],[24.14115171206975,60.368122387922334],[24.361882311579258,60.357850516964696],[24.58101989672945,60.35327799501107],[24.79771232588515,60.35502306415431],[25.011112023342523,60.36370479905168],[25.22037540012979,60.379943400411875],[25.424662196576286,60.404360518910536],[25.623134745810887,60.43757961129105],[25.814957156466747,60.48022633081498],[25.999294411880854,60.53292895468092],[26.175311381994483,60.59631885153604],[26.342171742952317,60.6710309927709],[26.499036798082805,60.75770451191874],[26.64506419246779,60.85698331719085],[26.857154901970066,60.833691016617514],[27.073976670183505,60.81387881994932],[27.29280789629528,60.79557389735816],[27.510913154231154,60.77680459751233],[27.725542948861793,60.755600369121595],[27.933934626702808,60.729991965725524],[28.133314455841866,60.69801193076269],[28.320900885272835,60.657695358701204],[28.493908985670203,60.607080925745024],[28.649556061927832,60.54421218038765],[28.785068412597823,60.467139079913274],[28.8976891928816,60.37391975391419],[28.984687316330856,60.26262247010264],[29.04336730632175,60.13132777127111],[29.071082257923102,59.97813825330258],[28.850090190907743,59.97625000615224],[28.647418526833057,59.94923363731121],[28.46017137502821,59.90122093721611],[28.28541002383814,59.836348673766395],[28.120161260089205,59.7587530856021],[27.961424094015083,59.67256561930574],[27.8061747724614,59.581909919725526],[27.651370008256926,59.49090005707285],[27.493948384946304,59.40363995763637],[27.330829913158972,59.324223996711915],[27.15891371755161,59.25673871234244],[26.97507382142807,59.2052656063191],[26.776152969687796,59.17388501429518],[26.616478252373327,59.16698480731395],[26.45634129210903,59.1745778564196],[26.295650049848838,59.19459503944608],[26.134325303689536,59.22496961989565],[25.972300012334095,59.2636356668971],[25.80951887899892,59.308526759371574],[25.645938098527807,59.35757497011351],[25.481525271064893,59.408710129518084],[25.316259465854834,59.459859371728925],[25.15013141864258,59.50894696804582],[24.983143845779416,59.55389445350859],[24.815311857565632,59.592621052635906],[24.646663452622057,59.62304440932013],[24.477240074239702,59.6430816238375],[24.307097208778274,59.650650596809655],[24.136305005334897,59.643671675754725],[23.96494889517009,59.62006959461443],[23.79313018883993,59.57777569040021],[23.62096662873882,59.51473037395765],[23.448592874892462,59.428885823941364],[23.276160902457335,59.318208864600244],[23.260209283903013,59.149666648961535],[23.299571448261034,59.003087236012426],[23.383601901978494,58.87413934996281],[23.50175132260435,58.75851457186312],[23.643533579308833,58.65192246720171],[23.79850214318618,58.55008711669222],[23.956235489874974,58.44874496251822],[24.10633123145726,58.34364390303688],[24.238408786282847,58.23054358007414],[24.366153622680105,58.09913348582503],[24.485908683380764,57.96274532936956],[24.600767703208003,57.82393339262303],[24.713817398096744,57.68524311015686],[24.82813626094776,57.54921104963027],[24.946794930247634,57.41836529787755],[25.072858094120058,57.29522622932002],[25.209387898098566,57.1823076357556],[25.359448836385525,57.08211820054973],[25.529025538928035,57.015503026409306],[25.722677120058407,56.97611581194029],[25.92659322902714,56.93567145791611],[26.12680558699109,56.86591706957607],[26.293266962554178,56.76939203776101],[26.444922899856525,56.65273131390011],[26.58752075555197,56.5279552275791],[26.726835357492632,56.40705143006143],[26.86865991779643,56.301973926914144],[27.018813158688896,56.22465049264637],[27.233256883993096,56.161494840706084],[27.457905471066542,56.12444586455689],[27.686086596662953,56.097456760137504],[27.911021571743387,56.064495927280944],[28.12582369229319,56.0095449891998],[28.303789890610915,55.94680102660484],[28.485210781820328,55.881628569140155],[28.669486269301444,55.81405233993075],[28.85601752454432,55.74409710688423],[29.044207109564823,55.67178767798223],[29.233459095040274,55.59714889662137],[29.423179174101243,55.520205637008345],[29.612774771720225,55.440982799613465],[29.80165514964895,55.35950530668667],[29.989231506861017,55.27579809783998],[30.174917075466496,55.18988612569975],[30.358127212070706,55.10179435163266],[30.538279484557528,55.011547741548284],[30.71479589992579,54.91919071757365],[30.887094645503822,54.82470912979723],[31.054602826414097,54.728147578661414],[31.216747978085927,54.629531003273044],[31.372960259607396,54.52888432701679],[31.522672514144418,54.42623245386055],[31.66532032439759,54.321600264755624],[31.800342063078546,54.21501261413339],[31.92717893838997,54.10649432650011],[32.04527503450004,53.99607019313097],[32.154077347005895,53.883764968864845],[32.24860068178746,53.70386902680919],[32.309638002458854,53.49561051452793],[32.40455206130908,53.319784293547706],[32.56585446418155,53.21655038162595],[32.741919230817096,53.14060387208908],[32.87624709718095,53.041173339345804],[32.966716841977295,52.91117498705195],[33.050328388917016,52.77388812088753],[33.12841220432921,52.630228412405806],[33.20229534652288,52.48110945086198],[33.27330020882661,52.327442521506846],[33.34274350120266,52.17013643603349],[33.41193546731965,52.010097412930506],[33.482179332824394,51.84822900518973],[33.55477097967355,51.68543207259614],[33.63099884076431,51.522604795684636],[33.71214400876276,51.360642728380824],[33.8324092440526,51.26509637024489],[34.00789490541962,51.20944418082311],[34.16886904776902,51.14242065213859],[34.245623015894246,51.01282813830261],[34.247004014792026,50.81527808093455],[34.26874364416425,50.63240875213754],[34.308268392876045,50.46240721060087],[34.36303658923475,50.303468626370204],[34.430532591156975,50.153795114153034],[34.50826195948862,50.0115947692198],[34.59374812279818,49.87508249007461],[34.68452379401566,49.74247340518878],[34.778136287089986,49.61199055185045],[34.872142821384216,49.481859712450834],[34.964110579600906,49.35031030293055],[35.051616636552,49.21557531125879],[35.02508642365431,49.03246160300291],[34.99872241158791,48.8499508382321],[34.971959091437185,48.66851767872394],[34.944231682338156,48.48863559378145],[34.91497620159852,48.31077693041581],[34.883629507140945,48.13541298880507],[34.849629311227915,47.96301410221235],[34.81241416434781,47.79404972060202],[34.77142340807826,47.628988497255364],[34.726097095705015,47.46829837775524],[34.67587587936033,47.312446690785556],[34.620200862464785,47.16190024027196],[34.55851341630361,47.01712539847871],[34.36905886017331,46.97609796854102],[34.20340475596584,46.912549797875755],[34.058749911485116,46.829238560267136],[33.93227242210671,46.72892289050218],[33.82113446218034,46.61436075889035],[33.7224865472567,46.48830813292921],[33.63347123408509,46.35351793180076],[33.55122622247992,46.21273926970566],[33.47288682123784,46.06871697637164],[33.395587738644714,45.92419137739433],[33.31646415661403,45.78189831334229],[33.23265204640465,45.64456937472078],[33.141287683658476,45.51493232987329],[33.33380486393691,45.47573211753397],[33.47957425382048,45.40122178091562],[33.59146355526937,45.30124606712447],[33.68237295566439,45.185645743377535],[33.765198606094664,45.06425237445035],[33.85281286929517,44.94687189966149],[33.95807028406927,44.843341099301576],[34.09381346241292,44.763445175912416],[34.18290179088911,44.718938448099614],[34.264098218780084,44.760244527973825],[34.346700111811934,44.8498723168715],[34.439941127327494,44.95032733813916],[34.55297312682512,45.024098104505],[34.69482822428318,45.03360642326432],[34.904486663838256,45.065906795945416],[35.122804916683485,45.090944655459225],[35.32949036903594,45.12740160547535],[35.50432786761317,45.193967048254045],[35.6271395272214,45.3093483730645],[35.50669650307812,45.40761425738757],[35.369245062628835,45.493256933811246],[35.22190128579497,45.57165805469541],[35.07178445627263,45.648204399359045],[34.9260126965606,45.72828733381818],[34.791703913292466,45.817303038649825],[34.67598224017938,45.920653557093146],[34.58599021552042,46.04374872490004],[34.52890706176323,46.19200906681355],[34.70570876469776,46.26551945009151],[34.89159657088064,46.330251013619424],[35.08152193304101,46.391065634859025],[35.27045407997216,46.45282893049287],[35.4533810577816,46.52041010673902],[35.62530855053609,46.59868251135213],[35.7812566095958,46.69252492427238],[35.916254438378346,46.80682363638333],[36.025333406159184,46.94647538888298],[36.06825700347481,47.12438550609029],[36.125169275463236,47.28919455797973],[36.19512843703408,47.44179269132915],[36.27718697954465,47.58307276480018],[36.370393019678396,47.71393016900936],[36.47379151535682,47.835262638724785],[36.58642535800654,47.94797006293301],[36.70733634896752,48.05295429788711],[36.83556606670235,48.15111898765057],[36.97015663066707,48.24336939609837],[37.11015136716495,48.33061225383008],[37.25459538215223,48.413755622993634],[37.40253604576945,48.49370878261664],[37.55302339328094,48.57138213669764],[37.70511044710042,48.647687147025415],[37.8578534646401,48.72353629247296],[38.010312116836594,48.79984305635604],[38.16154960236682,48.877521943356534],[38.310632702777035,48.9574885274898],[38.45663178400364,49.04065953264509],[38.59862075007185,49.12795294734998],[38.73567695511326,49.22028817560719],[38.866881080253904,49.31858622592584],[38.99131698237905,49.42376994102366],[39.175137211732064,49.40611401216775],[39.36279145118837,49.38919424260926],[39.554050153224985,49.37305575401821],[39.7486842106807,49.35774366402169],[39.94646495658679,49.343303087584815],[40.14716416288712,49.329779138461504],[40.350554038069525,49.317216930715304],[40.55640722372661,49.30566158031079],[40.764496790065756,49.29515820677662],[40.9745962303873,49.28575193494067],[41.18647945454894,49.27748789673889],[41.39992078143384,49.27041123309892],[41.61469493043963,49.26456709589996],[41.83057701200519,49.26000065001106],[42.047342517190444,49.25675707540902],[42.264767306325005,49.254881569379094],[42.482627596740315,49.254419348800106],[42.70069994959929,49.2554156525172],[42.91876125583699,49.25791574380495],[43.13658872122524,49.261964912924164],[43.35395985057192,49.26760847977604],[43.57065243106872,49.27489179665712],[43.78644451479541,49.2838602511197],[44.001114400391124,49.294559268941704],[44.214440613901715,49.307034317211034],[44.42620188880985,49.32133090752951],[44.636177145255026,49.33749459934183],[44.84414546844868,49.35557100339541],[45.04988608628719,49.37560578533744],[45.25317834616709,49.39764466945563],[45.453801691000685,49.42173344256988],[45.651535634432584,49.44791795808231],[45.84615973525289,49.476244140193366],[46.03745357100095,49.506757988292996],[46.22519671075171,49.539505581534875],[46.40916868707262,49.57453308360418],[46.58914896713668,49.61188674768774],[46.764916922972425,49.65161292165791],[46.936251800827684,49.693758053480714],[47.10293268962126,49.738368696860185],[47.26473848844761,49.785491517130836],[47.421447873097414,49.83517329741177],[47.582315909100046,49.9720272157762],[47.73700437783021,50.114623408133454],[47.89320066815921,50.2562722919127],[48.05854829290961,50.39026582095982],[48.22677444840378,50.45794305320777],[48.399206296819486,50.513106892804004],[48.57553705665536,50.55679743297378],[48.755468763314916,50.59005722963334],[48.93871168547746,50.61393085354611],[49.12498380178959,50.62946447499739],[49.31401033338224,50.637705485167494],[49.505523329792254,50.63970215751145],[49.69926130772732,50.636503351664075],[49.894968943758805,50.629158261691195],[50.0923968234581,50.61871620990316],[50.291301250711626,50.60622648694269],[50.49144412194818,50.59273823845326],[50.69259287079902,50.57930039833331],[50.89452048927198,50.56696166838064],[51.097005631866274,50.55677054403521],[51.2998328091718,50.54977538593381],[51.50279267738965,50.54702453709688],[51.705682429876624,50.54956648577712],[51.90830629624953,50.55845007430982],[52.11047615378952,50.574724754717046],[52.31201225484916,50.59944089233536],[52.49817845403745,50.63226924217782],[52.68536443216305,50.67616602209877],[52.87357155547617,50.73011555525735],[53.06279746116306,50.79310264719227],[53.25303486022268,50.86411218824816],[53.44427043607534,50.94212879368527],[53.636483845301576,51.02613648040446],[53.829646826014184,51.11511837993738],[54.02372241858122,51.20805648798844],[54.21866430274041,51.30393145136443],[54.414416254579784,51.401722393595115],[54.61091172640503,51.500406780929794],[54.80807355216311,51.59896033069051],[55.00581378086454,51.696356964170086],[55.204033640320084,51.791568806377356],[55.40262363350516,51.88356623495268],[55.601463769979894,51.97131798049681],[55.80042393503358,52.05379128037363],[55.99936439959207,52.129952087758085],[56.20664358863139,52.20132519346985],[56.41856766660175,52.267390783293855],[56.63389298330489,52.33061527583504],[56.85139649903552,52.39346818979254],[57.06987615248607,52.45842199140798],[57.288151444409834,52.527952227007084],[57.50506424573764,52.60453795003457],[57.71947983581888,52.69066245328442],[57.962666746796444,52.79808021611977],[58.192485844595716,52.90887944856574],[58.41000108224794,53.01856382588575],[58.61622734544619,53.12262748793563],[58.81213583048391,53.2165556226334],[58.99866100084778,53.2958260902961],[59.17670911091395,53.35591212729404],[59.34716830570465,53.392286148103075],[59.5647954129049,53.41504723143183],[59.767670335315735,53.4249423601975],[59.95648921331572,53.42262629637629],[60.13196555264073,53.40875608984032],[60.294828071558456,53.38399068698296],[60.44581863189681,53.348990554169816],[60.58569026130309,53.30441731887206],[60.71520527320757,53.25093343089591],[60.835133490143164,53.18920184569228],[60.946250575335355,53.119885731323656],[61.049336476800114,53.04364820028018],[61.14517398757476,52.96115206697976],[61.23454742514527,52.87305963145784],[61.318241432617924,52.78003248945405],[61.39703990371608,52.68273136883671],[61.47172503325408,52.58181599207023],[61.54307649435697,52.47794496422965],[61.611870743350075,52.37177568589467],[61.67888045294569,52.26396429011751],[61.74487407410013,52.15516560255065],[61.810615526707565,52.04603312374179],[61.87686401914624,51.93721903255395],[61.94437399658454,51.829374209645515],[62.013895217912534,51.723148279950536],[62.086172961171066,51.619189673126456],[62.16194835741823,51.51814570099162],[62.241958853104634,51.42066265104936],[62.326938801211554,51.32738589529472],[62.41762018165784,51.23896001361865],[62.514733451792495,51.15602893126518],[62.61900852815299,51.079236069958036],[62.73117590110375,51.009224512494015],[62.851967884451234,50.946637180801574],[62.86002403782831,50.76528732966101],[62.889592740348355,50.59745837664711],[62.938177951864425,50.441634469051934],[63.003321946880476,50.296306187363584],[63.08259913775631,50.159969640387665],[63.17361079876056,50.03112570445532],[63.27398250804649,49.9082808717766],[63.3813489624012,49.78994125556491],[63.49336645723861,49.67461969341271],[63.60770375848632,49.560830967224824],[63.74813021524035,49.49330103882928],[63.89217817783763,49.43106690751917],[64.03972967981639,49.37395421757675],[64.19066875170134,49.32178910856523],[64.34488117573613,49.27439817317729],[64.50225425824532,49.23160841777546],[64.66267661803766,49.1932472254337],[64.82603798942002,49.15914232130637],[64.99222903853098,49.12912174016478],[65.16114119183622,49.103013795956755],[65.33266647574767,49.08064705325718],[65.50669736643778,49.061850300489795],[65.68312664902514,49.046452524812935],[65.86184728540142,49.034282888572356],[66.04275229005957,49.025170707234395],[66.22573461336421,49.0189454287233],[66.41068703178442,49.015436614094696],[66.59750204468014,49.01447391948633],[66.78607177730252,49.01588707929469],[66.97628788973037,49.01950589053437],[67.16804149152695,49.02516019834281],[67.36122306195583,49.03267988260065],[67.55572237564698,49.04189484564305],[67.75142843365515,49.052635001043235],[67.94822939989531,49.06473026345443],[68.1460125429854,49.078010539500625],[68.34466418356364,49.09230571971153],[68.54406964718375,49.10744567149932],[68.74411322292316,49.123260233179494],[68.94467812786975,49.13957920903972],[69.14564647767432,49.15623236546336],[69.3468992633795,49.17304942811641],[69.54831633475173,49.1898600802071],[69.74977639035593,49.20649396182934],[69.95115697461979,49.222780670401185],[70.15233448214006,49.238549762209225],[70.35318416948039,49.25363075506986],[70.55358017470422,49.267853132117374],[70.75339554487525,49.28104634672704],[70.95250227174088,49.29303982857999],[71.1507713357906,49.30366299087379],[71.34807275885204,49.31274523868092],[71.5442756653566,49.320115978452336],[71.73924835235954,49.32560462866137],[71.93285836835749,49.32904063157764],[72.12497260089222,49.33025346615721],[72.31545737286756,49.32907266202829],[72.5041785474419,49.325327814548714],[72.69100164128916,49.31884860090278],[72.87579194593906,49.309464797200604],[73.05841465682624,49.29700629653488],[73.23873500958996,49.2813031279437],[73.42961271120959,49.25875524105005],[73.61489524829305,49.228331897873225],[73.79518832219371,49.19108371511817],[73.97110366363944,49.14806129107558],[74.14325735325019,49.10031495318317],[74.31226841833742,49.0488945508541],[74.47875771154789,48.99484929349788],[74.64334707151485,48.939227633172464],[74.80665876143146,48.883077190932255],[74.96931517837487,48.82744472567397],[75.13193882429967,48.77337614412941],[75.29515252885885,48.721916550609976],[75.45957991459649,48.67411033516898],[75.62584609655738,48.631001299013505],[75.79457861097237,48.59363281626638],[75.96640857139299,48.563048031548],[76.1419720554864,48.54029009331851],[76.32191173168174,48.526402423492485],[76.52000301622883,48.516980117706076],[76.72255340822477,48.509887220012445],[76.9285021525639,48.505278823987595],[77.13679004086603,48.503310076620245],[77.34635932257137,48.50413619238482],[77.55615360021767,48.507912468240264],[77.76511770917988,48.51479429959339],[77.97219758214536,48.5249371972711],[78.17634009858111,48.5384968055532],[78.37649291943826,48.55562892132401],[78.57160430731567,48.57648951440878],[78.76062293228452,48.60123474916852],[78.94249766354154,48.63002100743608],[79.11617734702651,48.66300491288377],[79.32441710125461,48.720347434776144],[79.53057617025388,48.79744718391615],[79.73722855595884,48.883077190932255],[79.94683924878501,48.965998451904184],[80.1617551080163,49.034958514474994],[80.38421330442407,49.07869476536144],[80.57414995707094,49.095785022160996],[80.77372134469208,49.10750166716425],[80.98086785748494,49.11433478579991],[81.1935320767693,49.116774800271806],[81.40965926887876,49.11531238498904],[81.62719777319462,49.11043839039773],[81.84409928640493,49.10264377552543],[82.05831904511987,49.09241954946221],[82.26781590896633,49.08025672192655],[82.47055234622064,49.066646262997544],[82.66449432391758,49.052079072041096],[82.84761110420598,49.037045955813795],[83.01787494850079,49.02203761569629],[83.17326073073036,49.00754464398566],[83.40636829387584,48.981625498334765],[83.6287964681584,48.95038139259039],[83.84082164734559,48.91395144055059],[84.04272402984638,48.87247497479684],[84.23478726358267,48.82609151659295],[84.4172980936133,48.77494074639225],[84.59054601442632,48.71916247505623],[84.75482292868188,48.65889661587958],[84.91042281403722,48.594283157505785],[85.05764139954258,48.52546213781054],[85.19677585294242,48.4525736188197],[85.3281244800687,48.37575766272125],[85.45198643735874,48.29515430902197],[85.56866145838731,48.2109035528916],[85.6784495951525,48.123145324729606],[85.78165097472059,48.03201947098254],[85.87856557169575,47.93766573623234],[85.96949299685497,47.84022374657016],[86.05473230216658,47.739832994262635],[86.1345818022945,47.636632823713015],[86.20933891258701,47.53076241871234],[86.27930000344729,47.42236079097178],[86.34476027089508,47.31156676992144],[86.40601362304321,47.19851899375701],[86.46335258214407,47.083355901710455],[86.51706820178944,46.96621572751781],[86.56744999879284,46.84723649405356],[86.61478589923288,46.726556009096676],[86.65936219809207,46.6043118621921],[86.70841452752605,46.466998371283815],[86.7593255248741,46.3312006120463],[86.81185338776756,46.196768955298246],[86.86575832421713,46.063554067256796],[86.92080240013819,45.93140689464197],[86.97674939969384,45.8001786509191],[87.03336469744771,45.66972080360328],[87.09041514138708,45.539885062552536],[87.1476689459319,45.41052336917981],[87.20489559409047,45.28148788651599],[87.26186574796982,45.15263099005822],[87.31835116688099,45.02380525934003],[87.37412059083645,44.89484965231414],[87.42896618122475,44.76564536173586],[87.48266865901793,44.63603158410319],[87.53501513558815,44.5058619040895],[87.58579392955949,44.37499008642067],[87.63479464667398,44.24327007349814],[87.68180826594244,44.110555983412866],[87.72662723237764,43.976702108312864],[87.76904555659968,43.8415629130864],[87.80885892159934,43.704993034321774],[87.84586479693803,43.5668472795041],[87.87986256065838,43.4269806264084],[87.91065362917175,43.28524822264742],[87.93804159538782,43.14150538533064],[87.96183237534265,42.9956076007905],[88.07352399419037,42.92823996046071],[88.20133694864339,42.877344252806225],[88.34332478739279,42.84059210576763],[88.49755383894058,42.815657363223856],[88.66209691409256,42.80021541129321],[88.8350279684228,42.79194263518827],[89.01441779417488,42.78851599962165],[89.19833078998771,42.78761274840727],[89.38482284126722,42.78691022089227],[89.57194033376965,42.78408578419561],[89.75772031798037,42.77681688092812],[89.94019184225539,42.76278119212375],[90.1173784785499,42.73965691452567],[90.28730207601392,42.70512315014596],[90.44798779481339,42.65686040415474],[90.58336584591314,42.594810172198606],[90.69699511933976,42.51519673993892],[90.79541757828041,42.42302508951062],[90.88516717042435,42.32329756003459],[90.9727556737213,42.22101284621247],[91.06466503887441,42.121165551614396],[91.16734650232391,42.02874626906579],[91.28722676349247,41.94874215747874],[91.43072149797588,41.886137987746885],[91.60425641757148,41.84591763981753],[91.75253405695567,41.82644601635219],[91.90439206963518,41.80895060960414],[92.05970258288177,41.79334466935863],[92.21833791580721,41.779541478371435],[92.38017053095227,41.7674543490393],[92.54507298761717,41.756996620258924],[92.71291789698378,41.748081654467875],[92.88357787907728,41.740622834861604],[93.05692552161459,41.73453356278145],[93.2328333407794,41.72972725526926],[93.4111737439662,41.72611734278426],[93.59181899452918,41.72361726707904],[93.77464117857393,41.722140479231534],[93.9595121738239,41.72160043783039],[94.1463036205951,41.72191060731176],[94.33488689490801,41.72298445644577],[94.52513308376729,41.72473545697113],[94.71691296263567,41.72707708237706],[94.91009697512858,41.72992280683161],[95.10455521495582,41.73318610425607],[95.30015741013291,41.73678044754486],[95.49677290948766,41.74061930793116],[95.69427067148325,41.74461615449826],[95.89251925538198,41.74868445383651],[96.09138681477032,41.75273766984671],[96.29074109346925,41.75668926368976],[96.49044942385041,41.760452693883394],[96.69037872758176,41.763941416545855],[96.89039551882571,41.76706888578751],[97.09036590991268,41.7697485542499],[97.29015561951559,41.77189387379308],[97.48962998335097,41.77341829633078],[97.68865396743332,41.77423527481342],[97.88709218391205,41.774258264358735],[98.08480890952201,41.773400723529164],[98.28166810668016,41.7715761157554],[98.47753344726378,41.7686979109047],[98.67226833910803,41.7646795869928],[98.8657359552651,41.75943463203715],[99.05779926606735,41.752876546049585],[99.24832107404397,41.74491884316561],[99.4371640517417,41.73547505390708],[99.62419078250582,41.72445872757492],[99.80926380428052,41.71178343476711],[99.94599940012456,41.62403889284044],[100.07388107146771,41.535869356163],[100.19874486824402,41.45035385169816],[100.32640645986186,41.37056942772991],[100.46266410070072,41.29959143503521],[100.61330531957303,41.24049397435264],[100.78411739967919,41.19635050418965],[100.98090169012443,41.170234607198786],[101.11057843638994,41.16080421974724],[101.26062283979276,41.15209804990853],[101.42863747443187,41.14455429856813],[101.61222729797302,41.13861114811666],[101.80899997372545,41.134706773697005],[102.01656611759017,41.13327935798012],[102.23253947094503,41.1347671094835],[102.45453700014941,41.139608284466036],[102.68017892279562,41.1482412124571],[102.90708866012484,41.16110432550529],[103.13289271414735,41.178636191265056],[103.35522046696353,41.20127555007583],[103.57170389858675,41.229461356229564],[103.77997721820327,41.26363282366805],[103.9776764022996,41.30422947640165],[104.14379914213492,41.35123308942181],[104.33520371944414,41.418186633161156],[104.54715153913897,41.50121382324913],[104.77488281222554,41.59643775286718],[105.01359922933523,41.69997984190654],[105.25845161219259,41.807959036779025],[105.50453250414097,41.91649127025727],[105.74687360409027,42.021689197085976],[105.98044791201723,42.11966222458965],[106.17828880180652,42.201619275914815],[106.37442347457609,42.28591627570072],[106.5693519313757,42.371797401072314],[106.76356762263781,42.45850632888538],[106.95755747582837,42.54528620747771],[107.15180198134061,42.63137963967025],[107.34677532877483,42.716028677640274],[107.54294558553502,42.79847483029438],[107.74077490982062,42.87795908375299],[107.94071979061214,42.95372193551882],[108.14323130814748,43.02500344284073],[108.34875540967202,43.0910432856979],[108.55773319693503,43.1510808447224],[108.77060122399634,43.20435529424368],[108.98779180642535,43.250105710484],[109.20973334591235,43.287571194752175],[109.4368506776891,43.31599101127989],[109.66956545196997,43.33460473911766],[109.86086322635727,43.34498736203608],[110.05076253195408,43.3539671907093],[110.2393532990312,43.36159904799569],[110.42672587136083,43.36793777294714],[110.61297098599562,43.37303821922815],[110.79817975401902,43.37695525359088],[110.98244364225667,43.37974375440829],[111.1658544559396,43.381458610266975],[111.34850432231111,43.38215471862128],[111.53048567517034,43.38188698451019],[111.71189124034812,43.3807103193381],[111.89281402211095,43.37867963972071],[112.07334729049008,43.37584986639667],[112.25358456953546,43.37227592320622],[112.43361962649432,43.36801273613697],[112.61354646191486,43.363115232437636],[112.79345930067866,43.35763833980027],[112.97345258396514,43.35163698561079],[113.15362096215134,43.34516609626865],[113.33405928865461,43.33828059657521],[113.51486261472313,43.33103540919112],[113.69612618518255,43.32348545416274],[113.87794543514619,43.31568564851725],[114.06041598769754,43.30769090592641],[114.24363365255643,43.29955613643884],[114.42769442573581,43.29133624628042],[114.61269449020234,43.283086137722684],[114.79873021755074,43.27486070901871],[114.98589817070294,43.266714854406366],[115.17429510764444,43.25870346417865],[115.36401798620926,43.25088142482041],[115.555163969925,43.243303619211794],[115.7478304349309,43.23602492689745],[115.94211497798008,43.229100224421714],[116.13811542553768,43.222584385729505],[116.33592984398673,43.21653228263247],[116.53565655095358,43.210998785340635],[116.7373941277613,43.20603876305923],[116.94124143302496,43.20170708465091],[117.1472976173956,43.1980586193634],[117.35566213946254,43.19514823762268]],[[118.88727486853918,43.20005169571121],[118.66586501099773,43.19635772187129],[118.67628304708481,43.198656541345166],[118.88727486853918,43.20005169571121]],[[119.88300727306243,43.21461932651711],[119.68463546894878,43.21176742530421],[119.48626165897241,43.206981597149],[119.28800118614869,43.20005169571121],[119.42443824868323,43.22049252462477],[119.5751048801769,43.24003030511814],[119.7387057089995,43.25854578790192],[119.91394382864769,43.27591971016168],[120.09952081097425,43.292032798406915],[120.29413673941019,43.306765771658036],[120.4964902623163,43.31999934497135],[120.70527866660122,43.331614233300975],[120.91919797173973,43.34149115569538],[121.13694304432619,43.349510839825754],[121.35720773329216,43.35555402684131],[121.57868502591595,43.35950147654629],[121.80006722474347,43.36123397289129],[122.02004614553489,43.360632329770745],[122.23731333634322,43.357577397116074],[122.45056031781984,43.35195006727341],[122.65847884483236,43.34363128165207],[122.85976118946455,43.33250203762892],[123.05310044545159,43.31844339569141],[123.23719085408597,43.30133648680083],[123.41072815160588,43.28106251995413],[123.57240993804979,43.25750278992214],[123.72093606753211,43.23053868513829],[123.85500905985712,43.20005169571121],[123.6815405441564,43.1892541540023],[123.505874071383,43.180937209642956],[123.32810498437573,43.17489052967773],[123.14832964105965,43.170903828875375],[122.96664537852034,43.16876685958273],[122.78315048158397,43.16826940260322],[122.59794415613725,43.16920125908189],[122.41112650734117,43.171352243383275],[122.22279852281714,43.1745121769524],[122.03306206082205,43.17847088315169],[121.84201984337571,43.18301818307049],[121.6497754542555,43.187943892304766],[121.45643334174297,43.193037818707936],[121.26209882597536,43.19808976111375],[121.0668781107401,43.20288950903392],[120.87087829954068,43.20722684333294],[120.6742074157609,43.210891537883235],[120.47697442676555,43.21367336220207],[120.27928927178775,43.215362085071895],[120.08126289348334,43.21574747914312],[119.88300727306243,43.21461932651711]],[[123.93133788225892,43.20005169571121],[124.09050107012398,43.166503785056086],[124.17024294519538,43.089075595219725],[124.16623705143415,42.96627669821746],[124.0744152087991,42.796631001569644],[123.91645051705542,42.868921927622075],[123.89757224927402,43.02011215252944],[123.93133788225892,43.20005169571121]],[[124.63114105644583,42.07978557670573],[124.69415771840099,42.001401431952786],[124.7313445137413,41.90859551033197],[124.73644114522017,41.79779732310991],[124.70327195452249,41.66544102557698],[124.62577687475874,41.507966614469694],[124.67445789076875,41.6351226905941],[124.6855900753562,41.74112227364924],[124.66448456803701,41.82903364417766],[124.61653151018898,41.90192917463232],[124.54717803031191,41.96288443843073],[124.46191062621331,42.01497745576604],[124.36624174012385,42.06128809572192],[124.26570037005098,42.10489764864309],[124.16582659774384,42.14888857852667],[124.07216993865094,42.19634446245833],[123.99029143103905,42.25035012283873],[123.92576937927059,42.313991958351615],[123.88420864944416,42.390358481323666],[123.87125338330401,42.48254107234184],[123.89260294703026,42.59363496774923],[123.95403086273315,42.72674050198095],[123.96177095536346,42.61704912632787],[124.00153703937605,42.52518351831361],[124.0667769542074,42.44755013830532],[124.15099025444087,42.380559408202075],[124.24771230075345,42.32062470492013],[124.35050283049539,42.26416165618397],[124.45293922232231,42.20758772150948],[124.54861462000218,42.147322045975564],[124.63114105644583,42.07978557670573]],[[124.47238352769054,41.26414468556238],[124.43696178617749,41.118020836236575],[124.36930044467984,40.94841547310227],[124.2760444303383,40.76818326389162],[124.1636092762819,40.59016311506059],[124.03814148209028,40.42717784818405],[123.90552814776477,40.292036774438024],[123.84824978675013,40.38062313875333],[123.8633168257482,40.49105106797021],[123.93289084678527,40.61906705555974],[124.03908557473353,40.76041594956576],[124.16392659029091,40.91083975720593],[124.28932391920941,41.06607669805552],[124.39705748295037,41.22186052633181],[124.46877537647275,41.373920151173884],[124.47238352769054,41.26414468556238]]],[[[143.05338554426774,-12.043599180385899],[142.96932204560287,-11.891972989167025],[142.888184328942,-11.755904754720422],[142.71345119205358,-11.690371530885425],[142.53879709517338,-11.62483830917882],[142.36422157901535,-11.559305089381894],[142.31825523292355,-11.642977870041257],[142.27266988077102,-11.740580882934882],[142.22778570769685,-11.85103113330836],[142.18392445272502,-11.973245627075169],[142.14140778819169,-12.10614137083066],[142.10055580204602,-12.248635371824175],[142.06168557867514,-12.399644637885284],[142.02510987654227,-12.558086177303789],[141.99113590329858,-12.722876998665338],[141.96006419115085,-12.892934110646157],[141.9321875771453,-13.067174521773328],[141.90779029465358,-13.24451524015749],[141.88714718374658,-13.423873273207171],[141.87052302929317,-13.604165627334577],[141.85817203654577,-13.784309307663008],[141.85033745465552,-13.963221317747958],[141.84725135901144,-14.139818659322533],[141.8491346035005,-14.313018332078848],[141.85619695374805,-14.481737333496422],[141.86496227404513,-14.66008141704219],[141.86877067065154,-14.830197878740895],[141.8672868571775,-14.993069124104712],[141.86018426619927,-15.149671590095135],[141.84714111718492,-15.300999986961754],[141.82784258697666,-15.448030358565779],[141.80198569723785,-15.591745109382769],[141.76927710775664,-15.733126646189463],[141.72943200722935,-15.87315737737552],[141.68217318155965,-16.012819712326007],[141.6272302314474,-16.153096060845698],[141.5643389119239,-16.29496883259763],[141.4932405666417,-16.43942043652783],[141.41368162914816,-16.5874332802485],[141.32541316207312,-16.739989769350068],[141.2099039177987,-16.926423321176124],[141.0927571131925,-17.10459126426572],[140.9764914745621,-17.271344826278746],[140.8636198109294,-17.423535246050175],[140.75665352424787,-17.558013773528526],[140.6581066081991,-17.671631668249862],[140.57049908601883,-17.761240196298125],[140.49635998326963,-17.823690625844886],[140.43823010132468,-17.855834221529996],[140.39260690949547,-17.857923617220354],[140.32032470508554,-17.84424669209815],[140.22324108697663,-17.815628357323476],[140.10322108604922,-17.772893521072653],[139.96213571766117,-17.716867089389424],[139.80186067997423,-17.64837396705373],[139.62427516144373,-17.568239058425775],[139.43126072747035,-17.47728726823154],[139.2247002626529,-17.37634350226289],[139.00647695116385,-17.266232667970993],[138.77847328342216,-17.147779674938572],[138.54257008240273,-17.021809435221623],[138.300645547539,-16.889146863556658],[138.05457431823646,-16.75061687743347],[137.79380303927695,-16.600973940787455],[137.54969874468026,-16.458024713753947],[137.32190021978613,-16.321305918499778],[137.11005057540572,-16.190354274619615],[136.91379718394464,-16.064706499630596],[136.73279158169868,-15.943899309395041],[136.56668934738312,-15.82746941847978],[136.41514996580656,-15.714953540463009],[136.27783668458733,-15.605888388195652],[136.15441637093306,-15.499810674025412],[136.0445593747472,-15.396257109990039],[135.94793940368706,-15.294764407986248],[135.8642334152638,-15.194869279920143],[135.79312153064126,-15.09610843784373],[135.73428781953965,-14.99802493927838],[135.68741637132732,-14.900143049445711],[135.6521945713167,-14.802005580999888],[135.62831151278624,-14.70314924540183],[135.61545921955752,-14.603110754616768],[135.6133326056062,-14.501426821090293],[135.62162947082825,-14.39763415772824],[135.64005053153588,-14.291269477878647],[135.66829948424535,-14.181869495314517],[135.70608310128065,-14.068970924216606],[135.7531113566428,-13.952110479153465],[135.80909758049384,-13.830824875058411],[135.87375864047416,-13.70465082720052],[135.94681514790716,-13.573125051148299],[136.02975336627418,-13.426867403073048],[136.10136834422224,-13.294409902167379],[136.16049208922817,-13.17462770502273],[136.20597079858314,-13.066395971016307],[136.23666276820995,-12.968589861745334],[136.25143657388435,-12.880084540570508],[136.24916950702644,-12.799755172248707],[136.22874625038534,-12.726476922640563],[136.1890577816207,-12.659124958478369],[136.12900049500885,-12.596574447184617],[136.04747553327533,-12.537700556731473],[135.94338832289637,-12.481378455533854],[135.81564830711326,-12.426483312370305],[135.6631688713865,-12.371890296326436],[135.48486745606405,-12.316474576756915],[135.2796658506802,-12.25911132326148],[135.04649066351993,-12.1986757056719],[134.78427395891012,-12.134042894045086],[134.4919540531333,-12.064088058658188],[134.26041594135262,-12.010801301177892],[134.0551502468186,-11.970041803519774],[133.8712110872271,-11.94221676025835],[133.70366038263214,-11.92773336636044],[133.54756781214007,-11.926998817169874],[133.39801078785086,-11.940420308416451],[133.25007444353574,-11.968405036254012],[133.0988516345516,-12.011360197334525],[132.93944294437043,-12.069692988925404],[132.76695669179796,-12.143810609077143],[132.57650893145845,-12.234120256849417],[132.4122924505347,-12.310615803687842],[132.239436104689,-12.386761495678423],[132.0619889613119,-12.461026692974968],[131.88399693388413,-12.531880755219158],[131.70950322736607,-12.597793041525712],[131.54254894978376,-12.657232910510176],[131.38717388768376,-12.708669720365815],[131.24741744267837,-12.75057282899366],[131.12731972605135,-12.781411594186638],[131.0175448455576,-12.819841260655448],[130.90017874979782,-12.882449402868659],[130.77753615775973,-12.966166671614499],[130.65193937412548,-13.067923718834134],[130.52571142792524,-13.184651196944595],[130.40117017253723,-13.313279758138776],[130.2806233207309,-13.450740053644243],[130.16636441112334,-13.59396273295475],[130.0606697207407,-13.739878443070301],[129.9657961524977,-13.885417827802305],[129.88398013645892,-14.027511527210061],[129.81743758988355,-14.163090177242172],[129.7683649833652,-14.289084409653693],[129.73894155897136,-14.402424852265003],[129.73133274116117,-14.50004212961286],[129.74769477241125,-14.578866864026297],[129.7901805928084,-14.635829677132689],[129.84559818420655,-14.745052259431807],[129.82835841751293,-14.900325503165407],[129.74203702952408,-15.066219717032185],[129.67736950591177,-15.133677866583767],[129.5981872715527,-15.181618338711733],[129.504662221509,-15.210142704749135],[129.39698479710304,-15.219352539490933],[129.27536319153467,-15.209349420673947],[129.14002281268748,-15.180234928777839],[128.99120599328205,-15.132110647135029],[128.829171937772,-15.065078162338432],[128.65419769745736,-14.979245456841728],[128.46657433310472,-14.874701601172166],[128.2666091352917,-14.751554369276967],[128.05462213550788,-14.609905358371295],[127.83094601798211,-14.449856166944775],[127.66516061188376,-14.329911865952923],[127.52329598721765,-14.238918656778011],[127.39528243939405,-14.176307993711053],[127.2710934637826,-14.141511338293332],[127.14073912116163,-14.133960158323667],[126.99425999638287,-14.153085927161266],[126.82172161512675,-14.198320123287408],[126.61320919742033,-14.269094230092621],[126.35882263818841,-14.364839735857357],[126.21567563344,-14.427300785428486],[126.07041293855085,-14.504075839563264],[125.92491395671249,-14.593212998542892],[125.78105801056557,-14.69276036253911],[125.64072168303656,-14.800766031024382],[125.50577653772139,-14.915278102212316],[125.37808644037476,-15.034338417666255],[125.54736707972604,-15.04605076628831],[125.7187279132602,-15.058126383355553],[125.89205215220832,-15.07056772548986],[126.06722301569076,-15.083377249313852],[126.24412373029706,-15.096557411450485],[126.42263752965415,-15.110110668523317],[126.60264765398222,-15.124039477156028],[126.78403734963675,-15.138346293972809],[126.96668986863715,-15.15303357559807],[127.1504884681812,-15.168103778656162],[127.33531641014606,-15.183559359771724],[127.52105696057346,-15.19940277556926],[127.70759338914003,-15.215636482673139],[127.89480896861345,-15.232262937707608],[128.08258697429028,-15.249284597296437],[128.2708106834197,-15.266703918063056],[128.45936337460978,-15.28452335663038],[128.64812832721591,-15.302745369620558],[128.83698882071272,-15.321372413655038],[129.02582813404763,-15.340406945354342],[129.2145295449755,-15.359851421337794],[129.4029763293756,-15.379708298223724],[129.59105176054814,-15.39998003262898],[129.77863910849112,-15.420669081168834],[129.96562163915857,-15.44177790045711],[130.15188261369605,-15.463308947105583],[130.33730528765602,-15.485264677724077],[130.5217729101928,-15.507647548920259],[130.70516872323307,-15.530460017299387],[130.88737596062668,-15.553704539464075],[131.06827784727244,-15.577383572014213],[131.24775759822208,-15.601499571546654],[131.42569841775935,-15.626054994655007],[131.60198349845572,-15.65105229792948],[131.77649602020108,-15.676493937956547],[131.94911914920917,-15.702382371318787],[132.11973603699795,-15.728720054594532],[132.28822981934334,-15.755509444357664],[132.45448361520712,-15.78275299717742],[132.61838052563783,-15.810453169617919],[132.7798036326441,-15.8386124182381],[132.93863599804052,-15.867233199591242],[133.09476066226577,-15.896317970224699],[133.2480606431713,-15.925869186679645],[133.39841893478226,-15.955889305490713],[133.54571850602835,-15.986380783185622],[133.68984229944516,-16.017346076284884],[133.87117460589332,-16.058536648052154],[134.05883982703438,-16.103552216191797],[134.2524376254618,-16.152200727171817],[134.4515674829153,-16.204290127321478],[134.65582857184665,-16.259628362819054],[134.86481963589762,-16.318023379684323],[135.0781388795757,-16.379283123774577],[135.29538386735126,-16.443215540785186],[135.5161514323435,-16.509628576254727],[135.74003759470168,-16.57833017557408],[135.96663748973347,-16.649128284000444],[136.19554530577818,-16.721830846675093],[136.42635423176853,-16.79624580864506],[136.65865641437466,-16.872181114888686],[136.89204292457734,-16.949444710344004],[137.12610373346533,-17.027844539940745],[137.360427697011,-17.10718854863379],[137.59460254953734,-17.18728468143946],[137.82821490554414,-17.267940883472544],[138.0608502695326,-17.348965099984646],[138.29209305342638,-17.430165276402473],[138.52152660116442,-17.511349358366104],[138.74873322001042,-17.592325291766127],[138.97329421810582,-17.672901022779413],[139.19478994777262,-17.752884497902567],[139.41279985406644,-17.83208366398298],[139.6269025280663,-17.9103064682463],[139.83667576439484,-17.987360858320077],[140.0416966224607,-18.06305478225302],[140.24154149093206,-18.137196188529376],[140.43578615496511,-18.20959302607772],[140.62400586573807,-18.280053244274036],[140.80577541187205,-18.34838479293837],[140.9806691923622,-18.414395622325113],[141.14826129068584,-18.477893683106064],[141.3081255498126,-18.53868692634677],[141.45983564790131,-18.5965833034752],[141.60296517453992,-18.65139076624348],[141.7370877074598,-18.70291726668192],[141.8617768897449,-18.75097075704602],[141.97660650764223,-18.795359189756468],[142.08115056918723,-18.83589051733216],[142.1749833839537,-18.87237269231701],[142.25767964436005,-18.90461366720076],[142.32881450907243,-18.932421394334554],[142.3879636891738,-18.955603825842],[142.4347035378906,-18.973968913526527],[142.46861114480288,-18.987324608776092],[142.4892644355924,-18.99547886246613],[142.49624227852047,-18.998239624862613],[142.50508065679614,-19.002706493547436],[142.53107468637856,-19.015914592045707],[142.57344439814733,-19.03757515763387],[142.63141180683544,-19.067399425870565],[142.70420057120282,-19.105098630743385],[142.79103565240496,-19.150384004795193],[142.891142975102,-19.202966779235307],[143.00374909538246,-19.262558184039857],[143.12808087915667,-19.328869448045587],[143.26336519427252,-19.40161179904088],[143.40882861924266,-19.480496463856724],[143.56369717112497,-19.56523466846087],[143.7271960547699,-19.655537638056916],[143.89854943534093,-19.75111659719036],[144.07698023570998,-19.851682769863352],[144.26170996004097,-19.956947379658537],[144.45195092269864,-20.066603859367603],[144.6469435473797,-20.180398659237774],[144.84590884580334,-20.298025587921316],[145.0480762561878,-20.419195896199458],[145.25267552402357,-20.543620838952425],[145.45893652453532,-20.671011675002607],[145.66608906302517,-20.80107966688284],[145.87336265452726,-20.933536080533845],[146.07998628459978,-21.06809218493733],[146.28518815346828,-21.204459251689926],[146.48819540610066,-21.342348554525053],[146.68823385115093,-21.481471368789947],[146.88452767203697,-21.62153897088549],[147.07629913373202,-21.762262637676937],[147.26276828912822,-21.903353645883705],[147.4431526890912,-22.044523271457468],[147.6166671005433,-22.185482788956413],[147.78252323710132,-22.32594347092554],[147.93992950694718,-22.46561658729106],[148.0880907827107,-22.604213404778378],[148.2262081982097,-22.741445186361844],[148.35347897690062,-22.877023190755395],[148.47173154038882,-23.009446594117342],[148.5891779202005,-23.143651225997992],[148.7057438027712,-23.2795648974956],[148.82135518625824,-23.41711542105048],[148.93593832146968,-23.556230610334435],[149.04941964888377,-23.69683828013131],[149.1617257318736,-23.83886624620944],[149.2727831862699,-23.982242325186217],[149.3825186064023,-24.12689433438522],[149.49085848778125,-24.272750091686525],[149.59772914658717,-24.419737415370008],[149.70305663615184,-24.567784123952514],[149.80676666062996,-24.71681803601966],[149.90878448606637,-24.86676697005193],[150.00903916075475,-25.017556120757106],[150.10744227121532,-25.169118870266047],[150.20390619605658,-25.321379895291265],[150.29833578061664,-25.474266827228956],[150.39063452024934,-25.627707292662166],[150.48070454049588,-25.781628914001512],[150.5684465789196,-25.93595931014088],[150.65375996865095,-26.090626097127974],[150.73654262368518,-26.245556888846],[150.81669102598138,-26.400679297704983],[150.8941002144089,-26.555920935339994],[150.96866377558817,-26.711209413314396],[151.0402738366753,-26.86647234382545],[151.1088210601386,-27.021637340410244],[151.17419464057656,-27.176632018649375],[151.23628230362556,-27.33138399686628],[151.29497030700858,-27.485820896819778],[151.3501434437729,-27.639870344387624],[151.40168504776818,-27.793459970238693],[151.44947700141228,-27.94651741049148],[151.49339974579536,-28.09897030735713],[151.53333229317096,-28.250746309763837],[151.56915224188046,-28.401773073961632],[151.60073579376038,-28.551978264104473],[151.62795777407658,-28.70128955280798],[151.65069165403202,-28.849634621680718],[151.66783075305418,-28.998701619694387],[151.6781411843116,-29.14526185335534],[151.68185744022028,-29.289395882985136],[151.67921624943847,-29.43118427329662],[151.67045651984668,-29.570707592463314],[151.65581928214326,-29.70804641125448],[151.63554763420754,-29.843281302230324],[151.6098866863787,-29.976492838993796],[151.5790803585934,-30.107746451199706],[151.54338089499817,-30.237152559680272],[151.50303387031224,-30.36477778287091],[151.4582894151973,-30.490703051981477],[151.40939961710282,-30.615009268267638],[151.3566184507128,-30.73777730588374],[151.30020171147865,-30.859088014570812],[151.2404069522598,-30.979022222191446],[151.17749342309068,-31.097660737123547],[151.11172201409204,-31.215084350523945],[151.0433552015419,-31.33137383847273],[150.9726569971182,-31.44660996400821],[150.89989290032622,-31.560873479062785],[150.8253298541209,-31.67424512630971],[150.74923620373272,-31.78680564092944],[150.6718816587048,-31.898635752304905],[150.59353725814813,-32.00981618565488],[150.51447533921967,-32.12042766361334],[150.43496950882877,-32.230550907763735],[150.35529461857502,-32.34026664013627],[150.275726742921,-32.449655584675924],[150.19654316060286,-32.558798468689474],[150.11802233927978,-32.66777602427888],[150.04044392342584,-32.77666898976959],[149.96408872546314,-32.88555811114005],[149.88923872014124,-32.99452414346125],[149.81617704216035,-33.10364785235324],[149.74518798704318,-33.21301001546637],[149.67655701525365,-33.3226914239947],[149.6167455473875,-33.422797423753515],[149.5587403751328,-33.52565543111144],[149.50243609649468,-33.63109497441355],[149.4477260724762,-33.73894558831352],[149.39450232857547,-33.8490368107837],[149.34265546630596,-33.961198179873605],[149.29207458459865,-34.07525923023345],[149.24264721094013,-34.19104948942497],[149.19425924208133,-34.30839847404212],[149.1467948941492,-34.427135685667785],[149.10013666198444,-34.54709060669438],[149.05416528751684,-34.66809269603839],[149.008759736986,-34.789971384779705],[148.96379718681044,-34.91255607176],[148.91915608438958,-35.035696274263216],[148.87470685932772,-35.159181936255656],[148.8303305319945,-35.28286170308919],[148.78590424084217,-35.406564913243386],[148.74130331110166,-35.53012085030334],[148.6964011901998,-35.65335873750614],[148.65106939104484,-35.77610773251976],[148.60517744391072,-35.898196922507296],[148.5585928576549,-36.01945531953036],[148.51118109099846,-36.13971185634174],[148.46280553460224,-36.2587953826204],[148.41332750465963,-36.376534661697825],[148.36260624870926,-36.49275836782349],[148.3104989643607,-36.60729508401724],[148.25686083159334,-36.71997330055225],[148.20154505926237,-36.830621414110475],[148.14440294640835,-36.93906772764996],[148.08528395892395,-37.045140451020444],[148.02403582208154,-37.14866770235919],[147.960504629369,-37.24947751029688],[147.89453496801775,-37.34739781699772],[147.82597006153676,-37.442256482054816],[147.75465192948673,-37.53388128725607],[147.68042156464443,-37.62209994223151],[147.60311912761438,-37.70674009098679],[147.52258415884327,-37.787629319322704],[147.43865580788648,-37.86459516313324],[147.3511730796593,-37.93746511756939],[147.25997509728623,-38.00606664704789],[147.16490138102986,-38.07022719607772],[147.06579214265128,-38.12977420086947],[146.96248859440735,-38.184535101684155],[146.85483327175302,-38.23433735587085],[146.74267036866019,-38.27900845153295],[146.62584608431632,-38.31837592175505],[146.50420897981007,-38.352267359312044],[146.37761034325348,-38.38051043177397],[146.24590456163276,-38.4029328969092],[146.10894949752523,-38.419362618279585],[145.96660686866358,-38.429627580910086],[145.8187426281781,-38.433555906906065],[145.6652273432003,-38.4309758708793],[145.50593656937275,-38.42171591503491],[145.34075121867355,-38.40560466375841],[145.193932586711,-38.38489715533319],[145.0489544622775,-38.35707477237209],[144.90577927053252,-38.32236753954942],[144.76437138556796,-38.28100562136127],[144.62469667698852,-38.23321929734717],[144.48672207076817,-38.17923893779477],[144.35041512664552,-38.11929498011787],[144.21574363404198,-38.05361790608096],[144.0826752281889,-37.98243822001923],[143.9511770278894,-37.90598642818703],[143.82121529606886,-37.824493019345226],[143.69275512402822,-37.73818844668389],[143.56576014006896,-37.647303111154685],[143.44019224294567,-37.55206734627496],[143.3160113603867,-37.45271140444665],[143.19317523273477,-37.34946544482016],[143.0716392215796,-37.24255952271745],[142.95135614309095,-37.13222358061752],[142.8322761256088,-37.01868744069208],[142.71434649091506,-36.90218079887018],[142.5975116584904,-36.78293322039848],[142.48171307194747,-36.66117413685383],[142.36688914674315,-36.53713284455598],[142.25297523818364,-36.41103850431968],[142.13990362867318,-36.28312014247829],[142.02760353309245,-36.153606653103516],[141.91600112114412,-36.022726801340056],[141.80501955547254,-35.890709227769634],[141.6945790443265,-35.75778245371296],[141.58459690752005,-35.62417488737515],[141.4749876544339,-35.490114830736616],[141.36566307279975,-35.35583048709036],[141.2565323270086,-35.22154996912301],[141.14750206470273,-35.087501307436625],[141.03847402713834,-34.953892897196326],[140.92935897723336,-34.82099277326255],[140.8200613563167,-34.68900837434769],[140.71048656858403,-34.558167622480944],[140.6005375333729,-34.42869839399779],[140.49011469959893,-34.30082852651008],[140.37911607079485,-34.17478582578405],[140.26743724115127,-34.05079807246351],[140.15497144293317,-33.92909302857931],[140.04160960561475,-33.80989844379051],[139.9272404270381,-33.69344206130648],[139.8117504568623,-33.57995162344521],[139.69502419252612,-33.4696548767876],[139.57694418789612,-33.3627795768938],[139.4573911747213,-33.25955349255466],[139.33624419695548,-33.160204409557515],[139.21338075794515,-33.06496013395312],[139.08867698041578,-32.974048494819336],[138.96200777911318,-32.887697346523986],[138.83324704588253,-32.806134570500134],[138.70226784688356,-32.7295880765548],[138.56894263155544,-32.658285803743446],[138.43314345285162,-32.59245572085165],[138.29474219817288,-32.53232582653816],[138.15361083032323,-32.47812414920274],[138.00962163771302,-32.43007874665667],[137.84727374690476,-32.383146090848925],[137.68229809434132,-32.34292340602878],[137.51488969512016,-32.30918408463486],[137.34524698371865,-32.281701558304064],[137.1735715878903,-32.26024929158477],[137.00006810450776,-32.244600776698256],[136.82494387857912,-32.23452952919797],[136.64840878653249,-32.22980908438801],[136.4706750247526,-32.2302129943771],[136.2919569042298,-32.235514825653595],[136.11247065207615,-32.24548815708227],[135.93243422055008,-32.25990657823062],[135.75206710413195,-32.278543687947234],[135.57159016509618,-32.30117309312149],[135.39122546792976,-32.32756840756543],[135.21119612286208,-32.35750325096749],[135.03172613868907,-32.3907512478757],[134.85304028499834,-32.42708602667709],[134.6753639638303,-32.46628121854695],[134.49892309074636,-32.50811045634901],[134.32394398521637,-32.55234737347449],[134.15065327018286,-32.59876560261423],[133.97927778061126,-32.64713877446287],[133.81004448079528,-32.69724051636075],[133.64318039014665,-32.748844450882764],[133.81419233900377,-32.86925970513365],[133.98503138375398,-32.99490922506782],[134.15469178827274,-33.125046654068576],[134.3221572746863,-33.258925607646646],[134.48640032440747,-33.39579965016272],[134.64638165864827,-33.53492227007922],[134.80104989834172,-33.67554685438776],[134.94934140304736,-33.816926662930896],[135.1988093453038,-34.054248552536926],[135.4283599294803,-34.261559905544175],[135.63107770290566,-34.43355246818414],[135.80003214293163,-34.56491673719618],[135.9283291863856,-34.65034327321256],[136.009170310014,-34.684524292709405],[136.03591955365067,-34.66215541744613],[136.04790540823163,-34.60371052842813],[136.09071245615516,-34.52258856008766],[136.16130705721335,-34.422530408365226],[136.25664733603972,-34.30727669432912],[136.37367783763028,-34.1805674258717],[136.5093253478914,-34.04614177624677],[136.66049590911825,-33.907737973475626],[136.82407313215035,-33.76909328785599],[136.97084807001957,-33.65538765915668],[137.11072182757883,-33.55708086580726],[137.24321625209225,-33.473947220528345],[137.36786435840975,-33.405761442536765],[137.48420992966524,-33.35229859966974],[137.59180705711827,-33.31333406061347],[137.6902196228418,-33.288643456402234],[137.77902072901256,-33.2780026503875],[137.85779207763701,-33.28118771591396],[137.92612330460537,-33.29797492097151],[137.98361127203017,-33.328140719125116],[138.02985932287302,-33.371461746055815],[138.0644765019027,-33.42771482107668],[138.08707674705178,-33.49667695301761],[138.09727805524744,-33.57812534990133],[138.09470162678406,-33.67183743186265],[138.07897099228398,-33.777590846790716],[138.04971112625066,-33.89516348820105],[138.00654755116645,-34.024333514872886],[137.94910543601608,-34.16487937181196],[137.87700869303825,-34.3165798121272],[137.78962913180882,-34.504030801051485],[137.721699053753,-34.68415225096609],[137.67407809574738,-34.85089667684593],[137.6475654176708,-34.99821425963326],[137.64291690826175,-35.120074038911476],[137.66085158402967,-35.21038227814883],[137.7020857543027,-35.26310583852975],[137.82781571412772,-35.28241184276061],[137.92807194391634,-35.194157794793355],[137.9863612203014,-35.018452307782034],[138.02102546999254,-34.86653359308488],[138.077746245421,-34.75456034182369],[138.152229212191,-34.68224209339509],[138.24028970344443,-34.64931143817692],[138.33784323257206,-34.65550366911488],[138.44089814791994,-34.700556608153285],[138.5455476121391,-34.78421057085967],[138.6479608283802,-34.90620846290449],[138.74437653221068,-35.06631638138103],[138.8240449320585,-35.200830847018324],[138.93490607641178,-35.35885027293226],[139.06948315436037,-35.531072899200154],[139.22017282932507,-35.70819375861662],[139.3792113244735,-35.88090356756289],[139.5386614345526,-36.03988813404603],[139.70325517819253,-36.20323645650497],[139.83525117407615,-36.354129184604986],[139.93670230953782,-36.497032539745575],[140.00973869854252,-36.636415018497864],[140.05655898930647,-36.7767473800001],[140.07942625655386,-36.92250278661338],[140.08066906145822,-37.07815714118512],[140.07901877166535,-37.24941683188242],[140.10311683967825,-37.39078486522736],[140.1613259171382,-37.512130363212776],[140.26216694788124,-37.62332911238428],[140.4143003906697,-37.73426234664464],[140.62653701487866,-37.854816466039956],[140.9078809989147,-37.99488387731438],[141.15446521421268,-38.10784466539382],[141.39995427844204,-38.211343146278985],[141.6431367401263,-38.30519993036648],[141.88280227129445,-38.389235774494765],[142.11774300842512,-38.46327162930438],[142.34675493080636,-38.52712868599109],[142.56863926854678,-38.58062842208314],[142.78220393165955,-38.623592645854124],[142.98626495087382,-38.65584353896385],[143.179647920104,-38.6772036968991],[143.3611894298424,-38.687496166768184],[143.52973848014932,-38.68654448198554],[143.68415786140116,-38.67417269336294],[143.82332549054468,-38.650205396108944],[143.94613569028644,-38.61446775222024],[144.05150039844713,-38.56678550773338],[144.13835029462845,-38.506985004289454],[144.25680575091064,-38.41178422244072],[144.3656241671809,-38.34766723043137],[144.47593026043918,-38.31668917787695],[144.59892353262657,-38.3209091216108],[144.7459149577055,-38.362390840805034],[144.9283689422245,-38.44320383858186],[145.15795187217586,-38.56542459231064],[145.44658888194604,-38.731138125183],[145.6817198064827,-38.86593026903534],[145.91767266045923,-39.000748161477674],[146.15445799304283,-39.13559233659498],[146.39208645970982,-39.27046332949933],[146.47989126415587,-39.17164430999012],[146.5678985788681,-39.07283976340393],[146.6561062228175,-38.974049479113795],[146.74451201972713,-38.875273246792155],[146.83311379793804,-38.776510856406176],[146.92190939027623,-38.67776209821307],[147.02575047543712,-38.56879651455622],[147.13615808282,-38.47163322635525],[147.25380695198982,-38.38588259971603],[147.37938811774683,-38.31115583418022],[147.51360745958243,-38.24706486398468],[147.6571843821597,-38.19322227017807],[147.8108506107775,-38.14924120235428],[147.97534908723105,-38.11473530887264],[148.1514329528089,-38.089318674534695],[148.339864606378,-38.07260576478556],[148.54141482662317,-38.06421137559741],[148.7310175407154,-38.05968416725194],[148.898880336425,-38.051459408979035],[149.04690651958688,-38.03797288354626],[149.17700146378226,-38.0176605634125],[149.2910759843942,-37.98895872556193],[149.39105005792834,-37.950304093101046],[149.4788568481255,-37.900134000753425],[149.55644698465326,-37.83688658015273],[149.62579302257947,-37.75900095937939],[149.68889399159193,-37.66491746950954],[149.7477799232048,-37.55307784905868],[149.8045162221988,-37.421925435103894],[149.86120772545465,-37.26990532757538],[149.92000226730212,-37.095464510716035],[149.98309354560786,-36.89705191303089],[150.04429407032106,-36.710691493834545],[150.10935300103841,-36.533532712840994],[150.17690458487155,-36.368029246483516],[150.24556581712704,-36.21663403047135],[150.31394371586111,-36.08179959926383],[150.38064300126175,-35.96597841891492],[150.4442741920978,-35.87162321298469],[150.50346219975373,-35.801187287112924],[150.55685557849247,-35.757124864613964],[150.6031366792469,-35.74189145309978],[150.6515349032203,-35.72409003092441],[150.7058082948336,-35.6727891006973],[150.7644754940615,-35.5911451354946],[150.82609557148461,-35.48231586089329],[150.889249229775,-35.34945943149568],[150.95252207908277,-35.19573371600585],[151.01449037710967,-35.02429572141116],[151.07370982059183,-34.838282487393805],[151.12873260382094,-34.64088741182584],[151.17798639058367,-34.47854507209221],[151.2342277027401,-34.32052993062291],[151.29627399284917,-34.1687813242199],[151.36292500115954,-34.025238191429814],[151.43296519898234,-33.8918391887865],[151.50516699387242,-33.770522804890504],[151.57829473153865,-33.66322746931252],[151.65110951622034,-33.571891654923746],[151.7223748549117,-33.49845397417496],[151.79086311127125,-33.444853272073374],[151.85536273232717,-33.41302872114014],[151.929681759561,-33.3838273353886],[152.00412818612656,-33.34430981040666],[152.07853671059937,-33.294866573014424],[152.1527477547054,-33.235888110221524],[152.2266067784449,-33.1677649471774],[152.2999636203221,-33.09088762548986],[152.37267185943116,-33.005646682358794],[152.44458819663078,-32.91243263091235],[152.51557185249126,-32.81163594207718],[152.58548398012607,-32.70364702825789],[152.65418709142946,-32.58885622904987],[152.7215444956286,-32.467653799161305],[152.78741974942275,-32.34042989867078],[152.8516761183271,-32.207574585706496],[152.91417604916154,-32.069477811588165],[152.97478065392943,-31.926529418436594],[153.03334920561448,-31.779119139218512],[153.08973864668638,-31.627636600160944],[153.1438031113535,-31.47247132543931],[153.19539346282502,-31.314012744014374],[153.24435684705466,-31.152650198468237],[153.29053626462303,-30.98877295566557],[153.33377016259436,-30.822770219047293],[153.3738920483287,-30.655031142343642],[153.41073012737172,-30.485944844480173],[153.4441069676585,-30.315900425434805],[153.4680672583418,-30.171729193935047],[153.48874813720101,-30.02898152294384],[153.5061120049296,-29.887264486324636],[153.52011735324777,-29.746143252007897],[153.53073524709788,-29.605226237967866],[153.5379400043611,-29.464107146865548],[153.54171193734834,-29.32237964940605],[153.54203742934064,-29.179637387404046],[153.5389090528541,-29.035473976707028],[153.5323257292667,-28.88948301004472],[153.52229292941675,-28.741258059873903],[153.5088229147669,-28.590392681290187],[153.49193501870184,-28.436480415083228],[153.471655967504,-28.27911479101457],[153.44802024053016,-28.117889331403],[153.4210704690881,-27.952397555107755],[153.3908578734976,-27.78223298200688],[153.3574427377987,-27.606989138074407],[153.3208949215656,-27.42625956116844],[153.28129440827627,-27.239637807651647],[153.2474162161394,-27.08070575266168],[153.2142291991501,-26.921772651224803],[153.181732172383,-26.76283866572905],[153.14992396948563,-26.60390395857153],[153.11880344259458,-26.444968692156728],[153.08836946225148,-26.2860330288948],[153.05862091732163,-26.127097131199967],[153.02955671491418,-25.96816116148889],[153.00117578030236,-25.80922528217893],[152.9734770568458,-25.650289655686553],[152.94645950591416,-25.49135444442558],[152.78167046892264,-25.349871186812308],[152.61751012689857,-25.20838850151789],[152.4539761203825,-25.066906503103837],[152.2910613954654,-24.92542814407969],[152.12876507561506,-24.7839481152677],[151.96706668239526,-24.642468895156384],[151.8059499921125,-24.5009904530367],[151.64539887822627,-24.35951275820126],[151.53124673853932,-24.25662822894401],[151.41095165019607,-24.144847417776973],[151.28535682555815,-24.024988490407168],[151.15529701780656,-23.897869599433925],[151.02159707532516,-23.764308882416312],[150.88507086986772,-23.62512446056708],[150.74652058482448,-23.481134438053743],[150.60673634347384,-23.33315690187231],[150.46649615173254,-23.182009922249264],[150.3265661255645,-23.028511553517337],[150.1877009698413,-22.873479835401593],[150.05064467302154,-22.717732794647326],[149.91613138049658,-22.56208844691519],[149.78488640877947,-22.407364798867086],[149.6576273628558,-22.254379850363716],[149.53506531992824,-22.103951596696],[149.4179060444333,-21.956898030773615],[149.30685120154627,-21.814037145197826],[149.2025995393995,-21.676186934151104],[149.0860622766014,-21.52423329684717],[148.96360029860188,-21.369093688493102],[148.83613580806684,-21.211773866006855],[148.70458292376077,-21.053279580797913],[148.56984865231243,-20.89461658132795],[148.43283400900083,-20.73679061580799],[148.29443523150073,-20.58080743491275],[148.15554503134496,-20.427672794391604],[148.0170538300893,-20.27839245745711],[147.87985093072842,-20.133972196839505],[147.74483369475251,-19.995435358195095],[147.61287911775293,-19.8637521954807],[147.4849001066332,-19.73994655189321],[147.36180019269426,-19.62502426926055],[147.24447899544498,-19.519991189818853],[147.13383273837985,-19.425853155273128],[147.03075496723926,-19.343616005899747],[146.79463109370207,-19.160774047703008],[146.59885893487134,-19.00277066324711],[146.44000692853,-18.864144763067372],[146.3146714682175,-18.739435212236618],[146.2194736706649,-18.623180842937213],[146.15105620524736,-18.509920462667733],[146.1060812074075,-18.394192859086612],[146.08123008073906,-18.27053680228891],[146.07320591749405,-18.13349104524023],[146.078739329595,-17.977594323151884],[146.0945986782363,-17.797385352773126],[146.1030327330929,-17.659509007204775],[146.10219215177486,-17.51476233038991],[146.09249627555582,-17.36396864055644],[146.074363555509,-17.207951259810883],[146.04821063309925,-17.047533513992533],[146.01445138764137,-16.883538732393298],[145.9734959675458,-16.716790247359498],[145.92574982455102,-16.54811139379293],[145.87161277189838,-16.378325508572008],[145.81147808865717,-16.20825592991372],[145.74573169314993,-16.038725996699334],[145.67475140869817,-15.870559047786669],[145.59890634469394,-15.704578421332847],[145.51855641533822,-15.541607454149743],[145.4340520172755,-15.382469481114995],[145.3457338858119,-15.227987834659393],[145.25393314744213,-15.07898584434994],[145.1589723730867,-14.93629333518926],[145.061158210764,-14.800720965587422],[144.9607888406465,-14.673098189605671],[144.85815739002405,-14.554248317156013],[144.75355421845853,-14.444994658277068],[144.64726810896593,-14.346160523317115],[144.53958753020152,-14.25856922310425],[144.44292322283604,-14.179659695691182],[144.34010801206156,-14.082484948874026],[144.2327065368984,-13.969148263470546],[144.12227947914437,-13.841752919248185],[144.01037829675641,-13.7024021940999],[143.89854088593478,-13.553199363451562],[143.78828816302837,-13.396247699898627],[143.68112154220148,-13.233650473060548],[143.57852127285878,-13.06751094963028],[143.48194559207496,-12.899932393589513],[143.39283064158593,-12.733018066554925],[143.31259109614777,-12.568871228216633],[143.22608759563624,-12.38434372591412],[143.13932722393724,-12.208487901366714],[143.05338554426774,-12.043599180385899]]],[[[139.34525890893585,-2.134916743831765],[139.17324642293073,-2.0640699908583366],[139.0013067923511,-1.9932232383086597],[138.82944058240778,-1.9223764861681756],[138.65764835394197,-1.8515297344223403],[138.4859306634336,-1.780682983056595],[138.31428806300954,-1.7098362320564238],[138.14272110045206,-1.6389894814072685],[137.98692396441962,-1.7224874375660029],[137.83121839583873,-1.805985394215917],[137.67560267588576,-1.8894833513808336],[137.5200750927832,-1.9729813090845503],[137.36463394177835,-2.0564792673508756],[137.20927752512134,-2.1399772262036065],[137.05400415204423,-2.2234751856665675],[136.8728623576391,-2.32449557230885],[136.69143746686944,-2.431637119564736],[136.51284879165718,-2.5427319169437212],[136.3402049424395,-2.65561205387756],[136.17660377142778,-2.76810961970388],[136.02513288500725,-2.8780567036535345],[135.8888706268405,-2.9832853948433353],[135.77088743736516,-3.081627782275702],[135.67424750678575,-3.1709159548462256],[135.60201065708216,-3.2489820013604866],[135.5451482227175,-3.3131376804496093],[135.49434622660016,-3.369027904404788],[135.44842075533873,-3.4190142318277252],[135.65593110488558,-3.492766039277703],[135.8629725271102,-3.566245474261231],[136.06951631517077,-3.6394479736292284],[136.27553375671602,-3.7123689742321138],[136.48099613444202,-3.7850039129197603],[136.68587472665243,-3.857348226541392],[136.8901408078201,-3.9293973519459313],[137.09376564914896,-4.001146725981549],[137.29672051913644,-4.072591785495905],[137.4989766841371,-4.143727967336194],[137.70050540892467,-4.214550708348962],[137.90127795725476,-4.285055445380263],[138.1012655924251,-4.355237615275522],[138.30043957783556,-4.4250926548796885],[138.49877117754545,-4.494616001037134],[138.6962316568283,-4.563803090591548],[138.89279228272503,-4.632649360386211],[139.08842432459224,-4.70115024726375],[139.2830990546488,-4.769301188066194],[139.47678774851622,-4.837097619635087],[139.6694616857569,-4.904534978811344],[139.86109215040523,-4.971608702435327],[140.05164965126846,-5.038313580975209],[140.24110766427924,-5.104646310055576],[140.4294376464883,-5.170601714182584],[140.61661185902432,-5.236175230128812],[140.80260254115504,-5.301362294668691],[140.98738191027422,-5.366158344578626],[141.17092216189894,-5.430558816636855],[141.3531954696814,-5.494559147623612],[141.53417398543297,-5.558154774321103],[141.71382983916072,-5.6213411335133845],[141.892135139118,-5.684113661986542],[142.0690619718684,-5.746467796528625],[142.24458240236274,-5.808398973929598],[142.41866847403054,-5.869902630981511],[142.59129220888443,-5.930974204478258],[142.7624256076404,-5.991609131215788],[142.93204064985042,-6.05180284799205],[143.10010929405075,-6.111550791606838],[143.2666034779245,-6.170848398862081],[143.43149511847867,-6.22969110656157],[143.59475611223607,-6.288074351511091],[143.75635833544277,-6.3459935705184325],[143.91627364428982,-6.4034442003932135],[144.0744738751504,-6.4604216779470995],[144.2309308448326,-6.516921439993681],[144.38561635084716,-6.572938923348414],[144.53850217169068,-6.628469564828709],[144.68956006714478,-6.683508801253824],[144.8387617785898,-6.738052069444934],[144.9860790293357,-6.792094806225103],[145.1314835249668,-6.845632448419175],[145.27494695370402,-6.898660432853882],[145.41644098678125,-6.951174196357695],[145.55593727883866,-7.003169175760932],[145.69340746833092,-7.05464080789567],[145.82882317795185,-7.105584529595707],[145.96215601507424,-7.155995777696619],[146.09337757220553,-7.205869989035556],[146.22245942745946,-7.25520260045146],[146.34937314504242,-7.303989048784833],[146.47409027575694,-7.352224770877879],[146.5965823575185,-7.39990520357428],[146.71682091588988,-7.447025783719372],[146.83477746462947,-7.493581948159892],[146.95042350625462,-7.539569133744206],[147.06373053262135,-7.584982777322001],[147.1746700255177,-7.629818315744499],[147.28321345727235,-7.67407118586424],[147.38933229137805,-7.717736824535127],[147.49299798312902,-7.760810668612418],[147.59418198027305,-7.803288154952578],[147.69285572367792,-7.845164720413357],[147.5588209737507,-7.631094235250907],[147.46257570366282,-7.438447788695308],[147.40798453571279,-7.272071303285297],[147.39890677460372,-7.136810700956458],[147.43921024384272,-7.0375119027961714],[147.48477879158764,-6.970545160049576],[147.51550913699427,-6.898710031225592],[147.53154316159495,-6.822144244196291],[147.533023013632,-6.740985526860653],[147.5200910086717,-6.655371607149442],[147.49288953396083,-6.56544021302924],[147.45156095689586,-6.47132907250646],[147.39624753792535,-6.373175913630655],[147.32709134817324,-6.2711184644975795],[147.2442341920247,-6.165294453251608],[147.14781753487915,-6.05584160808782],[147.03798243623748,-5.942897657253486],[146.9148694882498,-5.826600329049058],[146.778618759818,-5.707087351828625],[146.62936974630867,-5.584496453999869],[146.46726132490068,-5.4589653640235],[146.2924317155585,-5.330631810411974],[146.1050184475911,-5.199633521728049],[145.90515833172995,-5.066108226582496],[145.69298849080872,-4.930194244709415],[145.46864725842485,-4.792028051658381],[145.2322796153952,-4.651748036151008],[145.07374765887232,-4.560859893583812],[144.90992820644556,-4.469179099590614],[144.74183932136583,-4.377192179096598],[144.5704973547911,-4.285385656993614],[144.39691684756886,-4.194246058142071],[144.22211045840186,-4.104259907372723],[144.04708892151956,-4.015913729489108],[143.8728610367908,-3.9296940492703327],[143.70043369496022,-3.8460873914736626],[143.53081194038498,-3.765580280837819],[143.36499907328636,-3.68865924208602],[143.2039967931176,-3.6158107999292786],[143.0488053841914,-3.5475214790697716],[142.9004239442035,-3.484277804204079],[142.75985065574346,-3.426566300026703],[142.6280831002894,-3.3748734912334024],[142.50611861355114,-3.3296859025246732],[142.39495468034374,-3.2914900586092637],[142.27070483384225,-3.2497953726929047],[142.1339479680199,-3.202769018495878],[141.98608601541497,-3.1509324877740417],[141.82852057617595,-3.0948072722760376],[141.66265262089473,-3.0349148637400742],[141.48988221788994,-2.971776753891407],[141.31160828535002,-2.905914434440344],[141.129228369261,-2.837849397080817],[140.94413844846778,-2.7681031334895003],[140.75773276855602,-2.6971971353254904],[140.57140370649142,-2.6256528942303414],[140.38654166812313,-2.5539919018286357],[140.20453502075085,-2.4827356497287636],[140.02677006297498,-2.412405629524123],[139.8546310340036,-2.343523332794581],[139.68950016448213,-2.2766102511079818],[139.51734368077786,-2.2057634972434603],[139.34525890893585,-2.134916743831765]]],[[[134.1399592327765,-2.1065780425906175],[134.11823062042203,-1.941613347300025],[134.06587730216322,-1.77340151140944],[133.98671227981055,-1.6057800671571822],[133.8845126979718,-1.4425865465998196],[133.76301887344454,-1.287658481660716],[133.6259358669775,-1.1448334041819295],[133.44848113299975,-1.1786466250769903],[133.27104130869577,-1.2124598460271832],[133.09361623342224,-1.2462730670340747],[132.9162057470565,-1.2800862880992314],[132.73880968999637,-1.3138995092242496],[132.56142790316,-1.3477127304107106],[132.38406022798534,-1.3815259516601939],[132.20670650642992,-1.415339172974283],[132.0293665809707,-1.4491523943545712],[131.85204029460343,-1.4829656158026274],[131.6747274908428,-1.5167788373200177],[131.80292634418328,-1.5808730065172376],[131.96114627961174,-1.654930000273477],[132.15109227333545,-1.740942383623347],[132.3744838705638,-1.8409027216935983],[132.67478015210938,-1.9754240851095015],[132.91307056043905,-2.087773040262057],[133.09313149861651,-2.1821479127232997],[133.21877833756264,-2.2627470282475572],[133.29385515174238,-2.3337687127448237],[133.3222272391771,-2.3994112922553916],[133.3077761674109,-2.463873092932408],[133.25439714993703,-2.5313524410369945],[133.1659985849524,-2.6060476629499765],[133.34692964178447,-2.671216474825031],[133.52751271689755,-2.7357730312357296],[133.70780035132844,-2.7998922624464004],[133.88784565553306,-2.8637490987261454],[134.06770228993184,-2.927518470348899],[134.24742444907832,-2.991375307593857],[134.42706684918463,-3.0554945407455434],[134.6066847187377,-3.120051100094253],[134.7863337919309,-3.1852199159365435],[134.75726487360922,-3.1505837216079775],[134.72826047803434,-3.1171283067782456],[134.6952216315719,-3.078949774735099],[134.55137160952546,-2.9047110254450987],[134.4205419424769,-2.722944811792535],[134.3084164684933,-2.542949770718278],[134.22060114855125,-2.374024538437804],[134.16262596953365,-2.225467750615959],[134.1399592327765,-2.1065780425906175]]],[[[126.05001175295857,9.000415233114968],[125.96048786015875,9.114214013617435],[125.87860076689691,9.231986293081944],[125.80847103626117,9.35538188890737],[125.75422969359607,9.486050617799995],[125.72001999455577,9.625642295633234],[125.64838329736153,9.469706750311085],[125.55605900323671,9.33498145735186],[125.44799053850944,9.216305986143318],[125.32915411436981,9.10851990340868],[125.20455209697947,9.006462773899948],[125.07920885741632,8.90497416083],[124.95816889588072,8.798893626095634],[124.84649706415397,8.683060730332164],[124.74928071380872,8.552315032842504],[124.62627271808859,8.493814224932684],[124.48461075251477,8.454039824442592],[124.32789907558156,8.429357248647584],[124.15975248320173,8.416131914214343],[123.98379265387989,8.410729237463308],[123.80364554469763,8.409514634549165],[123.62293978950525,8.408853521570265],[123.44530607071114,8.405111314611275],[123.27437744672646,8.394653429720677],[123.11379061857518,8.373845282823943],[122.96718811159164,8.33905228957613],[122.83822133165057,8.286639865161888],[122.74969704079061,8.15707400960137],[122.65040837099524,8.038282752560843],[122.5500535114162,7.920672268423574],[122.45836809337193,7.794648729619461],[122.38512613914448,7.650618306792636],[122.34014670683429,7.47898716873927],[122.49919334536139,7.4156342438665055],[122.64687893303208,7.392355776418653],[122.78582385281688,7.401085865918017],[122.91867023299922,7.433758610903581],[123.04806565059272,7.482308109580637],[123.17665147665565,7.538668460271729],[123.30705571505776,7.594773761715879],[123.44189042821215,7.6425581132031395],[123.58375396509301,7.673955614503689],[123.73523820697163,7.6809003655498636],[123.83097097701189,7.62412438284423],[123.9158829406575,7.558027496250563],[123.9910643420279,7.483536276768489],[124.05760515205621,7.401577295463309],[124.11659435795708,7.313077123492668],[124.16911935757548,7.218962332125326],[124.21626545917715,7.120159492752045],[124.25911548538355,7.017595176888923],[124.29874947836933,6.912195956173914],[124.33624450214042,6.804888402357104],[124.37267453668224,6.696599087286086],[124.40911045801799,6.588254582887487],[124.44662009773437,6.480781461145799],[124.48626837530887,6.375106294080824],[124.52911749660895,6.2721556537254965],[124.57622721221571,6.172856112104717],[124.6286551297458,6.078134241216535],[124.68745707510483,5.988916613017377],[124.75368749859523,5.906129799411131],[124.82839992301605,5.830700372243525],[124.91264743233624,5.76355490330209],[125.00748320119574,5.705619964321279],[125.11396106739231,5.657822126992896],[125.23313615165895,5.6210879629810755],[125.36606553143542,5.59634404394062],[125.51380897801015,5.584516941536649],[125.67742976936138,5.5865332274640425],[125.8579955943105,5.603319473463442],[125.92854865592271,5.7531253701495055],[125.94098437270458,5.877216520313805],[125.90814837271995,5.9817592147153835],[125.8429163284449,6.072919744553952],[125.75818621008287,6.15686440121225],[125.6668732460106,6.23975947611244],[125.58190797304229,6.327771260619286],[125.51623766189068,6.427066045938023],[125.48283138842505,6.543810122957872],[125.54497998711355,6.695368051128842],[125.64529806255592,6.810469419851688],[125.77465792913165,6.897822476820188],[125.9239704281704,6.9661354691489255],[126.08417393967625,7.0241166434079005],[126.24622723449616,7.080474245714917],[126.29982570304844,6.962429397089785],[126.33297063889461,6.8272963099188475],[126.37214207228182,6.697519233983607],[126.44373174046069,6.595542420887241],[126.57407765324095,6.543810122957872],[126.6314466457245,6.653034559328179],[126.68509475899054,6.790186782744554],[126.7312788011952,6.946850197374204],[126.76622759743233,7.114608207505897],[126.78613109364859,7.285044218066253],[126.78713437817784,7.449741635170651],[126.76533738021321,7.600283866557163],[126.71680104470919,7.728254321740514],[126.63756064823266,7.825236411746748],[126.5236466067821,7.882813548346114],[126.54943620526214,8.035092699238653],[126.54615622458492,8.176496972336393],[126.5178481089578,8.308676188687086],[126.46856453191965,8.43328016903744],[126.40236820198191,8.551958733807616],[126.32333086408308,8.666361703074232],[126.2355325383644,8.778138896555138],[126.14306103170239,8.888940133590447],[126.05001175295857,9.000415233114968]]],[[[123.30313631522445,9.60987220112607],[123.30877927755327,9.773165479120818],[123.30258812262963,9.937016421473917],[123.28682524410782,10.098545736113564],[123.13247396611706,10.091657858484847],[123.074625433557,10.167424510508054],[123.00412986229873,10.231383369518106],[122.94429108011526,10.082580619698538],[122.85015047825505,9.969051748486454],[122.73997453379538,9.872055807068435],[122.63212085058242,9.772845900367617],[122.54502235937274,9.652677183488453],[122.49720330617284,9.492804804289563],[122.58985274211344,9.400980881001743],[122.69706268090806,9.320116046771096],[122.76799909874725,9.20737020274639],[122.7520379790381,9.019903236120104],[122.87348457563942,9.019903236120104],[122.99493117224074,9.019903236120088],[123.11637776884199,9.019903236120104],[123.19231776746419,9.152152102386012],[123.24720989760218,9.296484136709212],[123.283378811763,9.450017961805344],[123.30313631522445,9.60987220112607]]],[[[124.249173754469,10.661196069234574],[124.30370511865283,10.52187225439989],[124.35493963689264,10.379497317567726],[124.41316284131203,10.242850992785291],[124.48860881572834,10.120713017048162],[124.59147205834151,10.021863130803453],[124.73192877792239,9.955079216686705],[124.77621589084372,10.108210631012732],[124.77709511691404,10.262652144071362],[124.74080475981879,10.412632922621116],[124.67355209244555,10.55238027446288],[124.58151785090155,10.676121507937655],[124.47086467798732,10.778083931028847],[124.34774884395816,10.852494850829945],[124.2183351816382,10.893581573422011],[124.08881505409242,10.895571404047386],[124.18100591436931,10.788689029762327],[124.249173754469,10.661196069234574]]],[[[122.92610660205574,11.570386393229745],[122.75162606008463,11.570386393229745],[122.576310904838,11.570386393229745],[122.40071754516624,11.570386393229745],[122.22540238991968,11.570386393229745],[122.05092184794852,11.570386393229745],[121.9756617229,11.442746522685622],[121.92803608896904,11.311250274874977],[121.90721221507526,11.17915521343884],[121.91233915843266,11.049718901628514],[121.94254929219412,10.926198902735962],[121.99696080567105,10.81185278048315],[122.07468113181041,10.709938099303224],[122.17481127443527,10.623712424458521],[122.29645103098755,10.556433321963686],[122.43870513537856,10.511358358308552],[122.60069038036441,10.491745100014047],[122.54418276604088,10.632918239938629],[122.52329662542569,10.747432035326534],[122.53184540133967,10.841298613779324],[122.56367583512781,10.920530100848655],[122.61265981540926,10.991138621067448],[122.67268912022521,11.059136298505514],[122.73767318744561,11.130535257084926],[122.80154002178627,11.211347620822732],[122.85824034482138,11.307585514148183],[122.90175511644452,11.425261062468328],[122.92610660205574,11.570386393229745]]],[[[125.50417659744005,11.922906111613674],[125.38027021560211,12.007041854336324],[125.24539774455678,12.082093611316118],[125.1002421157482,12.148670850387457],[124.94549105365627,12.207383039494108],[124.78183643495095,12.258839646721487],[124.60997367877296,12.303650140312637],[124.59881721241283,12.113111119226332],[124.62450305579713,11.950966172115312],[124.66127949731313,11.797787782774058],[124.68355913463371,11.634148445198683],[124.8631539156477,11.60034865354542],[125.01172781260212,11.540866925291786],[125.12810224958402,11.45481767806639],[125.21112977474898,11.341315329696313],[125.25969652451728,11.199474297496392],[125.27272434089774,11.028408997205648],[125.43473705921676,11.021777744578175],[125.58597319208894,10.989386625955428],[125.7297743392152,10.960311133605224],[125.8694683188556,10.963626759928541],[126.00842471559254,11.028408997205648],[125.9798575781274,11.193197749745009],[125.93573528745755,11.3446362360309],[125.87668812056816,11.483333926609331],[125.80335589966164,11.609900290955771],[125.71638734819544,11.724944797797285],[125.61643941778624,11.829076915368853],[125.50417659744005,11.922906111613674]]],[[[123.33661148892926,12.027347813938785],[123.53611472727725,12.029118982495918],[123.68118066824778,12.084025208969363],[123.7317957561345,12.23457455240141],[123.604152686626,12.25248303772503],[123.51778051472317,12.3034533437594],[123.36871522880169,12.303650140312637],[123.35796051820424,12.211942950490172],[123.34716800049783,12.119054989120848],[123.33661148892926,12.027347813938785]]],[[[121.42052720402407,12.712863152388959],[121.30133876229864,12.831976152937457],[121.16944969644526,12.9446167480338],[121.03300829681874,13.050828668282769],[120.90016851514933,13.150655644139878],[120.77908947985966,13.244141405961898],[120.75229536988408,13.053338475408804],[120.76197419102768,12.892216871564075],[120.80217618147395,12.756026291919706],[120.86701783765872,12.64001644341291],[120.95066482365714,12.53943703938795],[121.04731893309987,12.449537797537245],[121.15120875225088,12.365568438550058],[121.25658378370038,12.28277868527256],[121.35771186537976,12.196418262236044],[121.44887976103198,12.101736895437803],[121.48136362147069,12.145622519687342],[121.53348434902972,12.169434899444877],[121.60753129218406,12.170812475148301],[121.62050002093356,12.316252408558814],[121.58824003260794,12.455045011436384],[121.51887284413625,12.587234015579476],[121.42052720402407,12.712863152388959]]],[[[122.00436569590731,14.573382617417145],[121.92626517203476,14.70112743019085],[121.8502148483177,14.830308902203981],[121.77340900781589,14.95867779333452],[121.69302479495346,15.083978728299172],[121.60622270906495,15.203975017050773],[121.5101460429473,15.316410955320558],[121.67044649691591,15.419755281952959],[121.81254565109205,15.53115014140717],[121.93710252975463,15.649638024954756],[122.04476996676394,15.774261421810072],[122.13619423389412,15.90406281920746],[122.21201486383046,16.038084702602298],[122.27286465829225,16.175369555982815],[122.31936986755566,16.314959862274826],[122.35215052419142,16.455898103818694],[122.37182091108703,16.597226762895616],[122.378990141823,16.737988322278134],[122.3742628301916,16.877225265779146],[122.35823982509571,17.01398007877328],[122.33151898723666,17.147295248664967],[122.29469598487269,17.276213265278518],[122.24836508750583,17.39977662114744],[122.19311993860737,17.51702781168306],[122.1295542914147,17.6270093352055],[122.05826269539898,17.72876369282381],[121.97002512920245,17.871245129315003],[121.9048330319303,18.011364890731222],[121.83242621954392,18.132592010400263],[121.72882235157957,18.252729179374736],[121.63222087416976,18.35036292266528],[121.54218930546389,18.426652807244523],[121.4583043254571,18.482758391217665],[121.38014939927032,18.519839223791326],[121.30731299842502,18.53905484578255],[121.23938728803742,18.541564790516638],[121.17596716654404,18.5285285849829],[121.11664956192541,18.50110575113713],[121.06103290447238,18.460455807257862],[121.00871671097829,18.40773826928021],[120.95930122887708,18.344112652047457],[120.91238710130943,18.270738470434097],[120.86757502540807,18.18877524030813],[120.8244653862683,18.099382479311732],[120.78265785812691,18.003719707450202],[120.74175097222034,17.902946447488844],[120.70134165764415,17.79822222516487],[120.66102476729397,17.69070656922906],[120.62039260564306,17.581559011336772],[120.57903447869889,17.47193908581287],[120.53653628899637,17.3630063293173],[120.49248019990681,17.255920280441543],[120.4464443939076,17.151840479263715],[120.39800294871173,17.05192646689337],[120.34672585336551,16.957337785030834],[120.29217918351884,16.86923397556598],[120.23392545111372,16.788774580234666],[120.17152413868038,16.71711914034651],[120.10453242231104,16.655427196589617],[120.04472564848992,16.445729576264174],[120.00891221709868,16.254726178594336],[119.99430774688405,16.080290835598],[119.99815054916054,15.920297368099709],[120.01769986497715,15.772619589603964],[120.05023397027385,15.635131309127804],[120.09304835000283,15.505706333258711],[120.14345410530333,15.382218467657083],[120.19877672851575,15.262541518186342],[120.25635535834209,15.144549291823427],[120.31354261123609,15.0261155974805],[120.36770543012781,14.90512082263953],[120.41621993481806,14.779425937830554],[120.45647857900211,14.646911035304784],[120.64121614536246,14.625423673044985],[120.79649966855378,14.580101961319295],[120.92505907123196,14.513088813429293],[121.02964152780282,14.426527144915944],[121.1130040980884,14.322559872113402],[121.17790712267575,14.203329910885046],[121.22710844592575,14.070980175580381],[121.26335850599459,13.927653578234018],[121.28939630784065,13.775493028012928],[121.48661778277463,13.749776426923479],[121.6497809315876,13.696288391794006],[121.78579632943197,13.62063303197418],[121.90158150460839,13.528414456529747],[122.00404421332387,13.4252367719713],[122.10007076287219,13.316704080896017],[122.19651935386223,13.20842048148183],[122.30021830389155,13.105990067699349],[122.41291652529979,13.107802548611941],[122.4811766996977,13.155624162292263],[122.52283540121472,13.231051263219381],[122.55570111483118,13.315680203097898],[122.59752052638673,13.391107324859474],[122.66597782320602,13.438928961920693],[122.77872787866065,13.440741443874707],[122.94972497844267,13.436676604547113],[123.09242999046157,13.4094979737487],[123.21446205693277,13.36542236714132],[123.32344562846853,13.310666600316546],[123.42699742965091,13.251447487237705],[123.53271936819677,13.193981839495859],[123.64819733889736,13.144486466308908],[123.78100581921973,13.109178175154208],[123.93871817456497,13.094273772941772],[124.12892268717569,13.105990067699349],[124.17617970038839,13.26485145565629],[124.19735365052354,13.412837106527382],[124.1945673292035,13.549330546850037],[124.16994617169114,13.673715302164924],[124.12561931040541,13.78537489728478],[124.0637206414185,13.883692856595061],[123.98638989547753,13.968052704381327],[123.89577370500197,14.037837965177047],[123.79402665851387,14.092432164124244],[123.6833123340683,14.131218827339032],[123.5658043034639,14.153581482271722],[123.4436870993043,14.158903658050999],[123.31915713736535,14.146568885799462],[123.19442358715551,14.115960698907354],[123.07170918404631,14.066462633249031],[122.95325097684699,13.997458227325916],[122.84130100519484,13.908331022317867],[122.6713698530686,13.963040697125455],[122.522805798383,14.034931653181381],[122.39286281281493,14.121754660982942],[122.2787971618891,14.221260491363171],[122.17786261855873,14.331199914819821],[122.08730638218483,14.449323700867764],[122.00436569590731,14.573382617417145]]],[[[141.5269315487413,40.46265561179719],[141.45711991656358,40.57663952058325],[141.3752471504495,40.677417799458176],[141.2811535377693,40.76309351405991],[141.09958227478376,40.88543848864514],[140.92871811870995,40.9706440807144],[140.7683203851066,41.01768859872462],[140.6182537111198,41.02555765062366],[140.50822747656144,41.00791901631858],[140.40568633747844,40.9668073507508],[140.310911811874,40.9023969565566],[140.22422259587907,40.814864971033494],[140.1459749762147,40.70439120355448],[140.07656386089775,40.57115794399203],[140.01642439320634,40.41534974411734],[139.9660341154072,40.237153173959655],[139.92591565090405,40.036756555114756],[139.89663674997473,39.814366824967024],[139.8787499727171,39.57013847873514],[139.87081300070665,39.411068861764754],[139.8593305883809,39.26025322960595],[139.8435049966138,39.117034306418866],[139.8225579432122,38.98075586702369],[139.79572847384787,38.8507626120615],[139.76227112740858,38.726400059012214],[139.72145437096114,38.6070144474603],[139.6725592827229,38.49195265718038],[139.61487846416864,38.38056213777537],[139.54771516468247,38.27219084874038],[139.47038260406612,38.16618720894602],[139.38220347973737,38.06190005463672],[139.28250964665676,37.95867860512389],[139.1706419588982,37.85587243541824],[139.04595026237374,37.752831455094665],[138.90779352854076,37.64890589271329],[138.75554011898308,37.54344628513428],[138.58856817057892,37.43580347106075],[138.4062660905704,37.32532858812446],[138.20803315024565,37.21137307279313],[137.99328016515386,37.093288662325385],[137.76143024881503,36.970427397931566],[137.5119196257905,36.84214162821351],[137.2441984887552,36.70778401185687],[136.95773188290113,36.56670751843355],[136.6520005996179,36.41826542604041],[136.4680273686771,36.331117482891436],[136.29430342267588,36.249890562229346],[136.12878565267923,36.17340049823444],[136.24926244388558,36.0896613660254],[136.36979357035187,36.005928027967464],[136.4903780699764,35.92220035893815],[136.61101497863638,35.83847823389928],[136.73170333016157,35.75476152789504],[136.85244215630843,35.671050116050196],[136.97323048673377,35.58734387356809],[137.09406734896945,35.50364267572883],[137.21495176839642,35.41994639788741],[137.3358827682194,35.33625491547177],[137.45685936944147,35.25256810398103],[137.57788059083927,35.168885838983506],[137.6989454489376,35.08520799611494],[137.82005295798487,35.00153445107657],[137.9412000777588,34.917845782634345],[138.17348965851176,34.94928940620272],[138.4030825028921,34.99113789641343],[138.6286934132156,35.04300469102906],[138.8490299254934,35.104443211010725],[139.062807739415,35.17506682919895],[139.26873899030366,35.254469226768656],[139.46553401322763,35.34224421661165],[139.65190050749317,35.43798573402291],[139.82654273861795,35.54128782674468],[139.98816077350975,35.65174464397942],[140.13544974567586,35.768950424060016],[140.26388598459192,35.888649826588846],[140.37409847825708,36.00919268595901],[140.46778735159867,36.13456594436657],[140.54670396746698,36.26875829747097],[140.61265639607686,36.41576057687113],[140.66751949894265,36.579566328140935],[140.71325019416088,36.76417262815025],[140.75190863575253,36.9735811979333],[140.78568626933406,37.21179988396178],[140.81986031814958,37.415457025473856],[140.8662774927684,37.61922258411722],[140.9231010200103,37.81766276484089],[140.98837446783222,38.005338607459485],[141.06002553093305,38.176806096994014],[141.13587976327625,38.326616763725404],[141.2136851648856,38.44931883262158],[141.29114816773173,38.539458952956565],[141.3835333246837,38.63991568362563],[141.4638446302202,38.753574023566706],[141.5322636202371,38.87855618513581],[141.58895408394582,39.0129838742109],[141.63405744960255,39.15497799641318],[141.6676887990506,39.30265838677783],[141.68993357137546,39.454143566787835],[141.70084503576732,39.60755053433164],[141.70044262902292,39.760994593408846],[141.6887112637213,39.91258923128268],[141.6655967304679,40.06042722738488],[141.63101801996717,40.202654946923516],[141.5848449050402,40.33736234994077],[141.5269315487413,40.46265561179719]]],[[[142.38091932769973,44.74003692813383],[142.3123926076371,44.817459955684924],[142.18401618258483,44.97613276615984],[142.07318617281214,45.101410003641426],[141.97780239071162,45.192193551772256],[141.89580404416955,45.24743530299536],[141.82513994130932,45.26608172345573],[141.75689972565715,45.24202176937559],[141.69696664090347,45.17455675553877],[141.64377579123936,45.06265826160343],[141.59581336488142,44.905299544629834],[141.55167657182466,44.701512151834955],[141.51006392889047,44.45030152746386],[141.47546510347905,44.24799671433683],[141.43371640147677,44.08035314184236],[141.37800069405853,43.93842164225879],[141.3016206953107,43.813271710794744],[141.1979820620174,43.6959865014247],[141.06059054416716,43.57765993349328],[140.8830662567254,43.44939574132197],[140.6591773704627,43.302308333304566],[140.43230706859518,43.1544494251699],[140.25826609048107,43.02763000795272],[140.13096011094657,42.912567746409955],[140.0444529457367,42.7999913848791],[139.9929329314458,42.680639051393996],[139.97070186698073,42.545258449658604],[139.97218884346248,42.38460880300272],[139.99199194034142,42.1894643862225],[140.0241351720862,41.981177033859275],[140.0609744218771,41.81685580125128],[140.10294789137433,41.69623151483848],[140.1506143933223,41.61904753213201],[140.20466512511518,41.58505891983718],[140.2659310580217,41.5940318679842],[140.33538618438453,41.645743329671305],[140.41414682701665,41.73998087749346],[140.50346717924916,41.87654276907802],[140.60473120747486,42.055238215430336],[140.67704731997952,42.17318178815037],[140.75630319394335,42.274476545823454],[140.84400237103696,42.359405733462324],[140.94167043083482,42.42825431513919],[141.05085144136234,42.48130894071023],[141.17310476023732,42.51885789924209],[141.31000216986382,42.54119106051929],[141.46312532968614,42.54859980597879],[141.63406352827093,42.541376950380204],[141.82441171795452,42.51981665547981],[142.0357688149606,42.484214336933434],[142.26973624823063,42.43486656560634],[142.527916740704,42.372070964419066],[142.77533067516873,42.320848276154976],[142.974310723708,42.31036376195458],[143.13498945232368,42.34267741750325],[143.26757740636955,42.41986078091474],[143.3824008174047,42.54399898350903],[143.5256094063644,42.68054456433043],[143.73975939855626,42.81410525905537],[143.99575585051147,42.92955267126884],[144.26419791850165,43.011744597515175],[144.436636021113,43.0547809593863],[144.58064554129595,43.099982984095966],[144.69621110909117,43.14736089648128],[144.78331540628108,43.196924961456816],[144.84193912466648,43.24868548513937],[144.87206092234987,43.30265281601701],[144.8736573780263,43.35883734616292],[144.84670294328424,43.417249512495864],[144.79116989292405,43.47789979808802],[144.70702827330473,43.540798733522124],[144.59424584873557,43.6059568982987],[144.45278804593093,43.67338492229513],[144.28261789655483,43.743093487277875],[144.08369597788442,43.81509332846931],[143.85598035162556,43.889395236170806],[143.720145214038,43.935655903108106],[143.58166057523948,43.989282937326145],[143.44201991753042,44.04941037407347],[143.3027196135264,44.115172106321275],[143.16525868367032,44.185701761165085],[143.03113858631943,44.26013259115337],[142.90186303374168,44.3375973807109],[142.77893782318873,44.41722836801094],[142.6638706689013,44.49815718280569],[142.55817101844661,44.57951480084638],[142.4633498351638,44.66043151561341],[142.38091932769973,44.74003692813383]]],[[[142.71363320277194,52.56703184622046],[142.72042984975224,52.680998702937245],[142.73143648442118,52.79630956151214],[142.73005092338016,52.96893048284592],[142.6953140958832,53.115759020073014],[142.63112644143752,53.23085462531598],[142.54146489919577,53.30827563646233],[142.43044528364436,53.34208976786185],[142.39846691096878,53.341883224335774],[142.3697420237886,53.340437425599745],[142.34298761371159,53.33651316719371],[142.28360591893195,53.313653566733684],[142.22907057327515,53.27176763245545],[142.17956836375654,53.211464315276686],[142.13530789951247,53.13335691322255],[142.09651687069893,53.03806244376399],[142.06343952212137,52.92620102073618],[142.036334309026,52.79839524214272],[142.01547170563435,52.655269594511495],[142.00113214018253,52.497449878813136],[141.99360403337374,52.325562662295624],[141.9931819202313,52.14023475993473],[142.00016463828808,51.942092748562864],[142.01485356783903,51.731762516123204],[142.03755091258094,51.50986884790879],[142.0508238529777,51.38413832121242],[142.06198522554428,51.25393497660703],[142.07114170154358,51.119796645640335],[142.07839290292105,50.982260012500284],[142.08383047782394,50.841860549922224],[142.08753726002791,50.69913247169526],[142.089586515793,50.55460870101455],[142.09004128189486,50.408820853867645],[142.088953798747,50.262299236599205],[142.08636504263842,50.11557285677012],[142.0823098625216,49.96917068814237],[142.0767879542448,49.82361728516485],[142.0697881769427,49.67943852849842],[142.0612820355295,49.53715849239834],[142.05123170376586,49.397300184298516],[142.0395909298234,49.260385619547435],[142.0263059695595,49.12693590322631],[142.01131653486536,48.997471318337794],[141.99455674607316,48.872511419736924],[141.97595607917725,48.752575133270305],[141.9554403005277,48.63818085969311],[141.93293238370688,48.529846583047096],[141.90835340547972,48.428089983307515],[141.86310886278062,48.23931119032614],[141.82251487375552,48.051186899708206],[141.78673557813704,47.86583343552962],[141.7558939720496,47.685361960809495],[141.7300785239994,47.51187896280434],[141.70935029398152,47.347486852949814],[141.69375030408415,47.194284666688695],[141.68330696594177,47.05436885140242],[141.6780434379761,46.92983413435555],[141.677984863496,46.82277446695444],[141.68316552971586,46.73528404672284],[141.69363608833078,46.66945842422198],[141.74184971159787,46.56803075388945],[141.82887419293397,46.476921916363445],[141.94589771579547,46.39827160249223],[142.08414376932106,46.33421889533844],[142.2348719392903,46.28690310131271],[142.3893769639278,46.25846469103811],[142.53898626071086,46.25104636105082],[142.67505621602027,46.2667942340903],[142.78896762721413,46.3078592233074],[142.87212079597901,46.37639859429871],[142.88246977427846,46.40899705099572],[142.88496044641835,46.46923838158496],[142.88003760077493,46.554499625409285],[142.86816527077127,46.6621613733821],[142.84981921981145,46.789606070285465],[142.82547978464544,46.934216474534594],[142.79562468769754,47.09337425259301],[142.76072162586223,47.26445869684683],[142.72122061578284,47.44484556589012],[142.67754622510793,47.63190605489444],[142.6417948071285,47.8104714060863],[142.61737012589168,47.980898015669375],[142.60394433119532,48.14260073790426],[142.60117346191225,48.294993464145456],[142.60869871800318,48.43748931469351],[142.62614807370488,48.5695008548246],[142.65313822920717,48.690440334454415],[142.68927689194288,48.7997199505536],[142.73416537172784,48.896752131067736],[142.78740146642818,48.980949838707794],[142.84858260666516,49.0517268925695],[142.91730921936954,49.108498305116214],[142.99318826088756,49.1506806316215],[143.07583686094156,49.17769232872096],[143.1648860092282,49.1889541182706],[143.2599842069522,49.18388935225831],[143.360800996345,49.16192437406854],[143.46703027238334,49.12248887096605],[143.56048420677698,49.08769835498986],[143.64256844453533,49.07147517758042],[143.71324939004984,49.072719651250466],[143.77251455036972,49.09033564756893],[143.82036730786947,49.123229902773545],[143.85682238042847,49.17031138727361],[143.88190181665055,49.23049072998002],[143.89563140370413,49.30267969012173],[143.89803739258159,49.38579067077164],[143.88914347030885,49.478736269726916],[143.86896793114008,49.58042886467931],[143.8375210192598,49.68978023078263],[143.7948024340962,49.80570118978063],[143.74079900611912,49.927101290807364],[143.675476998369,50.05288761082336],[143.59879502382998,50.18196863494212],[143.51066629645953,50.31324704058646],[143.4258201657136,50.43522457639319],[143.3460426311539,50.55524408463365],[143.27126742163844,50.67346759969289],[143.20143109037144,50.79005747931546],[143.13647289828276,50.905176401083054],[143.0763347122445,51.01898735946972],[143.0209609174844,51.13165366355034],[142.97029834358702,51.2433389354367],[142.92429620351308,51.35420710951312],[142.88290604509726,51.46442243254235],[142.84608171451262,51.57414946471096],[142.81377933121658,51.68355308168235],[142.7859572739122,51.792798477725654],[142.76257617708313,51.902051169988106],[142.74359893767016,52.01147700397871],[142.72899073147775,52.12124216033212],[142.71871903890207,52.23151316292236],[142.71275367958498,52.342456888397926],[142.71106685559917,52.45424057721151],[142.71363320277194,52.56703184622046]]],[[[162.2834498157728,57.56676389827993],[162.1881298459486,57.65614409053572],[162.10993564866433,57.75256158436627],[162.04868870182372,57.85539379458756],[162.00421344839245,57.96401745461533],[161.97633519837,58.07780837145486],[161.96487815269228,58.19614119847867],[161.70253989456342,58.162349781966746],[161.44039529603515,58.12856569909194],[161.17844400952126,58.094788934695785],[160.91668568811764,58.06101947364738],[160.6551199856008,58.02725730084339],[160.39374655642615,57.993502401208026],[160.13256505572537,57.95975475969289],[159.87157513930444,57.92601436127678],[159.61077646364197,57.89228119096577],[159.35016868588684,57.85855523379307],[159.08975146385652,57.824836474818895],[158.82952445603462,57.791124899130374],[158.56948732156926,57.75742049184157],[158.3096397202709,57.72372323809322],[158.04998131261033,57.69003312305278],[157.79051175971696,57.656350131914316],[157.5312307233763,57.622674249898346],[157.27213786602857,57.589005462251855],[157.01323285076646,57.55534375424815],[156.83697068016716,57.45161162873766],[156.6848536891855,57.352005362967354],[156.55352156966563,57.25273735695474],[156.43968840918555,57.150029396486914],[156.34013793059756,57.040112877730934],[156.25172497638906,56.91922987938042],[156.1713830820069,56.783635038274],[156.09613797337386,56.62959817470779],[156.0231267956091,56.453407599002695],[155.94962283530018,56.251374011787306],[155.8730654412427,56.0198348875673],[155.79109478314476,55.75515920528696],[155.75108745342592,55.60949663112448],[155.71565235026748,55.461318505255285],[155.68488967668532,55.31169503104938],[155.6588799547869,55.16169283669511],[155.63768424004962,55.01237499786438],[155.62136200073616,54.86482046462463],[155.60991017217486,54.720046527253366],[155.60335915321951,54.5791259955284],[155.60170561716424,54.44310916363614],[155.60493063698905,54.313043762835115],[155.61300150369576,54.18997530824499],[155.6258739676316,54.07494748858822],[155.64349491363282,53.969002597245066],[155.6658054774873,53.8731820037336],[155.69274460739877,53.78852666556412],[155.724253069815,53.7160776813429],[155.76643537585832,53.630058406363844],[155.80672130732597,53.5328868371642],[155.84489745135886,53.42607227280581],[155.8807450015166,53.31112217226222],[155.91403517265363,53.18954149959617],[155.94452513325663,53.06283220523959],[155.97195447903735,52.93249283993884],[155.99604227882787,52.80001829654694],[156.0164847290323,52.666899673831196],[156.03295345610107,52.53462425580792],[156.04509450779523,52.40467559979529],[156.05252807346454,52.278533726378654],[156.05484897123108,52.1576754047866],[156.06008008401116,51.95369257951662],[156.07789482982864,51.78297775835932],[156.10953926185795,51.64365966595486],[156.1564104346672,51.53388690671807],[156.2200422017558,51.451824741713835],[156.30209043163768,51.395652274766825],[156.40431798270714,51.363559984037096],[156.52857971371134,51.35374754595884],[156.67680775088405,51.36442190766222],[156.8509971835008,51.393795572031735],[157.15914476165062,51.46869468597494],[157.40722460805347,51.55662460251445],[157.60196131399587,51.661318608493104],[157.7501687970795,51.786520511250444],[157.85877005799972,51.93598805961112],[157.96152472284754,52.08839595151944],[158.10536690998373,52.276327169435305],[158.2793209566591,52.48468173010785],[158.47190646435433,52.6983117287705],[158.67103605011485,52.902010493563736],[158.83828339704073,53.069713399689995],[159.01027544149497,53.249166591215484],[159.17809227559547,53.43063908088143],[159.332473367709,53.60436566812491],[159.46384029888966,53.760547395550745],[159.56236548060778,53.88935702587509],[159.72698051470354,54.07494748858822],[159.93481199222742,54.228677920694054],[160.18538799537006,54.34994711678686],[160.4782619451079,54.43816771264903],[160.72684272344773,54.50090667681269],[160.91567242109653,54.5699021602021],[161.06374112421074,54.65982148155341],[161.19032125184216,54.785365325875674],[161.3150969585114,54.961290879286906],[161.4583842459126,55.20242806960231],[161.5400319780947,55.340241527827196],[161.63604304745155,55.49276833365805],[161.74332372701727,55.655085023282666],[161.85866921219448,55.82225282206577],[161.97874605110212,55.98931523483493],[162.10008432983673,56.15129694323462],[162.2190799590371,56.30320410908163],[162.33200743467748,56.44002618515517],[162.4239334301156,56.55817934553468],[162.49440101027145,56.67730135972811],[162.5434121110886,56.796576328323745],[162.57095503734107,56.915186034612745],[162.57700601760558,57.03230991809677],[162.5615309935416,57.14712508932835],[162.52448764645536,57.25880638816057],[162.46582766265269,57.36652648741991],[162.38549923743577,57.46945604388747],[162.2834498157728,57.56676389827993]]]]}}
