{"type":"Feature","properties":{"id":"habicht","sourceUrl":"https://commons.wikimedia.org/wiki/File:AccipiterGentilis.png","author":"Alexander K\u00fcrthy","license":"CC BY-SA 3.0","licenseUrl":"https://creativecommons.org/licenses/by-sa/3.0","sourceImageSha256":"fe6efac36a0bea29f279801432193564325b5225903d69cd15239b3654a44344","registration":{"status":"candidate","projection":"merc","proj_string":"+proj=merc +R=1 +lon_0=0","image_width":1280,"image_height":731,"parameters_1000px":[267.46092555907785,-268.0273402878605,130.78385960703116,557.5468373363261],"pixel_transform_native":[342.34998471561966,-343.0749955684615,167.40334029699991,713.6599517904974],"transform_definition":"pixel_x=sx*projected_x+tx; pixel_y=sy*projected_y+ty; inverse: lonlat = pyproj.Proj(proj_string)((px-tx)/sx,(py-ty)/sy,inverse=True)","coast_count":9523,"coast_median_px_at1000":0.7767637372016907,"coast_p90_px_at1000":3.3865773677825928,"coast_rmse_px_at1000":2.177590847015381,"coast_rmse_capped15_px_at1000":2.177590847015381,"sift_matches":304,"sift_inliers":229,"sift_inlier_median_px":0.6927495423507565,"sift_affine_initialization":[[0.889505895041408,-1.8186159896007684e-05,25.120691083476675],[1.8186159896007684e-05,0.889505895041408,1.7699996109040292]],"independent_border_validation":{"method":"Natural Earth international boundaries >0.22 degrees away from coast; not used in fitting; nearest pale raster boundary pixels; only unsaturated grey base regions sampled","count":4223,"median_px_at1000":0.4751630425453186,"p90_px_at1000":1.0838356018066406,"rmse_px_at1000":1.6930603981018066},"inverse_roundtrip_checks":[{"name":"Gibraltar","lonlat":[-5.6,36],"pixel_native":[133.94258750333688,482.33289529175505],"roundtrip_degree_error":1.7763568394002505e-15},{"name":"Lindesnes","lonlat":[7.05,57.98],"pixel_native":[209.5280380104507,285.330105073209],"roundtrip_degree_error":1.7763568394002505e-15},{"name":"CapeComorin","lonlat":[77.55,8.08],"pixel_native":[630.7750151449584,665.1174578275176],"roundtrip_degree_error":5.329070518200751e-15},{"name":"Tokyo","lonlat":[139.7,35.7],"pixel_native":[1002.1296198103435,484.54908668920393],"roundtrip_degree_error":7.105427357601002e-15},{"name":"Cairo","lonlat":[31.2,30.0],"pixel_native":[353.8275344331225,525.2067487573629],"roundtrip_degree_error":3.552713678800501e-15}]},"includedColors":["#008000","#007FFF"],"adaptation":"Hue-based extraction of current seasonal colors; inverse Mercator registration; 3px closing of printed border gaps; 0.45px contour simplification; components smaller than 4 source pixels omitted; antimeridian split."},"geometry":{"type":"MultiPolygon","coordinates":[[[[-9.104956709787395,29.88520426995515],[-9.439677212612457,29.88520426995515],[-9.60703746402499,30.174380749926936],[-9.60703746402499,30.606557546330745],[-9.272316961199927,30.606557546330745],[-9.104956709787395,30.462711140209215],[-8.602875955549802,30.462711140209215],[-8.602875955549802,30.174380749926936],[-8.770236206962332,30.174380749926936],[-9.104956709787395,29.88520426995515]]],[[[-5.925111932949303,31.465136083273283],[-5.590391430124241,31.60747720838505],[-5.255670927299178,31.322578225357585],[-5.255670927299178,31.179804188502477],[-5.590391430124241,31.036814532777672],[-5.925111932949303,31.322578225357585],[-5.925111932949303,31.465136083273283]]],[[[-8.26815545272474,33.29847237452845],[-8.26815545272474,32.87870603059062],[-8.602875955549802,32.738339405245085],[-8.770236206962332,32.87870603059062],[-8.770236206962332,33.158772998433065],[-8.602875955549802,33.29847237452845],[-8.26815545272474,33.29847237452845]]],[[[-8.43551570413727,37.516253199271],[-8.10079520131221,37.516253199271],[-7.933434949899677,37.38366930095569],[-8.10079520131221,37.11779726878123],[-8.43551570413727,37.11779726878123],[-8.602875955549802,37.25085055778845],[-8.43551570413727,37.516253199271]]],[[[30.392062623569966,37.516253199271],[30.5594228749825,37.38366930095569],[30.5594228749825,37.11779726878123],[30.057342120744906,37.11779726878123],[29.722621617919845,37.38366930095569],[29.889981869332377,37.38366930095569],[30.057342120744906,37.516253199271],[30.392062623569966,37.516253199271]]],[[[31.73094463487022,36.85098827722826],[31.396224132045155,36.984509738528786],[31.396224132045155,37.25085055778845],[31.061503629220095,37.516253199271],[31.061503629220095,37.780715293094715],[31.396224132045155,38.04423455807106],[31.73094463487022,38.04423455807106],[31.89830488628275,37.91259291831603],[31.89830488628275,37.38366930095569],[32.065665137695284,37.25085055778845],[32.065665137695284,36.984509738528786],[31.73094463487022,36.85098827722826]]],[[[26.710137092494282,37.91259291831603],[27.212217846731875,37.91259291831603],[27.212217846731875,37.64860195928576],[26.54277684108175,37.64860195928576],[26.54277684108175,37.780715293094715],[26.710137092494282,37.91259291831603]]],[[[21.019888544468223,38.04423455807106],[20.3504475388181,38.04423455807106],[20.3504475388181,38.437740877871676],[20.517807790230627,38.56843591632333],[20.68516804164316,38.56843591632333],[21.019888544468223,38.04423455807106]]],[[[26.20805633825669,39.47664381403414],[26.37541658966922,39.47664381403414],[26.710137092494282,39.218346982502105],[26.710137092494282,38.95909633168422],[26.040696086844157,38.95909633168422],[26.040696086844157,39.34761473519954],[26.20805633825669,39.47664381403414]]],[[[9.80675169982863,39.34761473519954],[9.639391448416099,39.218346982502105],[9.304670945591036,39.218346982502105],[8.969950442765974,39.60543400653022],[8.969950442765974,39.862296908711144],[8.802590191353444,39.99036921948448],[8.30050943711585,39.99036921948448],[8.30050943711585,40.37314730539219],[8.133149185703319,40.62713185537973],[8.30050943711585,40.75376336425426],[8.635229939940912,40.75376336425426],[8.802590191353444,40.62713185537973],[9.974111951241161,40.62713185537973],[9.974111951241161,40.37314730539219],[9.80675169982863,40.24579460183983],[9.80675169982863,39.34761473519954]]],[[[8.635229939940912,41.88259650026695],[8.467869688528381,42.13079002281556],[8.467869688528381,42.37801484416924],[8.635229939940912,42.62427016027038],[8.969950442765974,42.747034023093576],[9.304670945591036,42.747034023093576],[9.304670945591036,42.13079002281556],[9.639391448416099,41.75813674799487],[9.472031197003568,41.50849184710545],[9.137310694178506,41.50849184710545],[8.635229939940912,41.88259650026695]]],[[[0.9366583749644766,51.47114302870677],[1.1040186263770078,51.36699453850926],[1.1040186263770078,51.15798513486464],[0.7692981235519454,50.94802455445503],[0.2672173693143517,50.94802455445503],[0.2672173693143517,51.26260863853236],[0.6019378721394142,51.47114302870677],[0.9366583749644766,51.47114302870677]]],[[[-1.2390248933984291,54.776275756770886],[-0.9043043905733668,54.58316770100428],[-0.4022236363357731,54.48626895136445],[-0.4022236363357731,54.1941905938491],[-0.7369441391608356,53.998317287450035],[-1.071664641985898,54.09636955536136],[-1.5737453962234917,54.09636955536136],[-1.7411056476360232,53.998317287450035],[-1.7411056476360232,53.603790778583466],[-1.2390248933984291,53.305455522825184],[-1.2390248933984291,53.205544284956744],[-1.5737453962234917,52.90440873624939],[-1.908465899048554,52.90440873624939],[-2.075826150461085,52.803562152838026],[-2.075826150461085,52.601165489965055],[-1.5737453962234917,52.39782931377864],[-1.071664641985898,52.39782931377864],[-0.7369441391608356,52.70248114727301],[-0.4022236363357731,52.803562152838026],[0.2672173693143517,52.803562152838026],[0.43457762072688294,52.90440873624939],[0.7692981235519454,52.90440873624939],[1.271378877789539,52.70248114727301],[1.7734596320271327,52.70248114727301],[1.9408198834396637,52.601165489965055],[1.9408198834396637,52.39782931377864],[1.6060993806146013,51.988331307602785],[1.271378877789539,52.09105956082925],[0.6019378721394142,52.09105956082925],[0.43457762072688294,52.19355183594495],[0.09985711790182052,52.19355183594495],[-0.4022236363357731,51.988331307602785],[-0.4022236363357731,50.73711130089899],[-0.7369441391608356,50.63129696628211],[-1.5737453962234917,50.63129696628211],[-1.908465899048554,50.94802455445503],[-3.0799876589362722,50.94802455445503],[-3.2473479103488034,50.842687103605826],[-3.2473479103488034,50.63129696628211],[-3.4147081617613346,50.418951995351684],[-3.582068413173866,50.418951995351684],[-3.9167889159989286,50.20565080770593],[-4.418869670236522,50.20565080770593],[-4.586229921649053,50.418951995351684],[-3.9167889159989286,50.842687103605826],[-3.582068413173866,50.94802455445503],[-3.582068413173866,51.26260863853236],[-3.9167889159989286,51.47114302870677],[-4.251509418823991,51.47114302870677],[-4.586229921649053,51.678728568887344],[-4.586229921649053,51.88536686394637],[-4.753590173061585,51.988331307602785],[-4.586229921649053,52.19355183594495],[-4.418869670236522,52.19355183594495],[-4.08414916741146,52.39782931377864],[-4.08414916741146,52.70248114727301],[-4.418869670236522,52.90440873624939],[-4.418869670236522,53.10539956682494],[-3.9167889159989286,53.305455522825184],[-3.2473479103488034,53.305455522825184],[-3.0799876589362722,53.205544284956744],[-2.74526715611121,53.205544284956744],[-2.5779069046986787,53.305455522825184],[-2.5779069046986787,53.80151803051239],[-2.912627407523741,53.998317287450035],[-2.74526715611121,54.1941905938491],[-2.74526715611121,54.48626895136445],[-2.912627407523741,54.58316770100428],[-2.912627407523741,54.776275756770886],[-3.2473479103488034,54.968466370662256],[-3.582068413173866,54.968466370662256],[-3.9167889159989286,54.776275756770886],[-3.9167889159989286,54.67983654582205],[-4.418869670236522,54.58316770100428],[-4.753590173061585,54.776275756770886],[-4.753590173061585,55.064218325236425],[-4.418869670236522,55.44494365187281],[-4.251509418823991,55.44494365187281],[-3.7494286645863975,55.728098989099614],[-3.0799876589362722,55.915736088878866],[-2.4105466532861475,55.915736088878866],[-2.075826150461085,55.63394079309381],[-1.908465899048554,55.63394079309381],[-1.5737453962234917,55.44494365187281],[-1.5737453962234917,55.064218325236425],[-1.2390248933984291,54.87248560676571],[-1.2390248933984291,54.776275756770886]]],[[[-3.9167889159989286,56.65727080927276],[-3.2473479103488034,57.02266390791059],[-3.2473479103488034,57.204025554547485],[-2.74526715611121,57.474406500909325],[-2.2431864018736163,57.474406500909325],[-2.2431864018736163,57.02266390791059],[-2.5779069046986787,56.65727080927276],[-3.0799876589362722,56.28830138702867],[-3.582068413173866,56.195497930658895],[-3.9167889159989286,56.380880099129655],[-3.9167889159989286,56.65727080927276]]],[[[-4.753590173061585,56.748953591677314],[-4.753590173061585,56.65727080927276],[-5.088310675886647,56.56536450471361],[-5.590391430124241,56.56536450471361],[-5.925111932949303,56.748953591677314],[-5.255670927299178,57.204025554547485],[-5.255670927299178,57.29437375484882],[-4.753590173061585,57.56409168749501],[-4.753590173061585,57.65355651264288],[-4.586229921649053,57.74280130020054],[-4.251509418823991,57.74280130020054],[-4.08414916741146,57.65355651264288],[-4.08414916741146,57.38450063039758],[-4.251509418823991,57.29437375484882],[-4.251509418823991,57.11345571119151],[-4.418869670236522,56.931649829284524],[-4.753590173061585,56.748953591677314]]],[[[18.174764270455192,57.02266390791059],[18.00740401904266,57.11345571119151],[18.00740401904266,57.474406500909325],[18.676845024692785,57.92063206462566],[19.01156552751785,57.92063206462566],[19.178925778930378,58.00921869582514],[19.178925778930378,58.36138124105038],[19.34628603034291,58.36138124105038],[19.34628603034291,58.00921869582514],[19.51364628175544,57.92063206462566],[19.178925778930378,57.74280130020054],[19.178925778930378,57.38450063039758],[18.342124521867724,56.84041316136161],[18.174764270455192,56.84041316136161],[18.174764270455192,57.02266390791059]]],[[[25.2038948297815,69.02294408888385],[25.538615332606565,69.02294408888385],[25.705975584019097,68.90304342102328],[25.538615332606565,68.84284806314623],[25.538615332606565,68.66127735031023],[25.371255081194032,68.60042430248116],[24.86917432695644,68.60042430248116],[24.86917432695644,68.84284806314623],[25.2038948297815,69.02294408888385]]],[[[118.42355486656137,24.389414197791613],[118.08883436373632,24.084843381645694],[117.9214741123238,24.084843381645694],[116.74995235243607,23.013178656112565],[116.41523184961102,22.85937587794084],[116.08051134678594,22.85937587794084],[115.91315109537342,22.70539884747198],[115.41107034113584,22.70539884747198],[115.2437100897233,22.551248480585407],[114.74162933548571,22.551248480585407],[113.40274732418546,21.777929078075815],[112.90066656994787,21.777929078075815],[112.73330631853533,21.622758263675355],[111.22706405582257,21.622758263675355],[110.55762305017244,21.156249140528523],[110.39026279875989,20.84442220356536],[110.39026279875989,20.531947756701125],[109.72082179310976,20.531947756701125],[109.72082179310976,21.000417105176503],[109.3861012902847,21.46742069243324],[109.05138078745964,21.622758263675355],[108.214579530397,21.622758263675355],[107.37777827333433,20.84442220356536],[107.04305777050926,20.84442220356536],[106.03889626203409,19.90508829974803],[105.70417575920902,18.960144996934137],[103.02641173660852,18.960144996934137],[102.85905148519599,19.118015629922507],[102.3569707309584,19.118015629922507],[101.68752972530827,19.43330393077988],[101.3528092224832,19.43330393077988],[101.18544897107068,19.74798130453692],[100.85072846824562,19.74798130453692],[100.34864771400802,20.218833768398646],[100.18128746259549,20.218833768398646],[100.01392721118296,21.000417105176503],[99.84656695977043,21.156249140528523],[99.84656695977043,21.46742069243324],[100.01392721118296,21.622758263675355],[100.01392721118296,21.932932177765856],[100.18128746259549,22.24243143129594],[101.18544897107068,23.16680627216955],[102.02225022813333,23.16680627216955],[102.18961047954586,23.013178656112565],[102.85905148519599,23.013178656112565],[103.19377198802106,22.70539884747198],[103.69585274225864,22.70539884747198],[103.86321299367118,22.85937587794084],[104.0305732450837,22.70539884747198],[105.0347347535589,22.70539884747198],[105.20209500497144,22.551248480585407],[107.21041802192181,22.551248480585407],[107.37777827333433,22.70539884747198],[108.54930003322207,22.70539884747198],[109.55346154169725,23.16680627216955],[110.39026279875989,23.320257822370404],[110.55762305017244,23.473532409063978],[110.8923435529975,23.473532409063978],[111.05970380441002,23.626629140702903],[111.39442430723508,23.626629140702903],[111.56178455864763,23.779547131856628],[111.8965050614727,23.779547131856628],[112.0638653128852,23.932285503224048],[112.39858581571026,23.932285503224048],[114.74162933548571,24.996352180083413],[117.08467285526115,26.948033384666935],[117.08467285526115,27.096807587448826],[117.75411386091127,27.68992313359825],[117.9214741123238,27.985281999946707],[117.9214741123238,28.279834014808422],[118.08883436373632,28.42680571175291],[118.08883436373632,28.72013705747225],[118.42355486656137,28.866495354276193],[118.75827536938645,28.866495354276193],[118.92563562079899,29.012647842896484],[119.26035612362406,29.012647842896484],[119.76243687786163,28.573573619019594],[119.92979712927416,28.279834014808422],[119.92979712927416,26.50053386672994],[119.76243687786163,26.350977573384313],[119.76243687786163,25.901150073746493],[119.42771637503658,25.298705919425565],[118.42355486656137,24.541425420008153],[118.42355486656137,24.389414197791613]]],[[[104.86737450214638,32.87870603059062],[104.53265399932131,32.59775134003263],[104.53265399932131,32.45694233339408],[104.19793349649625,32.17466352019694],[103.69585274225864,31.179804188502477],[103.36113223943359,30.89360982446634],[102.85905148519599,30.029897966945448],[102.52433098237093,29.740300275201882],[101.8548899767208,28.573573619019594],[100.01392721118296,26.948033384666935],[100.01392721118296,26.79906253026572],[99.51184645694536,26.350977573384313],[99.1771259541203,26.20122765998994],[98.34032469705765,26.350977573384313],[97.33616318858246,27.24538439644827],[97.0014426857574,27.837703071820215],[96.4993619315198,27.985281999946707],[95.82992092586967,28.42680571175291],[95.49520042304461,28.42680571175291],[94.15631841174437,27.837703071820215],[93.48687740609424,27.837703071820215],[93.3195171546817,27.68992313359825],[92.81743640044411,27.68992313359825],[92.65007614903159,27.541942895937783],[92.14799539479398,27.541942895937783],[91.98063514338146,27.68992313359825],[91.6459146405564,27.68992313359825],[91.47855438914387,27.393763075799793],[90.6417531320812,27.24538439644827],[90.47439288066867,27.096807587448826],[89.63759162360603,27.096807587448826],[89.47023137219348,27.24538439644827],[88.29870961230577,27.24538439644827],[88.13134936089324,27.393763075799793],[85.62094558970527,27.393763075799793],[85.45358533829274,27.541942895937783],[84.95150458405516,27.541942895937783],[84.28206357840503,27.837703071820215],[83.1105418185173,27.985281999946707],[81.60429955580453,28.72013705747225],[81.10221880156692,28.72013705747225],[80.60013804732934,29.15859386309582],[80.4327777959168,29.15859386309582],[80.26541754450427,29.449863888754983],[79.93069704167921,29.449863888754983],[78.92653553320403,29.88520426995515],[78.42445477896642,30.318652008920676],[78.2570945275539,30.318652008920676],[77.7550137733163,30.75019063607292],[77.58765352190377,31.036814532777672],[77.58765352190377,31.322578225357585],[77.92237402472884,31.60747720838505],[77.92237402472884,31.749601053025014],[78.42445477896642,32.03319474114791],[78.59181503037897,31.891507075713136],[79.42861628744161,31.891507075713136],[79.59597653885416,31.749601053025014],[79.93069704167921,31.749601053025014],[82.60846106427971,30.318652008920676],[82.94318156710477,30.318652008920676],[83.94734307557997,29.88520426995515],[84.6167840812301,29.88520426995515],[84.78414433264261,29.740300275201882],[85.28622508688021,29.740300275201882],[85.45358533829274,29.88520426995515],[85.62094558970527,29.740300275201882],[88.9681506179559,29.740300275201882],[89.13551086936842,29.88520426995515],[91.1438338863188,29.88520426995515],[91.31119413773133,30.029897966945448],[92.31535564620653,30.029897966945448],[92.48271589761904,30.174380749926936],[93.48687740609424,30.174380749926936],[93.65423765750677,30.318652008920676],[94.15631841174437,30.318652008920676],[94.82575941739448,30.606557546330745],[95.82992092586967,31.465136083273283],[95.82992092586967,31.60747720838505],[96.4993619315198,32.31591288988702],[97.0014426857574,33.158772998433065],[97.16880293716993,33.855031501842404],[97.33616318858246,33.99360939450919],[97.33616318858246,34.27008778424098],[97.50352343999499,34.40798741138907],[97.50352343999499,34.68310540018937],[98.17296444564512,35.63882220849055],[98.17296444564512,35.90981522063489],[98.6750451998827,36.717233200698374],[99.34448620553283,37.38366930095569],[99.34448620553283,37.516253199271],[100.18128746259549,38.175639940964054],[100.85072846824562,38.437740877871676],[102.52433098237093,38.437740877871676],[103.52849249084612,38.04423455807106],[104.86737450214638,36.984509738528786],[105.20209500497144,36.449023493447605],[105.20209500497144,36.179883256477744],[105.36945525638396,36.04496503916125],[105.36945525638396,35.63882220849055],[105.53681550779649,35.50297974357986],[105.53681550779649,34.54566009005935],[105.36945525638396,34.40798741138907],[105.36945525638396,33.99360939450919],[105.20209500497144,33.855031501842404],[105.20209500497144,33.43794837792966],[104.86737450214638,32.87870603059062]]],[[[34.910789411708315,31.749601053025014],[35.24550991453338,31.60747720838505],[34.74342916029578,31.322578225357585],[34.40870865747072,31.749601053025014],[34.74342916029578,32.31591288988702],[35.07814966312085,32.45694233339408],[35.07814966312085,32.738339405245085],[35.580230417358436,33.158772998433065],[35.9149509201835,33.158772998433065],[36.249671423008564,33.577200540603336],[36.58439192583363,33.577200540603336],[36.75175217724615,33.29847237452845],[36.58439192583363,33.01885072373383],[35.9149509201835,33.01885072373383],[35.24550991453338,32.45694233339408],[34.910789411708315,32.31591288988702],[34.910789411708315,31.749601053025014]]],[[[37.42119318289628,33.855031501842404],[37.588553434308814,34.131961634624176],[38.0906341885464,34.131961634624176],[38.257994439958935,33.99360939450919],[38.257994439958935,33.7162284005603],[38.0906341885464,33.577200540603336],[37.755913685721346,33.577200540603336],[37.42119318289628,33.855031501842404]]],[[[39.42951619984665,35.09407300759722],[39.42951619984665,35.366907134908445],[39.596876451259185,35.50297974357986],[39.93159695408425,35.50297974357986],[40.09895720549678,35.366907134908445],[40.09895720549678,34.95731226422211],[39.93159695408425,34.820322927648384],[39.76423670267172,34.820322927648384],[39.42951619984665,35.09407300759722]]],[[[36.249671423008564,34.820322927648384],[36.08231117159603,34.95731226422211],[36.08231117159603,35.366907134908445],[35.74759066877097,35.50297974357986],[35.74759066877097,35.90981522063489],[35.9149509201835,35.77443415659107],[36.4170316744211,35.77443415659107],[36.919112428658686,35.366907134908445],[36.919112428658686,34.95731226422211],[36.58439192583363,34.820322927648384],[36.249671423008564,34.820322927648384]]],[[[128.1304494484882,35.09407300759722],[127.79572894566314,34.95731226422211],[127.29364819142555,34.40798741138907],[126.9589276886005,34.40798741138907],[126.79156743718794,34.27008778424098],[126.12212643153784,34.27008778424098],[125.95476618012529,34.54566009005935],[125.95476618012529,34.95731226422211],[126.28948668295037,35.366907134908445],[126.28948668295037,36.179883256477744],[125.95476618012529,36.58324483039851],[125.95476618012529,36.85098827722826],[126.62420718577542,37.38366930095569],[126.79156743718794,37.64860195928576],[128.1304494484882,38.175639940964054],[128.2978096999007,38.437740877871676],[128.46516995131327,38.437740877871676],[129.13461095696337,37.780715293094715],[129.46933145978846,37.25085055778845],[129.46933145978846,35.63882220849055],[129.30197120837593,35.366907134908445],[128.6325302027258,35.09407300759722],[128.1304494484882,35.09407300759722]]],[[[36.58439192583363,36.449023493447605],[36.249671423008564,36.58324483039851],[36.249671423008564,36.717233200698374],[36.58439192583363,36.984509738528786],[36.75175217724615,36.984509738528786],[36.75175217724615,36.717233200698374],[37.08647268007122,36.449023493447605],[36.919112428658686,36.179883256477744],[36.75175217724615,36.179883256477744],[36.58439192583363,36.449023493447605]]],[[[35.412870165945904,37.38366930095569],[35.07814966312085,37.38366930095569],[34.910789411708315,37.25085055778845],[34.910789411708315,36.85098827722826],[34.40870865747072,36.58324483039851],[33.571907400408065,36.58324483039851],[33.237186897583,36.449023493447605],[32.90246639475794,36.717233200698374],[33.90662790323313,37.38366930095569],[33.90662790323313,37.516253199271],[34.57606890888325,38.04423455807106],[34.40870865747072,38.95909633168422],[34.57606890888325,39.08884077366566],[35.412870165945904,39.08884077366566],[35.74759066877097,38.82911388484397],[35.580230417358436,38.56843591632333],[35.580230417358436,38.175639940964054],[35.9149509201835,38.04423455807106],[35.9149509201835,37.780715293094715],[35.412870165945904,37.38366930095569]]],[[[28.04901910379453,40.500259780339505],[28.551099858032124,40.500259780339505],[29.22054086368225,40.75376336425426],[29.889981869332377,40.75376336425426],[30.5594228749825,41.0063040435487],[32.065665137695284,41.13221290645785],[32.233025389107816,41.257880588132586],[34.40870865747072,41.257880588132586],[34.57606890888325,41.13221290645785],[35.24550991453338,41.13221290645785],[35.74759066877097,40.88015414572456],[35.74759066877097,40.62713185537973],[35.24550991453338,40.37314730539219],[34.24134840605819,40.37314730539219],[33.7392676518206,39.99036921948448],[33.571907400408065,39.99036921948448],[33.237186897583,40.24579460183983],[31.73094463487022,40.24579460183983],[31.563584383457687,40.11820184605111],[30.72678312639503,39.99036921948448],[29.722621617919845,39.60543400653022],[29.22054086368225,39.218346982502105],[29.22054086368225,38.175639940964054],[29.38790111509478,38.04423455807106],[29.38790111509478,37.516253199271],[29.555261366507313,37.38366930095569],[29.22054086368225,37.38366930095569],[28.885820360857185,37.25085055778845],[28.551099858032124,37.38366930095569],[27.714298600969467,38.04423455807106],[27.54693834955694,38.04423455807106],[27.54693834955694,38.30680880106154],[27.379578098144407,38.437740877871676],[27.379578098144407,39.73398510543798],[27.714298600969467,40.24579460183983],[28.04901910379453,40.500259780339505]]],[[[32.56774589193288,39.73398510543798],[32.735106143345405,39.60543400653022],[32.735106143345405,39.34761473519954],[32.233025389107816,39.218346982502105],[32.065665137695284,39.47664381403414],[32.40038564052035,39.73398510543798],[32.56774589193288,39.73398510543798]]],[[[152.2303256518927,47.00460580944431],[151.72824489765512,46.66184774170382],[151.56088464624258,46.89059600734623],[152.2303256518927,47.34517869344216],[152.39768590330524,47.34517869344216],[152.2303256518927,47.00460580944431]]],[[[153.23448716036788,48.131362459113866],[153.06712690895534,47.90794969888554],[153.06712690895534,47.68356836832855],[152.73240640613028,47.68356836832855],[152.89976665754284,47.79588015264895],[152.89976665754284,48.01977710166768],[153.23448716036788,48.131362459113866]]],[[[153.73656791460547,49.01534459217881],[154.07128841743054,49.01534459217881],[154.4060089202556,49.233927570247815],[154.4060089202556,49.5599968180169],[154.23864866884307,49.77617448392859],[154.57336917166813,49.66820573698361],[154.9080896744932,49.66820573698361],[154.9080896744932,49.45154757959577],[154.57336917166813,49.01534459217881],[154.23864866884307,48.90569165480845],[154.07128841743054,48.68566224150252],[153.73656791460547,48.68566224150252],[153.73656791460547,49.01534459217881]]],[[[19.178925778930378,40.500259780339505],[19.34628603034291,40.62713185537973],[19.34628603034291,41.75813674799487],[18.509484773280253,42.37801484416924],[18.342124521867724,42.37801484416924],[18.00740401904266,42.62427016027038],[16.50116175632988,42.62427016027038],[16.33380150491735,42.869555241991634],[15.497000247854693,42.99183373740176],[15.497000247854693,43.113869434345276],[15.831720750679754,43.23566226240262],[15.831720750679754,43.47851905282636],[15.162279745029629,43.72040363554876],[15.162279745029629,43.840981220700215],[13.656037482316849,44.91523182297213],[13.488677230904317,45.151277162407595],[13.488677230904317,45.38634893449521],[13.321316979491787,45.50351975364539],[12.986596476666723,45.50351975364539],[12.819236225254192,45.62044721412718],[11.982434968191535,45.62044721412718],[11.14563371112888,45.96976965838641],[10.476192705478756,45.96976965838641],[10.308832454066224,45.853572141024955],[9.80675169982863,45.853572141024955],[9.639391448416099,45.73713133542528],[8.969950442765974,45.73713133542528],[8.802590191353444,45.62044721412718],[8.467869688528381,45.62044721412718],[8.133149185703319,45.50351975364539],[7.7984286828782565,45.26893474121816],[7.7984286828782565,45.03337619073431],[7.965788934290787,44.91523182297213],[9.472031197003568,44.91523182297213],[9.639391448416099,44.796844060023545],[10.141472202653693,44.796844060023545],[10.308832454066224,44.67821290694521],[10.810913208303818,44.67821290694521],[11.31299396254141,44.44022047155031],[11.647714465366473,44.44022047155031],[11.982434968191535,44.320859220347934],[12.48451572242913,43.840981220700215],[12.65187597384166,43.840981220700215],[12.986596476666723,43.59958289692426],[13.321316979491787,43.113869434345276],[13.656037482316849,42.869555241991634],[13.656037482316849,42.747034023093576],[14.325478487966974,42.25452357316078],[14.492838739379504,42.25452357316078],[14.9949194936171,41.88259650026695],[15.162279745029629,41.88259650026695],[16.33380150491735,41.13221290645785],[16.835882259154943,40.37314730539219],[16.835882259154943,39.73398510543798],[17.337963013392535,39.34761473519954],[17.337963013392535,39.218346982502105],[16.33380150491735,38.30680880106154],[15.831720750679754,38.175639940964054],[15.664360499267225,38.30680880106154],[15.999081002092286,38.82911388484397],[15.999081002092286,39.34761473519954],[15.831720750679754,39.47664381403414],[15.831720750679754,39.73398510543798],[15.497000247854693,39.99036921948448],[15.329639996442161,39.99036921948448],[15.329639996442161,40.37314730539219],[14.660198990792036,40.88015414572456],[14.158118236554444,41.0063040435487],[13.656037482316849,41.50849184710545],[12.65187597384166,41.50849184710545],[12.48451572242913,41.63343515629748],[12.48451572242913,41.88259650026695],[12.317155471016598,42.13079002281556],[10.978273459716348,43.113869434345276],[11.14563371112888,43.3572121556884],[11.14563371112888,43.72040363554876],[10.643552956891286,43.96131560878745],[9.80675169982863,43.96131560878745],[9.472031197003568,44.201254641295165],[8.635229939940912,44.201254641295165],[8.30050943711585,43.96131560878745],[8.30050943711585,43.840981220700215],[7.965788934290787,43.72040363554876],[7.6310684314657244,43.72040363554876],[7.463708180053194,43.59958289692426],[7.128987677228132,43.59958289692426],[6.626906922990538,42.99183373740176],[5.790105665927882,42.99183373740176],[5.45538516310282,43.113869434345276],[5.288024911690289,43.3572121556884],[4.785944157452695,43.72040363554876],[3.7817826489775075,43.72040363554876],[3.6144223975649763,43.59958289692426],[3.1123416433273823,43.59958289692426],[2.6102608890897887,43.3572121556884],[2.6102608890897887,42.99183373740176],[2.7776211405023203,42.747034023093576],[3.4470621461524447,42.37801484416924],[3.2797018947399135,42.13079002281556],[3.2797018947399135,41.75813674799487],[1.9408198834396637,41.13221290645785],[1.6060993806146013,41.13221290645785],[1.271378877789539,41.0063040435487],[-0.0675031335107107,39.73398510543798],[-0.0675031335107107,39.47664381403414],[-0.5695838877483044,39.218346982502105],[-0.5695838877483044,38.95909633168422],[-0.23486338492324194,38.69889366674507],[-0.23486338492324194,38.30680880106154],[-0.5695838877483044,37.780715293094715],[-1.5737453962234917,37.516253199271],[-2.4105466532861475,36.717233200698374],[-2.74526715611121,36.58324483039851],[-3.0799876589362722,36.85098827722826],[-3.4147081617613346,36.85098827722826],[-3.582068413173866,36.717233200698374],[-4.08414916741146,36.717233200698374],[-4.586229921649053,36.449023493447605],[-4.920950424474116,36.449023493447605],[-5.088310675886647,36.31456952264275],[-5.088310675886647,35.63882220849055],[-4.753590173061585,35.366907134908445],[-3.4147081617613346,35.366907134908445],[-3.4147081617613346,35.09407300759722],[-3.7494286645863975,34.68310540018937],[-3.7494286645863975,33.855031501842404],[-3.9167889159989286,33.7162284005603],[-3.9167889159989286,33.43794837792966],[-4.08414916741146,33.158772998433065],[-4.753590173061585,32.59775134003263],[-5.925111932949303,32.59775134003263],[-6.594552938599428,32.87870603059062],[-6.92927344142449,33.43794837792966],[-7.598714447074615,33.43794837792966],[-7.766074698487147,33.577200540603336],[-6.594552938599428,34.40798741138907],[-6.259832435774365,34.95731226422211],[-6.259832435774365,35.23060476134562],[-5.925111932949303,35.63882220849055],[-5.925111932949303,36.04496503916125],[-6.4271926871868965,36.58324483039851],[-6.4271926871868965,36.85098827722826],[-6.761913190011959,37.11779726878123],[-7.096633692837021,37.11779726878123],[-7.2639939442495525,37.25085055778845],[-7.2639939442495525,37.64860195928576],[-7.096633692837021,37.91259291831603],[-6.761913190011959,38.04423455807106],[-6.761913190011959,38.30680880106154],[-6.4271926871868965,38.175639940964054],[-6.092472184361834,38.175639940964054],[-5.925111932949303,38.30680880106154],[-5.088310675886647,38.30680880106154],[-4.753590173061585,38.56843591632333],[-4.753590173061585,38.82911388484397],[-5.255670927299178,39.218346982502105],[-6.092472184361834,39.08884077366566],[-6.259832435774365,38.95909633168422],[-6.594552938599428,38.95909633168422],[-6.594552938599428,39.47664381403414],[-6.761913190011959,39.60543400653022],[-7.096633692837021,39.60543400653022],[-7.2639939442495525,39.47664381403414],[-7.2639939442495525,38.95909633168422],[-7.598714447074615,39.08884077366566],[-8.26815545272474,39.08884077366566],[-8.43551570413727,39.218346982502105],[-8.43551570413727,39.73398510543798],[-8.602875955549802,39.862296908711144],[-8.602875955549802,40.24579460183983],[-8.43551570413727,40.500259780339505],[-7.933434949899677,40.88015414572456],[-7.933434949899677,41.13221290645785],[-8.43551570413727,41.75813674799487],[-8.770236206962332,41.75813674799487],[-8.937596458374864,41.88259650026695],[-8.937596458374864,42.37801484416924],[-9.104956709787395,42.50126373769377],[-8.43551570413727,42.99183373740176],[-8.26815545272474,43.23566226240262],[-8.26815545272474,43.59958289692426],[-7.933434949899677,43.840981220700215],[-7.4313541956620845,43.840981220700215],[-7.096633692837021,43.59958289692426],[-6.092472184361834,43.59958289692426],[-5.757751681536772,43.3572121556884],[-4.920950424474116,43.3572121556884],[-4.753590173061585,43.47851905282636],[-3.9167889159989286,43.47851905282636],[-3.7494286645863975,43.59958289692426],[-3.4147081617613346,43.59958289692426],[-2.74526715611121,43.3572121556884],[-2.4105466532861475,43.113869434345276],[-2.075826150461085,43.113869434345276],[-1.4063851448109603,43.3572121556884],[-1.4063851448109603,44.08140676060247],[-1.2390248933984291,44.201254641295165],[-1.2390248933984291,45.96976965838641],[-2.2431864018736163,46.77634333879302],[-2.2431864018736163,46.89059600734623],[-1.908465899048554,47.11837281088672],[-1.5737453962234917,47.23189708116598],[-1.5737453962234917,47.45821772451721],[-1.7411056476360232,47.57101425480957],[-2.4105466532861475,47.57101425480957],[-2.74526715611121,47.34517869344216],[-3.0799876589362722,47.34517869344216],[-3.582068413173866,47.68356836832855],[-3.9167889159989286,47.68356836832855],[-4.251509418823991,47.79588015264895],[-4.251509418823991,48.24270587280646],[-3.9167889159989286,48.57528551861106],[-3.0799876589362722,48.57528551861106],[-2.5779069046986787,48.353807447766236],[-1.908465899048554,48.353807447766236],[-1.4063851448109603,48.57528551861106],[-0.4022236363357731,48.57528551861106],[0.2672173693143517,48.24270587280646],[1.7734596320271327,48.24270587280646],[1.9408198834396637,48.46466729242714],[2.4429006376772575,48.79579757962354],[2.4429006376772575,49.01534459217881],[2.1081801348521947,49.45154757959577],[1.7734596320271327,49.66820573698361],[1.4387391292020701,49.66820573698361],[1.4387391292020701,49.99139206689926],[1.6060993806146013,50.0986412131315],[1.6060993806146013,50.73711130089899],[1.7734596320271327,50.842687103605826],[2.1081801348521947,50.73711130089899],[2.275540386264726,50.52524392254658],[2.944981391914851,50.52524392254658],[3.4470621461524447,50.73711130089899],[3.4470621461524447,51.05312383631871],[3.7817826489775075,51.26260863853236],[3.7817826489775075,51.36699453850926],[4.2838634032151015,51.47114302870677],[4.451223654627633,51.26260863853236],[4.785944157452695,51.26260863853236],[4.953304408865227,51.36699453850926],[4.953304408865227,51.57505430573667],[4.618583906040164,51.678728568887344],[4.618583906040164,51.88536686394637],[4.451223654627633,51.988331307602785],[4.2838634032151015,51.988331307602785],[4.2838634032151015,52.19355183594495],[4.618583906040164,52.601165489965055],[5.120664660277758,52.601165489965055],[5.288024911690289,52.70248114727301],[5.288024911690289,53.10539956682494],[5.790105665927882,53.205544284956744],[5.957465917340413,53.10539956682494],[6.459546671578007,53.10539956682494],[6.961627425815601,53.405133521673896],[6.961627425815601,53.70277053036208],[7.463708180053194,53.70277053036208],[7.6310684314657244,53.80151803051239],[8.30050943711585,53.80151803051239],[8.467869688528381,53.900033531376415],[8.467869688528381,54.389140027932186],[8.133149185703319,54.776275756770886],[8.467869688528381,55.064218325236425],[8.467869688528381,55.25503692299733],[8.133149185703319,55.44494365187281],[8.133149185703319,56.748953591677314],[8.30050943711585,56.931649829284524],[8.635229939940912,57.11345571119151],[9.304670945591036,57.11345571119151],[9.80675169982863,57.38450063039758],[9.974111951241161,57.56409168749501],[10.643552956891286,57.74280130020054],[10.810913208303818,57.65355651264288],[10.643552956891286,57.56409168749501],[10.643552956891286,57.38450063039758],[10.810913208303818,57.29437375484882],[11.31299396254141,57.29437375484882],[11.14563371112888,57.11345571119151],[10.810913208303818,57.11345571119151],[10.476192705478756,56.931649829284524],[10.476192705478756,56.65727080927276],[10.810913208303818,56.47323437010883],[11.14563371112888,56.47323437010883],[10.978273459716348,56.28830138702867],[10.978273459716348,56.00921558064296],[11.14563371112888,55.915736088878866],[11.647714465366473,55.915736088878866],[11.815074716779005,56.00921558064296],[11.815074716779005,56.195497930658895],[11.982434968191535,56.10246942849306],[12.317155471016598,56.10246942849306],[12.65187597384166,56.47323437010883],[12.65187597384166,56.65727080927276],[12.317155471016598,56.84041316136161],[11.982434968191535,57.29437375484882],[11.647714465366473,57.38450063039758],[11.647714465366473,57.74280130020054],[11.14563371112888,58.27366753842495],[11.14563371112888,58.71006541045636],[10.810913208303818,58.96930881800624],[10.308832454066224,58.96930881800624],[9.974111951241161,58.883109833304616],[8.30050943711585,58.00921869582514],[7.965788934290787,58.00921869582514],[7.7984286828782565,57.92063206462566],[6.961627425815601,57.92063206462566],[5.622745414515351,58.44887754368405],[5.45538516310282,58.62321929132609],[5.45538516310282,58.96930881800624],[5.120664660277758,59.05529277406345],[4.953304408865227,59.22661697427224],[4.785944157452695,59.22661697427224],[5.120664660277758,59.3970851925871],[5.120664660277758,59.81952906970361],[4.953304408865227,59.90338178871928],[4.953304408865227,60.319484527854954],[4.785944157452695,60.40207539582584],[4.785944157452695,60.64859508483131],[4.618583906040164,60.73035187654399],[4.618583906040164,61.21654538523542],[4.785944157452695,61.29685649643128],[4.785944157452695,61.85331309285506],[5.120664660277758,62.166825616995084],[5.288024911690289,62.166825616995084],[5.622745414515351,62.39984832467607],[5.790105665927882,62.39984832467607],[6.124826168752945,62.55419684431729],[6.124826168752945,62.63107224472132],[6.459546671578007,62.78422720846047],[6.626906922990538,62.78422720846047],[6.961627425815601,62.93659023701849],[7.128987677228132,62.93659023701849],[7.7984286828782565,63.16365651613064],[7.7984286828782565,63.38895797433856],[8.30050943711585,63.538183555888104],[8.30050943711585,63.686632378830346],[8.635229939940912,63.7605664593523],[8.635229939940912,63.8343074950579],[8.802590191353444,63.8343074950579],[9.137310694178506,63.98121196117053],[9.304670945591036,63.90785586816656],[9.639391448416099,63.90785586816656],[9.974111951241161,64.05437615682453],[9.974111951241161,64.1273488381353],[10.810913208303818,64.56118460233931],[10.810913208303818,64.70428180814027],[10.643552956891286,64.8466267836239],[10.810913208303818,64.9882226091271],[11.31299396254141,64.9882226091271],[11.982434968191535,65.19921843459511],[11.982434968191535,65.40854601942215],[11.647714465366473,65.616215781537],[11.982434968191535,65.75374642396125],[11.982434968191535,66.026623532052],[12.317155471016598,66.09439002491592],[12.317155471016598,66.36365644421832],[11.982434968191535,66.43052509141167],[12.149795219604067,66.49721532755837],[12.48451572242913,66.49721532755837],[12.986596476666723,66.69621942839824],[12.986596476666723,66.82800384662816],[12.819236225254192,66.89363171777985],[13.488677230904317,66.89363171777985],[13.656037482316849,66.95908387749327],[13.656037482316849,67.08946260353683],[13.823397733729381,67.15438994002453],[13.823397733729381,67.34812846147221],[13.990757985141911,67.41236142124556],[14.492838739379504,67.41236142124556],[14.660198990792036,67.47642174792136],[14.660198990792036,67.60402603822776],[14.492838739379504,67.66757076953814],[14.827559242204568,67.85717991023031],[14.827559242204568,67.98273562411553],[14.660198990792036,68.04525951531642],[14.660198990792036,68.35535459887323],[14.827559242204568,68.41687141219118],[14.827559242204568,68.53940588357152],[14.9949194936171,68.66127735031023],[15.664360499267225,68.84284806314623],[15.999081002092286,68.84284806314623],[16.33380150491735,68.9630753035244],[16.66852200774241,68.9630753035244],[17.840043767630128,69.37875290194178],[18.174764270455192,69.43749057083197],[18.509484773280253,69.43749057083197],[19.01156552751785,69.61274458003633],[19.178925778930378,69.72878516938724],[19.51364628175544,69.78656796144014],[19.848366784580502,69.78656796144014],[20.517807790230627,69.95897080665583],[21.856689801530877,69.95897080665583],[22.02405005294341,70.01612448683107],[22.693491058593533,70.01612448683107],[23.362932064243658,70.12996317648577],[23.86501281848125,70.12996317648577],[25.036534578368972,70.35577625938157],[25.2038948297815,70.29955509988216],[25.2038948297815,69.84419291639243],[24.86917432695644,69.61274458003633],[24.534453824131376,69.554486034831],[24.199733321306315,69.554486034831],[24.032373069893783,69.4960681567193],[23.53029231565619,69.4960681567193],[23.362932064243658,69.43749057083197],[23.028211561418598,69.43749057083197],[22.860851310006066,69.37875290194178],[22.526130807181,69.37875290194178],[22.358770555768473,69.31985477446808],[21.689329550118348,69.31985477446808],[21.521969298705816,69.26079581248155],[21.187248795880752,69.26079581248155],[20.517807790230627,69.02294408888385],[20.183087287405566,68.9630753035244],[20.183087287405566,68.66127735031023],[19.848366784580502,68.53940588357152],[18.342124521867724,68.53940588357152],[18.00740401904266,68.41687141219118],[18.00740401904266,68.23181991285945],[17.6726835162176,68.10761460583339],[17.337963013392535,68.10761460583339],[16.66852200774241,67.85717991023031],[16.50116175632988,67.5403098256052],[15.999081002092286,67.41236142124556],[16.166441253504818,67.08946260353683],[15.999081002092286,67.02436071103142],[15.999081002092286,66.82800384662816],[15.664360499267225,66.69621942839824],[15.329639996442161,66.43052509141167],[15.329639996442161,66.29660900001335],[14.9949194936171,66.09439002491592],[14.9949194936171,65.68507243191291],[14.827559242204568,65.616215781537],[14.827559242204568,65.40854601942215],[14.9949194936171,65.33895487492487],[15.329639996442161,65.33895487492487],[15.497000247854693,65.40854601942215],[15.999081002092286,65.82223814382938],[15.999081002092286,65.95867631169808],[16.33380150491735,66.1619761764465],[16.33380150491735,66.29660900001335],[17.003242510567475,66.7621998786618],[17.003242510567475,66.89363171777985],[17.337963013392535,67.08946260353683],[17.337963013392535,67.21914310537497],[17.6726835162176,67.47642174792136],[19.01156552751785,67.98273562411553],[20.183087287405566,67.98273562411553],[21.187248795880752,67.73094440309758],[22.358770555768473,67.73094440309758],[23.028211561418598,67.98273562411553],[23.362932064243658,68.04525951531642],[23.362932064243658,68.16980127773674],[23.53029231565619,68.23181991285945],[24.032373069893783,68.23181991285945],[24.199733321306315,68.29367089279135],[25.2038948297815,68.29367089279135],[25.371255081194032,68.23181991285945],[25.705975584019097,68.23181991285945],[26.040696086844157,68.35535459887323],[26.040696086844157,68.47822171357079],[26.710137092494282,68.90304342102328],[26.710137092494282,69.02294408888385],[27.044857595319346,69.26079581248155],[27.881658852382,69.4960681567193],[28.216379355207064,69.43749057083197],[28.551099858032124,69.43749057083197],[28.885820360857185,69.31985477446808],[29.38790111509478,69.31985477446808],[29.555261366507313,69.37875290194178],[29.722621617919845,69.31985477446808],[29.722621617919845,69.20157563970895],[30.224702372157434,69.02294408888385],[30.5594228749825,69.02294408888385],[30.894143377807563,68.9630753035244],[31.396224132045155,68.7824888513498],[32.233025389107816,68.72196540678652],[32.40038564052035,68.66127735031023],[32.735106143345405,68.66127735031023],[32.90246639475794,68.60042430248116],[33.571907400408065,68.60042430248116],[33.7392676518206,68.53940588357152],[34.073988154645654,68.53940588357152],[35.412870165945904,68.29367089279135],[36.4170316744211,67.98273562411553],[38.0906341885464,67.66757076953814],[39.094795697021596,67.28372248432727],[40.09895720549678,67.08946260353683],[40.433677708321845,66.95908387749327],[40.60103795973438,66.95908387749327],[41.2704789653845,66.7621998786618],[41.103118713971966,66.56372753856174],[40.60103795973438,66.29660900001335],[40.433677708321845,66.29660900001335],[39.93159695408425,66.09439002491592],[39.094795697021596,66.026623532052],[38.92743544560906,65.95867631169808],[37.92327393713388,65.95867631169808],[37.755913685721346,66.026623532052],[37.42119318289628,66.026623532052],[37.08647268007122,66.1619761764465],[36.4170316744211,66.1619761764465],[36.249671423008564,66.22938237277779],[35.74759066877097,66.22938237277779],[35.07814966312085,66.43052509141167],[34.24134840605819,66.43052509141167],[34.073988154645654,66.36365644421832],[34.073988154645654,66.22938237277779],[34.74342916029578,66.026623532052],[35.07814966312085,65.75374642396125],[35.07814966312085,65.616215781537],[34.74342916029578,65.40854601942215],[34.74342916029578,65.1290723671253],[34.910789411708315,65.05874055383424],[35.412870165945904,65.05874055383424],[35.580230417358436,65.1290723671253],[37.25383293148375,65.1290723671253],[37.588553434308814,65.05874055383424],[38.0906341885464,64.8466267836239],[39.094795697021596,64.63282742645873],[39.76423670267172,64.63282742645873],[40.09895720549678,64.77554813220435],[40.09895720549678,64.9882226091271],[39.596876451259185,65.2691791419352],[39.596876451259185,65.40854601942215],[39.76423670267172,65.54717608671285],[40.433677708321845,65.75374642396125],[40.433677708321845,65.82223814382938],[40.7683982111469,65.95867631169808],[41.103118713971966,65.95867631169808],[41.772559719622095,66.22938237277779],[42.10728022244715,66.49721532755837],[42.442000725272216,66.49721532755837],[42.77672122809728,66.36365644421832],[43.44616223374741,66.36365644421832],[44.11560323939754,66.09439002491592],[44.450323742222594,66.09439002491592],[44.78504424504766,66.29660900001335],[45.287124999285254,66.29660900001335],[45.454485250697786,66.22938237277779],[45.454485250697786,65.95867631169808],[45.62184550211032,65.89054797768307],[47.12808776482309,65.89054797768307],[47.295448016235625,65.95867631169808],[47.63016851906069,65.95867631169808],[48.634330027535874,66.1619761764465],[48.96905053036094,66.29660900001335],[50.64265304448625,66.6300621102559],[50.977373547311316,66.7621998786618],[52.148895307199034,66.95908387749327],[52.48361581002409,67.08946260353683],[52.98569656426169,67.08946260353683],[53.15305681567422,67.15438994002453],[53.82249782132434,67.15438994002453],[53.98985807273687,67.21914310537497],[54.659299078387,67.21914310537497],[54.82665932979953,67.28372248432727],[55.99818108968725,67.28372248432727],[56.16554134109978,67.34812846147221],[58.67594511228775,67.34812846147221],[58.843305363700274,67.28372248432727],[59.5127463693504,67.28372248432727],[59.68010662076294,67.21914310537497],[60.516907877825595,67.21914310537497],[60.68426812923812,67.15438994002453],[61.35370913488825,67.15438994002453],[61.52106938630077,67.08946260353683],[62.02315014053838,67.08946260353683],[62.1905103919509,67.02436071103142],[62.69259114618849,67.02436071103142],[62.85995139760103,66.95908387749327],[63.36203215183862,66.95908387749327],[63.52939240325116,66.89363171777985],[63.86411290607621,66.89363171777985],[64.03147315748875,66.82800384662816],[64.53355391172634,66.82800384662816],[64.70091416313888,66.7621998786618],[65.03563466596393,66.7621998786618],[65.70507567161405,66.56372753856174],[66.20715642585168,66.49721532755837],[66.54187692867671,66.36365644421832],[67.5460384371519,66.1619761764465],[67.88075893997697,66.1619761764465],[68.71756019703962,65.95867631169808],[69.21964095127721,65.95867631169808],[69.88908195692734,65.82223814382938],[71.06060371681505,65.75374642396125],[71.2279639682276,65.68507243191291],[71.89740497387771,65.68507243191291],[72.06476522529024,65.616215781537],[74.24044849365316,65.616215781537],[74.40780874506568,65.68507243191291],[75.07724975071581,65.68507243191291],[75.24461000212834,65.75374642396125],[75.74669075636592,65.75374642396125],[77.08557276766618,66.026623532052],[77.42029327049124,66.026623532052],[81.43693930439198,66.82800384662816],[81.77165980721705,66.95908387749327],[83.1105418185173,67.21914310537497],[84.95150458405516,67.73094440309758],[85.11886483546768,67.73094440309758],[85.45358533829274,67.85717991023031],[85.95566609253034,67.92004254992914],[86.2903865953554,68.04525951531642],[86.62510709818046,68.10761460583339],[86.95982760100553,68.10761460583339],[87.12718785241805,68.16980127773674],[87.62926860665566,68.16980127773674],[87.79662885806817,68.23181991285945],[88.29870961230577,68.23181991285945],[88.4660698637183,68.29367089279135],[92.65007614903159,68.29367089279135],[92.81743640044411,68.23181991285945],[96.66672218293233,68.23181991285945],[96.83408243434486,68.16980127773674],[99.34448620553283,68.16980127773674],[99.51184645694536,68.10761460583339],[101.8548899767208,68.10761460583339],[102.02225022813333,68.04525951531642],[103.86321299367118,68.04525951531642],[104.0305732450837,67.98273562411553],[105.36945525638396,67.98273562411553],[105.53681550779649,67.92004254992914],[106.87569751909675,67.92004254992914],[107.04305777050926,67.85717991023031],[108.38193978180952,67.85717991023031],[108.54930003322207,67.79414732227289],[110.8923435529975,67.79414732227289],[111.05970380441002,67.73094440309758],[114.40690883266063,67.73094440309758],[114.5742690840732,67.66757076953814],[115.91315109537342,67.66757076953814],[116.08051134678594,67.60402603822776],[117.25203310667368,67.60402603822776],[117.4193933580862,67.5403098256052],[120.93395863774937,67.5403098256052],[121.10131888916189,67.60402603822776],[122.27284064904963,67.60402603822776],[124.28116366599998,68.04525951531642],[124.61588416882506,68.04525951531642],[125.45268542588771,68.23181991285945],[125.78740592871276,68.23181991285945],[128.1304494484882,68.66127735031023],[128.46516995131327,68.7824888513498],[130.80821347108875,69.20157563970895],[131.14293397391376,69.31985477446808],[132.81653648803908,69.61274458003633],[133.4859774936892,69.78656796144014],[133.9880582479268,69.78656796144014],[134.15541849933933,69.84419291639243],[134.82485950498946,69.84419291639243],[134.99221975640197,69.90166040725546],[135.82902101346463,69.90166040725546],[135.99638126487716,69.95897080665583],[136.6658222705273,69.95897080665583],[136.83318252193985,70.01612448683107],[137.66998377900248,70.01612448683107],[137.837344030415,70.07312181962544],[138.50678503606514,70.07312181962544],[138.67414528747767,70.12996317648577],[139.84566704736537,70.12996317648577],[140.01302729877793,70.18664892845726],[146.70743735527915,70.18664892845726],[146.87479760669171,70.12996317648577],[147.54423861234184,70.12996317648577],[148.21367961799194,70.01612448683107],[148.71576037222954,70.01612448683107],[149.38520137787967,69.90166040725546],[149.88728213211726,69.90166040725546],[150.55672313776736,69.78656796144014],[151.058803892005,69.78656796144014],[151.72824489765512,69.67084416684192],[152.2303256518927,69.67084416684192],[152.89976665754284,69.554486034831],[153.4018474117804,69.554486034831],[153.56920766319294,69.4960681567193],[153.903928166018,69.4960681567193],[155.57753068014333,69.20157563970895],[155.91225118296836,69.20157563970895],[156.414331937206,69.08265015502148],[156.74905244003105,69.08265015502148],[157.25113319426862,68.9630753035244],[157.5858536970937,68.9630753035244],[158.08793445133128,68.84284806314623],[158.42265495415637,68.84284806314623],[158.59001520556887,68.90304342102328],[159.59417671404407,68.90304342102328],[160.2636177196942,68.7824888513498],[160.59833822251926,68.7824888513498],[161.10041897675686,68.90304342102328],[161.43513947958192,68.90304342102328],[161.76985998240698,68.7824888513498],[162.10458048523205,68.72196540678652],[162.4393009880571,68.72196540678652],[162.60666123946962,68.66127735031023],[163.44346249653228,68.66127735031023],[163.61082274794484,68.60042430248116],[164.4476240050075,68.60042430248116],[164.61498425642,68.53940588357152],[165.11706501065763,68.53940588357152],[166.28858677054532,68.29367089279135],[166.62330727337036,68.29367089279135],[166.79066752478292,68.23181991285945],[167.2927482790205,68.23181991285945],[167.96218928467061,68.10761460583339],[168.46427003890824,68.10761460583339],[168.63163029032074,68.04525951531642],[169.13371104455837,68.04525951531642],[169.8031520502085,67.92004254992914],[170.30523280444606,67.92004254992914],[170.9746738100962,67.79414732227289],[170.9746738100962,67.73094440309758],[172.14619556998392,67.28372248432727],[172.480916072809,67.21914310537497],[172.81563657563404,67.21914310537497],[173.3177173298716,67.08946260353683],[173.6524378326967,67.08946260353683],[173.81979808410927,67.02436071103142],[174.15451858693427,67.02436071103142],[175.8281211010596,66.43052509141167],[177.16700311235985,66.1619761764465],[178.17116462083504,65.68507243191291],[178.17116462083504,65.40854601942215],[178.00380436942248,65.33895487492487],[178.00380436942248,65.1290723671253],[177.83644411801,65.05874055383424],[177.83644411801,64.91751814751495],[176.8322826095348,64.05437615682453],[176.49756210670972,63.90785586816656],[175.8281211010596,63.238952587341636],[174.99131984399693,62.78422720846047],[174.99131984399693,62.70774890716644],[174.3218788383468,62.39984832467607],[174.3218788383468,62.32237445413429],[172.81563657563404,61.61605397488582],[172.64827632422148,61.61605397488582],[172.14619556998392,61.37696254324731],[171.81147506715888,61.29685649643128],[171.4767545643338,61.29685649643128],[170.9746738100962,61.13602884290817],[170.13787255303353,61.055306503380535],[169.970512301621,60.974378001279746],[169.63579179879594,60.974378001279746],[167.62746878184558,60.48445720497785],[167.2927482790205,60.48445720497785],[166.95802777619545,60.40207539582584],[166.45594702195788,60.15367418239228],[166.1212265191328,59.73546480066224],[165.95386626772026,59.73546480066224],[165.95386626772026,59.987023310932315],[165.78650601630775,60.070453990478725],[165.45178551348266,60.070453990478725],[164.78234450783253,59.65118862930028],[164.61498425642,59.73546480066224],[163.61082274794484,59.73546480066224],[163.27610224511974,59.48199917516795],[163.27610224511974,59.14106204471571],[163.44346249653228,59.05529277406345],[163.94554325076987,59.05529277406345],[164.28026375359494,59.22661697427224],[164.4476240050075,59.22661697427224],[164.78234450783253,58.96930881800624],[164.61498425642,58.79669547780505],[164.1129035021824,58.71006541045636],[163.44346249653228,58.36138124105038],[163.27610224511974,58.36138124105038],[163.27610224511974,58.536156781617066],[163.44346249653228,58.62321929132609],[163.44346249653228,58.79669547780505],[163.27610224511974,58.883109833304616],[162.9413817422947,58.883109833304616],[162.27194073664458,58.536156781617066],[162.10458048523205,58.36138124105038],[162.10458048523205,58.00921869582514],[162.27194073664458,57.92063206462566],[162.77402149088215,57.92063206462566],[163.27610224511974,57.74280130020054],[163.27610224511974,57.56409168749501],[163.10874199370724,57.38450063039758],[162.77402149088215,57.29437375484882],[162.77402149088215,56.84041316136161],[163.27610224511974,56.65727080927276],[163.27610224511974,56.10246942849306],[162.9413817422947,55.915736088878866],[162.60666123946962,56.00921558064296],[162.10458048523205,56.00921558064296],[161.9372202338195,55.915736088878866],[161.9372202338195,55.728098989099614],[161.76985998240698,55.63394079309381],[161.76985998240698,55.064218325236425],[162.10458048523205,54.87248560676571],[162.10458048523205,54.67983654582205],[161.60249973099445,54.389140027932186],[160.59833822251926,54.389140027932186],[159.92889721686913,53.998317287450035],[159.92889721686913,53.205544284956744],[160.09625746828166,53.10539956682494],[159.76153696545663,53.005021129472226],[159.59417671404407,53.10539956682494],[159.259456211219,53.10539956682494],[158.7573754569814,52.90440873624939],[158.59001520556887,52.70248114727301],[158.59001520556887,52.295808347805284],[158.25529470274384,51.88536686394637],[157.92057419991875,51.678728568887344],[157.92057419991875,51.57505430573667],[155.91225118296836,50.31242101324885],[155.74489093155586,50.0986412131315],[155.57753068014333,50.0986412131315],[155.24281017731826,49.88390320937249],[155.07544992590573,49.88390320937249],[155.07544992590573,50.31242101324885],[155.4101704287308,50.52524392254658],[155.4101704287308,50.73711130089899],[155.24281017731826,50.842687103605826],[155.57753068014333,50.94802455445503],[155.74489093155586,50.842687103605826],[156.24697168579345,50.842687103605826],[156.414331937206,50.94802455445503],[156.414331937206,51.26260863853236],[156.24697168579345,51.36699453850926],[156.24697168579345,52.295808347805284],[155.91225118296836,52.70248114727301],[155.91225118296836,53.305455522825184],[155.74489093155586,53.405133521673896],[155.74489093155586,53.998317287450035],[155.57753068014333,54.09636955536136],[155.57753068014333,54.48626895136445],[155.4101704287308,54.58316770100428],[155.4101704287308,55.915736088878866],[155.57753068014333,56.00921558064296],[155.57753068014333,56.28830138702867],[155.74489093155586,56.380880099129655],[155.74489093155586,56.65727080927276],[155.91225118296836,56.84041316136161],[156.24697168579345,56.931649829284524],[156.24697168579345,57.02266390791059],[156.74905244003105,57.29437375484882],[156.74905244003105,57.56409168749501],[156.5816921886185,57.74280130020054],[156.74905244003105,57.83182637535715],[157.25113319426862,57.83182637535715],[157.5858536970937,58.00921869582514],[158.08793445133128,58.00921869582514],[159.259456211219,58.62321929132609],[159.259456211219,58.71006541045636],[159.59417671404407,58.883109833304616],[159.59417671404407,59.05529277406345],[160.2636177196942,59.3970851925871],[160.43097797110673,59.56670020426634],[160.59833822251926,59.56670020426634],[161.10041897675686,59.81952906970361],[161.10041897675686,59.90338178871928],[161.76985998240698,60.23668424258957],[161.76985998240698,60.40207539582584],[162.4393009880571,60.56663031461024],[162.9413817422947,60.811901051431484],[163.27610224511974,60.89324297194303],[163.61082274794484,61.21654538523542],[163.61082274794484,61.37696254324731],[163.44346249653228,61.456863893104035],[162.27194073664458,61.456863893104035],[160.7656984739318,60.73035187654399],[160.7656984739318,60.64859508483131],[160.59833822251926,60.64859508483131],[160.2636177196942,60.48445720497785],[159.92889721686913,60.48445720497785],[159.92889721686913,60.73035187654399],[159.59417671404407,60.89324297194303],[159.59417671404407,61.21654538523542],[159.76153696545663,61.29685649643128],[159.76153696545663,61.456863893104035],[159.59417671404407,61.536560914077484],[159.42681646263154,61.536560914077484],[159.0920959598065,61.69534344487603],[158.25529470274384,61.69534344487603],[158.08793445133128,61.61605397488582],[157.25113319426862,61.61605397488582],[156.5816921886185,61.29685649643128],[156.5816921886185,61.13602884290817],[155.91225118296836,60.811901051431484],[155.91225118296836,60.64859508483131],[154.57336917166813,60.070453990478725],[154.57336917166813,59.90338178871928],[154.4060089202556,59.81952906970361],[154.4060089202556,59.56670020426634],[154.57336917166813,59.48199917516795],[154.9080896744932,59.48199917516795],[155.24281017731826,59.31195790809589],[155.57753068014333,59.31195790809589],[155.07544992590573,59.14106204471571],[155.07544992590573,59.05529277406345],[154.4060089202556,59.05529277406345],[154.23864866884307,58.96930881800624],[153.06712690895534,58.96930881800624],[152.73240640613028,58.79669547780505],[151.72824489765512,58.79669547780505],[151.56088464624258,58.71006541045636],[151.2261641434175,58.71006541045636],[150.89144364059246,58.883109833304616],[150.38936288635486,58.883109833304616],[150.22200263494233,58.96930881800624],[150.55672313776736,59.14106204471571],[150.55672313776736,59.31195790809589],[150.0546423835298,59.56670020426634],[149.71992188070473,59.65118862930028],[149.38520137787967,59.65118862930028],[149.21784112646714,59.56670020426634],[149.21784112646714,59.3970851925871],[149.0504808750546,59.31195790809589],[149.0504808750546,59.05529277406345],[148.71576037222954,59.05529277406345],[148.548400120817,59.14106204471571],[147.37687836092928,59.14106204471571],[147.20951810951675,59.22661697427224],[146.54007710386662,59.22661697427224],[146.2053566010416,59.05529277406345],[145.8706360982165,59.05529277406345],[145.36855534397893,59.31195790809589],[145.03383484115386,59.31195790809589],[144.86647458974133,59.22661697427224],[144.1970335840912,59.22661697427224],[144.02967333267867,59.31195790809589],[143.6949528298536,59.31195790809589],[143.52759257844107,59.22661697427224],[142.85815157279094,59.22661697427224],[142.52343106996588,59.14106204471571],[141.18454905866562,58.36138124105038],[141.0171888072531,58.36138124105038],[140.68246830442806,58.18573610171903],[140.5151080530155,58.00921869582514],[140.5151080530155,57.74280130020054],[140.18038755019046,57.65355651264288],[138.50678503606514,56.748953591677314],[138.17206453324007,56.380880099129655],[137.66998377900248,56.10246942849306],[137.66998377900248,56.00921558064296],[137.50262352758995,56.00921558064296],[137.33526327617741,55.8220306566491],[137.16790302476488,55.8220306566491],[136.16374151628972,55.25503692299733],[136.16374151628972,55.15974174916343],[135.4943005106396,54.968466370662256],[135.4943005106396,54.776275756770886],[135.82902101346463,54.58316770100428],[136.33110176770222,54.58316770100428],[136.49846201911475,54.67983654582205],[136.49846201911475,54.968466370662256],[136.83318252193985,55.064218325236425],[137.16790302476488,55.064218325236425],[137.33526327617741,55.15974174916343],[137.837344030415,55.15974174916343],[138.17206453324007,55.064218325236425],[138.17206453324007,54.87248560676571],[137.837344030415,54.58316770100428],[137.837344030415,54.29178066374092],[137.66998377900248,54.1941905938491],[137.66998377900248,53.998317287450035],[137.837344030415,53.900033531376415],[138.17206453324007,53.900033531376415],[138.50678503606514,54.09636955536136],[138.50678503606514,54.29178066374092],[139.3435862931278,54.1941905938491],[139.67830679595284,54.29178066374092],[140.8498285558406,53.504578525010295],[141.0171888072531,53.504578525010295],[141.18454905866562,53.305455522825184],[141.51926956149072,53.305455522825184],[142.35607081855335,53.70277053036208],[142.35607081855335,53.998317287450035],[142.18871056714084,54.09636955536136],[142.18871056714084,54.29178066374092],[142.6907913213784,54.389140027932186],[143.02551182420348,54.09636955536136],[142.85815157279094,53.900033531376415],[142.85815157279094,53.70277053036208],[143.192872075616,53.405133521673896],[143.192872075616,53.10539956682494],[143.36023232702854,53.005021129472226],[143.36023232702854,52.49961495372344],[143.192872075616,52.39782931377864],[143.192872075616,51.782166020100256],[143.52759257844107,51.36699453850926],[143.52759257844107,50.94802455445503],[143.6949528298536,50.842687103605826],[143.6949528298536,50.31242101324885],[144.1970335840912,49.66820573698361],[144.1970335840912,49.233927570247815],[144.6991143383288,48.90569165480845],[144.6991143383288,48.57528551861106],[144.53175408691627,48.57528551861106],[144.53175408691627,48.68566224150252],[143.6949528298536,49.233927570247815],[143.36023232702854,49.233927570247815],[142.85815157279094,48.79579757962354],[142.6907913213784,48.24270587280646],[142.52343106996588,48.131362459113866],[142.52343106996588,47.68356836832855],[143.02551182420348,47.23189708116598],[143.02551182420348,47.00460580944431],[143.52759257844107,46.77634333879302],[143.52759257844107,46.08572391891914],[143.192872075616,45.96976965838641],[143.192872075616,46.31690281472905],[142.85815157279094,46.54710915774203],[142.52343106996588,46.54710915774203],[142.02135031572828,45.853572141024955],[142.02135031572828,45.50351975364539],[142.18871056714084,45.26893474121816],[142.6907913213784,44.91523182297213],[142.6907913213784,44.796844060023545],[143.36023232702854,44.320859220347934],[143.6949528298536,44.201254641295165],[144.02967333267867,44.201254641295165],[144.1970335840912,44.08140676060247],[144.6991143383288,44.08140676060247],[145.03383484115386,44.320859220347934],[145.70327584680396,44.320859220347934],[146.03799634962905,44.55933837297358],[146.70743735527915,44.55933837297358],[146.87479760669171,44.796844060023545],[147.87895911516688,45.50351975364539],[148.38103986940447,45.50351975364539],[148.548400120817,45.62044721412718],[149.21784112646714,45.62044721412718],[150.22200263494233,46.31690281472905],[150.55672313776736,46.43212753234088],[150.55672313776736,46.77634333879302],[150.72408338917992,46.77634333879302],[150.72408338917992,46.54710915774203],[150.89144364059246,46.43212753234088],[150.55672313776736,46.31690281472905],[150.55672313776736,46.20143495795631],[150.0546423835298,45.73713133542528],[149.88728213211726,45.73713133542528],[149.5525616292922,45.50351975364539],[149.0504808750546,45.50351975364539],[148.88312062364207,45.26893474121816],[148.548400120817,45.151277162407595],[148.21367961799194,45.151277162407595],[147.71159886375435,44.796844060023545],[147.54423861234184,44.796844060023545],[146.70743735527915,44.201254641295165],[146.70743735527915,43.96131560878745],[146.87479760669171,43.72040363554876],[146.3727168524541,43.59958289692426],[145.53591559539146,43.113869434345276],[144.86647458974133,42.869555241991634],[144.02967333267867,42.869555241991634],[143.36023232702854,42.37801484416924],[143.36023232702854,42.00681429598853],[143.192872075616,41.88259650026695],[142.6907913213784,42.00681429598853],[142.35607081855335,42.25452357316078],[141.68662981290322,42.50126373769377],[141.35190931007816,42.50126373769377],[141.0171888072531,42.25452357316078],[141.18454905866562,41.63343515629748],[141.51926956149072,41.38330694717911],[141.35190931007816,41.257880588132586],[141.35190931007816,40.75376336425426],[141.68662981290322,40.500259780339505],[142.02135031572828,39.99036921948448],[142.02135031572828,39.218346982502105],[141.51926956149072,38.69889366674507],[141.51926956149072,38.30680880106154],[141.0171888072531,38.04423455807106],[141.0171888072531,36.984509738528786],[140.68246830442806,36.717233200698374],[140.68246830442806,36.04496503916125],[140.8498285558406,35.90981522063489],[140.8498285558406,35.63882220849055],[140.5151080530155,35.50297974357986],[140.34774780160296,35.09407300759722],[140.18038755019046,35.09407300759722],[139.84566704736537,34.820322927648384],[139.17622604171527,34.820322927648384],[138.8415055388902,34.54566009005935],[138.00470428182754,34.54566009005935],[137.837344030415,34.68310540018937],[137.33526327617741,34.68310540018937],[135.99638126487716,33.7162284005603],[135.82902101346463,33.43794837792966],[135.32694025922706,33.43794837792966],[134.82485950498946,33.99360939450919],[134.82485950498946,34.131961634624176],[134.49013900216437,34.27008778424098],[134.32277875075184,34.54566009005935],[133.4859774936892,34.54566009005935],[133.31861724227667,34.40798741138907],[131.47765447673888,34.40798741138907],[131.14293397391376,34.27008778424098],[130.80821347108875,34.40798741138907],[130.80821347108875,34.54566009005935],[131.14293397391376,34.54566009005935],[131.47765447673888,34.68310540018937],[132.481815985214,35.50297974357986],[132.81653648803908,35.63882220849055],[134.15541849933933,35.63882220849055],[134.32277875075184,35.77443415659107],[135.6616607620521,35.77443415659107],[135.82902101346463,35.90981522063489],[135.82902101346463,36.179883256477744],[136.49846201911475,36.717233200698374],[136.49846201911475,37.38366930095569],[136.6658222705273,37.516253199271],[137.00054277335235,37.516253199271],[137.16790302476488,37.64860195928576],[137.50262352758995,37.25085055778845],[138.00470428182754,37.25085055778845],[138.17206453324007,37.38366930095569],[138.17206453324007,37.64860195928576],[138.00470428182754,37.780715293094715],[138.00470428182754,38.175639940964054],[138.3394247846526,38.437740877871676],[138.67414528747767,38.04423455807106],[139.0088657903027,38.04423455807106],[139.3435862931278,38.30680880106154],[139.3435862931278,38.69889366674507],[139.67830679595284,38.95909633168422],[139.67830679595284,39.218346982502105],[139.84566704736537,39.34761473519954],[139.84566704736537,39.73398510543798],[139.51094654454033,39.862296908711144],[139.51094654454033,39.99036921948448],[139.67830679595284,40.11820184605111],[139.67830679595284,40.62713185537973],[140.01302729877793,40.88015414572456],[140.01302729877793,41.257880588132586],[139.84566704736537,41.38330694717911],[139.84566704736537,41.88259650026695],[139.17622604171527,42.13079002281556],[140.18038755019046,42.99183373740176],[140.18038755019046,43.3572121556884],[141.0171888072531,43.3572121556884],[141.18454905866562,43.47851905282636],[141.18454905866562,43.840981220700215],[141.51926956149072,44.08140676060247],[141.51926956149072,44.91523182297213],[140.8498285558406,45.151277162407595],[140.8498285558406,45.50351975364539],[141.68662981290322,45.50351975364539],[141.85399006431575,45.62044721412718],[141.85399006431575,45.853572141024955],[141.68662981290322,45.96976965838641],[141.68662981290322,46.77634333879302],[141.85399006431575,46.89059600734623],[141.85399006431575,47.79588015264895],[142.02135031572828,47.90794969888554],[142.02135031572828,48.24270587280646],[141.68662981290322,48.57528551861106],[141.68662981290322,48.79579757962354],[141.85399006431575,48.90569165480845],[141.85399006431575,50.73711130089899],[142.02135031572828,50.842687103605826],[142.02135031572828,51.26260863853236],[141.51926956149072,51.678728568887344],[141.18454905866562,51.678728568887344],[140.8498285558406,51.47114302870677],[140.8498285558406,51.26260863853236],[140.68246830442806,51.15798513486464],[140.68246830442806,50.842687103605826],[140.5151080530155,50.73711130089899],[140.5151080530155,50.20565080770593],[140.68246830442806,49.99139206689926],[140.5151080530155,49.88390320937249],[140.5151080530155,49.34285787740024],[140.34774780160296,49.233927570247815],[140.34774780160296,48.79579757962354],[140.18038755019046,48.68566224150252],[140.18038755019046,48.353807447766236],[139.17622604171527,47.68356836832855],[139.17622604171527,47.45821772451721],[139.0088657903027,47.23189708116598],[138.67414528747767,47.11837281088672],[138.3394247846526,46.66184774170382],[138.3394247846526,46.43212753234088],[138.00470428182754,46.20143495795631],[137.837344030415,45.853572141024955],[137.16790302476488,45.38634893449521],[137.16790302476488,45.26893474121816],[137.00054277335235,45.26893474121816],[136.6658222705273,45.03337619073431],[136.6658222705273,44.91523182297213],[136.16374151628972,44.55933837297358],[136.16374151628972,44.44022047155031],[135.6616607620521,44.08140676060247],[135.4943005106396,43.72040363554876],[134.82485950498946,43.23566226240262],[134.15541849933933,42.99183373740176],[133.82069799651427,42.747034023093576],[133.31861724227667,42.747034023093576],[133.15125699086414,42.62427016027038],[132.81653648803908,42.62427016027038],[132.64917623662654,42.747034023093576],[132.14709548238895,42.747034023093576],[131.97973523097642,42.869555241991634],[131.47765447673888,42.869555241991634],[131.14293397391376,42.50126373769377],[130.97557372250122,42.50126373769377],[130.64085321967616,42.25452357316078],[130.64085321967616,42.747034023093576],[130.97557372250122,42.747034023093576],[131.3102942253263,43.113869434345276],[131.3102942253263,44.320859220347934],[131.14293397391376,44.44022047155031],[131.14293397391376,44.796844060023545],[131.3102942253263,44.796844060023545],[131.81237497956388,45.151277162407595],[131.81237497956388,45.38634893449521],[131.97973523097642,45.50351975364539],[131.97973523097642,47.00460580944431],[131.64501472815135,47.45821772451721],[131.64501472815135,47.68356836832855],[131.47765447673888,47.79588015264895],[130.97557372250122,47.79588015264895],[130.47349296826363,48.01977710166768],[129.30197120837593,48.01977710166768],[129.13461095696337,48.131362459113866],[127.62836869425063,48.131362459113866],[127.46100844283806,48.01977710166768],[126.62420718577542,48.01977710166768],[126.45684693436289,48.131362459113866],[125.78740592871276,48.131362459113866],[125.45268542588771,48.01977710166768],[125.28532517447516,48.131362459113866],[123.10964190611227,48.131362459113866],[122.94228165469973,48.24270587280646],[122.10548039763707,48.24270587280646],[121.93812014622455,48.353807447766236],[121.10131888916189,48.353807447766236],[120.43187788351176,48.57528551861106],[119.76243687786163,48.57528551861106],[119.0929958722115,48.353807447766236],[118.59091511797394,48.353807447766236],[118.42355486656137,48.24270587280646],[117.58675360949873,48.24270587280646],[116.91731260384863,48.01977710166768],[116.58259210102355,48.01977710166768],[116.41523184961102,47.90794969888554],[113.06802682136039,47.90794969888554],[112.90066656994787,47.79588015264895],[111.22706405582257,47.79588015264895],[111.05970380441002,47.68356836832855],[110.55762305017244,47.68356836832855],[110.39026279875989,47.57101425480957],[109.88818204452231,47.57101425480957],[109.72082179310976,47.45821772451721],[109.05138078745964,47.45821772451721],[108.88402053604713,47.34517869344216],[106.03889626203409,47.34517869344216],[105.87153601062155,47.45821772451721],[105.20209500497144,47.45821772451721],[105.0347347535589,47.57101425480957],[103.69585274225864,47.57101425480957],[103.52849249084612,47.68356836832855],[103.02641173660852,47.68356836832855],[102.85905148519599,47.79588015264895],[102.02225022813333,47.79588015264895],[101.18544897107068,48.131362459113866],[100.01392721118296,48.131362459113866],[99.84656695977043,48.24270587280646],[99.1771259541203,48.24270587280646],[99.00976570270777,48.353807447766236],[97.83824394282006,48.353807447766236],[97.67088369140752,48.46466729242714],[97.16880293716993,48.46466729242714],[97.0014426857574,48.57528551861106],[96.33200168010727,48.57528551861106],[96.16464142869474,48.68566224150252],[95.66256067445715,48.68566224150252],[94.99311966880703,48.90569165480845],[94.65839916598196,48.90569165480845],[94.3236786631569,49.12475652011833],[93.8215979089193,49.233927570247815],[93.48687740609424,49.45154757959577],[93.15215690326917,49.45154757959577],[92.98479665185666,49.5599968180169],[92.48271589761904,49.5599968180169],[92.14799539479398,49.66820573698361],[91.1438338863188,50.20565080770593],[90.97647363490627,50.20565080770593],[90.80911338349374,50.418951995351684],[90.30703262925616,50.418951995351684],[89.97231212643109,50.52524392254658],[88.63343011513084,51.26260863853236],[88.4660698637183,51.26260863853236],[87.9639891094807,51.57505430573667],[87.79662885806817,51.57505430573667],[87.12718785241805,51.988331307602785],[86.95982760100553,51.988331307602785],[86.45774684676792,52.295808347805284],[86.2903865953554,52.295808347805284],[85.7883058411178,52.601165489965055],[84.11470332699248,53.10539956682494],[82.27374056145466,53.10539956682494],[82.10638031004211,53.205544284956744],[80.76749829874187,53.205544284956744],[79.42861628744161,52.803562152838026],[79.09389578461655,52.803562152838026],[78.92653553320403,52.70248114727301],[78.2570945275539,52.70248114727301],[77.58765352190377,52.49961495372344],[76.5834920134286,52.49961495372344],[76.41613176201605,52.601165489965055],[75.24461000212834,52.601165489965055],[75.07724975071581,52.49961495372344],[74.40780874506568,52.49961495372344],[74.24044849365316,52.39782931377864],[73.57100748800303,52.39782931377864],[73.40364723659049,52.295808347805284],[72.56684597952784,52.295808347805284],[72.39948572811531,52.19355183594495],[71.73004472246518,52.19355183594495],[71.56268447105266,52.09105956082925],[71.2279639682276,52.09105956082925],[71.06060371681505,52.19355183594495],[69.21964095127721,52.19355183594495],[69.05228069986468,52.295808347805284],[67.21131793432684,52.295808347805284],[67.04395768291431,52.39782931377864],[63.194671900426094,52.39782931377864],[63.027311649013555,52.295808347805284],[61.52106938630077,52.295808347805284],[61.35370913488825,52.19355183594495],[60.349547626413056,52.19355183594495],[60.18218737500053,52.09105956082925],[59.34538611793788,52.09105956082925],[59.17802586652534,51.988331307602785],[58.341224609462685,51.988331307602785],[58.17386435805016,51.88536686394637],[57.33706310098749,51.88536686394637],[57.16970284957497,51.782166020100256],[56.332901592512314,51.782166020100256],[56.16554134109978,51.88536686394637],[55.83082083827472,51.88536686394637],[54.49193882697447,52.295808347805284],[52.65097606143662,53.10539956682494],[52.148895307199034,53.205544284956744],[51.81417480437397,53.405133521673896],[50.47529279307372,53.80151803051239],[49.80585178742359,53.80151803051239],[48.801690278948406,53.504578525010295],[47.96488902188575,53.10539956682494],[47.79752877047322,53.10539956682494],[46.45864675917297,52.295808347805284],[46.45864675917297,52.19355183594495],[45.454485250697786,51.47114302870677],[45.11976474787272,51.05312383631871],[44.78504424504766,50.842687103605826],[44.78504424504766,50.73711130089899],[44.450323742222594,50.52524392254658],[43.278801982334876,49.01534459217881],[42.60936097668475,48.57528551861106],[41.93991997103463,48.353807447766236],[41.60519946820956,48.131362459113866],[41.43783921679703,48.131362459113866],[41.103118713971966,47.90794969888554],[40.935758462559434,47.90794969888554],[40.60103795973438,47.68356836832855],[39.76423670267172,47.45821772451721],[39.42951619984665,47.23189708116598],[39.094795697021596,47.11837281088672],[38.76007519419653,47.11837281088672],[38.592714942784,47.00460580944431],[37.755913685721346,47.00460580944431],[37.42119318289628,46.77634333879302],[37.08647268007122,46.77634333879302],[36.919112428658686,46.54710915774203],[35.74759066877097,46.43212753234088],[35.07814966312085,45.96976965838641],[35.07814966312085,45.73713133542528],[35.412870165945904,45.50351975364539],[37.42119318289628,45.50351975364539],[37.92327393713388,45.96976965838641],[37.92327393713388,46.43212753234088],[38.257994439958935,46.54710915774203],[38.42535469137147,46.43212753234088],[39.596876451259185,46.31690281472905],[39.76423670267172,46.20143495795631],[40.26631745690931,46.20143495795631],[40.935758462559434,45.96976965838641],[41.2704789653845,45.96976965838641],[41.43783921679703,45.853572141024955],[41.93991997103463,45.853572141024955],[42.60936097668475,45.62044721412718],[42.94408147950982,45.62044721412718],[43.111441730922344,45.50351975364539],[43.44616223374741,45.50351975364539],[44.78504424504766,45.03337619073431],[45.11976474787272,45.03337619073431],[45.62184550211032,44.796844060023545],[45.956566004935375,44.796844060023545],[46.12392625634791,44.67821290694521],[46.45864675917297,44.67821290694521],[46.793367261998036,44.55933837297358],[47.63016851906069,43.96131560878745],[47.79752877047322,43.96131560878745],[47.63016851906069,43.72040363554876],[47.63016851906069,42.99183373740176],[47.96488902188575,42.50126373769377],[48.29960952471082,42.25452357316078],[48.29960952471082,42.13079002281556],[49.13641078177347,41.50849184710545],[49.303771033186,41.257880588132586],[49.303771033186,41.0063040435487],[49.80585178742359,40.62713185537973],[50.140572290248656,40.62713185537973],[50.47529279307372,40.37314730539219],[50.47529279307372,40.24579460183983],[49.80585178742359,40.24579460183983],[49.471131284598535,39.99036921948448],[49.471131284598535,39.34761473519954],[49.303771033186,39.218346982502105],[49.303771033186,38.95909633168422],[48.96905053036094,38.82911388484397],[48.96905053036094,38.56843591632333],[48.634330027535874,38.56843591632333],[48.29960952471082,38.82911388484397],[48.132249273298285,39.08884077366566],[48.29960952471082,39.218346982502105],[48.29960952471082,39.60543400653022],[48.132249273298285,39.73398510543798],[47.63016851906069,39.73398510543798],[46.793367261998036,39.218346982502105],[46.45864675917297,39.73398510543798],[46.12392625634791,39.73398510543798],[45.956566004935375,39.60543400653022],[45.956566004935375,39.34761473519954],[46.12392625634791,39.08884077366566],[45.956566004935375,38.82911388484397],[45.78920575352284,38.82911388484397],[45.78920575352284,38.95909633168422],[45.11976474787272,39.47664381403414],[45.11976474787272,39.73398510543798],[44.95240449646019,39.862296908711144],[44.450323742222594,39.862296908711144],[44.450323742222594,40.11820184605111],[44.28296349081007,40.24579460183983],[43.948242987985005,40.24579460183983],[43.78088273657247,40.37314730539219],[43.78088273657247,41.13221290645785],[43.61352248515994,41.257880588132586],[42.94408147950982,41.257880588132586],[42.77672122809728,41.38330694717911],[41.93991997103463,41.38330694717911],[41.772559719622095,41.257880588132586],[41.772559719622095,40.88015414572456],[42.10728022244715,40.75376336425426],[42.10728022244715,40.37314730539219],[41.93991997103463,40.24579460183983],[41.103118713971966,40.11820184605111],[40.935758462559434,40.24579460183983],[40.433677708321845,40.24579460183983],[40.26631745690931,40.11820184605111],[39.596876451259185,40.11820184605111],[39.42951619984665,39.99036921948448],[38.92743544560906,40.11820184605111],[38.92743544560906,40.500259780339505],[39.42951619984665,40.500259780339505],[39.93159695408425,40.88015414572456],[39.93159695408425,41.0063040435487],[40.26631745690931,41.0063040435487],[41.43783921679703,41.50849184710545],[41.60519946820956,41.75813674799487],[41.60519946820956,42.25452357316078],[41.43783921679703,42.37801484416924],[41.43783921679703,42.62427016027038],[40.7683982111469,42.99183373740176],[40.26631745690931,43.113869434345276],[38.76007519419653,44.201254641295165],[38.42535469137147,44.320859220347934],[38.0906341885464,44.320859220347934],[36.919112428658686,45.03337619073431],[36.4170316744211,45.03337619073431],[36.249671423008564,44.91523182297213],[35.412870165945904,44.91523182297213],[35.07814966312085,44.67821290694521],[34.74342916029578,44.67821290694521],[34.24134840605819,44.320859220347934],[33.7392676518206,44.320859220347934],[33.40454714899553,44.44022047155031],[33.40454714899553,44.91523182297213],[32.90246639475794,45.26893474121816],[32.56774589193288,45.26893474121816],[32.40038564052035,45.38634893449521],[32.735106143345405,45.62044721412718],[32.735106143345405,45.853572141024955],[32.233025389107816,46.08572391891914],[31.73094463487022,46.08572391891914],[31.396224132045155,46.31690281472905],[30.894143377807563,46.31690281472905],[30.72678312639503,46.08572391891914],[29.889981869332377,45.50351975364539],[29.889981869332377,45.151277162407595],[29.722621617919845,45.03337619073431],[29.22054086368225,45.03337619073431],[29.053180612269717,45.151277162407595],[28.216379355207064,45.151277162407595],[28.04901910379453,44.91523182297213],[27.54693834955694,44.55933837297358],[27.54693834955694,44.320859220347934],[27.714298600969467,44.201254641295165],[28.718460109444653,43.840981220700215],[28.718460109444653,43.47851905282636],[28.04901910379453,43.113869434345276],[28.04901910379453,42.747034023093576],[27.881658852382,42.62427016027038],[27.881658852382,42.25452357316078],[28.216379355207064,42.00681429598853],[28.04901910379453,41.75813674799487],[28.04901910379453,41.257880588132586],[27.714298600969467,41.0063040435487],[27.212217846731875,41.0063040435487],[26.877497343906814,40.500259780339505],[26.54277684108175,40.500259780339505],[26.20805633825669,40.88015414572456],[25.538615332606565,40.88015414572456],[25.371255081194032,41.0063040435487],[24.86917432695644,41.0063040435487],[24.367093572718847,40.75376336425426],[24.367093572718847,40.37314730539219],[24.534453824131376,40.11820184605111],[24.199733321306315,40.11820184605111],[24.032373069893783,40.24579460183983],[23.028211561418598,40.24579460183983],[22.860851310006066,40.11820184605111],[22.860851310006066,39.862296908711144],[23.362932064243658,39.47664381403414],[23.362932064243658,38.95909633168422],[23.53029231565619,38.82911388484397],[23.86501281848125,38.82911388484397],[24.199733321306315,38.69889366674507],[24.367093572718847,38.437740877871676],[24.199733321306315,38.437740877871676],[23.86501281848125,38.175639940964054],[23.697652567068722,37.91259291831603],[23.362932064243658,37.91259291831603],[23.028211561418598,38.175639940964054],[22.693491058593533,38.175639940964054],[22.526130807181,38.04423455807106],[22.526130807181,37.516253199271],[22.860851310006066,37.25085055778845],[22.860851310006066,36.984509738528786],[22.526130807181,36.717233200698374],[22.358770555768473,36.717233200698374],[22.02405005294341,37.11779726878123],[21.856689801530877,37.11779726878123],[21.856689801530877,37.38366930095569],[21.354609047293284,37.780715293094715],[21.187248795880752,38.04423455807106],[21.521969298705816,38.04423455807106],[21.689329550118348,38.175639940964054],[21.689329550118348,38.437740877871676],[21.019888544468223,39.08884077366566],[20.85252829305569,39.08884077366566],[20.183087287405566,39.60543400653022],[20.015727035993034,39.60543400653022],[20.015727035993034,39.73398510543798],[19.34628603034291,40.24579460183983],[19.178925778930378,40.500259780339505]],[[27.212217846731875,41.63343515629748],[27.379578098144407,41.75813674799487],[27.379578098144407,42.00681429598853],[27.212217846731875,42.13079002281556],[26.710137092494282,42.13079002281556],[26.37541658966922,41.88259650026695],[26.37541658966922,41.63343515629748],[26.54277684108175,41.50849184710545],[26.54277684108175,41.0063040435487],[26.710137092494282,40.88015414572456],[27.044857595319346,40.88015414572456],[27.212217846731875,41.0063040435487],[27.212217846731875,41.63343515629748]],[[-5.088310675886647,36.984509738528786],[-4.418869670236522,36.984509738528786],[-4.251509418823991,37.11779726878123],[-4.251509418823991,37.38366930095569],[-4.418869670236522,37.516253199271],[-5.088310675886647,37.516253199271],[-5.255670927299178,37.38366930095569],[-5.255670927299178,37.11779726878123],[-5.088310675886647,36.984509738528786]],[[-2.912627407523741,38.437740877871676],[-2.74526715611121,38.56843591632333],[-2.4105466532861475,38.56843591632333],[-2.075826150461085,38.82911388484397],[-2.075826150461085,39.60543400653022],[-2.2431864018736163,39.73398510543798],[-3.582068413173866,39.73398510543798],[-3.7494286645863975,39.60543400653022],[-3.7494286645863975,39.08884077366566],[-4.418869670236522,38.69889366674507],[-4.418869670236522,38.30680880106154],[-4.08414916741146,38.04423455807106],[-3.7494286645863975,37.91259291831603],[-3.0799876589362722,37.91259291831603],[-2.912627407523741,38.04423455807106],[-2.912627407523741,38.437740877871676]],[[44.95240449646019,41.13221290645785],[44.617683993635126,40.62713185537973],[44.617683993635126,40.24579460183983],[45.11976474787272,39.99036921948448],[45.62184550211032,39.99036921948448],[45.78920575352284,40.11820184605111],[45.78920575352284,40.37314730539219],[45.62184550211032,40.500259780339505],[45.62184550211032,41.0063040435487],[45.454485250697786,41.13221290645785],[44.95240449646019,41.13221290645785]],[[-5.255670927299178,41.63343515629748],[-4.920950424474116,41.63343515629748],[-4.753590173061585,41.75813674799487],[-4.753590173061585,42.00681429598853],[-4.920950424474116,42.13079002281556],[-5.255670927299178,42.13079002281556],[-5.423031178711709,42.00681429598853],[-5.423031178711709,41.75813674799487],[-5.255670927299178,41.63343515629748]],[[-1.908465899048554,41.88259650026695],[-1.4063851448109603,41.88259650026695],[-1.2390248933984291,42.00681429598853],[-1.2390248933984291,42.25452357316078],[-1.4063851448109603,42.37801484416924],[-1.908465899048554,42.37801484416924],[-2.075826150461085,42.25452357316078],[-2.075826150461085,42.00681429598853],[-1.908465899048554,41.88259650026695]],[[23.028211561418598,43.72040363554876],[23.697652567068722,43.72040363554876],[23.86501281848125,43.840981220700215],[23.86501281848125,44.08140676060247],[23.697652567068722,44.201254641295165],[23.028211561418598,44.201254641295165],[22.860851310006066,44.08140676060247],[22.860851310006066,43.840981220700215],[23.028211561418598,43.72040363554876]],[[25.538615332606565,43.96131560878745],[26.040696086844157,44.201254641295165],[26.040696086844157,44.55933837297358],[25.873335835431625,44.67821290694521],[25.2038948297815,44.67821290694521],[24.701814075543908,44.320859220347934],[24.701814075543908,44.08140676060247],[24.86917432695644,43.96131560878745],[25.538615332606565,43.96131560878745]],[[4.116503151802569,46.08572391891914],[4.451223654627633,46.08572391891914],[4.618583906040164,46.20143495795631],[4.618583906040164,46.43212753234088],[4.451223654627633,46.54710915774203],[4.116503151802569,46.54710915774203],[3.9491429003900387,46.43212753234088],[3.9491429003900387,46.20143495795631],[4.116503151802569,46.08572391891914]],[[3.6144223975649763,47.79588015264895],[3.9491429003900387,47.79588015264895],[4.116503151802569,47.90794969888554],[4.116503151802569,48.131362459113866],[3.9491429003900387,48.24270587280646],[3.6144223975649763,48.24270587280646],[3.4470621461524447,48.131362459113866],[3.4470621461524447,47.90794969888554],[3.6144223975649763,47.79588015264895]],[[2.4429006376772575,49.88390320937249],[2.7776211405023203,49.88390320937249],[2.944981391914851,49.99139206689926],[2.944981391914851,50.20565080770593],[2.7776211405023203,50.31242101324885],[2.4429006376772575,50.31242101324885],[2.275540386264726,50.20565080770593],[2.275540386264726,49.99139206689926],[2.4429006376772575,49.88390320937249]],[[5.790105665927882,50.63129696628211],[6.124826168752945,50.63129696628211],[6.292186420165476,50.73711130089899],[6.292186420165476,51.05312383631871],[6.124826168752945,51.15798513486464],[5.790105665927882,51.15798513486464],[5.622745414515351,51.05312383631871],[5.622745414515351,50.73711130089899],[5.790105665927882,50.63129696628211]],[[24.367093572718847,57.92063206462566],[24.199733321306315,58.00921869582514],[23.86501281848125,58.00921869582514],[23.86501281848125,58.18573610171903],[23.697652567068722,58.27366753842495],[23.195571812831126,58.27366753842495],[22.526130807181,58.00921869582514],[22.526130807181,57.83182637535715],[22.693491058593533,57.74280130020054],[23.362932064243658,57.74280130020054],[23.195571812831126,57.65355651264288],[23.195571812831126,57.29437375484882],[23.53029231565619,57.02266390791059],[24.032373069893783,57.02266390791059],[24.367093572718847,57.204025554547485],[24.367093572718847,57.92063206462566]],[[24.701814075543908,59.90338178871928],[24.199733321306315,59.90338178871928],[23.697652567068722,59.73546480066224],[23.195571812831126,59.73546480066224],[23.028211561418598,59.65118862930028],[22.860851310006066,59.73546480066224],[21.689329550118348,59.73546480066224],[21.521969298705816,59.81952906970361],[20.85252829305569,59.81952906970361],[20.68516804164316,59.90338178871928],[20.015727035993034,59.90338178871928],[19.848366784580502,59.987023310932315],[19.51364628175544,59.987023310932315],[19.34628603034291,59.90338178871928],[19.34628603034291,59.65118862930028],[19.178925778930378,59.56670020426634],[19.178925778930378,59.31195790809589],[19.01156552751785,59.14106204471571],[18.342124521867724,58.79669547780505],[17.6726835162176,58.62321929132609],[17.337963013392535,58.62321929132609],[17.170602761980003,58.536156781617066],[17.170602761980003,58.18573610171903],[16.835882259154943,57.83182637535715],[16.835882259154943,57.474406500909325],[17.337963013392535,57.29437375484882],[17.003242510567475,56.931649829284524],[17.003242510567475,56.748953591677314],[16.835882259154943,56.65727080927276],[16.835882259154943,56.47323437010883],[16.66852200774241,56.380880099129655],[16.66852200774241,56.195497930658895],[16.50116175632988,56.10246942849306],[16.166441253504818,56.10246942849306],[15.831720750679754,55.915736088878866],[15.664360499267225,56.00921558064296],[15.162279745029629,56.00921558064296],[14.492838739379504,55.8220306566491],[14.492838739379504,55.35010412915041],[14.660198990792036,55.25503692299733],[14.9949194936171,55.25503692299733],[15.329639996442161,55.064218325236425],[15.329639996442161,54.968466370662256],[14.9949194936171,54.87248560676571],[14.660198990792036,54.968466370662256],[14.660198990792036,55.15974174916343],[14.492838739379504,55.25503692299733],[12.819236225254192,55.25503692299733],[12.65187597384166,55.15974174916343],[12.65187597384166,54.87248560676571],[12.317155471016598,54.776275756770886],[12.317155471016598,54.58316770100428],[12.48451572242913,54.48626895136445],[12.986596476666723,54.48626895136445],[13.321316979491787,54.67983654582205],[13.488677230904317,54.67983654582205],[13.823397733729381,54.48626895136445],[13.823397733729381,54.29178066374092],[14.325478487966974,53.998317287450035],[14.827559242204568,53.998317287450035],[15.329639996442161,54.1941905938491],[15.831720750679754,54.1941905938491],[16.33380150491735,54.389140027932186],[16.33380150491735,54.48626895136445],[17.337963013392535,54.776275756770886],[17.840043767630128,54.776275756770886],[18.00740401904266,54.87248560676571],[18.342124521867724,54.87248560676571],[18.676845024692785,54.776275756770886],[19.178925778930378,54.389140027932186],[19.51364628175544,54.389140027932186],[19.848366784580502,54.58316770100428],[19.848366784580502,54.87248560676571],[20.015727035993034,54.968466370662256],[20.517807790230627,54.968466370662256],[21.019888544468223,55.35010412915041],[21.019888544468223,56.84041316136161],[21.354609047293284,57.02266390791059],[21.354609047293284,57.29437375484882],[21.689329550118348,57.474406500909325],[21.689329550118348,57.56409168749501],[22.02405005294341,57.65355651264288],[22.02405005294341,58.097586598063316],[21.689329550118348,58.27366753842495],[21.689329550118348,58.36138124105038],[22.02405005294341,58.536156781617066],[22.02405005294341,58.883109833304616],[22.526130807181,59.05529277406345],[23.195571812831126,59.05529277406345],[23.362932064243658,59.22661697427224],[23.697652567068722,59.22661697427224],[24.534453824131376,59.56670020426634],[24.86917432695644,59.56670020426634],[25.036534578368972,59.65118862930028],[26.040696086844157,59.65118862930028],[26.20805633825669,59.56670020426634],[26.877497343906814,59.56670020426634],[27.044857595319346,59.3970851925871],[27.714298600969467,59.3970851925871],[27.881658852382,59.48199917516795],[27.881658852382,59.90338178871928],[27.714298600969467,59.987023310932315],[28.216379355207064,59.987023310932315],[28.383739606619592,60.070453990478725],[28.383739606619592,60.319484527854954],[28.216379355207064,60.40207539582584],[27.881658852382,60.40207539582584],[27.044857595319346,60.15367418239228],[27.044857595319346,59.90338178871928],[27.212217846731875,59.73546480066224],[26.710137092494282,60.23668424258957],[26.37541658966922,60.23668424258957],[25.873335835431625,60.070453990478725],[25.2038948297815,60.070453990478725],[24.701814075543908,59.90338178871928]],[[163.10874199370724,61.77442969401073],[163.27610224511974,61.69534344487603],[163.77818299935737,61.69534344487603],[163.94554325076987,61.77442969401073],[163.94554325076987,62.39984832467607],[163.77818299935737,62.47712232959908],[163.44346249653228,62.47712232959908],[163.10874199370724,62.166825616995084],[163.10874199370724,61.77442969401073]],[[18.174764270455192,62.47712232959908],[17.840043767630128,62.32237445413429],[17.840043767630128,62.088749902063086],[17.6726835162176,62.010472824868046],[17.6726835162176,61.536560914077484],[17.337963013392535,61.37696254324731],[17.337963013392535,60.89324297194303],[17.840043767630128,60.56663031461024],[18.174764270455192,60.56663031461024],[18.509484773280253,60.48445720497785],[19.01156552751785,60.15367418239228],[19.34628603034291,60.15367418239228],[19.681006533167974,60.40207539582584],[20.68516804164316,60.40207539582584],[21.019888544468223,60.56663031461024],[21.019888544468223,60.811901051431484],[21.354609047293284,61.13602884290817],[21.354609047293284,61.85331309285506],[21.187248795880752,61.931994012563734],[21.187248795880752,62.32237445413429],[21.019888544468223,62.39984832467607],[21.019888544468223,62.78422720846047],[20.68516804164316,63.08816435346056],[20.68516804164316,63.238952587341636],[21.019888544468223,63.3140529467416],[21.019888544468223,63.463668050489254],[20.85252829305569,63.538183555888104],[20.183087287405566,63.538183555888104],[20.015727035993034,63.38895797433856],[19.51364628175544,63.3140529467416],[19.178925778930378,63.16365651613064],[19.178925778930378,63.08816435346056],[18.844205276105317,63.0124757200546],[18.844205276105317,62.93659023701849],[18.342124521867724,62.70774890716644],[18.174764270455192,62.47712232959908]],[[21.187248795880752,63.38895797433856],[22.02405005294341,63.38895797433856],[22.526130807181,63.6125048715562],[22.526130807181,63.7605664593523],[22.860851310006066,63.90785586816656],[23.195571812831126,63.90785586816656],[23.362932064243658,64.05437615682453],[24.032373069893783,64.34512162963956],[24.032373069893783,64.41733208832548],[24.534453824131376,64.70428180814027],[24.534453824131376,64.9882226091271],[24.86917432695644,65.1290723671253],[24.86917432695644,65.4779529613551],[24.701814075543908,65.54717608671285],[24.032373069893783,65.54717608671285],[23.697652567068722,65.4779529613551],[23.53029231565619,65.54717608671285],[23.028211561418598,65.54717608671285],[22.526130807181,65.2691791419352],[22.19141030435594,65.2691791419352],[22.02405005294341,65.19921843459511],[22.02405005294341,65.1290723671253],[21.354609047293284,64.8466267836239],[21.354609047293284,64.63282742645873],[21.689329550118348,64.48935295112375],[21.689329550118348,64.34512162963956],[21.521969298705816,64.20013038835127],[21.187248795880752,64.1273488381353],[21.019888544468223,63.98121196117053],[21.019888544468223,63.463668050489254],[21.187248795880752,63.38895797433856]],[[37.08647268007122,63.8343074950579],[37.588553434308814,63.8343074950579],[37.92327393713388,63.98121196117053],[37.92327393713388,64.1273488381353],[37.588553434308814,64.27272119095228],[36.919112428658686,64.27272119095228],[36.75175217724615,64.20013038835127],[36.75175217724615,64.05437615682453],[37.08647268007122,63.8343074950579]],[[35.74759066877097,64.41733208832548],[36.249671423008564,64.27272119095228],[36.58439192583363,64.27272119095228],[36.75175217724615,64.34512162963956],[36.75175217724615,64.56118460233931],[36.249671423008564,64.8466267836239],[35.9149509201835,64.8466267836239],[35.74759066877097,64.77554813220435],[35.74759066877097,64.41733208832548]]],[[[167.96218928467061,54.58316770100428],[167.96218928467061,54.48626895136445],[167.2927482790205,54.67983654582205],[167.2927482790205,54.87248560676571],[167.46010853043305,54.87248560676571],[167.96218928467061,54.58316770100428]]],[[[166.1212265191328,55.35010412915041],[166.62330727337036,54.776275756770886],[166.45594702195788,54.58316770100428],[165.95386626772026,54.87248560676571],[165.6191457648952,55.25503692299733],[165.78650601630775,55.35010412915041],[166.1212265191328,55.35010412915041]]]]}}
