{"type":"Feature","properties":{"id":"philippinenadler","sourceUrl":"https://commons.wikimedia.org/wiki/File:Phileagle_rangemap.png","author":"Kleomarlo","license":"Public domain","licenseUrl":"https://creativecommons.org/publicdomain/mark/1.0/","sourceImageSha256":"97cea961ba9d95a6f53356693f56a7582d1c0d09ac2e29b0daee4a99509895c1","registration":{"proj_string":"+proj=merc +R=1 +lon_0=0","parameters_1000px":[5173.8152768024,-5213.824785201927,-10504.928156706283,1977.5966842307873],"coast_rmse_capped15_px":1.0822261571884155,"coast_median_px":0.23252063989639282,"coast_p90_px":1.763028860092163,"sample_count":636,"image_width":2000,"image_height":3120,"pixel_transform_native":[10347.6305536048,-10427.649570403853,-21009.856313412565,3955.1933684615747],"transform_definition":"pixel_x=sx*projected_x+tx; pixel_y=sy*projected_y+ty","validation":"Odd interleaved Natural Earth 1:50m coastline samples withheld from affine fitting; neighboring samples are correlated. P90 cartographic coastline agreement within review_bounds, normalized to 1000 source pixels. Whole-source overlay visually reviewed.","controls":[[120.59,18.5,798.0,504.0],[122.15,18.53,1060.0,524.0],[126.2,6.27,1784.0,2796.0],[117.2,8.4,154.0,2400.0],[125.58,5.56,1680.0,2942.0]],"review_bounds":[116,5,127,20],"registrationBasemapPath":"data/ranges/world.geojson","registrationBasemapSha256":"3e458fc036ad0a66411f2c1e6cac49c5d7bfb81cb1123bc513b22511a2b7fdeb"},"includedColors":["#5F9EA0"],"adaptation":"Inverse map projection; present seasonal range colors combined; 3px border closing; contours simplified by 0.45 source pixels; components below 4 source pixels omitted; split at the antimeridian."},"geometry":{"type":"MultiPolygon","coordinates":[[[[123.18288400318468,7.49075188561078],[123.19395818663494,7.479856329131849],[123.18288400318468,7.485304141400669],[123.18288400318468,7.49075188561078]]],[[[122.46859917064273,7.53977851287504],[122.45752498719247,7.550672566207272],[122.46306207891759,7.550672566207272],[122.46859917064273,7.556119489938628],[122.48521044581813,7.556119489938628],[122.47413626236786,7.5343313833709],[122.46306207891759,7.5234369189284225],[122.46859917064273,7.5288841853725685],[122.46859917064273,7.53977851287504]]],[[[122.24157840991234,7.953556265743092],[122.25818968508773,7.969881180212784],[122.25818968508773,7.975322673725575],[122.29694932716366,7.9862054434967815],[122.30248641888878,7.99708792327474],[122.31356060233905,8.002529054295984],[122.32463478578931,8.002529054295984],[122.33570896923956,8.013411098362496],[122.3578573361401,8.024292851473732],[122.37446861131549,8.024292851473732],[122.39661697821603,8.03517431324497],[122.41876534511654,8.03517431324497],[122.44091371201708,8.046055483291543],[122.45198789546733,8.046055483291543],[122.46306207891759,8.056936361228836],[122.46859917064273,8.051495958797886],[122.52397008789403,8.051495958797886],[122.54058136306945,8.062376690536324],[122.55719263824483,8.062376690536324],[122.56272972996996,8.06781694667228],[122.56826682169508,8.062376690536324],[122.5848780968705,8.062376690536324],[122.61256355549615,8.078697239237373],[122.61256355549615,8.08957723853965],[122.64024901412179,8.08957723853965],[122.64578610584694,8.095017128097107],[122.64578610584694,8.105896686784419],[122.6568602892972,8.12765492110358],[122.66793447274745,8.138533595966935],[122.69008283964799,8.111336355818194],[122.6956199313731,8.111336355818194],[122.70115702309825,8.10045694419471],[122.78975049070036,8.10045694419471],[122.79528758242547,8.105896686784419],[122.8340472245014,8.105896686784419],[122.83958431622652,8.111336355818194],[122.85619559140191,8.111336355818194],[122.86726977485218,8.12765492110358],[122.9060294169281,8.12765492110358],[122.91156650865324,8.133094295433299],[122.93371487555378,8.133094295433299],[122.94478905900404,8.143972822656474],[122.94478905900404,8.149411975453898],[122.95586324245429,8.149411975453898],[122.96140033417943,8.154851054311195],[122.96140033417943,8.160290059180353],[122.97247451762969,8.171167846762241],[122.98354870107994,8.171167846762241],[122.98908579280508,8.18204533781555],[123.00015997625533,8.18204533781555],[123.0112341597056,8.192922531956324],[123.02230834315587,8.214676027964723],[123.02230834315587,8.2255523290647],[123.01677125143075,8.230990367720738],[123.01677125143075,8.247304035537503],[123.00569706798048,8.258179440143003],[122.98908579280508,8.263617030120203],[122.96693742590455,8.28536664007338],[122.96693742590455,8.301678058742747],[122.98354870107994,8.301678058742747],[122.99462288453022,8.307115047796838],[123.0112341597056,8.328862250223652],[123.0112341597056,8.36148078722589],[123.00015997625533,8.383224962998971],[123.00015997625533,8.399532296980514],[123.00569706798048,8.399532296980514],[123.03338252660613,8.426709663409923],[123.03338252660613,8.432144907734186],[123.04445671005638,8.443015167038375],[123.04445671005638,8.470189475224846],[123.05553089350666,8.475624106752603],[123.07214216868203,8.491927540256176],[123.0776792604072,8.502796111214128],[123.08875344385746,8.502796111214128],[123.09429053558257,8.508230281136383],[123.14412436110875,8.508230281136383],[123.1496614528339,8.513664373957106],[123.1718098197344,8.513664373957106],[123.17734691145955,8.519098389628514],[123.19949527836008,8.519098389628514],[123.20503237008522,8.513664373957106],[123.22718073698573,8.513664373957106],[123.23271782871088,8.508230281136383],[123.25486619561138,8.508230281136383],[123.2604032873365,8.502796111214128],[123.31023711286271,8.502796111214128],[123.32131129631297,8.508230281136383],[123.34345966321348,8.529966189332244],[123.34345966321348,8.535399973269014],[123.36007093838887,8.55713433513415],[123.36007093838887,8.568001051068876],[123.37114512183915,8.584300542649201],[123.37114512183915,8.606032109083824],[123.3766822135643,8.611464805908927],[123.3766822135643,8.622329965484806],[123.39329348873969,8.622329965484806],[123.3988305804648,8.611464805908927],[123.42097894736534,8.611464805908927],[123.43759022254073,8.622329965484806],[123.44866440599098,8.644059347003179],[123.44866440599098,8.665787475799398],[123.44312731426585,8.671219311902892],[123.43205313081559,8.671219311902892],[123.43205313081559,8.692945870504095],[123.42651603909046,8.698377313462819],[123.40990476391508,8.698377313462819],[123.40990476391508,8.709239963016692],[123.43205313081559,8.709239963016692],[123.44312731426585,8.703808677649574],[123.46527568116639,8.676651069472792],[123.47634986461664,8.671219311902892],[123.50403532324229,8.671219311902892],[123.50403532324229,8.665787475799398],[123.49296113979204,8.654923568182353],[123.49296113979204,8.638627118947033],[123.50957241496744,8.622329965484806],[123.51510950669257,8.611464805908927],[123.52618369014283,8.611464805908927],[123.53172078186796,8.606032109083824],[123.54833205704334,8.606032109083824],[123.55940624049362,8.595166481597895],[123.58155460739415,8.595166481597895],[123.58709169911927,8.60059933429757],[123.60370297429466,8.60059933429757],[123.60924006601981,8.611464805908927],[123.62031424947006,8.616897424725162],[123.62031424947006,8.63319481264345],[123.6258513411952,8.644059347003179],[123.63138843292032,8.63319481264345],[123.65353679982086,8.622329965484806],[123.6978335336219,8.622329965484806],[123.70890771707218,8.616897424725162],[123.7144448087973,8.606032109083824],[123.73105608397269,8.606032109083824],[123.7365931756978,8.595166481597895],[123.75320445087323,8.595166481597895],[123.74766735914808,8.584300542649201],[123.74766735914808,8.568001051068876],[123.76981572604862,8.551700860845687],[123.77535281777374,8.551700860845687],[123.78642700122401,8.540833679865353],[123.78642700122401,8.529966189332244],[123.79196409294913,8.524532328102818],[123.78642700122401,8.513664373957106],[123.78642700122401,8.497361864238126],[123.79196409294913,8.491927540256176],[123.8030382763994,8.491927540256176],[123.81411245984967,8.486493139316073],[123.82518664329993,8.475624106752603],[123.81964955157478,8.464754766930158],[123.81964955157478,8.448450181922635],[123.83072373502506,8.432144907734186],[123.83626082675018,8.432144907734186],[123.84179791847532,8.421274342701329],[123.84179791847532,8.394096595067946],[123.8528721019256,8.377789032938288],[123.85840919365071,8.377789032938288],[123.8528721019256,8.372353026923966],[123.8528721019256,8.339735398492639],[123.86394628537585,8.3234255627812],[123.86948337710099,8.3234255627812],[123.8528721019256,8.307115047796838],[123.8528721019256,8.258179440143003],[123.86394628537585,8.236428331716857],[123.86394628537585,8.220114215796707],[123.86948337710099,8.214676027964723],[123.86948337710099,8.192922531956324],[123.87502046882611,8.187483972023998],[123.86948337710099,8.18204533781555],[123.86948337710099,8.171167846762241],[123.87502046882611,8.160290059180353],[123.86394628537585,8.149411975453898],[123.84179791847532,8.149411975453898],[123.83626082675018,8.143972822656474],[123.83626082675018,8.12765492110358],[123.81411245984967,8.105896686784419],[123.79750118467427,8.105896686784419],[123.79196409294913,8.10045694419471],[123.79196409294913,8.08957723853965],[123.78088990949888,8.08413727557039],[123.78088990949888,8.073257129588653],[123.77535281777374,8.06781694667228],[123.75320445087323,8.056936361228836],[123.70890771707218,8.056936361228836],[123.68675935017164,8.04061493475788],[123.68122225844652,8.04061493475788],[123.67014807499625,8.029733618800893],[123.67014807499625,8.024292851473732],[123.65907389154599,8.01885201131157],[123.65907389154599,7.991646719658971],[123.64799970809571,7.980764094836279],[123.64799970809571,7.964439614346026],[123.6646109832711,7.9426726283017794],[123.6978335336219,7.9426726283017794],[123.7144448087973,7.964439614346026],[123.72551899224757,7.964439614346026],[123.74766735914808,7.980764094836279],[123.75874154259834,7.980764094836279],[123.76981572604862,7.9862054434967815],[123.8030382763994,8.01885201131157],[123.8030382763994,8.024292851473732],[123.82518664329993,8.046055483291543],[123.82518664329993,8.051495958797886],[123.83072373502506,8.051495958797886],[123.84733501020045,8.06781694667228],[123.8528721019256,8.06781694667228],[123.87502046882611,8.08957723853965],[123.89716883572665,8.08957723853965],[123.9082430191769,8.10045694419471],[123.92485429435227,8.10045694419471],[123.94700266125281,8.116775951248002],[123.94700266125281,8.12765492110358],[123.95807684470309,8.138533595966935],[123.9636139364282,8.138533595966935],[123.9802252116036,8.154851054311195],[123.99129939505387,8.160290059180353],[124.01344776195441,8.160290059180353],[124.01898485367953,8.171167846762241],[124.03559612885492,8.171167846762241],[124.04113322058006,8.18204533781555],[124.06881867920569,8.18204533781555],[124.07435577093085,8.176606629378966],[124.1186525047319,8.176606629378966],[124.12418959645701,8.171167846762241],[124.16848633025806,8.171167846762241],[124.17402342198321,8.176606629378966],[124.20170888060888,8.176606629378966],[124.23493143095965,8.198361017564542],[124.24600561440992,8.198361017564542],[124.25707979786019,8.203799428800666],[124.27369107303558,8.230990367720738],[124.27369107303558,8.241866221005095],[124.2792281647607,8.252741775266122],[124.29583943993609,8.269054545149778],[124.29583943993609,8.296240994405528],[124.28476525648583,8.307115047796838],[124.28476525648583,8.317988799863974],[124.2792281647607,8.3234255627812],[124.29030234821097,8.33429886214343],[124.29030234821097,8.34517185922338],[124.29583943993609,8.35060824428776],[124.29583943993609,8.366916945003874],[124.31798780683663,8.388660817058144],[124.31798780683663,8.453885120231233],[124.34013617373714,8.497361864238126],[124.34013617373714,8.529966189332244],[124.3456732654623,8.535399973269014],[124.36228454063767,8.535399973269014],[124.37335872408795,8.551700860845687],[124.3844329075382,8.551700860845687],[124.38996999926334,8.56256773189113],[124.40658127443874,8.578867456495656],[124.417655457889,8.578867456495656],[124.42319254961411,8.584300542649201],[124.44534091651465,8.584300542649201],[124.45087800823978,8.595166481597895],[124.46195219169005,8.60059933429757],[124.46195219169005,8.606032109083824],[124.48410055859055,8.606032109083824],[124.47856346686544,8.60059933429757],[124.47856346686544,8.578867456495656],[124.48410055859055,8.573434292619634],[124.49517474204083,8.573434292619634],[124.50071183376595,8.568001051068876],[124.51732310894137,8.568001051068876],[124.52286020066649,8.55713433513415],[124.53393438411676,8.551700860845687],[124.545008567567,8.551700860845687],[124.55608275101727,8.529966189332244],[124.56715693446753,8.524532328102818],[124.58376820964293,8.524532328102818],[124.58376820964293,8.513664373957106],[124.58930530136807,8.508230281136383],[124.63913912689425,8.508230281136383],[124.64467621861937,8.502796111214128],[124.6668245855199,8.502796111214128],[124.6668245855199,8.491927540256176],[124.67789876897018,8.486493139316073],[124.67789876897018,8.475624106752603],[124.69451004414556,8.464754766930158],[124.71112131932095,8.464754766930158],[124.71665841104608,8.459319981916348],[124.73880677794662,8.459319981916348],[124.755418053122,8.470189475224846],[124.755418053122,8.475624106752603],[124.76649223657228,8.475624106752603],[124.77756642002254,8.481058661465614],[124.78864060347279,8.491927540256176],[124.78864060347279,8.524532328102818],[124.77756642002254,8.529966189332244],[124.78310351174767,8.535399973269014],[124.78310351174767,8.56256773189113],[124.80525187864818,8.578867456495656],[124.80525187864818,8.60059933429757],[124.79971478692306,8.606032109083824],[124.79971478692306,8.644059347003179],[124.79417769519793,8.649491496764185],[124.77756642002254,8.649491496764185],[124.77756642002254,8.68208274846141],[124.78864060347279,8.703808677649574],[124.79417769519793,8.698377313462819],[124.80525187864818,8.698377313462819],[124.81632606209844,8.709239963016692],[124.81632606209844,8.736395205889792],[124.79971478692306,8.768978886330839],[124.81078897037332,8.774409222145858],[124.8218631538236,8.796129770540386],[124.8218631538236,8.80698956715181],[124.82740024554872,8.812419345894458],[124.82740024554872,8.839567042073458],[124.8218631538236,8.844996341469333],[124.8218631538236,8.855854700040567],[124.82740024554872,8.861283759120793],[124.82740024554872,8.888427850565689],[124.8218631538236,8.893856427730572],[124.8218631538236,8.920998105319846],[124.81078897037332,8.942709994657546],[124.81078897037332,8.953565454036498],[124.81632606209844,8.964420589382149],[124.8218631538236,8.964420589382149],[124.83847442899898,8.980702684007055],[124.83847442899898,8.991557007607284],[124.89938243797542,8.991557007607284],[124.90491952970055,8.980702684007055],[124.92153080487596,8.980702684007055],[124.9326049883262,8.964420589382149],[124.94367917177647,8.958993062237235],[124.96029044695186,8.958993062237235],[124.97136463040214,8.942709994657546],[124.9824388138524,8.942709994657546],[124.98797590557753,8.931854211625305],[124.99905008902779,8.931854211625305],[125.01012427247807,8.915569931058444],[125.0211984559283,8.915569931058444],[125.04334682282884,8.904713340555904],[125.04334682282884,8.888427850565689],[125.05442100627911,8.882999192962716],[125.05442100627911,8.87214163663266],[125.06549518972938,8.861283759120793],[125.07656937317962,8.861283759120793],[125.08764355662989,8.839567042073458],[125.08764355662989,8.823278664015664],[125.09871774008016,8.812419345894458],[125.14301447388121,8.812419345894458],[125.17069993250686,8.828708203299046],[125.18177411595714,8.828708203299046],[125.18731120768226,8.834137662667503],[125.20392248285765,8.834137662667503],[125.2094595745828,8.839567042073458],[125.2094595745828,8.866712738000677],[125.22053375803304,8.87214163663266],[125.22053375803304,8.882999192962716],[125.22607084975819,8.888427850565689],[125.22607084975819,8.958993062237235],[125.22053375803304,8.964420589382149],[125.22053375803304,8.980702684007055],[125.21499666630791,8.986129886453792],[125.21499666630791,9.007837882833545],[125.22607084975819,9.02411802471173],[125.22607084975819,9.072954037446115],[125.23714503320844,9.067528141386207],[125.24268212493358,9.05667610329888],[125.24268212493358,9.045823737571043],[125.25375630838384,9.02411802471173],[125.26483049183409,9.01326467833934],[125.27590467528435,9.01326467833934],[125.27590467528435,9.00241100584463],[125.29805304218489,8.986129886453792],[125.30359013391002,8.975275400314546],[125.35342395943618,8.975275400314546],[125.35896105116133,8.96984803542375],[125.3700352346116,8.96984803542375],[125.38110941806185,8.975275400314546],[125.386646509787,8.96984803542375],[125.41986906013777,8.96984803542375],[125.4254061518629,8.964420589382149],[125.4752399773891,8.964420589382149],[125.49185125256449,8.975275400314546],[125.50846252773988,8.975275400314546],[125.51953671119014,8.980702684007055],[125.52507380291527,8.991557007607284],[125.53614798636553,8.991557007607284],[125.54168507809068,9.00241100584463],[125.55275926154093,9.00241100584463],[125.55829635326607,9.007837882833545],[125.55829635326607,9.02954457548341],[125.56937053671632,9.034971044582154],[125.56937053671632,9.040397431960512],[125.58044472016658,9.05124996136631],[125.58044472016658,9.072954037446115],[125.57490762844147,9.078379851453622],[125.57490762844147,9.121783403938203],[125.56383344499119,9.127208477340849],[125.56937053671632,9.132633468217103],[125.56937053671632,9.17603041859228],[125.57490762844147,9.181454664599382],[125.57490762844147,9.19772690443121],[125.56383344499119,9.203150818154201],[125.55829635326607,9.241115882262823],[125.5472221698158,9.246539129145932],[125.55275926154093,9.251962292461158],[125.55275926154093,9.279076853863788],[125.5472221698158,9.28449951477861],[125.5472221698158,9.300766993940666],[125.53614798636553,9.317033716736535],[125.53614798636553,9.338721501689468],[125.52507380291527,9.344143237117214],[125.52507380291527,9.354986454669474],[125.51953671119014,9.360407936699529],[125.51399961946503,9.360407936699529],[125.51399961946503,9.376671875238737],[125.50846252773988,9.3820930187441],[125.50846252773988,9.414618098391045],[125.4973883442896,9.420038647660848],[125.4973883442896,9.441719993472793],[125.49185125256449,9.447140116873106],[125.49185125256449,9.474239453200555],[125.48077706911421,9.479659064001167],[125.4752399773891,9.506755833087148],[125.46970288566398,9.512174929591033],[125.46970288566398,9.544687703463442],[125.4586287022137,9.566361163399684],[125.4586287022137,9.577197375444083],[125.44755451876344,9.593451045046875],[125.44755451876344,9.604286391923797],[125.44201742703831,9.60970393536361],[125.44201742703831,9.625956045123896],[125.43648033531316,9.631373241367475],[125.43648033531316,9.74511421234146],[125.44201742703831,9.750529485561186],[125.44201742703831,9.76135976810257],[125.44755451876344,9.76135976810257],[125.46416579393883,9.77760453146538],[125.4752399773891,9.77760453146538],[125.48077706911421,9.788433932860212],[125.49185125256449,9.783019276278784],[125.51953671119014,9.783019276278784],[125.51953671119014,9.766774777330346],[125.53061089464042,9.755944670830537],[125.56383344499119,9.755944670830537],[125.56937053671632,9.766774777330346],[125.56937053671632,9.755944670830537],[125.58044472016658,9.74511421234146],[125.58598181189173,9.74511421234146],[125.58598181189173,9.734283402238667],[125.59151890361686,9.723452240897782],[125.60259308706712,9.712620728694484],[125.63027854569278,9.712620728694484],[125.63027854569278,9.70720484113685],[125.6136672705174,9.70720484113685],[125.60813017879224,9.701788866004522],[125.60813017879224,9.685540415629182],[125.61920436224251,9.669291178773046],[125.61920436224251,9.642207373057657],[125.63027854569278,9.636790350694405],[125.63027854569278,9.625956045123896],[125.6358156374179,9.620538762010701],[125.64688982086817,9.620538762010701],[125.66350109604356,9.604286391923797],[125.68011237121895,9.598868761802533],[125.6856494629441,9.588033241703872],[125.71887201329488,9.588033241703872],[125.72994619674515,9.582615351820587],[125.73548328847028,9.571779312621425],[125.76316874709593,9.571779312621425],[125.77978002227132,9.555524605947255],[125.78531711399644,9.555524605947255],[125.79085420572159,9.544687703463442],[125.82961384779749,9.544687703463442],[125.85176221469803,9.533850456324947],[125.89052185677396,9.528431703627932],[125.89605894849907,9.517593940213866],[125.89052185677396,9.512174929591033],[125.89052185677396,9.495917382624695],[125.9015960402242,9.485078589203484],[125.91267022367447,9.485078589203484],[125.91820731539961,9.479659064001167],[125.94035568230012,9.479659064001167],[125.94035568230012,9.474239453200555],[125.9514298657504,9.463399974993015],[125.9514298657504,9.447140116873106],[125.94589277402528,9.441719993472793],[125.92374440712474,9.441719993472793],[125.91267022367447,9.430879490914622],[125.91267022367447,9.414618098391045],[125.91820731539961,9.40377674480152],[125.92928149884986,9.39293505146002],[125.94035568230012,9.39293505146002],[125.9514298657504,9.387514077500263],[125.9514298657504,9.371250647031378],[125.96250404920066,9.360407936699529],[125.98465241610118,9.360407936699529],[125.99018950782633,9.349564888126295],[125.99572659955145,9.349564888126295],[126.00680078300172,9.338721501689468],[126.00126369127656,9.333299681890288],[126.00126369127656,9.306189318976324],[126.01233787472684,9.295344584864317],[126.01787496645198,9.295344584864317],[126.0234120581771,9.28449951477861],[126.02894914990223,9.28449951477861],[126.02894914990223,9.268231280526594],[126.05109751680277,9.257385372161206],[126.05109751680277,9.246539129145932],[126.05663460852789,9.241115882262823],[126.06770879197816,9.241115882262823],[126.06770879197816,9.230269137982178],[126.07324588370328,9.22484564067925],[126.10093134232893,9.22484564067925],[126.10646843405408,9.230269137982178],[126.1286168009546,9.230269137982178],[126.13415389267975,9.235692551859138],[126.14522807612998,9.235692551859138],[126.15076516785514,9.246539129145932],[126.17291353475565,9.257385372161206],[126.2005989933813,9.28449951477861],[126.21167317683158,9.28992209179454],[126.21167317683158,9.295344584864317],[126.2172102685567,9.295344584864317],[126.2172102685567,9.257385372161206],[126.2005989933813,9.246539129145932],[126.2005989933813,9.230269137982178],[126.20613608510645,9.219422059997672],[126.2005989933813,9.213998395984756],[126.2005989933813,9.192302907566187],[126.19506190165619,9.186878827606465],[126.19506190165619,9.16518167776741],[126.2005989933813,9.154332605510668],[126.18398771820591,9.121783403938203],[126.18398771820591,9.089231233121783],[126.19506190165619,9.083805583361315],[126.2005989933813,9.072954037446115],[126.21167317683158,9.067528141386207],[126.22828445200696,9.067528141386207],[126.22828445200696,9.05124996136631],[126.23382154373209,9.040397431960512],[126.22828445200696,9.034971044582154],[126.22828445200696,9.01326467833934],[126.23935863545724,9.007837882833545],[126.23935863545724,8.991557007607284],[126.2504328189075,8.980702684007055],[126.27258118580801,8.980702684007055],[126.28365536925828,8.986129886453792],[126.2891924609834,8.975275400314546],[126.29472955270855,8.975275400314546],[126.29472955270855,8.964420589382149],[126.30026664443368,8.958993062237235],[126.32241501133421,8.958993062237235],[126.33348919478445,8.948137764827436],[126.33348919478445,8.942709994657546],[126.32795210305933,8.942709994657546],[126.31687791960907,8.931854211625305],[126.31687791960907,8.915569931058444],[126.32241501133421,8.91014167612129],[126.35010046995987,8.91014167612129],[126.35010046995987,8.893856427730572],[126.33902628650961,8.882999192962716],[126.33902628650961,8.87214163663266],[126.35563756168499,8.855854700040567],[126.35563756168499,8.844996341469333],[126.35010046995987,8.839567042073458],[126.35010046995987,8.823278664015664],[126.33902628650961,8.812419345894458],[126.32795210305933,8.812419345894458],[126.32241501133421,8.80698956715181],[126.32241501133421,8.796129770540386],[126.32795210305933,8.785269655411454],[126.32241501133421,8.779839478521934],[126.29472955270855,8.779839478521934],[126.2891924609834,8.774409222145858],[126.27811827753317,8.774409222145858],[126.26704409408289,8.758117976574454],[126.26704409408289,8.747256749633756],[126.2504328189075,8.747256749633756],[126.23935863545724,8.736395205889792],[126.23935863545724,8.703808677649574],[126.22274736028184,8.703808677649574],[126.2005989933813,8.68208274846141],[126.17291353475565,8.68208274846141],[126.16737644303052,8.676651069472792],[126.16737644303052,8.665787475799398],[126.15630225958026,8.660355561209986],[126.13969098440487,8.660355561209986],[126.12307970922947,8.638627118947033],[126.12307970922947,8.622329965484806],[126.10646843405408,8.611464805908927],[126.10646843405408,8.60059933429757],[126.11200552577921,8.595166481597895],[126.12307970922947,8.595166481597895],[126.13415389267975,8.589733551032523],[126.14522807612998,8.578867456495656],[126.13969098440487,8.573434292619634],[126.13969098440487,8.55713433513415],[126.14522807612998,8.551700860845687],[126.14522807612998,8.540833679865353],[126.16737644303052,8.524532328102818],[126.17291353475565,8.513664373957106],[126.19506190165619,8.513664373957106],[126.21167317683158,8.524532328102818],[126.22274736028184,8.524532328102818],[126.22828445200696,8.513664373957106],[126.26704409408289,8.513664373957106],[126.27258118580801,8.519098389628514],[126.27258118580801,8.535399973269014],[126.2891924609834,8.535399973269014],[126.29472955270855,8.540833679865353],[126.30026664443368,8.529966189332244],[126.32241501133421,8.519098389628514],[126.36117465341012,8.524532328102818],[126.36671174513526,8.519098389628514],[126.37778592858551,8.519098389628514],[126.38332302031066,8.508230281136383],[126.41100847893631,8.508230281136383],[126.42208266238659,8.497361864238126],[126.41100847893631,8.491927540256176],[126.41100847893631,8.481058661465614],[126.37224883686038,8.486493139316073],[126.36671174513526,8.481058661465614],[126.36671174513526,8.464754766930158],[126.37224883686038,8.459319981916348],[126.38332302031066,8.459319981916348],[126.37778592858551,8.453885120231233],[126.37778592858551,8.421274342701329],[126.38332302031066,8.415838945656246],[126.40547138721116,8.415838945656246],[126.40547138721116,8.410403472322516],[126.39439720376092,8.40496792274799],[126.39439720376092,8.394096595067946],[126.38332302031066,8.388660817058144],[126.38332302031066,8.377789032938288],[126.37224883686038,8.372353026923966],[126.36117465341012,8.372353026923966],[126.34456337823472,8.36148078722589],[126.34456337823472,8.34517185922338],[126.35563756168499,8.339735398492639],[126.35010046995987,8.33429886214343],[126.35010046995987,8.3234255627812],[126.36117465341012,8.317988799863974],[126.36117465341012,8.307115047796838],[126.37778592858551,8.296240994405528],[126.39993429548605,8.296240994405528],[126.40547138721116,8.301678058742747],[126.40547138721116,8.28536664007338],[126.36671174513526,8.247304035537503],[126.36117465341012,8.247304035537503],[126.33902628650961,8.230990367720738],[126.33902628650961,8.214676027964723],[126.35010046995987,8.20923776561672],[126.35010046995987,8.198361017564542],[126.36671174513526,8.187483972023998],[126.36671174513526,8.176606629378966],[126.37224883686038,8.171167846762241],[126.38886011203577,8.171167846762241],[126.39439720376092,8.18204533781555],[126.42208266238659,8.18204533781555],[126.4276197541117,8.192922531956324],[126.43315684583682,8.192922531956324],[126.46084230446249,8.220114215796707],[126.47191648791275,8.220114215796707],[126.46637939618763,8.192922531956324],[126.47191648791275,8.187483972023998],[126.47191648791275,8.171167846762241],[126.46084230446249,8.160290059180353],[126.46084230446249,8.12765492110358],[126.45530521273736,8.122215473025804],[126.45530521273736,8.10045694419471],[126.46084230446249,8.095017128097107],[126.46084230446249,8.08413727557039],[126.4442310292871,8.062376690536324],[126.4442310292871,8.024292851473732],[126.43315684583682,8.013411098362496],[126.43315684583682,7.99708792327474],[126.43869393756196,7.991646719658971],[126.43869393756196,7.969881180212784],[126.43315684583682,7.964439614346026],[126.42208266238659,7.964439614346026],[126.41100847893631,7.95899797617342],[126.37224883686038,7.9263466314101745],[126.37224883686038,7.899135197854688],[126.38332302031066,7.8828074765984555],[126.38332302031066,7.871921971095808],[126.39993429548605,7.861036179643985],[126.39439720376092,7.850150102628434],[126.39439720376092,7.833820452516411],[126.41100847893631,7.817490162054654],[126.42208266238659,7.817490162054654],[126.4276197541117,7.812046589825742],[126.4442310292871,7.812046589825742],[126.4442310292871,7.801159232544691],[126.44976812101221,7.795715447588987],[126.47191648791275,7.795715447588987],[126.47745357963787,7.779383668039804],[126.50513903826354,7.746718202212947],[126.50513903826354,7.741273711302761],[126.52728740516407,7.724939816784562],[126.54389868033947,7.724939816784562],[126.54943577206458,7.719495044843478],[126.58265832241538,7.719495044843478],[126.58265832241538,7.708605290598369],[126.57158413896512,7.6977152561911435],[126.57158413896512,7.6868249420080135],[126.57712123069024,7.681379680121187],[126.57712123069024,7.6214772032492775],[126.59373250586563,7.610584941452896],[126.59373250586563,7.605138706773884],[126.58265832241538,7.588799588193531],[126.58265832241538,7.567013131290014],[126.6048066893159,7.556119489938628],[126.61034378104105,7.5288841853725685],[126.61588087276617,7.5234369189284225],[126.61588087276617,7.512542180896198],[126.62141796449129,7.5070947094048845],[126.62141796449129,7.496199561713784],[126.62695505621643,7.49075188561078],[126.62695505621643,7.458064400437557],[126.62141796449129,7.452616248601282],[126.59373250586563,7.452616248601282],[126.57712123069024,7.441719741672398],[126.57158413896512,7.403579838314583],[126.58819541414051,7.387233154492789],[126.59373250586563,7.387233154492789],[126.57712123069024,7.354537974108524],[126.57712123069024,7.343639044960352],[126.58819541414051,7.332739848615123],[126.59373250586563,7.332739848615123],[126.57712123069024,7.321840385460693],[126.57712123069024,7.294590562830131],[126.58819541414051,7.289140399021521],[126.6048066893159,7.272789509903818],[126.62141796449129,7.272789509903818],[126.62695505621643,7.278239872509853],[126.62695505621643,7.272789509903818],[126.61588087276617,7.250987398277108],[126.61034378104105,7.250987398277108],[126.59373250586563,7.234635121653105],[126.59373250586563,7.218282252567432],[126.57158413896512,7.218282252567432],[126.55497286378973,7.2073800113455215],[126.55497286378973,7.191026157736486],[126.56050995551485,7.185574742254056],[126.54389868033947,7.169220103648437],[126.54389868033947,7.158316684931785],[126.54943577206458,7.152864877825315],[126.53836158861434,7.1474130056181915],[126.53836158861434,7.131056998878771],[126.53282449688919,7.125604866754916],[126.52175031343893,7.125604866754916],[126.50513903826354,7.109248081431561],[126.50513903826354,7.103795690168522],[126.49406485481329,7.09289071370121],[126.49406485481329,7.065627143477802],[126.47191648791275,7.054721264787473],[126.47191648791275,7.0110951848905785],[126.44976812101221,7.0110951848905785],[126.43315684583682,7.000188025578371],[126.41100847893631,7.000188025578371],[126.40547138721116,7.005641637128392],[126.36117465341012,7.005641637128392],[126.35010046995987,6.994734350289184],[126.33902628650961,6.96746501945916],[126.32795210305933,6.9620109627570645],[126.32795210305933,6.94019410245114],[126.3058037361588,6.929285292881339],[126.30026664443368,6.934739729243729],[126.2891924609834,6.934739729243729],[126.26704409408289,6.945648412454874],[126.25596991063263,6.956556842656527],[126.22274736028184,6.956556842656527],[126.20613608510645,6.94019410245114],[126.20613608510645,6.9183762308864205],[126.2005989933813,6.9074669168560305],[126.1784506264808,6.9074669168560305],[126.17291353475565,6.902012165449307],[126.17291353475565,6.88564753424762],[126.18952480993104,6.874737466449111],[126.18952480993104,6.863827148174147],[126.2005989933813,6.84200576175438],[126.21167317683158,6.836550259210878],[126.21167317683158,6.8256390673388365],[126.22274736028184,6.820183378107802],[126.22828445200696,6.803815937819752],[126.23935863545724,6.792904000952897],[126.24489572718235,6.792904000952897],[126.25596991063263,6.781991816534699],[126.26704409408289,6.760166706605144],[126.27811827753317,6.749253781874334],[126.26704409408289,6.732883933668388],[126.26704409408289,6.705599626952635],[126.26150700235775,6.700142582092889],[126.26150700235775,6.683771081359179],[126.24489572718235,6.661941561176642],[126.24489572718235,6.645568783345732],[126.23935863545724,6.640111069530394],[126.23935863545724,6.618279609546513],[126.24489572718235,6.612821593614193],[126.24489572718235,6.596447184351779],[126.23935863545724,6.590988927605384],[126.23935863545724,6.580072233917448],[126.24489572718235,6.574613797073663],[126.24489572718235,6.525485174284634],[126.23935863545724,6.514567046857504],[126.22828445200696,6.509107894024245],[126.22828445200696,6.487270689701277],[126.23382154373209,6.481811240617656],[126.23382154373209,6.438133524340363],[126.23935863545724,6.427213507174315],[126.22828445200696,6.421753410645997],[126.22274736028184,6.41083304194356],[126.22274736028184,6.38899160332644],[126.2172102685567,6.3835310978719235],[126.2172102685567,6.356227698246721],[126.20613608510645,6.372609912345423],[126.19506190165619,6.378070534195258],[126.18398771820591,6.378070534195258],[126.18952480993104,6.3835310978719235],[126.18952480993104,6.399912439373132],[126.19506190165619,6.405372769867363],[126.19506190165619,6.416293255552759],[126.18952480993104,6.427213507174315],[126.16183935130537,6.454513109628695],[126.16183935130537,6.465432538942717],[126.14522807612998,6.481811240617656],[126.13415389267975,6.503648681843075],[126.13415389267975,6.514567046857504],[126.1286168009546,6.520026140293937],[126.1286168009546,6.5636967436308655],[126.13415389267975,6.569155300295175],[126.13415389267975,6.596447184351779],[126.12307970922947,6.612821593614193],[126.11754261750433,6.640111069530394],[126.11200552577921,6.645568783345732],[126.11200552577921,6.656484029217702],[126.13415389267975,6.672856442896227],[126.13415389267975,6.689228309247339],[126.1286168009546,6.700142582092889],[126.13969098440487,6.721970394693931],[126.13969098440487,6.73834061115327],[126.12307970922947,6.7547102750129175],[126.12307970922947,6.781991816534699],[126.1286168009546,6.787447939663329],[126.1286168009546,6.820183378107802],[126.12307970922947,6.8256390673388365],[126.12307970922947,6.8474612019712024],[126.11200552577921,6.863827148174147],[126.10093134232893,6.869282338596821],[126.0898571588787,6.869282338596821],[126.08432006715354,6.874737466449111],[126.06217170025303,6.874737466449111],[126.03448624162738,6.902012165449307],[126.03448624162738,6.912921605351305],[126.0234120581771,6.9183762308864205],[126.01787496645198,6.929285292881339],[126.01787496645198,6.9620109627570645],[126.02894914990223,6.978372942473296],[126.02894914990223,6.989280611309496],[126.0234120581771,7.000188025578371],[126.02894914990223,7.005641637128392],[126.02894914990223,7.016548668816275],[126.01787496645198,7.02200208885682],[126.01787496645198,7.027455444963564],[125.99572659955145,7.04926822907948],[125.99018950782633,7.04926822907948],[125.99018950782633,7.071079986362873],[125.95696695747552,7.0983432342422015],[125.94589277402528,7.0983432342422015],[125.94589277402528,7.103795690168522],[125.92928149884986,7.120152669773361],[125.92928149884986,7.141961068359002],[125.934818590575,7.1474130056181915],[125.934818590575,7.163768426889017],[125.92374440712474,7.169220103648437],[125.91820731539961,7.196477507778246],[125.91267022367447,7.201928792330775],[125.91267022367447,7.212831164773925],[125.89052185677396,7.229184231055567],[125.89052185677396,7.234635121653105],[125.87944767332368,7.245536705312411],[125.87944767332368,7.261888586233933],[125.89052185677396,7.283690168898592],[125.89052185677396,7.321840385460693],[125.9015960402242,7.332739848615123],[125.89605894849907,7.359987338362518],[125.89052185677396,7.365436635671821],[125.87391058159857,7.365436635671821],[125.86837348987342,7.370885865987963],[125.83515093952263,7.370885865987963],[125.8130025726221,7.354537974108524],[125.8130025726221,7.349088542958311],[125.78531711399644,7.343639044960352],[125.77978002227132,7.33818948016313],[125.76870583882105,7.33818948016313],[125.76316874709593,7.332739848615123],[125.76316874709593,7.321840385460693],[125.7410203801954,7.300040660275911],[125.71887201329488,7.300040660275911],[125.71333492156974,7.294590562830131],[125.71333492156974,7.283690168898592],[125.70226073811949,7.272789509903818],[125.6856494629441,7.272789509903818],[125.67457527949384,7.261888586233933],[125.67457527949384,7.250987398277108],[125.66350109604356,7.234635121653105],[125.66350109604356,7.180123261379528],[125.6856494629441,7.1474130056181915],[125.68011237121895,7.120152669773361],[125.6524269125933,7.0874381285941634],[125.6524269125933,7.081985478969678],[125.63027854569278,7.060174236269792],[125.62474145396763,7.060174236269792],[125.60813017879224,7.043815129194451],[125.60259308706712,7.043815129194451],[125.59705599534198,7.054721264787473],[125.58044472016658,7.054721264787473],[125.52507380291527,7.005641637128392],[125.52507380291527,7.000188025578371],[125.50292543601475,6.978372942473296],[125.50292543601475,6.912921605351305],[125.46970288566398,6.874737466449111],[125.46970288566398,6.869282338596821],[125.46416579393883,6.869282338596821],[125.44201742703831,6.8529165798126],[125.4254061518629,6.814727626745104],[125.39772069323726,6.798360000354628],[125.39772069323726,6.787447939663329],[125.40325778496239,6.781991816534699],[125.40325778496239,6.7437972272381845],[125.386646509787,6.727427194832338],[125.386646509787,6.705599626952635],[125.39772069323726,6.683771081359179],[125.39772069323726,6.651026436591118],[125.40325778496239,6.645568783345732],[125.40325778496239,6.590988927605384],[125.40879487668751,6.585530610777648],[125.4254061518629,6.585530610777648],[125.44755451876344,6.5636967436308655],[125.4752399773891,6.5636967436308655],[125.48077706911421,6.569155300295175],[125.48077706911421,6.5855305207778425],[125.4973883442896,6.569155300295175],[125.50846252773988,6.54732071481191],[125.51953671119014,6.541861919093225],[125.53061089464042,6.541861919093225],[125.53614798636553,6.536403063733182],[125.53614798636553,6.520026140293937],[125.5472221698158,6.503648681843075],[125.56383344499119,6.503648681843075],[125.58598181189173,6.514567046857504],[125.59151890361686,6.503648681843075],[125.59151890361686,6.481811240617656],[125.60259308706712,6.476351732430736],[125.59705599534198,6.465432538942717],[125.59705599534198,6.432673545088754],[125.6358156374179,6.399912439373132],[125.6358156374179,6.372609912345423],[125.65796400431844,6.356227698246721],[125.65796400431844,6.345305932213122],[125.66903818776868,6.3289228491908744],[125.66903818776868,6.285232091173286],[125.67457527949384,6.279770487875757],[125.67457527949384,6.26884710945638],[125.6856494629441,6.2633853344325905],[125.6856494629441,6.252461613001972],[125.69672364639435,6.241537663387553],[125.70779782984461,6.2360756031340205],[125.71333492156974,6.208764449365058],[125.71887201329488,6.20330204845438],[125.71887201329488,6.1759891958149336],[125.72440910502,6.1705264560133175],[125.72440910502,6.143211913335814],[125.71887201329488,6.13774883641002],[125.71887201329488,6.110432612529643],[125.72994619674515,6.104969200246984],[125.72994619674515,6.099505732243373],[125.72440910502,6.094042208567924],[125.72440910502,6.077651304001662],[125.71333492156974,6.072187558129998],[125.71333492156974,6.02301135699908],[125.70779782984461,6.017547059075793],[125.70779782984461,5.979295438188347],[125.69672364639435,5.9683659115945344],[125.67457527949384,5.919180350225803],[125.60813017879224,5.848126819619567],[125.60813017879224,5.842660788170324],[125.59151890361686,5.8262623738542825],[125.58044472016658,5.804397076678179],[125.56937053671632,5.793464109795833],[125.56937053671632,5.787997546953443],[125.54168507809068,5.755197061384985],[125.54168507809068,5.749730129497634],[125.52507380291527,5.733329018890707],[125.51399961946503,5.711460138382965],[125.50292543601475,5.700525384859622],[125.48631416083937,5.662252109591141],[125.4752399773891,5.651316421730749],[125.4586287022137,5.613039890260311],[125.44755451876344,5.602103276050835],[125.44201742703831,5.585697970915783],[125.43094324358805,5.574760845520769],[125.41986906013777,5.569292206379788],[125.386646509787,5.569292206379788],[125.38110941806185,5.574760845520769],[125.34234977598595,5.574760845520769],[125.33127559253568,5.580229433715882],[125.33127559253568,5.602103276050835],[125.33681268426079,5.607571608776517],[125.33681268426079,5.6185081204528915],[125.34788686771107,5.629444426767101],[125.34788686771107,5.640380527324569],[125.33127559253568,5.6677198759433915],[125.33127559253568,5.6786552532454815],[125.32573850081056,5.689590423015683],[125.30359013391002,5.7169274369011935],[125.27590467528435,5.7169274369011935],[125.26483049183409,5.727861877204345],[125.26483049183409,5.7442631450866255],[125.2482192166587,5.766130767391638],[125.2482192166587,5.771597541412417],[125.23714503320844,5.782530931242576],[125.22053375803304,5.782530931242576],[125.22053375803304,5.793464109795833],[125.2094595745828,5.798930619720494],[125.2094595745828,5.815329831495641],[125.23714503320844,5.815329831495641],[125.24268212493358,5.820796129256934],[125.24268212493358,5.837194703360211],[125.25375630838384,5.848126819619567],[125.25375630838384,5.880921884980213],[125.27590467528435,5.902784188435486],[125.29805304218489,5.902784188435486],[125.30359013391002,5.908249629666749],[125.30359013391002,5.941041142352606],[125.30912722563514,5.951971213133343],[125.32573850081056,5.9683659115945344],[125.32573850081056,6.012082706217612],[125.31466431736028,6.02301135699908],[125.31466431736028,6.066723756832079],[125.30912722563514,6.072187558129998],[125.30912722563514,6.083114994397952],[125.29805304218489,6.088578629269746],[125.27590467528435,6.110432612529643],[125.26483049183409,6.110432612529643],[125.25929340010897,6.104969200246984],[125.24268212493358,6.104969200246984],[125.22053375803304,6.115895969042245],[125.18177411595714,6.115895969042245],[125.176237024232,6.110432612529643],[125.176237024232,6.099505732243373],[125.17069993250686,6.094042208567924],[125.17069993250686,6.077651304001662],[125.16516284078172,6.072187558129998],[125.16516284078172,6.050332020872055],[125.1596257490566,6.044867998360393],[125.1596257490566,6.028475599938328],[125.13747738215609,5.984760119623649],[125.10979192353042,5.962901066534361],[125.10979192353042,5.913715016946586],[125.09318064835502,5.897318693301998],[125.09318064835502,5.880921884980213],[125.09871774008016,5.869990410823329],[125.09318064835502,5.864524593309811],[125.02673554765344,5.864524593309811],[125.0211984559283,5.859058722238532],[124.97690172212725,5.859058722238532],[124.97136463040214,5.864524593309811],[124.94367917177647,5.864524593309811],[124.92153080487596,5.875456174729867],[124.90491952970055,5.875456174729867],[124.88277116280003,5.886387541525156],[124.87169697934976,5.886387541525156],[124.77202932829739,5.935576025567794],[124.76095514484713,5.935576025567794],[124.74434386967174,5.9465062048908495],[124.73326968622149,5.9465062048908495],[124.71665841104608,5.957436167030906],[124.70558422759584,5.957436167030906],[124.69451004414556,5.962901066534361],[124.66128749379479,5.995689318525225],[124.62252785171886,5.995689318525225],[124.60037948481832,6.02301135699908],[124.57269402619266,6.02301135699908],[124.56715693446753,6.028475599938328],[124.545008567567,6.028475599938328],[124.50071183376595,6.050332020872055],[124.48963765031571,6.061259900157029],[124.4730263751403,6.066723756832079],[124.45087800823978,6.088578629269746],[124.42872964133925,6.099505732243373],[124.41211836616385,6.099505732243373],[124.37889581581307,6.1213592697356844],[124.3456732654623,6.1213592697356844],[124.30691362338636,6.15413789894437],[124.30137653166123,6.165063659901632],[124.28476525648583,6.165063659901632],[124.2792281647607,6.159600807528954],[124.23493143095965,6.1978395909392106],[124.22939433923453,6.1978395909392106],[124.20170888060888,6.225151311979544],[124.20170888060888,6.241537663387553],[124.19617178888373,6.246999666693217],[124.19617178888373,6.257923502264775],[124.1906346971586,6.26884710945638],[124.16848633025806,6.290693637130674],[124.16294923853295,6.290693637130674],[124.14633796335755,6.307077930471779],[124.13526377990729,6.312539246578403],[124.13526377990729,6.3180005050998],[124.12418959645701,6.3289228491908744],[124.12418959645701,6.334383934662539],[124.10757832128162,6.356227698246721],[124.1020412295565,6.3835310978719235],[124.09096704610623,6.394452050509834],[124.07435577093085,6.394452050509834],[124.06328158748057,6.41083304194356],[124.06328158748057,6.487270689701277],[124.05220740403031,6.498189410362911],[124.05220740403031,6.509107894024245],[124.04667031230518,6.514567046857504],[124.05220740403031,6.520026140293937],[124.06881867920569,6.520026140293937],[124.08542995438111,6.530944148780683],[124.08542995438111,6.54732071481191],[124.06328158748057,6.558238127129625],[124.07435577093085,6.580072233917448],[124.07435577093085,6.6073635174050525],[124.07989286265597,6.612821593614193],[124.07989286265597,6.629195460385251],[124.06881867920569,6.645568783345732],[124.06881867920569,6.656484029217702],[124.04667031230518,6.700142582092889],[124.04667031230518,6.721970394693931],[124.05774449575546,6.721970394693931],[124.06328158748057,6.727427194832338],[124.06328158748057,6.771079384955365],[124.03005903712979,6.803815937819752],[124.01898485367953,6.803815937819752],[124.00237357850413,6.787447939663329],[123.99683648677899,6.787447939663329],[123.99683648677899,6.792904000952897],[123.98576230332874,6.803815937819752],[123.98576230332874,6.84200576175438],[123.99683648677899,6.8529165798126],[123.99683648677899,6.863827148174147],[123.98576230332874,6.88564753424762],[123.98576230332874,6.902012165449307],[123.99683648677899,6.912921605351305],[123.99683648677899,6.956556842656527],[124.00791067022925,6.972919012714131],[124.01344776195441,7.000188025578371],[124.01898485367953,7.005641637128392],[124.01898485367953,7.016548668816275],[124.02452194540464,7.02200208885682],[124.02452194540464,7.032908737087847],[124.06328158748057,7.103795690168522],[124.06328158748057,7.11470040798271],[124.09096704610623,7.131056998878771],[124.12972668818216,7.136509066096331],[124.14633796335755,7.152864877825315],[124.15741214680783,7.158316684931785],[124.17956051370834,7.158316684931785],[124.18509760543348,7.163768426889017],[124.18509760543348,7.185574742254056],[124.1906346971586,7.191026157736486],[124.1906346971586,7.212831164773925],[124.21278306405911,7.223733274677496],[124.21278306405911,7.240085946421565],[124.21832015578426,7.234635121653105],[124.22939433923453,7.234635121653105],[124.24046852268478,7.250987398277108],[124.24046852268478,7.261888586233933],[124.22939433923453,7.267339081129005],[124.24046852268478,7.278239872509853],[124.24046852268478,7.321840385460693],[124.23493143095965,7.332739848615123],[124.27369107303558,7.332739848615123],[124.28476525648583,7.354537974108524],[124.28476525648583,7.370885865987963],[124.27369107303558,7.3817841254469085],[124.27369107303558,7.4144772909480725],[124.26815398131043,7.419925916145171],[124.24046852268478,7.419925916145171],[124.23493143095965,7.4144772909480725],[124.22385724750939,7.4144772909480725],[124.21832015578426,7.419925916145171],[124.1906346971586,7.419925916145171],[124.1906346971586,7.42537447386459],[124.17956051370834,7.436271386676633],[124.16848633025806,7.436271386676633],[124.16294923853295,7.441719741672398],[124.16848633025806,7.447168028996755],[124.16848633025806,7.463512484457167],[124.15741214680783,7.474408448852721],[124.15187505508267,7.49075188561078],[124.14080087163241,7.501647169661282],[124.12418959645701,7.5343313833709],[124.10757832128162,7.550672566207272],[124.09650413783136,7.5724598488133275],[124.08542995438111,7.5833530773134346],[124.08542995438111,7.588799588193531],[124.05774449575546,7.6214772032492775],[124.05774449575546,7.626923230269991],[124.04113322058006,7.643260895242382],[124.01898485367953,7.643260895242382],[124.01344776195441,7.6487066447088745],[124.00237357850413,7.6487066447088745],[123.99129939505387,7.665043475859123],[123.98576230332874,7.665043475859123],[123.96915102815335,7.681379680121187],[123.95807684470309,7.681379680121187],[123.9414655695277,7.692270134047426],[123.93039138607743,7.692270134047426],[123.91378011090204,7.703160308390885],[123.83072373502506,7.703160308390885],[123.81411245984967,7.714050202765323],[123.79750118467427,7.714050202765323],[123.79750118467427,7.719495044843478],[123.77535281777374,7.741273711302761],[123.76427863432347,7.741273711302761],[123.76427863432347,7.763051252480327],[123.74766735914808,7.779383668039804],[123.7365931756978,7.801159232544691],[123.71998190052243,7.801159232544691],[123.6978335336219,7.8229336632782065],[123.68122225844652,7.8229336632782065],[123.67568516672137,7.8283770934481955],[123.6646109832711,7.8283770934481955],[123.65907389154599,7.839263740434655],[123.62031424947006,7.839263740434655],[123.60924006601981,7.850150102628434],[123.58709169911927,7.861036179643985],[123.55386914876848,7.861036179643985],[123.53172078186796,7.8447069571547265],[123.50403532324229,7.839263740434655],[123.4874240480669,7.8229336632782065],[123.44312731426585,7.8229336632782065],[123.42651603909046,7.806602946639682],[123.42651603909046,7.795715447588987],[123.43205313081559,7.790271591820787],[123.42097894736534,7.784827665288319],[123.42097894736534,7.768495461587573],[123.43205313081559,7.757606972849977],[123.43205313081559,7.752162622744771],[123.44312731426585,7.746718202212947],[123.45973858944124,7.73038451854031],[123.47634986461664,7.73038451854031],[123.48188695634178,7.724939816784562],[123.48188695634178,7.670488946998451],[123.47081277289152,7.659597935065552],[123.45973858944124,7.632369187974627],[123.44866440599098,7.626923230269991],[123.43205313081559,7.626923230269991],[123.42651603909046,7.6214772032492775],[123.40990476391508,7.6214772032492775],[123.40436767218992,7.616031106960803],[123.38775639701454,7.616031106960803],[123.3766822135643,7.605138706773884],[123.3766822135643,7.588799588193531],[123.34899675493864,7.577906497503917],[123.33792257148836,7.561566344982329],[123.33792257148836,7.53977851287504],[123.34899675493864,7.5288841853725685],[123.37114512183915,7.51798958408684],[123.38221930528941,7.51798958408684],[123.3766822135643,7.512542180896198],[123.3766822135643,7.485304141400669],[123.38775639701454,7.474408448852721],[123.38775639701454,7.463512484457167],[123.39329348873969,7.452616248601282],[123.40990476391508,7.441719741672398],[123.43205313081559,7.441719741672398],[123.44866440599098,7.430822964057887],[123.43759022254073,7.42537447386459],[123.43759022254073,7.398131010975077],[123.44866440599098,7.37633502926248],[123.42651603909046,7.37633502926248],[123.42097894736534,7.365436635671821],[123.4154418556402,7.37633502926248],[123.40436767218992,7.3817841254469085],[123.40436767218992,7.392682116351664],[123.38775639701454,7.409028598321728],[123.37114512183915,7.409028598321728],[123.36560803011402,7.4144772909480725],[123.35453384666376,7.4144772909480725],[123.34899675493864,7.419925916145171],[123.34899675493864,7.436271386676633],[123.34345966321348,7.447168028996755],[123.31023711286271,7.463512484457167],[123.31023711286271,7.474408448852721],[123.31577420458783,7.479856329131849],[123.31577420458783,7.501647169661282],[123.32131129631297,7.5070947094048845],[123.32131129631297,7.5288841853725685],[123.31577420458783,7.5343313833709],[123.29362583768732,7.5343313833709],[123.28808874596217,7.53977851287504],[123.2216436452606,7.53977851287504],[123.20503237008522,7.51798958408684],[123.19395818663494,7.51798958408684],[123.18288400318468,7.501647169661282],[123.18288400318468,7.49075188561078],[123.1718098197344,7.501647169661282],[123.15519854455901,7.501647169661282],[123.14412436110875,7.512542180896198],[123.13858726938363,7.512542180896198],[123.13858726938363,7.5234369189284225],[123.12751308593336,7.545225573836621],[123.13858726938363,7.545225573836621],[123.1496614528339,7.556119489938628],[123.1496614528339,7.561566344982329],[123.17734691145955,7.561566344982329],[123.18288400318468,7.556119489938628],[123.19395818663494,7.556119489938628],[123.21610655353545,7.577906497503917],[123.21610655353545,7.610584941452896],[123.20503237008522,7.6214772032492775],[123.19395818663494,7.6214772032492775],[123.19949527836008,7.626923230269991],[123.19949527836008,7.637815076314861],[123.19395818663494,7.643260895242382],[123.17734691145955,7.643260895242382],[123.1718098197344,7.6487066447088745],[123.16073563628416,7.6487066447088745],[123.15519854455901,7.659597935065552],[123.1496614528339,7.659597935065552],[123.16627272800929,7.681379680121187],[123.16627272800929,7.6977152561911435],[123.1496614528339,7.719495044843478],[123.13858726938363,7.719495044843478],[123.13858726938363,7.73038451854031],[123.12197599420824,7.741273711302761],[123.11090181075797,7.741273711302761],[123.0998276273077,7.73038451854031],[123.0998276273077,7.708605290598369],[123.09429053558257,7.708605290598369],[123.08321635213231,7.6977152561911435],[123.08321635213231,7.6868249420080135],[123.07214216868203,7.6868249420080135],[123.05553089350666,7.675934348435236],[123.05553089350666,7.665043475859123],[123.04999380178153,7.665043475859123],[123.03891961833126,7.6541523246660335],[123.03891961833126,7.643260895242382],[123.04999380178153,7.632369187974627],[123.04999380178153,7.626923230269991],[123.03338252660613,7.626923230269991],[123.02784543488099,7.6214772032492775],[123.02784543488099,7.561566344982329],[123.02230834315587,7.556119489938628],[123.02230834315587,7.545225573836621],[123.00569706798048,7.5343313833709],[123.00569706798048,7.512542180896198],[122.99462288453022,7.501647169661282],[122.99462288453022,7.485304141400669],[123.00015997625533,7.479856329131849],[122.99462288453022,7.474408448852721],[122.98908579280508,7.485304141400669],[122.96140033417943,7.485304141400669],[122.96140033417943,7.49075188561078],[122.95032615072915,7.501647169661282],[122.95032615072915,7.5234369189284225],[122.93371487555378,7.5343313833709],[122.92817778382862,7.545225573836621],[122.88941814175271,7.545225573836621],[122.88388105002757,7.53977851287504],[122.88388105002757,7.51798958408684],[122.87834395830245,7.5070947094048845],[122.86173268312706,7.5070947094048845],[122.8506584996768,7.496199561713784],[122.8506584996768,7.479856329131849],[122.86726977485218,7.468960500611691],[122.86726977485218,7.458064400437557],[122.86173268312706,7.458064400437557],[122.8506584996768,7.447168028996755],[122.8340472245014,7.447168028996755],[122.83958431622652,7.458064400437557],[122.83958431622652,7.468960500611691],[122.82851013277627,7.474408448852721],[122.82851013277627,7.479856329131849],[122.81743594932601,7.49075188561078],[122.80082467415062,7.49075188561078],[122.81189885760087,7.5070947094048845],[122.81743594932601,7.501647169661282],[122.83958431622652,7.501647169661282],[122.84512140795167,7.5070947094048845],[122.84512140795167,7.545225573836621],[122.83958431622652,7.550672566207272],[122.83958431622652,7.561566344982329],[122.82851013277627,7.567013131290014],[122.82851013277627,7.577906497503917],[122.81189885760087,7.588799588193531],[122.81189885760087,7.643260895242382],[122.80636176587575,7.6487066447088745],[122.80636176587575,7.675934348435236],[122.82851013277627,7.692270134047426],[122.84512140795167,7.692270134047426],[122.8506584996768,7.6977152561911435],[122.8506584996768,7.719495044843478],[122.84512140795167,7.724939816784562],[122.8340472245014,7.724939816784562],[122.8340472245014,7.752162622744771],[122.82851013277627,7.757606972849977],[122.81189885760087,7.757606972849977],[122.80082467415062,7.773939600123478],[122.78421339897521,7.773939600123478],[122.77313921552496,7.763051252480327],[122.75652794034957,7.763051252480327],[122.74545375689931,7.768495461587573],[122.73437957344903,7.790271591820787],[122.69008283964799,7.790271591820787],[122.67900865619771,7.784827665288319],[122.67347156447259,7.790271591820787],[122.6568602892972,7.790271591820787],[122.64578610584694,7.779383668039804],[122.62917483067154,7.779383668039804],[122.6236377389464,7.773939600123478],[122.61256355549615,7.773939600123478],[122.60148937204589,7.763051252480327],[122.60148937204589,7.757606972849977],[122.59041518859561,7.757606972849977],[122.5848780968705,7.752162622744771],[122.56272972996996,7.752162622744771],[122.52950717961917,7.714050202765323],[122.52397008789403,7.6977152561911435],[122.51289590444378,7.6977152561911435],[122.49074753754324,7.675934348435236],[122.48521044581813,7.659597935065552],[122.47967335409298,7.659597935065552],[122.46859917064273,7.6487066447088745],[122.46859917064273,7.626923230269991],[122.45198789546733,7.610584941452896],[122.44091371201708,7.610584941452896],[122.43537662029193,7.605138706773884],[122.43537662029193,7.594246030095865],[122.41876534511654,7.5833530773134346],[122.41876534511654,7.561566344982329],[122.43537662029193,7.550672566207272],[122.4298395285668,7.550672566207272],[122.42430243684169,7.545225573836621],[122.42430243684169,7.5288841853725685],[122.4298395285668,7.5234369189284225],[122.41322825339142,7.5070947094048845],[122.40215406994115,7.5070947094048845],[122.39107988649089,7.496199561713784],[122.38000570304061,7.496199561713784],[122.36339442786522,7.479856329131849],[122.3412460609647,7.479856329131849],[122.33570896923956,7.474408448852721],[122.33570896923956,7.458064400437557],[122.3412460609647,7.452616248601282],[122.33570896923956,7.447168028996755],[122.33570896923956,7.409028598321728],[122.3412460609647,7.403579838314583],[122.33570896923956,7.398131010975077],[122.33570896923956,7.387233154492789],[122.3412460609647,7.3817841254469085],[122.3578573361401,7.3817841254469085],[122.36339442786522,7.37633502926248],[122.37446861131549,7.37633502926248],[122.37446861131549,7.365436635671821],[122.3412460609647,7.327290150364816],[122.33570896923956,7.332739848615123],[122.29694932716366,7.332739848615123],[122.28587514371338,7.321840385460693],[122.28587514371338,7.310940655884972],[122.28033805198827,7.305490691310359],[122.28033805198827,7.283690168898592],[122.269263868538,7.267339081129005],[122.269263868538,7.250987398277108],[122.26372677681285,7.245536705312411],[122.26372677681285,7.229184231055567],[122.25265259336261,7.218282252567432],[122.25265259336261,7.2073800113455215],[122.24711550163747,7.196477507778246],[122.23604131818719,7.185574742254056],[122.24157840991234,7.158316684931785],[122.24711550163747,7.152864877825315],[122.24711550163747,7.1474130056181915],[122.23604131818719,7.136509066096331],[122.23604131818719,7.120152669773361],[122.24157840991234,7.109248081431561],[122.22496713473694,7.0874381285941634],[122.19174458438614,7.071079986362873],[122.19174458438614,7.04926822907948],[122.19728167611129,7.043815129194451],[122.19728167611129,7.027455444963564],[122.18620749266103,7.02200208885682],[122.18620749266103,7.0110951848905785],[122.17513330921075,7.000188025578371],[122.17513330921075,6.983826808687975],[122.16959621748563,6.978372942473296],[122.16959621748563,6.945648412454874],[122.15852203403536,6.934739729243729],[122.1474478505851,6.934739729243729],[122.14191075885998,6.929285292881339],[122.14191075885998,6.9074669168560305],[122.13637366713485,6.9074669168560305],[122.11976239195944,6.891102474096383],[122.10315111678405,6.891102474096383],[122.09761402505892,6.896557351179852],[122.08653984160865,6.896557351179852],[122.06439147470815,6.912921605351305],[122.04778019953272,6.912921605351305],[122.03116892435733,6.923830793412667],[122.0200947409071,6.923830793412667],[121.98687219055628,6.945648412454874],[121.98133509883117,6.956556842656527],[121.94811254848038,6.956556842656527],[121.93703836503012,6.96746501945916],[121.93150127330496,6.994734350289184],[121.92596418157984,7.000188025578371],[121.92596418157984,7.02200208885682],[121.92042708985473,7.027455444963564],[121.92042708985473,7.043815129194451],[121.90935290640445,7.060174236269792],[121.90935290640445,7.09289071370121],[121.9038158146793,7.0983432342422015],[121.90935290640445,7.103795690168522],[121.90935290640445,7.136509066096331],[121.92596418157984,7.169220103648437],[121.92596418157984,7.180123261379528],[121.96472382365577,7.218282252567432],[121.96472382365577,7.223733274677496],[121.97579800710602,7.234635121653105],[121.98133509883117,7.234635121653105],[121.99240928228143,7.245536705312411],[122.00348346573168,7.245536705312411],[122.01455764918194,7.256438025267124],[122.01455764918194,7.261888586233933],[122.03116892435733,7.261888586233933],[122.03670601608248,7.267339081129005],[122.058854382983,7.267339081129005],[122.07546565815838,7.283690168898592],[122.07546565815838,7.305490691310359],[122.06439147470815,7.316390553951247],[122.05331729125787,7.316390553951247],[122.04778019953272,7.321840385460693],[122.04778019953272,7.343639044960352],[122.04224310780761,7.349088542958311],[122.058854382983,7.359987338362518],[122.058854382983,7.37633502926248],[122.06992856643326,7.392682116351664],[122.06992856643326,7.430822964057887],[122.06439147470815,7.441719741672398],[122.07546565815838,7.452616248601282],[122.07546565815838,7.463512484457167],[122.08100274988354,7.474408448852721],[122.09761402505892,7.485304141400669],[122.09761402505892,7.496199561713784],[122.08653984160865,7.5070947094048845],[122.1086882085092,7.5070947094048845],[122.11422530023431,7.512542180896198],[122.11422530023431,7.5288841853725685],[122.11976239195944,7.5288841853725685],[122.12529948368459,7.53977851287504],[122.14191075885998,7.545225573836621],[122.15298494231024,7.556119489938628],[122.15298494231024,7.5833530773134346],[122.14191075885998,7.594246030095865],[122.1308365754097,7.594246030095865],[122.1308365754097,7.616031106960803],[122.1474478505851,7.626923230269991],[122.1474478505851,7.675934348435236],[122.14191075885998,7.681379680121187],[122.14191075885998,7.692270134047426],[122.1308365754097,7.703160308390885],[122.1308365754097,7.719495044843478],[122.11422530023431,7.735829150062464],[122.1308365754097,7.746718202212947],[122.13637366713485,7.784827665288319],[122.15298494231024,7.795715447588987],[122.15298494231024,7.817490162054654],[122.16405912576049,7.8229336632782065],[122.16405912576049,7.8447069571547265],[122.1806704009359,7.861036179643985],[122.20835585956156,7.871921971095808],[122.23050422646207,7.893692695766535],[122.23604131818719,7.9100199867984085],[122.24711550163747,7.915462273557661],[122.24711550163747,7.937230701387058],[122.23604131818719,7.9481144831031685],[122.23604131818719,7.953556265743092],[122.24157840991234,7.953556265743092]],[[124.8606227958995,6.69468547617485],[124.84401152072411,6.69468547617485],[124.83847442899898,6.689228309247339],[124.83847442899898,6.667399032419095],[124.82740024554872,6.645568783345732],[124.81632606209844,6.634653295193949],[124.81632606209844,6.612821593614193],[124.83847442899898,6.601905380967958],[124.84954861244925,6.601905380967958],[124.85508570417437,6.596447184351779],[124.87169697934976,6.596447184351779],[124.8938453462503,6.634653295193949],[124.8938453462503,6.656484029217702],[124.88830825452516,6.667399032419095],[124.87169697934976,6.678313792559199],[124.87169697934976,6.683771081359179],[124.8606227958995,6.69468547617485]],[[124.05774449575546,7.801159232544691],[124.04667031230518,7.790271591820787],[124.04667031230518,7.779383668039804],[124.05774449575546,7.768495461587573],[124.07989286265597,7.768495461587573],[124.08542995438111,7.773939600123478],[124.08542995438111,7.790271591820787],[124.07435577093085,7.801159232544691],[124.05774449575546,7.801159232544691]],[[123.19395818663494,7.850150102628434],[123.1884210949098,7.855593176807585],[123.17734691145955,7.855593176807585],[123.16073563628416,7.8447069571547265],[123.16073563628416,7.8283770934481955],[123.16627272800929,7.8229336632782065],[123.17734691145955,7.8229336632782065],[123.19395818663494,7.839263740434655],[123.19395818663494,7.850150102628434]],[[124.24046852268478,7.920904488444299],[124.22939433923453,7.9100199867984085],[124.22939433923453,7.893692695766535],[124.21278306405911,7.888250121998402],[124.207245972334,7.877364759614865],[124.18509760543348,7.877364759614865],[124.17402342198321,7.871921971095808],[124.16848633025806,7.861036179643985],[124.15741214680783,7.855593176807585],[124.13526377990729,7.855593176807585],[124.12972668818216,7.850150102628434],[124.13526377990729,7.812046589825742],[124.15187505508267,7.801159232544691],[124.1906346971586,7.801159232544691],[124.21278306405911,7.790271591820787],[124.21832015578426,7.779383668039804],[124.23493143095965,7.779383668039804],[124.24046852268478,7.773939600123478],[124.26261688958532,7.773939600123478],[124.26815398131043,7.779383668039804],[124.28476525648583,7.779383668039804],[124.29030234821097,7.784827665288319],[124.30137653166123,7.784827665288319],[124.30691362338636,7.779383668039804],[124.33459908201202,7.779383668039804],[124.34013617373714,7.784827665288319],[124.34013617373714,7.795715447588987],[124.33459908201202,7.801159232544691],[124.33459908201202,7.812046589825742],[124.3290619902869,7.8229336632782065],[124.33459908201202,7.8283770934481955],[124.35121035718741,7.8283770934481955],[124.35674744891253,7.833820452516411],[124.35674744891253,7.8447069571547265],[124.3456732654623,7.861036179643985],[124.3456732654623,7.899135197854688],[124.36228454063767,7.9100199867984085],[124.36228454063767,7.915462273557661],[124.37889581581307,7.915462273557661],[124.39550709098846,7.937230701387058],[124.39550709098846,7.9481144831031685],[124.3844329075382,7.95899797617342],[124.37335872408795,7.95899797617342],[124.36228454063767,7.969881180212784],[124.3678216323628,7.99708792327474],[124.36228454063767,8.002529054295984],[124.34013617373714,8.002529054295984],[124.3290619902869,7.991646719658971],[124.31798780683663,7.991646719658971],[124.31245071511148,7.99708792327474],[124.30137653166123,7.99708792327474],[124.29583943993609,7.9862054434967815],[124.28476525648583,7.980764094836279],[124.28476525648583,7.969881180212784],[124.2792281647607,7.969881180212784],[124.26261688958532,7.953556265743092],[124.25154270613504,7.9481144831031685],[124.25154270613504,7.937230701387058],[124.24046852268478,7.931788702407144],[124.24046852268478,7.920904488444299]],[[124.15187505508267,8.013411098362496],[124.15187505508267,8.024292851473732],[124.14633796335755,8.029733618800893],[124.12418959645701,8.029733618800893],[124.11311541300677,8.01885201131157],[124.11311541300677,8.002529054295984],[124.1186525047319,7.99708792327474],[124.13526377990729,7.99708792327474],[124.14080087163241,8.0079701126746],[124.15187505508267,8.013411098362496]],[[125.58598181189173,9.365829334169238],[125.59705599534198,9.376671875238737],[125.59705599534198,9.387514077500263],[125.58598181189173,9.39293505146002],[125.58044472016658,9.40377674480152],[125.59151890361686,9.414618098391045],[125.59151890361686,9.430879490914622],[125.58598181189173,9.436299784804241],[125.58598181189173,9.447140116873106],[125.59151890361686,9.45256015495802],[125.59151890361686,9.468819756848792],[125.59705599534198,9.474239453200555],[125.59705599534198,9.485078589203484],[125.60259308706712,9.490498028760372],[125.60259308706712,9.512174929591033],[125.56383344499119,9.539269122952485],[125.52507380291527,9.539269122952485],[125.51953671119014,9.528431703627932],[125.51399961946503,9.528431703627932],[125.50292543601475,9.517593940213866],[125.50292543601475,9.506755833087148],[125.50846252773988,9.501336650749328],[125.50846252773988,9.463399974993015],[125.52507380291527,9.430879490914622],[125.52507380291527,9.414618098391045],[125.53061089464042,9.409197464088873],[125.53061089464042,9.3820930187441],[125.54168507809068,9.365829334169238],[125.54168507809068,9.354986454669474],[125.55275926154093,9.344143237117214],[125.57490762844147,9.344143237117214],[125.58598181189173,9.365829334169238]]],[[[121.23382771593842,14.311665109717262],[121.22829062421329,14.306340967697828],[121.22829062421329,14.295692305195447],[121.22275353248814,14.306340967697828],[121.22275353248814,14.316989125524884],[121.21167934903788,14.332960415247118],[121.21167934903788,14.35425369863805],[121.21721644076302,14.359576703204445],[121.21721644076302,14.407478042223179],[121.22275353248814,14.402156178587461],[121.22275353248814,14.364899581172429],[121.22829062421329,14.359576703204445],[121.22829062421329,14.348930567516181],[121.23382771593842,14.343607309881772],[121.25043899111381,14.343607309881772],[121.25597608283896,14.33828392577777],[121.24490189938868,14.332960415247118],[121.23382771593842,14.332960415247118],[121.22829062421329,14.327636778332781],[121.22829062421329,14.316989125524884],[121.23382771593842,14.311665109717262]]],[[[122.03116892435733,16.082603566427313],[122.03116892435733,16.093162407920595],[122.04224310780761,16.103720688053823],[122.05331729125787,16.103720688053823],[122.05331729125787,16.087883057323417],[122.03670601608248,16.072044163902746],[122.03670601608248,16.066764252356492],[122.01455764918194,16.056204008901638],[122.03116892435733,16.082603566427313]]],[[[121.12862297316093,14.535164575553734],[121.11201169798554,14.535164575553734],[121.10647460626039,14.529845771371606],[121.10093751453526,14.535164575553734],[121.089863331085,14.535164575553734],[121.07878914763472,14.513888591179649],[121.0732520559096,14.513888591179649],[121.0732520559096,14.524526839220044],[121.06771496418449,14.529845771371606],[121.06771496418449,14.567074710894452],[121.06217787245934,14.57239261809369],[121.06217787245934,14.614931252892914],[121.05664078073421,14.620248003753087],[121.05664078073421,14.66809296507752],[121.05110368900907,14.67340842706325],[121.05110368900907,14.705298485926534],[121.04556659728395,14.710613043164352],[121.04556659728395,14.737183887201487],[121.04002950555882,14.742497667280613],[121.04002950555882,14.774377623083888],[121.03449241383368,14.779690494542312],[121.03449241383368,14.806252901389335],[121.02895532210856,14.811564992372316],[121.02895532210856,14.832812053600453],[121.02341823038341,14.838123493019252],[121.02341823038341,14.864678732661835],[121.01788113865828,14.869989388803086],[121.01788113865828,14.891230705996835],[121.01234404693317,14.896540708240485],[121.01234404693317,14.923088755010983],[121.00680695520802,14.92839797117898],[121.00680695520802,14.949633523818958],[121.0012698634829,14.95494208375928],[121.0012698634829,14.9814829120269],[120.99573277175777,14.9867906830975],[120.99573277175777,15.008020450693854],[120.99019568003263,15.013327563210064],[120.99019568003263,15.039861147380972],[120.98465858830751,15.045167468237423],[120.98465858830751,15.0663914303299],[120.97912149658237,15.071697090308625],[120.97912149658237,15.098223404826053],[120.97358440485723,15.103528270359032],[120.97358440485723,15.124746406517076],[120.96804731313212,15.130050608852365],[120.96804731313212,15.15126609011254],[120.96251022140697,15.156569628196728],[120.96251022140697,15.183085323127182],[120.95697312968184,15.188388062720538],[120.95697312968184,15.209597688382297],[120.9514360379567,15.214899761409521],[120.9514360379567,15.241408124114074],[120.94589894623158,15.246709395874463],[120.94589894623158,15.2679131455805],[120.94036185450646,15.273213748463133],[120.94036185450646,15.299714753513884],[120.9348247627813,15.305014552357779],[120.9348247627813,15.32621240578077],[120.92928767105619,15.331511533438693],[120.92928767105619,15.35800515544527],[120.92375057933107,15.363303476296645],[120.92375057933107,15.384495413139348],[120.91821348760593,15.38979306049995],[120.91821348760593,15.416279274109632],[120.9126763958808,15.421576111899995],[120.9126763958808,15.442762111895313],[120.90160221243053,15.463945948018033],[120.90160221243053,15.474537053791337],[120.8960651207054,15.479832403459758],[120.8960651207054,15.495717639090955],[120.89052802898026,15.501012446370824],[120.89052802898026,15.511601653784325],[120.88499093725514,15.516896053834488],[120.87945384553,15.553953048702496],[120.87391675380486,15.559246360971358],[120.87391675380486,15.57512548064963],[120.8628425703546,15.596295732032553],[120.8628425703546,15.60688003917945],[120.85730547862948,15.612171987971044],[120.85730547862948,15.63333841695395],[120.85176838690435,15.638629682445782],[120.85176838690435,15.665083957302063],[120.84623129517921,15.670374401461721],[120.84623129517921,15.691534807343066],[120.84069420345409,15.69682456591637],[120.84069420345409,15.72327129932431],[120.83515711172895,15.728560233823607],[120.83515711172895,15.744426212209975],[120.82962002000382,15.749714596496649],[120.82962002000382,15.770866756660235],[120.8240829282787,15.776154452248074],[120.8240829282787,15.792016711661159],[120.80193456137816,15.83430999556957],[120.77978619447765,15.860738803970905],[120.68011854342528,16.050923677075286],[120.67458145170013,16.07732393527339],[120.66904435997502,16.082603566427313],[120.66904435997502,16.09844161817776],[120.66350726824989,16.103720688053823],[120.66350726824989,16.119557054984618],[120.65243308479963,16.140670243065323],[120.64689599307448,16.177612903308162],[120.64135890134935,16.182889862541224],[120.64135890134935,16.198719893850292],[120.63582180962423,16.203996288686664],[120.63582180962423,16.219824625822262],[120.63028471789909,16.225100455606423],[120.63028471789909,16.246202360679394],[120.62474762617396,16.251477483227056],[120.62474762617396,16.272576557307886],[120.61921053444881,16.277850971596127],[120.61921053444881,16.425476861952294],[120.62474762617396,16.430747148201863],[120.62474762617396,16.457096434269776],[120.63028471789909,16.462365862162486],[120.63028471789909,16.472904288301567],[120.63582180962423,16.483442141307723],[120.66350726824989,16.509784264232252],[120.66904435997502,16.509784264232252],[120.68011854342528,16.520320108712305],[120.70226691032579,16.530855378596478],[120.71887818550118,16.530855378596478],[120.72441527722633,16.536122797963582],[120.79639746965304,16.536122797963582],[120.80193456137816,16.530855378596478],[120.81854583655355,16.530855378596478],[120.8240829282787,16.52558781549918],[120.83515711172895,16.52558781549918],[120.85730547862948,16.515052258276455],[120.8960651207054,16.478173286466593],[120.90160221243053,16.478173286466593],[121.05110368900907,16.330587310133804],[121.0732520559096,16.320041178584304],[121.08432623935988,16.309494478629],[121.13416006488605,16.288399374808026],[121.14523424833632,16.277850971596127],[121.17291970696198,16.267302001285962],[121.18399389041224,16.256752464204645],[121.19506807386249,16.251477483227056],[121.20614225731275,16.251477483227056],[121.23382771593842,16.23565169103752],[121.24490189938868,16.23565169103752],[121.25043899111381,16.23037614402516],[121.26705026628919,16.23037614402516],[121.27258735801435,16.225100455606423],[121.31134700009025,16.225100455606423],[121.3168840918154,16.219824625822262],[121.35010664216617,16.219824625822262],[121.3556437338913,16.225100455606423],[121.3888662842421,16.225100455606423],[121.41101465114261,16.23565169103752],[121.427625926318,16.23565169103752],[121.47192266011908,16.256752464204645],[121.49960811874472,16.277850971596127],[121.51621939392012,16.283125244109804],[121.57159031117142,16.330587310133804],[121.57712740289656,16.330587310133804],[121.62142413669761,16.372766145742187],[121.62696122842274,16.372766145742187],[121.67679505394894,16.420206432785715],[121.68233214567405,16.420206432785715],[121.68786923739918,16.430747148201863],[121.71001760429972,16.45182686321585],[121.71001760429972,16.457096434269776],[121.73216597120026,16.478173286466593],[121.73216597120026,16.483442141307723],[121.74877724637565,16.499247845481243],[121.75985142982589,16.520320108712305],[121.77092561327616,16.530855378596478],[121.77092561327616,16.536122797963582],[121.78199979672642,16.54665720534487],[121.78199979672642,16.551924193277873],[121.7930739801767,16.562457737425703],[121.85398198915314,16.67828864266899],[121.85951908087826,16.704604085522792],[121.8650561726034,16.709866739055084],[121.8650561726034,16.72039161075796],[121.87059326432852,16.725653828847772],[121.87059326432852,16.73617782930223],[121.87613035605368,16.741439611586138],[121.87613035605368,16.75196274006549],[121.8816674477788,16.75722408618023],[121.8816674477788,16.767746341958112],[121.88720453950391,16.773007251540584],[121.88720453950391,16.794049433553134],[121.89274163122906,16.799309614775378],[121.89274163122906,16.815089283523207],[121.89827872295419,16.820348881331896],[121.89827872295419,16.8413858126232],[121.9038158146793,16.846644680258876],[121.9038158146793,16.872936825302318],[121.90935290640445,16.878194815402455],[121.90935290640445,16.904482569149046],[121.91488999812958,16.909739680266235],[121.91488999812958,16.92551013363044],[121.90935290640445,16.93076665795553],[121.90935290640445,16.978068766137827],[121.9038158146793,16.983323820673363],[121.9038158146793,17.009596884556764],[121.89827872295419,17.014851055294123],[121.89274163122906,17.062131952331168],[121.88720453950391,17.067384646868383],[121.88720453950391,17.083141843279847],[121.8816674477788,17.088393946217025],[121.8816674477788,17.10414936686915],[121.87613035605368,17.109400877566888],[121.87613035605368,17.119903454443268],[121.87059326432852,17.12515452054205],[121.87059326432852,17.140906829001754],[121.85951908087826,17.1619078291728],[121.85951908087826,17.172407438065246],[121.85398198915314,17.177657019573648],[121.85398198915314,17.188155736515505],[121.84844489742801,17.193404871869266],[121.84844489742801,17.20390269614324],[121.84290780570286,17.20915138498379],[121.84290780570286,17.219648315872927],[121.8318336222526,17.23539259462953],[121.82629653052747,17.261630076365435],[121.81522234707721,17.2773707739419],[121.81522234707721,17.28786382521988],[121.78199979672642,17.350809562594993],[121.78199979672642,17.36129842081186],[121.75431433810077,17.40849084976789],[121.75431433810077,17.41897640253214],[121.72109178774998,17.476636173126824],[121.72109178774998,17.487117807099697],[121.70448051257459,17.513319248505656],[121.70448051257459,17.529038299066528],[121.69340632912433,17.549994914275114],[121.69340632912433,17.560472313081384],[121.68786923739918,17.565710785147058],[121.68786923739918,17.576187274406458],[121.68233214567405,17.581425291521402],[121.68233214567405,17.591900870524857],[121.67679505394894,17.59713843233462],[121.67679505394894,17.607613100373378],[121.67125796222379,17.61285020652367],[121.67125796222379,17.623323962889334],[121.66572087049867,17.628560613026032],[121.66572087049867,17.639033457010527],[121.66018377877354,17.64426965077968],[121.66018377877354,17.65474158167526],[121.64357250359814,17.686153718391154],[121.64357250359814,17.701857728321453],[121.63249832014789,17.722794271181634],[121.63249832014789,17.733261626028405],[121.62696122842274,17.73849507416872],[121.62142413669761,17.775124927542677],[121.6158870449725,17.78035715132485],[121.6158870449725,17.806515971138072],[121.61034995324735,17.81174727500729],[121.61034995324735,17.837901491735202],[121.60481286152223,17.843131874283515],[121.60481286152223,17.890198396469565],[121.59927576979707,17.89542724035796],[121.59927576979707,17.9215691478103],[121.59373867807196,17.926797066629906],[121.59373867807196,17.973841387176275],[121.58820158634684,17.979067761097518],[121.58820158634684,18.02609816004462],[121.59373867807196,18.03132298517665],[121.59373867807196,18.094008778428933],[121.59927576979707,18.099231584328546],[121.59927576979707,18.130565150831043],[121.60481286152223,18.135786866737348],[121.60481286152223,18.15145107909187],[121.61034995324735,18.161893107470853],[121.63249832014789,18.187995446660757],[121.63249832014789,18.193215445888082],[121.67125796222379,18.229751062090894],[121.71555469602484,18.250625113503066],[121.75431433810077,18.255843234656393],[121.75985142982589,18.26106119905267],[121.78199979672642,18.26106119905267],[121.78753688845156,18.266279006653342],[121.8318336222526,18.266279006653342],[121.83737071397775,18.271496657419846],[121.85951908087826,18.271496657419846],[121.8650561726034,18.266279006653342],[121.88720453950391,18.266279006653342],[121.89274163122906,18.26106119905267],[121.93150127330496,18.26106119905267],[121.93703836503012,18.255843234656393],[121.94811254848038,18.255843234656393],[121.9536496402055,18.26106119905267],[121.96472382365577,18.26106119905267],[121.97026091538089,18.266279006653342],[121.98133509883117,18.266279006653342],[121.98687219055628,18.271496657419846],[121.99794637400656,18.271496657419846],[122.00902055745682,18.276714151313623],[122.06439147470815,18.318448450421407],[122.06992856643326,18.334096219525335],[122.07546565815838,18.334096219525335],[122.10315111678405,18.36017268748825],[122.10315111678405,18.365387508653136],[122.1308365754097,18.365387508653136],[122.14191075885998,18.38103102660043],[122.14191075885998,18.422740133684805],[122.13637366713485,18.42795306152725],[122.15852203403536,18.46965079209608],[122.15852203403536,18.495706729123345],[122.16959621748563,18.506127994530676],[122.16959621748563,18.5113383893519],[122.17513330921075,18.506127994530676],[122.2194300430118,18.506127994530676],[122.22496713473694,18.5113383893519],[122.23050422646207,18.5009174411084],[122.23050422646207,18.490495858613777],[122.22496713473694,18.485284829617974],[122.22496713473694,18.474862296320833],[122.23604131818719,18.45922730868574],[122.23604131818719,18.448803192249727],[122.26372677681285,18.41752704785434],[122.269263868538,18.41752704785434],[122.30248641888878,18.386245217272318],[122.30248641888878,18.375816678247656],[122.31356060233905,18.36017268748825],[122.31356060233905,18.328880453774264],[122.32463478578931,18.313232212896597],[122.31909769406417,18.308015818190864],[122.31909769406417,18.271496657419846],[122.30248641888878,18.250625113503066],[122.29141223543851,18.24540683563127],[122.28587514371338,18.234969809886596],[122.28587514371338,18.22453215773108],[122.27480096026312,18.21409387947352],[122.27480096026312,18.20365497542285],[122.269263868538,18.20365497542285],[122.25265259336261,18.187995446660757],[122.25265259336261,18.17755497947946],[122.24711550163747,18.172334511602813],[122.23604131818719,18.172334511602813],[122.2028187678364,18.156672171292897],[122.18620749266103,18.125343279095205],[122.17513330921075,18.125343279095205],[122.16959621748563,18.120121251568552],[122.15298494231024,18.08878581697099],[122.15298494231024,18.067892416331436],[122.16405912576049,18.057444783670004],[122.16405912576049,18.020873179858754],[122.17513330921075,18.015648044657915],[122.16959621748563,17.979067761097518],[122.16405912576049,17.973841387176275],[122.16405912576049,17.926797066629906],[122.17513330921075,17.916341074715096],[122.17513330921075,17.911112847383272],[122.15298494231024,17.890198396469565],[122.1474478505851,17.87974024660688],[122.1474478505851,17.858822099630576],[122.15298494231024,17.853592178270265],[122.13637366713485,17.837901491735202],[122.13637366713485,17.822209422339377],[122.14191075885998,17.816978425420757],[122.13637366713485,17.816978425420757],[122.12529948368459,17.806515971138072],[122.12529948368459,17.775124927542677],[122.1308365754097,17.769892550578653],[122.1308365754097,17.733261626028405],[122.14191075885998,17.71232630517473],[122.15298494231024,17.701857728321453],[122.15298494231024,17.691388540935645],[122.1474478505851,17.686153718391154],[122.1474478505851,17.67568361579525],[122.15298494231024,17.670448335822364],[122.1474478505851,17.665212903451888],[122.1474478505851,17.61285020652367],[122.15852203403536,17.591900870524857],[122.15852203403536,17.581425291521402],[122.16959621748563,17.576187274406458],[122.16959621748563,17.560472313081384],[122.1806704009359,17.549994914275114],[122.1806704009359,17.49759883699594],[122.19174458438614,17.492358397577142],[122.19174458438614,17.476636173126824],[122.20835585956156,17.445187649908856],[122.23050422646207,17.41897640253214],[122.22496713473694,17.413733701382846],[122.22496713473694,17.398004695299345],[122.23604131818719,17.387517939443242],[122.23604131818719,17.36654262483578],[122.25818968508773,17.345564908481336],[122.27480096026312,17.345564908481336],[122.29141223543851,17.329830046595397],[122.30248641888878,17.329830046595397],[122.3080235106139,17.324584792917314],[122.32463478578931,17.324584792917314],[122.33017187751445,17.335075150441874],[122.36893151959036,17.329830046595397],[122.37446861131549,17.340320104417078],[122.38554279476575,17.329830046595397],[122.39661697821603,17.329830046595397],[122.39661697821603,17.319339389447315],[122.40769116166626,17.31409383622508],[122.39661697821603,17.3088481332903],[122.39661697821603,17.298356278441936],[122.40215406994115,17.29311012660776],[122.41322825339142,17.29311012660776],[122.41876534511654,17.298356278441936],[122.40769116166626,17.282617374318015],[122.40769116166626,17.219648315872927],[122.41322825339142,17.21439992490696],[122.41322825339142,17.19865385842512],[122.40215406994115,17.182906452403685],[122.40215406994115,17.1619078291728],[122.40769116166626,17.15665780186849],[122.40769116166626,17.140906829001754],[122.42430243684169,17.119903454443268],[122.43537662029193,17.114652240104906],[122.44091371201708,17.10414936686915],[122.46306207891759,17.10414936686915],[122.47413626236786,17.109400877566888],[122.47967335409298,17.10414936686915],[122.49074753754324,17.10414936686915],[122.50735881271864,17.119903454443268],[122.50735881271864,17.12515452054205],[122.51289590444378,17.12515452054205],[122.51289590444378,17.114652240104906],[122.51843299616891,17.109400877566888],[122.51843299616891,17.093645901154275],[122.51289590444378,17.088393946217025],[122.51289590444378,17.067384646868383],[122.50735881271864,17.062131952331168],[122.50735881271864,17.051626119896557],[122.48521044581813,17.009596884556764],[122.47413626236786,16.999088100922542],[122.46859917064273,16.988578728009376],[122.46859917064273,16.978068766137827],[122.46306207891759,16.972813564442855],[122.46306207891759,16.920253462547095],[122.45198789546733,16.89922531143424],[122.45198789546733,16.872936825302318],[122.43537662029193,16.8519034017392],[122.43537662029193,16.8413858126232],[122.4298395285668,16.836126798872417],[122.4298395285668,16.815089283523207],[122.42430243684169,16.809829539800702],[122.42430243684169,16.799309614775378],[122.39661697821603,16.746701248520676],[122.37446861131549,16.72039161075796],[122.36339442786522,16.6993412869238],[122.36339442786522,16.68881525468733],[122.34678315268982,16.67828864266899],[122.34678315268982,16.667761451192167],[122.33017187751445,16.646705331157204],[122.33017187751445,16.63617640324635],[122.31356060233905,16.604586151826087],[122.29694932716366,16.583523097712863],[122.29141223543851,16.557191037318344],[122.27480096026312,16.541390073559914],[122.269263868538,16.530855378596478],[122.25265259336261,16.52558781549918],[122.23050422646207,16.509784264232252],[122.2194300430118,16.48871085278431],[122.2194300430118,16.467635146853304],[122.19728167611129,16.446557149041404],[122.19728167611129,16.40966514586443],[122.20835585956156,16.404394288191185],[122.21389295128668,16.393852144623178],[122.2194300430118,16.393852144623178],[122.2194300430118,16.372766145742187],[122.19728167611129,16.35695015008875],[122.19728167611129,16.351677866708886],[122.1806704009359,16.335860162654296],[122.1806704009359,16.314767899636955],[122.17513330921075,16.309494478629],[122.17513330921075,16.293673363649923],[122.18620749266103,16.283125244109804],[122.2028187678364,16.283125244109804],[122.21389295128668,16.288399374808026],[122.21389295128668,16.283125244109804],[122.20835585956156,16.283125244109804],[122.19728167611129,16.272576557307886],[122.19728167611129,16.251477483227056],[122.19174458438614,16.246202360679394],[122.19174458438614,16.23565169103752],[122.17513330921075,16.23037614402516],[122.14191075885998,16.198719893850292],[122.13637366713485,16.198719893850292],[122.10315111678405,16.16705856189291],[122.10315111678405,16.193443357853276],[122.11422530023431,16.198719893850292],[122.11422530023431,16.203996288686664],[122.12529948368459,16.203996288686664],[122.1308365754097,16.214548654713614],[122.13637366713485,16.214548654713614],[122.1474478505851,16.225100455606423],[122.1474478505851,16.240927096602572],[122.15298494231024,16.246202360679394],[122.15298494231024,16.267302001285962],[122.1474478505851,16.272576557307886],[122.08100274988354,16.272576557307886],[122.058854382983,16.246202360679394],[122.04778019953272,16.225100455606423],[122.04778019953272,16.214548654713614],[122.058854382983,16.203996288686664],[122.04778019953272,16.193443357853276],[122.03116892435733,16.193443357853276],[122.02563183263221,16.188166680736593],[122.00348346573168,16.188166680736593],[121.96472382365577,16.151225993012325],[121.94257545675524,16.140670243065323],[121.93150127330496,16.140670243065323],[121.92596418157984,16.13539215700692],[121.90935290640445,16.13539215700692],[121.9038158146793,16.140670243065323],[121.87613035605368,16.140670243065323],[121.85398198915314,16.13011393027997],[121.82629653052747,16.103720688053823],[121.7930739801767,16.093162407920595],[121.78199979672642,16.082603566427313],[121.77092561327616,16.082603566427313],[121.76538852155103,16.087883057323417],[121.74877724637565,16.087883057323417],[121.73770306292538,16.082603566427313],[121.70448051257459,16.050923677075286],[121.70448051257459,16.045643205237823],[121.69340632912433,16.035081841694147],[121.68786923739918,16.035081841694147],[121.67679505394894,16.024519918599793],[121.66572087049867,16.024519918599793],[121.6546466870484,16.019238747324014],[121.638035411873,16.003394395076285],[121.638035411873,15.992830795305972],[121.63249832014789,15.982266637302672],[121.62142413669761,15.982266637302672],[121.61034995324735,15.976984349066669],[121.59927576979707,15.955853802188699],[121.57712740289656,15.945287692966598],[121.54944194427091,15.918869984857395],[121.52729357737037,15.87659442702577],[121.52729357737037,15.823737503682294],[121.53283066909552,15.818451050362716],[121.53283066909552,15.797303855543941],[121.53836776082063,15.792016711661159],[121.53836776082063,15.7814420099718],[121.54944194427091,15.760290952057984],[121.5660532194463,15.744426212209975],[121.5826644946217,15.744426212209975],[121.58820158634684,15.749714596496649],[121.61034995324735,15.749714596496649],[121.62142413669761,15.739137690307926],[121.62142413669761,15.72327129932431],[121.60481286152223,15.72327129932431],[121.59373867807196,15.71269301801891],[121.59373867807196,15.69682456591637],[121.5826644946217,15.691534807343066],[121.57712740289656,15.680954878636943],[121.57712740289656,15.670374401461721],[121.5826644946217,15.665083957302063],[121.59927576979707,15.659793376149782],[121.59373867807196,15.654502658046441],[121.5826644946217,15.654502658046441],[121.57712740289656,15.643920811152865],[121.57159031117142,15.643920811152865],[121.56051612772117,15.63333841695395],[121.53283066909552,15.580418248027396],[121.52175648564526,15.569832576986594],[121.52175648564526,15.564539537079947],[121.47745975184421,15.52748444641302],[121.47745975184421,15.516896053834488],[121.47192266011908,15.511601653784325],[121.47192266011908,15.495717639090955],[121.46638556839393,15.490422696151322],[121.46638556839393,15.458650191996695],[121.46084847666882,15.453354300607936],[121.46084847666882,15.437465814655036],[121.44423720149342,15.416279274109632],[121.44423720149342,15.410982301286294],[121.41101465114261,15.379197630996842],[121.39994046769237,15.38979306049995],[121.3888662842421,15.38979306049995],[121.3722550090667,15.373899714114312],[121.3556437338913,15.342109385623658],[121.3556437338913,15.305014552357779],[121.3722550090667,15.273213748463133],[121.3722550090667,15.262612408838322],[121.3888662842421,15.241408124114074],[121.3888662842421,15.230805179686696],[121.39994046769237,15.209597688382297],[121.41655174286777,15.198993142177876],[121.427625926318,15.198993142177876],[121.43870010976828,15.188388062720538],[121.44977429321854,15.188388062720538],[121.46638556839393,15.17247944442148],[121.46638556839393,15.161873033304348],[121.47192266011908,15.156569628196728],[121.47192266011908,15.135354678421685],[121.47745975184421,15.130050608852365],[121.47745975184421,15.092918406780006],[121.48299684356932,15.08761327626306],[121.48299684356932,15.071697090308625],[121.48853393529447,15.0663914303299],[121.48853393529447,15.055779713634761],[121.50514521046986,15.034554694475627],[121.50514521046986,15.029248109563625],[121.52729357737037,15.008020450693854],[121.5439048525458,14.976175009372268],[121.5439048525458,14.965558809480056],[121.55497903599603,14.949633523818958],[121.55497903599603,14.933707056186112],[121.56051612772117,14.92839797117898],[121.56051612772117,14.912469929361812],[121.5660532194463,14.907160319965346],[121.5660532194463,14.891230705996835],[121.57159031117142,14.88592057288888],[121.57159031117142,14.87529991424961],[121.5826644946217,14.859367945868275],[121.59373867807196,14.859367945868275],[121.58820158634684,14.84874598049387],[121.58820158634684,14.822188783612065],[121.59373867807196,14.811564992372316],[121.638035411873,14.769064621694959],[121.6546466870484,14.76375149041802],[121.69894342084945,14.721241769337292],[121.70448051257459,14.710613043164352],[121.69894342084945,14.71592747098213],[121.67679505394894,14.71592747098213],[121.66018377877354,14.699983799311248],[121.6546466870484,14.699983799311248],[121.64357250359814,14.689354038118587],[121.63249832014789,14.689354038118587],[121.62142413669761,14.678723759927077],[121.6158870449725,14.684038963626389],[121.59927576979707,14.684038963626389],[121.58820158634684,14.66809296507752],[121.58820158634684,14.62556462591774],[121.59373867807196,14.620248003753087],[121.59373867807196,14.604297365256643],[121.59927576979707,14.598980228565903],[121.59927576979707,14.561756675426604],[121.60481286152223,14.556438511732871],[121.60481286152223,14.513888591179649],[121.62696122842274,14.471330488795406],[121.63249832014789,14.434085454775671],[121.638035411873,14.428764226491559],[121.638035411873,14.391512070533851],[121.66018377877354,14.375544957141448],[121.66572087049867,14.364899581172429],[121.67125796222379,14.364899581172429],[121.67125796222379,14.35425369863805],[121.67679505394894,14.348930567516181],[121.68233214567405,14.348930567516181],[121.71001760429972,14.322313015077714],[121.71555469602484,14.28504313836166],[121.71001760429972,14.279718365927993],[121.71001760429972,14.269068443242148],[121.72109178774998,14.25309261531241],[121.73216597120026,14.25309261531241],[121.7432401546505,14.237115655734264],[121.73216597120026,14.221137565669977],[121.73216597120026,14.210484878153412],[121.72662887947511,14.199831689059906],[121.71555469602484,14.189177998734165],[121.71555469602484,14.167869115765159],[121.72662887947511,14.151886140368685],[121.73216597120026,14.151886140368685],[121.73216597120026,14.141230198765738],[121.77092561327616,14.109259379328586],[121.77646270500131,14.093272287268414],[121.78753688845156,14.082613603597217],[121.78753688845156,14.061294744295619],[121.77646270500131,14.039973898020294],[121.77646270500131,14.02931273063225],[121.7930739801767,14.013320050210469],[121.78199979672642,14.007988909085693],[121.78199979672642,13.991994743364746],[121.77092561327616,13.981331348028199],[121.73216597120026,13.975999465033054],[121.72662887947511,13.981331348028199],[121.71001760429972,13.981331348028199],[121.69894342084945,13.970667458544415],[121.68786923739918,13.970667458544415],[121.67679505394894,13.95467069855071],[121.67679505394894,13.93867282867529],[121.68786923739918,13.933339958945364],[121.67125796222379,13.933339958945364],[121.638035411873,13.917340611048186],[121.6158870449725,13.917340611048186],[121.59927576979707,13.901340156000648],[121.57712740289656,13.901340156000648],[121.57159031117142,13.896006425153818],[121.56051612772117,13.896006425153818],[121.5439048525458,13.880004495727874],[121.53283066909552,13.874670273768748],[121.50514521046986,13.869335929140066],[121.49960811874472,13.864001461885245],[121.48299684356932,13.864001461885245],[121.44977429321854,13.83199208563948],[121.43870010976828,13.83199208563948],[121.427625926318,13.826656761217835],[121.41655174286777,13.815985745582193],[121.41655174286777,13.810650054455131],[121.3888662842421,13.783969767466596],[121.3722550090667,13.778633344102683],[121.35010664216617,13.78930606889977],[121.32795827526566,13.810650054455131],[121.3168840918154,13.83199208563948],[121.30580990836512,13.842662367473118],[121.29473572491486,13.864001461885245],[121.29473572491486,13.874670273768748],[121.27812444973947,13.901340156000648],[121.27812444973947,13.912007248991213],[121.24490189938868,13.975999465033054],[121.22829062421329,13.991994743364746],[121.20614225731275,14.034643376311093],[121.20060516558763,14.061294744295619],[121.19506807386249,14.066624645507881],[121.19506807386249,14.077284075201899],[121.18953098213737,14.082613603597217],[121.18953098213737,14.093272287268414],[121.18399389041224,14.098601442457884],[121.18399389041224,14.114588160923445],[121.17291970696198,14.135902040692098],[121.17291970696198,14.146558232005649],[121.16738261523683,14.151886140368685],[121.16738261523683,14.167869115765159],[121.15630843178658,14.189177998734165],[121.15630843178658,14.199831689059906],[121.15077134006144,14.205158346282234],[121.15077134006144,14.221137565669977],[121.13969715661119,14.242441434593957],[121.13969715661119,14.25309261531241],[121.13416006488605,14.258418017085084],[121.13416006488605,14.274393467540483],[121.12862297316093,14.279718365927993],[121.15077134006144,14.269068443242148],[121.15630843178658,14.258418017085084],[121.15630843178658,14.242441434593957],[121.16738261523683,14.237115655734264],[121.16738261523683,14.231789751265001],[121.1784567986871,14.221137565669977],[121.17291970696198,14.210484878153412],[121.17291970696198,14.194504906529518],[121.18399389041224,14.18385096571694],[121.21167934903788,14.178523807520959],[121.23382771593842,14.194504906529518],[121.23936480766353,14.189177998734165],[121.27812444973947,14.189177998734165],[121.30027281664,14.199831689059906],[121.30580990836512,14.215811284630353],[121.34456955044105,14.24776708780102],[121.34456955044105,14.25309261531241],[121.3556437338913,14.263743293076008],[121.38332919251695,14.274393467540483],[121.39994046769237,14.29036778479848],[121.39994046769237,14.295692305195447],[121.42208883459288,14.295692305195447],[121.427625926318,14.301016699509557],[121.427625926318,14.322313015077714],[121.42208883459288,14.327636778332781],[121.42208883459288,14.33828392577777],[121.43870010976828,14.33828392577777],[121.44977429321854,14.322313015077714],[121.46638556839393,14.322313015077714],[121.47745975184421,14.33828392577777],[121.47745975184421,14.364899581172429],[121.47192266011908,14.370222332499074],[121.47192266011908,14.380867455056645],[121.46084847666882,14.386189826201745],[121.45531138494367,14.396834188010057],[121.43870010976828,14.396834188010057],[121.43316301804315,14.402156178587461],[121.42208883459288,14.402156178587461],[121.41655174286777,14.396834188010057],[121.39994046769237,14.396834188010057],[121.39440337596723,14.391512070533851],[121.39440337596723,14.364899581172429],[121.3888662842421,14.35425369863805],[121.37779210079184,14.35425369863805],[121.36671791734156,14.343607309881772],[121.3556437338913,14.343607309881772],[121.3168840918154,14.306340967697828],[121.3168840918154,14.301016699509557],[121.30580990836512,14.295692305195447],[121.30027281664,14.306340967697828],[121.30580990836512,14.311665109717262],[121.30580990836512,14.327636778332781],[121.3168840918154,14.33828392577777],[121.3168840918154,14.359576703204445],[121.32795827526566,14.375544957141448],[121.32795827526566,14.391512070533851],[121.33349536699079,14.396834188010057],[121.33349536699079,14.434085454775671],[121.32242118354051,14.44472752970429],[121.32242118354051,14.466010151803431],[121.30027281664,14.481970780240223],[121.29473572491486,14.492610561347464],[121.28366154146458,14.492610561347464],[121.27812444973947,14.487290734607443],[121.27258735801435,14.492610561347464],[121.27258735801435,14.508569275376363],[121.26705026628919,14.513888591179649],[121.24490189938868,14.513888591179649],[121.22275353248814,14.497930260417482],[121.22275353248814,14.476650698288609],[121.21167934903788,14.476650698288609],[121.20614225731275,14.471330488795406],[121.20614225731275,14.44472752970429],[121.21721644076302,14.423442871051385],[121.21721644076302,14.418121388498019],[121.20614225731275,14.423442871051385],[121.20614225731275,14.434085454775671],[121.20060516558763,14.44472752970429],[121.18953098213737,14.450048376263101],[121.18953098213737,14.460689687355504],[121.18399389041224,14.466010151803431],[121.18399389041224,14.481970780240223],[121.17291970696198,14.492610561347464],[121.17291970696198,14.497930260417482],[121.14523424833632,14.524526839220044],[121.13969715661119,14.524526839220044],[121.12862297316093,14.535164575553734]]],[[[122.09761424664605,16.156503656818863],[122.08100274988354,16.140670243065323],[122.09761402505892,16.156503656818863],[122.09761424664605,16.156503656818863]]],[[[122.09761424664605,16.156503656818863],[122.10315111678405,16.161781179792733],[122.10315111678405,16.156503656818863],[122.09761424664605,16.156503656818863]]],[[[126.34456337823472,6.874737466449111],[126.36671174513526,6.8529165798126],[126.36671174513526,6.8256390673388365],[126.37224883686038,6.820183378107802],[126.37224883686038,6.803815937819752],[126.36117465341012,6.8092718132995],[126.33902628650961,6.8092718132995],[126.33348919478445,6.836550259210878],[126.33902628650961,6.84200576175438],[126.33902628650961,6.863827148174147],[126.31687791960907,6.88564753424762],[126.31687791960907,6.891102474096383],[126.33902628650961,6.874737466449111],[126.34456337823472,6.874737466449111]]],[[[126.3058037361588,6.912921605351305],[126.31687791960907,6.896557351179852],[126.31687791960907,6.891102474096383],[126.3058037361588,6.912921605351305]]],[[[125.14855156560633,10.205093824601308],[125.15408865733149,10.199686102480056],[125.14855156560633,10.199686102480056],[125.14855156560633,10.205093824601308]]],[[[125.08210646490477,10.345662213696116],[125.0710322814545,10.367282554769032],[125.0710322814545,10.378092165834039],[125.04888391455397,10.394305882046341],[124.99351299730267,10.394305882046341],[124.9824388138524,10.378092165834039],[124.9824388138524,10.361877609298931],[124.98797590557753,10.356472570599081],[124.98797590557753,10.32404038317919],[124.99905008902779,10.307823034634536],[124.99905008902779,10.259165984737242],[125.0045871807529,10.25375918351061],[124.99351299730267,10.248352289984874],[124.99351299730267,10.210501454842785],[124.99905008902779,10.205093824601308],[124.99905008902779,10.183462385303795],[125.01566136420318,10.172646115308742],[125.01566136420318,10.1456038381366],[125.02673554765344,10.129377375058324],[125.02673554765344,10.10774081399608],[125.03780973110372,10.102331446013476],[125.03780973110372,10.075283242132523],[125.04334682282884,10.06987332888962],[125.04334682282884,10.053643045068224],[125.01012427247807,10.053643045068224],[125.0045871807529,10.059053230310758],[125.0045871807529,10.06987332888962],[124.9824388138524,10.080693064615456],[124.9824388138524,10.091512437114606],[124.97136463040214,10.102331446013476],[124.94367917177647,10.102331446013476],[124.94367917177647,10.12396837151634],[124.93814208005135,10.129377375058324],[124.92706789660109,10.129377375058324],[124.91599371315081,10.1456038381366],[124.87723407107488,10.1456038381366],[124.87169697934976,10.151012476491264],[124.82740024554872,10.151012476491264],[124.8218631538236,10.156421023432458],[124.81078897037332,10.156421023432458],[124.80525187864818,10.16723784288784],[124.79971478692306,10.16723784288784],[124.79971478692306,10.194278288525641],[124.80525187864818,10.199686102480056],[124.80525187864818,10.226723793822508],[124.81078897037332,10.232131056078847],[124.81078897037332,10.264572693618208],[124.8218631538236,10.269979310106931],[124.8218631538236,10.280792265721416],[124.83293733727383,10.297011005037408],[124.83293733727383,10.313228910309421],[124.82740024554872,10.318634693173147],[124.82740024554872,10.334851484432129],[124.81632606209844,10.340256895585997],[124.81632606209844,10.351067438715978],[124.80525187864818,10.367282554769032],[124.79417769519793,10.367282554769032],[124.78864060347279,10.378092165834039],[124.77202932829739,10.383496831335977],[124.76095514484713,10.40511455872222],[124.76095514484713,10.432134611571943],[124.76649223657228,10.437538340826299],[124.76649223657228,10.48076479127344],[124.76095514484713,10.491570462297839],[124.77202932829739,10.491570462297839],[124.77756642002254,10.50237575594485],[124.78864060347279,10.507778261135861],[124.78864060347279,10.518582988020986],[124.79971478692306,10.523985209622351],[124.80525187864818,10.534789368910843],[124.80525187864818,10.55099489736257],[124.79971478692306,10.556396550532796],[124.79971478692306,10.578002213742817],[124.80525187864818,10.583403391945934],[124.80525187864818,10.62120897306678],[124.81078897037332,10.62120897306678],[124.81632606209844,10.632009709258277],[124.82740024554872,10.637409934053482],[124.82740024554872,10.642810063253277],[124.83847442899898,10.648210096811393],[124.83847442899898,10.680608287093806],[124.83293733727383,10.686007649864756],[124.83293733727383,10.72380049834354],[124.82740024554872,10.729199091726102],[124.82740024554872,10.745394293399773],[124.8218631538236,10.750792500978992],[124.8218631538236,10.777782089456498],[124.81078897037332,10.79397468134576],[124.80525187864818,10.79397468134576],[124.80525187864818,10.810166400813673],[124.79417769519793,10.826357246614203],[124.79417769519793,10.837150657828623],[124.78864060347279,10.842547217501666],[124.77756642002254,10.842547217501666],[124.76095514484713,10.864132482223356],[124.755418053122,10.864132482223356],[124.74988096139688,10.8749245295564],[124.74434386967174,10.8749245295564],[124.74434386967174,10.901902938600177],[124.72773259449635,10.92348390466836],[124.72773259449635,10.939668599937509],[124.71665841104608,10.955852411583537],[124.70004713587069,10.955852411583537],[124.68897295242041,10.961246818890022],[124.66128749379479,10.988217379034989],[124.65575040206964,10.988217379034989],[124.65575040206964,10.999004913253298],[124.63913912689425,11.015185474316866],[124.63360203516912,11.015185474316866],[124.62806494344397,11.025972020980143],[124.58930530136807,11.025972020980143],[124.58376820964293,11.015185474316866],[124.55608275101727,10.988217379034989],[124.55608275101727,10.966641127832032],[124.56161984274242,10.955852411583537],[124.55608275101727,10.950457905958604],[124.55608275101727,10.92348390466836],[124.52839729239162,10.8749245295564],[124.5062489254911,10.8749245295564],[124.49517474204083,10.896507452323052],[124.48410055859055,10.901902938600177],[124.46748928341518,10.901902938600177],[124.4730263751403,10.912693617534458],[124.4730263751403,10.92887890119502],[124.4564150999649,10.939668599937509],[124.42872964133925,10.939668599937509],[124.42319254961411,10.92887890119502],[124.41211836616385,10.92887890119502],[124.41211836616385,10.939668599937509],[124.42319254961411,10.94506330206125],[124.42319254961411,10.961246818890022],[124.43426673306439,10.966641127832032],[124.43980382478951,10.977429450438553],[124.43980382478951,10.999004913253298],[124.43426673306439,11.004398532355667],[124.43426673306439,11.031365145960121],[124.417655457889,11.047543926941806],[124.417655457889,11.058329285504803],[124.40658127443874,11.069114247299101],[124.417655457889,11.07450657929314],[124.417655457889,11.090682979111605],[124.42319254961411,11.090682979111605],[124.43426673306439,11.101466748394976],[124.43426673306439,11.133815665346079],[124.42872964133925,11.1392068023499],[124.42872964133925,11.160770351097966],[124.417655457889,11.176941962144136],[124.417655457889,11.198502707165332],[124.42319254961411,11.2038926425721],[124.42319254961411,11.220061846022656],[124.42872964133925,11.225451379430197],[124.42872964133925,11.247008506458888],[124.41211836616385,11.257786465371169],[124.41211836616385,11.27934117216017],[124.42319254961411,11.284729596291328],[124.42319254961411,11.30089426179398],[124.417655457889,11.306282281178746],[124.39550709098846,11.306282281178746],[124.37335872408795,11.31705801599963],[124.37335872408795,11.338608268566254],[124.3678216323628,11.34399557788386],[124.37335872408795,11.349382785580412],[124.38996999926334,11.349382785580412],[124.39550709098846,11.354769891610205],[124.39550709098846,11.36554379848669],[124.37889581581307,11.381703895158255],[124.36228454063767,11.381703895158255],[124.37335872408795,11.392476783310851],[124.37335872408795,11.408635350183577],[124.3678216323628,11.414021334863513],[124.35121035718741,11.414021334863513],[124.34013617373714,11.430178675431243],[124.34013617373714,11.446335094832333],[124.3290619902869,11.462490591834712],[124.3290619902869,11.478645165206668],[124.31798780683663,11.500183157482638],[124.31798780683663,11.527103331228354],[124.3290619902869,11.53248705664187],[124.33459908201202,11.5432541977688],[124.34013617373714,11.5432541977688],[124.37335872408795,11.505567398303644],[124.37889581581307,11.505567398303644],[124.3844329075382,11.494798813716853],[124.38996999926334,11.494798813716853],[124.39550709098846,11.48402981753328],[124.40658127443874,11.478645165206668],[124.41211836616385,11.467875552311781],[124.417655457889,11.467875552311781],[124.42319254961411,11.45172036304937],[124.43980382478951,11.440949724126547],[124.43980382478951,11.430178675431243],[124.46195219169005,11.414021334863513],[124.46195219169005,11.392476783310851],[124.47856346686544,11.381703895158255],[124.48410055859055,11.37093059924199],[124.5062489254911,11.37093059924199],[124.51178601721622,11.37631729814774],[124.51178601721622,11.414021334863513],[124.49517474204083,11.424792997532993],[124.49517474204083,11.435564250977638],[124.5062489254911,11.435564250977638],[124.52286020066649,11.424792997532993],[124.53947147584188,11.424792997532993],[124.545008567567,11.419407217328533],[124.545008567567,11.38709039022785],[124.55608275101727,11.37631729814774],[124.55608275101727,11.349382785580412],[124.56161984274242,11.34399557788386],[124.56161984274242,11.33322085767331],[124.57269402619266,11.31705801599963],[124.58376820964293,11.31705801599963],[124.60037948481832,11.29550614115399],[124.64467621861937,11.29550614115399],[124.65021331034451,11.284729596291328],[124.69451004414556,11.284729596291328],[124.70004713587069,11.290117919304521],[124.72219550277123,11.290117919304521],[124.74434386967174,11.30089426179398],[124.74434386967174,11.311670199262542],[124.74988096139688,11.31705801599963],[124.76649223657228,11.31705801599963],[124.78864060347279,11.327833345250742],[124.80525187864818,11.349382785580412],[124.81632606209844,11.354769891610205],[124.8218631538236,11.36554379848669],[124.83293733727383,11.36554379848669],[124.83847442899898,11.37093059924199],[124.83847442899898,11.392476783310851],[124.84954861244925,11.414021334863513],[124.86615988762465,11.414021334863513],[124.87723407107488,11.419407217328533],[124.88277116280003,11.408635350183577],[124.92706789660109,11.408635350183577],[124.9326049883262,11.40324926333438],[124.95475335522674,11.40324926333438],[124.965827538677,11.419407217328533],[124.97136463040214,11.419407217328533],[124.98797590557753,11.408635350183577],[124.98797590557753,11.37631729814774],[124.97690172212725,11.37093059924199],[124.97690172212725,11.268564020727004],[124.98797590557753,11.263175293516532],[124.99351299730267,11.252397536336693],[125.0045871807529,11.252397536336693],[125.01012427247807,11.24161937578354],[125.01566136420318,11.24161937578354],[125.01566136420318,11.220061846022656],[125.02673554765344,11.2038926425721],[125.04334682282884,11.2038926425721],[125.03227263937858,11.193112671373315],[125.0211984559283,11.171551525269503],[125.0211984559283,11.149988776669122],[125.03780973110372,11.12303309187942],[125.03780973110372,11.085290945245317],[125.04888391455397,11.079898811957188],[125.04888391455397,11.036758171977697],[125.05442100627911,11.031365145960121],[125.05442100627911,10.972035338363547],[125.04888391455397,10.966641127832032],[125.04888391455397,10.939668599937509],[125.03780973110372,10.918088810099487],[125.02673554765344,10.912693617534458],[125.02673554765344,10.891111868234033],[125.0211984559283,10.885716186379199],[125.0211984559283,10.853340044748837],[125.01566136420318,10.847943679823777],[125.01566136420318,10.804769258003661],[125.0211984559283,10.799372018165641],[125.0211984559283,10.756190611991885],[125.03227263937858,10.739995989300422],[125.03780973110372,10.739995989300422],[125.03780973110372,10.729199091726102],[125.04334682282884,10.72380049834354],[125.05442100627911,10.72380049834354],[125.05442100627911,10.718401808625652],[125.06549518972938,10.707604140368765],[125.10979192353042,10.707604140368765],[125.11532901525555,10.696806087325191],[125.12640319870582,10.691406916623965],[125.12640319870582,10.664409623172947],[125.14855156560633,10.648210096811393],[125.15408865733149,10.637409934053482],[125.16516284078172,10.637409934053482],[125.16516284078172,10.615808461763065],[125.17069993250686,10.610407855049088],[125.18177411595714,10.610407855049088],[125.19284829940739,10.594205462908622],[125.20392248285765,10.594205462908622],[125.20392248285765,10.572600940453615],[125.19284829940739,10.567199572124656],[125.18177411595714,10.545593149337936],[125.18177411595714,10.507778261135861],[125.19284829940739,10.50237575594485],[125.19284829940739,10.491570462297839],[125.19838539113253,10.486167673934618],[125.20392248285765,10.486167673934618],[125.20392248285765,10.469958743242818],[125.19838539113253,10.464555577966182],[125.19838539113253,10.4267307884838],[125.2094595745828,10.410518756681071],[125.21499666630791,10.410518756681071],[125.21499666630791,10.399710267161824],[125.22607084975819,10.394305882046341],[125.24268212493358,10.378092165834039],[125.26483049183409,10.378092165834039],[125.27036758355923,10.383496831335977],[125.27590467528435,10.378092165834039],[125.27590467528435,10.340256895585997],[125.28697885873463,10.318634693173147],[125.27590467528435,10.269979310106931],[125.2482192166587,10.269979310106931],[125.24268212493358,10.264572693618208],[125.18731120768226,10.291604851208241],[125.1596257490566,10.291604851208241],[125.14301447388121,10.280792265721416],[125.14301447388121,10.237538226222412],[125.14855156560633,10.232131056078847],[125.14855156560633,10.210501454842785],[125.12640319870582,10.226723793822508],[125.12640319870582,10.242945304206618],[125.12086610698067,10.248352289984874],[125.12086610698067,10.259165984737242],[125.10979192353042,10.264572693618208],[125.10979192353042,10.280792265721416],[125.09871774008016,10.30241706619502],[125.08210646490477,10.313228910309421],[125.08210646490477,10.345662213696116]]],[[[125.78531711399644,11.025972020980143],[125.76870583882105,11.025972020980143],[125.75209456364566,11.042151098986913],[125.75209456364566,11.063721816021012],[125.7410203801954,11.07450657929314],[125.72994619674515,11.07450657929314],[125.73548328847028,11.101466748394976],[125.7410203801954,11.101466748394976],[125.75763165537079,11.085290945245317],[125.75763165537079,11.063721816021012],[125.76870583882105,11.058329285504803],[125.78531711399644,11.025972020980143]]],[[[125.70779782984461,11.12303309187942],[125.70779782984461,11.133815665346079],[125.71887201329488,11.128424428507289],[125.72440910502,11.117641655508356],[125.71333492156974,11.117641655508356],[125.70779782984461,11.12303309187942]]],[[[125.01012427247807,11.602466077586731],[125.03227263937858,11.613230526162091],[125.03227263937858,11.63475817613724],[125.01012427247807,11.672427554652758],[125.0211984559283,11.672427554652758],[125.02673554765344,11.683189295300883],[125.03780973110372,11.683189295300883],[125.04888391455397,11.69395061798139],[125.05995809800423,11.715472007986124],[125.05995809800423,11.726232074583821],[125.0710322814545,11.726232074583821],[125.08210646490477,11.736991721760837],[125.08210646490477,11.753130405318375],[125.07656937317962,11.763889002355379],[125.06549518972938,11.769268143137378],[125.05995809800423,11.780026109001607],[125.05442100627911,11.780026109001607],[125.04888391455397,11.790783653630482],[125.02673554765344,11.790783653630482],[125.0211984559283,11.785404933993135],[124.99905008902779,11.785404933993135],[124.97136463040214,11.769268143137378],[124.96029044695186,11.769268143137378],[124.94367917177647,11.758509756400588],[124.94367917177647,11.753130405318375],[124.93814208005135,11.753130405318375],[124.9326049883262,11.763889002355379],[124.92153080487596,11.763889002355379],[124.91599371315081,11.774647178701239],[124.91599371315081,11.785404933993135],[124.89938243797542,11.796162267868313],[124.89938243797542,11.806919179964098],[124.88830825452516,11.812297477731402],[124.88277116280003,11.823053756478236],[124.87169697934976,11.823053756478236],[124.87169697934976,11.833809612539307],[124.8606227958995,11.83918738194942],[124.85508570417437,11.849942603302333],[124.83847442899898,11.849942603302333],[124.83293733727383,11.876828802678673],[124.82740024554872,11.882205724362166],[124.84401152072411,11.882205724362166],[124.84954861244925,11.887582539876117],[124.84954861244925,11.909088739331521],[124.83293733727383,11.919841200865605],[124.79971478692306,11.919841200865605],[124.78310351174767,11.909088739331521],[124.78310351174767,11.935969094407051],[124.77756642002254,11.941344845737412],[124.76095514484713,11.941344845737412],[124.755418053122,11.952096028351702],[124.755418053122,11.973597112129045],[124.74988096139688,11.978972115840776],[124.73880677794662,11.978972115840776],[124.73880677794662,11.984347012569113],[124.74988096139688,11.989721802268882],[124.74988096139688,12.005845528745148],[124.73880677794662,12.016594143758578],[124.71112131932095,12.016594143758578],[124.70558422759584,12.027342329574052],[124.69451004414556,12.027342329574052],[124.67789876897018,12.043463802761256],[124.67236167724502,12.054210914002276],[124.64467621861937,12.059584308222309],[124.63913912689425,12.064957594781886],[124.62806494344397,12.064957594781886],[124.62252785171886,12.070330773635902],[124.57823111791781,12.070330773635902],[124.57269402619266,12.064957594781886],[124.55054565929214,12.07570384473927],[124.53947147584188,12.08644966351368],[124.53393438411676,12.08644966351368],[124.53393438411676,12.091822411094558],[124.52286020066649,12.102567582418283],[124.51178601721622,12.102567582418283],[124.5062489254911,12.107940006070992],[124.5062489254911,12.124056628451754],[124.49517474204083,12.129428619569381],[124.48963765031571,12.140172277020422],[124.48410055859055,12.140172277020422],[124.48410055859055,12.150915501125612],[124.4730263751403,12.156286950560942],[124.46748928341518,12.16702952397198],[124.4564150999649,12.16702952397198],[124.4564150999649,12.172400647857657],[124.43980382478951,12.18851336769528],[124.42872964133925,12.18851336769528],[124.42319254961411,12.199254637287567],[124.417655457889,12.199254637287567],[124.417655457889,12.220735870134037],[124.40658127443874,12.236845650306526],[124.40104418271358,12.236845650306526],[124.40104418271358,12.258323828945734],[124.37335872408795,12.312011616434836],[124.3678216323628,12.360321240690098],[124.37335872408795,12.365688426422535],[124.37335872408795,12.381789322098854],[124.3678216323628,12.38715606666788],[124.35674744891253,12.38715606666788],[124.35674744891253,12.419354214052866],[124.3456732654623,12.43545179428222],[124.34013617373714,12.43545179428222],[124.33459908201202,12.462278877947192],[124.3290619902869,12.467643961769756],[124.31245071511148,12.467643961769756],[124.31798780683663,12.478373796146476],[124.31798780683663,12.49446771386954],[124.31245071511148,12.49983213057379],[124.31245071511148,12.521288683514584],[124.30137653166123,12.526652543057219],[124.30137653166123,12.537379927398574],[124.29583943993609,12.54274345210792],[124.29583943993609,12.558833355854576],[124.30137653166123,12.569559399254537],[124.31245071511148,12.553470166380594],[124.3290619902869,12.553470166380594],[124.33459908201202,12.548106865116821],[124.33459908201202,12.537379927398574],[124.34013617373714,12.532016291033445],[124.35674744891253,12.532016291033445],[124.36228454063767,12.526652543057219],[124.37889581581307,12.526652543057219],[124.38996999926334,12.537379927398574],[124.38996999926334,12.54274345210792],[124.40658127443874,12.54274345210792],[124.41211836616385,12.553470166380594],[124.41211836616385,12.548106865116821],[124.42319254961411,12.537379927398574],[124.42872964133925,12.537379927398574],[124.43426673306439,12.526652543057219],[124.4564150999649,12.526652543057219],[124.46195219169005,12.532016291033445],[124.46195219169005,12.537379927398574],[124.46748928341518,12.532016291033445],[124.47856346686544,12.532016291033445],[124.48410055859055,12.521288683514584],[124.50071183376595,12.521288683514584],[124.5062489254911,12.526652543057219],[124.51732310894137,12.526652543057219],[124.52839729239162,12.51056062990884],[124.56161984274242,12.51056062990884],[124.56715693446753,12.515924712450227],[124.60037948481832,12.515924712450227],[124.60591657654346,12.505196435935126],[124.63360203516912,12.505196435935126],[124.63913912689425,12.49983213057379],[124.72219550277123,12.49983213057379],[124.72773259449635,12.505196435935126],[124.77202932829739,12.505196435935126],[124.78864060347279,12.515924712450227],[124.78864060347279,12.521288683514584],[124.80525187864818,12.521288683514584],[124.81078897037332,12.526652543057219],[124.8218631538236,12.526652543057219],[124.82740024554872,12.521288683514584],[124.88830825452516,12.521288683514584],[124.9104566214257,12.537379927398574],[124.9104566214257,12.548106865116821],[124.91599371315081,12.553470166380594],[124.92706789660109,12.553470166380594],[124.93814208005135,12.54274345210792],[124.9492162635016,12.54274345210792],[124.965827538677,12.564196433494109],[124.97690172212725,12.569559399254537],[124.97136463040214,12.564196433494109],[124.97136463040214,12.553470166380594],[124.98797590557753,12.54274345210792],[125.02673554765344,12.54274345210792],[125.03780973110372,12.553470166380594],[125.04334682282884,12.58028499495947],[125.04888391455397,12.58028499495947],[125.05442100627911,12.574922253091206],[125.07656937317962,12.574922253091206],[125.08210646490477,12.569559399254537],[125.11532901525555,12.569559399254537],[125.12086610698067,12.558833355854576],[125.13194029043095,12.553470166380594],[125.14855156560633,12.553470166380594],[125.15408865733149,12.558833355854576],[125.19284829940739,12.558833355854576],[125.22607084975819,12.526652543057219],[125.2316079414833,12.515924712450227],[125.2482192166587,12.515924712450227],[125.25929340010897,12.49446771386954],[125.27036758355923,12.49446771386954],[125.27590467528435,12.48910318586709],[125.27036758355923,12.48373854661116],[125.27036758355923,12.473008934517765],[125.28144176700948,12.462278877947192],[125.30359013391002,12.462278877947192],[125.30912722563514,12.456913683094816],[125.30359013391002,12.451548377257376],[125.30359013391002,12.424720184860718],[125.32573850081056,12.413988132573321],[125.33127559253568,12.39788922455241],[125.32573850081056,12.38715606666788],[125.31466431736028,12.381789322098854],[125.31466431736028,12.365688426422535],[125.30359013391002,12.354953944778885],[125.30359013391002,12.322747858068569],[125.30912722563514,12.317379792161667],[125.30359013391002,12.312011616434836],[125.30359013391002,12.295906430783555],[125.31466431736028,12.285169092072596],[125.34234977598595,12.285169092072596],[125.35342395943618,12.290537816225825],[125.37557232633672,12.279800258368773],[125.386646509787,12.279800258368773],[125.39772069323726,12.295906430783555],[125.4254061518629,12.269062262488974],[125.44755451876344,12.269062262488974],[125.4586287022137,12.263693100402824],[125.4752399773891,12.242215358798084],[125.48631416083937,12.236845650306526],[125.49185125256449,12.226105905929549],[125.50292543601475,12.226105905929549],[125.50292543601475,12.215365725327118],[125.51953671119014,12.199254637287567],[125.53061089464042,12.199254637287567],[125.53614798636553,12.193884056884695],[125.53614798636553,12.18851336769528],[125.52507380291527,12.18851336769528],[125.50846252773988,12.177771663136767],[125.48631416083937,12.177771663136767],[125.4752399773891,12.16702952397198],[125.4752399773891,12.145543943263762],[125.46416579393883,12.145543943263762],[125.45309161048856,12.129428619569381],[125.45309161048856,12.113312321657508],[125.4586287022137,12.102567582418283],[125.4752399773891,12.08644966351368],[125.49185125256449,12.08644966351368],[125.4973883442896,12.091822411094558],[125.4973883442896,12.07570384473927],[125.50846252773988,12.064957594781886],[125.51399961946503,12.064957594781886],[125.51399961946503,12.043463802761256],[125.50292543601475,12.032716261419717],[125.50292543601475,12.027342329574052],[125.49185125256449,12.021968290338629],[125.49185125256449,12.011219889879037],[125.46970288566398,11.995096484894914],[125.46416579393883,11.984347012569113],[125.46416579393883,11.973597112129045],[125.44201742703831,11.96284678393609],[125.44201742703831,11.946720490400697],[125.44755451876344,11.941344845737412],[125.44201742703831,11.935969094407051],[125.44201742703831,11.914465023319059],[125.43648033531316,11.909088739331521],[125.43648033531316,11.898335852214391],[125.44201742703831,11.892959249175275],[125.44201742703831,11.876828802678673],[125.45309161048856,11.871451774870902],[125.45309161048856,11.823053756478236],[125.46970288566398,11.806919179964098],[125.48077706911421,11.806919179964098],[125.48631416083937,11.801540776661293],[125.49185125256449,11.785404933993135],[125.4586287022137,11.785404933993135],[125.44755451876344,11.774647178701239],[125.43648033531316,11.774647178701239],[125.43094324358805,11.769268143137378],[125.43094324358805,11.747750949154097],[125.43648033531316,11.742371387953128],[125.48631416083937,11.742371387953128],[125.48631416083937,11.726232074583821],[125.49185125256449,11.720852093689862],[125.48631416083937,11.715472007986124],[125.48631416083937,11.704711522330905],[125.4973883442896,11.699331122470232],[125.4973883442896,11.688570008909803],[125.49185125256449,11.67780847720006],[125.4752399773891,11.67780847720006],[125.46970288566398,11.672427554652758],[125.46970288566398,11.650902820907508],[125.48077706911421,11.645521376809407],[125.48077706911421,11.640139828537501],[125.46416579393883,11.6293764196541],[125.46416579393883,11.607848353802154],[125.4586287022137,11.602466077586731],[125.4586287022137,11.591701213771387],[125.46970288566398,11.58093593508005],[125.48631416083937,11.58093593508005],[125.49185125256449,11.53248705664187],[125.51399961946503,11.510951536134291],[125.51399961946503,11.500183157482638],[125.51953671119014,11.494798813716853],[125.53061089464042,11.494798813716853],[125.53061089464042,11.478645165206668],[125.52507380291527,11.473260410117636],[125.52507380291527,11.446335094832333],[125.53061089464042,11.440949724126547],[125.5472221698158,11.440949724126547],[125.5472221698158,11.430178675431243],[125.55275926154093,11.424792997532993],[125.56383344499119,11.424792997532993],[125.56383344499119,11.408635350183577],[125.58044472016658,11.397863074361585],[125.58598181189173,11.38709039022785],[125.60259308706712,11.38709039022785],[125.60813017879224,11.37631729814774],[125.61920436224251,11.37631729814774],[125.6358156374179,11.354769891610205],[125.64688982086817,11.354769891610205],[125.6524269125933,11.34399557788386],[125.6358156374179,11.322445731344274],[125.62474145396763,11.31705801599963],[125.62474145396763,11.30089426179398],[125.60259308706712,11.30089426179398],[125.58598181189173,11.290117919304521],[125.58598181189173,11.27934117216017],[125.56937053671632,11.263175293516532],[125.55829635326607,11.257786465371169],[125.55829635326607,11.24161937578354],[125.55275926154093,11.236230144356442],[125.55275926154093,11.214672212046581],[125.5472221698158,11.20928247754779],[125.5472221698158,11.193112671373315],[125.55829635326607,11.182332298816881],[125.56937053671632,11.176941962144136],[125.58044472016658,11.176941962144136],[125.58598181189173,11.171551525269503],[125.63027854569278,11.171551525269503],[125.6358156374179,11.182332298816881],[125.6524269125933,11.182332298816881],[125.65796400431844,11.187722535241887],[125.65796400431844,11.198502707165332],[125.6856494629441,11.193112671373315],[125.70779782984461,11.149988776669122],[125.70779782984461,11.144597839472873],[125.70226073811949,11.149988776669122],[125.67457527949384,11.149988776669122],[125.66903818776868,11.144597839472873],[125.6524269125933,11.144597839472873],[125.64135272914302,11.133815665346079],[125.6136672705174,11.12303309187942],[125.60813017879224,11.133815665346079],[125.6136672705174,11.1392068023499],[125.6136672705174,11.149988776669122],[125.60813017879224,11.155379613892777],[125.59151890361686,11.155379613892777],[125.58598181189173,11.160770351097966],[125.55275926154093,11.160770351097966],[125.5472221698158,11.155379613892777],[125.5472221698158,11.144597839472873],[125.53614798636553,11.1392068023499],[125.53614798636553,11.101466748394976],[125.52507380291527,11.106858483720233],[125.52507380291527,11.112250119439995],[125.51399961946503,11.12303309187942],[125.50846252773988,11.12303309187942],[125.50292543601475,11.133815665346079],[125.48631416083937,11.133815665346079],[125.46970288566398,11.117641655508356],[125.4586287022137,11.112250119439995],[125.4586287022137,11.106858483720233],[125.44755451876344,11.101466748394976],[125.43648033531316,11.112250119439995],[125.40879487668751,11.112250119439995],[125.40879487668751,11.117641655508356],[125.39772069323726,11.128424428507289],[125.35896105116133,11.128424428507289],[125.34788686771107,11.133815665346079],[125.33127559253568,11.149988776669122],[125.31466431736028,11.149988776669122],[125.29251595045974,11.1392068023499],[125.28144176700948,11.128424428507289],[125.27036758355923,11.128424428507289],[125.25929340010897,11.117641655508356],[125.25929340010897,11.101466748394976],[125.2482192166587,11.101466748394976],[125.2482192166587,11.112250119439995],[125.24268212493358,11.117641655508356],[125.24268212493358,11.144597839472873],[125.2316079414833,11.166160988238827],[125.2316079414833,11.187722535241887],[125.22053375803304,11.198502707165332],[125.22053375803304,11.214672212046581],[125.2094595745828,11.225451379430197],[125.2094595745828,11.236230144356442],[125.19838539113253,11.257786465371169],[125.17069993250686,11.290117919304521],[125.12086610698067,11.290117919304521],[125.11532901525555,11.284729596291328],[125.10979192353042,11.290117919304521],[125.08764355662989,11.290117919304521],[125.08210646490477,11.284729596291328],[125.03780973110372,11.284729596291328],[125.03227263937858,11.27934117216017],[125.0211984559283,11.290117919304521],[125.01566136420318,11.290117919304521],[125.01566136420318,11.306282281178746],[125.01012427247807,11.31705801599963],[125.01566136420318,11.322445731344274],[125.01566136420318,11.33322085767331],[125.03227263937858,11.34399557788386],[125.03227263937858,11.37093059924199],[125.02673554765344,11.37631729814774],[125.02673554765344,11.430178675431243],[125.0211984559283,11.435564250977638],[125.0045871807529,11.435564250977638],[125.0045871807529,11.45172036304937],[124.99351299730267,11.462490591834712],[124.95475335522674,11.462490591834712],[124.93814208005135,11.478645165206668],[124.93814208005135,11.494798813716853],[124.9326049883262,11.500183157482638],[124.9104566214257,11.500183157482638],[124.89938243797542,11.489414367051873],[124.89938243797542,11.478645165206668],[124.87169697934976,11.473260410117636],[124.86615988762465,11.48402981753328],[124.86615988762465,11.500183157482638],[124.8606227958995,11.505567398303644],[124.87169697934976,11.510951536134291],[124.87169697934976,11.527103331228354],[124.87723407107488,11.53248705664187],[124.88830825452516,11.53248705664187],[124.8938453462503,11.527103331228354],[124.92153080487596,11.527103331228354],[124.9326049883262,11.537870678837201],[124.9326049883262,11.559404134525739],[124.92706789660109,11.564787239946975],[124.9326049883262,11.564787239946975],[124.93814208005135,11.559404134525739],[124.965827538677,11.559404134525739],[124.97136463040214,11.564787239946975],[124.98797590557753,11.564787239946975],[124.99905008902779,11.575553140269651],[124.99905008902779,11.591701213771387],[125.01012427247807,11.597083697561308],[125.01012427247807,11.602466077586731]]]]}}
