{"type":"Feature","properties":{"id":"schleiereule","sourceUrl":"https://commons.wikimedia.org/wiki/File:Schleiereule-Tyto_alba-World.png","author":"Jonathan Hornung","license":"Public domain","licenseUrl":"https://creativecommons.org/publicdomain/mark/1.0/","sourceImageSha256":"ca00eb2c4ab948e94af3829ca0a4bed7a8e87d11db6087cd5029a3eb55db6fc5","registration":{"proj_string":"+proj=robin +R=1 +lon_0=10","parameters_1000px":[725.7462828689701,-725.6923947634468,431.0185497360881,886.2655608209336],"coast_rmse_capped15_px":1.7509031295776367,"coast_median_px":0.0025970954447984695,"coast_p90_px":1.8188402652740479,"sample_count":5878,"image_width":1280,"image_height":1800,"pixel_transform_native":[928.9552420722816,-928.8862652972119,551.7037436621928,1134.419917850795],"transform_definition":"pixel_x=sx*projected_x+tx; pixel_y=sy*projected_y+ty","validation":"Odd coastline samples withheld from affine fit. Normalized to 1000px width.","controls":[[-5.6,36,359,577],[7.05,57.98,557,250],[20,-34.8,758,1674],[51.3,12,1243,950],[-17.5,14.7,181,910]],"review_bounds":[-30,-38,62,70],"excluded_pixel_rectangles":[[153,615,188,634],[141,687,176,706],[32,872,68,891],[462,1121,496,1141],[961,1220,998,1240],[1180,1197,1218,1218],[1027,1308,1065,1329]]},"includedColors":["#00CC00"],"adaptation":"Inverse map projection; present seasonal range colors combined; 3px border closing; contours simplified by 0.45 source pixels; components below 4 source pixels omitted; split at the antimeridian."},"geometry":{"type":"MultiPolygon","coordinates":[[[[18.045752059813875,-32.71490118705168],[18.124086482998923,-32.779095751252804],[18.276943916795666,-32.779095751252804],[18.351394533331714,-32.71490118705168],[18.34745788285872,-32.58651511320614],[18.42185603938635,-32.5223235236124],[18.402457370926818,-31.880451173762197],[18.324390819375992,-31.816267414744217],[18.32063941685733,-31.6879012736763],[18.081463698444587,-31.30281099271631],[17.925931639631308,-31.17444921569761],[17.37195377610712,-30.27590710514051],[17.288695088151968,-29.954996049471262],[17.211540621803028,-29.89080872923304],[17.207185086357022,-29.698242978001748],[17.130131363405525,-29.634053166344955],[17.125894311066098,-29.44148019715258],[17.04893968631928,-29.377288064953657],[17.04618678380973,-29.248902150954155],[16.7363194516396,-28.86373198154434],[16.73504468373059,-28.799535253205498],[16.95739779240572,-28.606942367539535],[17.032778940769326,-28.606942367539535],[17.32888311856008,-28.350145951021524],[17.4042085565,-28.350145951021524],[17.47680563862266,-28.221745405718625],[17.698531573898176,-28.029141907143185],[17.773788791019356,-28.029141907143185],[18.069082934900656,-27.772332687907415],[18.28605822667606,-27.387110490603813],[18.281832810519,-27.19449625226422],[18.355512529916876,-27.130291112373573],[18.352718308426418,-27.001880306157656],[18.276294567701264,-26.93767466124395],[18.273566327643614,-26.809262941335913],[18.118264407847104,-26.552438080984963],[17.73729741089799,-26.23140522539074],[17.736086465754095,-26.167198523994266],[17.280014150011347,-25.781958303137614],[17.20519098184406,-25.781958303137614],[17.053419964029143,-25.6535451484226],[16.97861932784311,-25.6535451484226],[16.826983137675782,-25.525132262596898],[16.752204790659942,-25.525132262596898],[16.450245409238327,-25.332513625406584],[16.220650865839417,-24.947282689106068],[16.21890471651091,-24.818873067638417],[15.990796951302686,-24.497851905602992],[15.989176925578132,-24.369444537173564],[15.761583275101723,-24.048428656183066],[15.75933250108488,-23.85582075458191],[15.83308982993379,-23.79161837466467],[15.829380471007527,-23.470608250593216],[15.90309236943855,-23.406406560799205],[15.900889203879148,-23.213802109818797],[15.974567754873284,-23.149600822730175],[15.973102737724462,-23.021198526198372],[16.04675403233918,-22.956997511018077],[16.04456075423299,-22.764394963397663],[16.11817873095611,-22.700194270602935],[16.116718498675446,-22.571793102421374],[16.190309212416476,-22.507592621297928],[16.18812025858755,-22.314991555377837],[16.11311384554883,-22.250791316327195],[16.033944411669886,-21.801390976095806],[15.959041281422767,-21.737191083520646],[15.957007959249141,-21.544591576742743],[15.882154207683161,-21.480391788572728],[15.880166118244425,-21.28779252617914],[15.805360346721692,-21.223592796526972],[15.803414354006767,-21.030993640856558],[15.728655245722694,-20.966793923835375],[15.726748324289694,-20.774194737227745],[15.576108293365849,-20.517395631745327],[15.574881358742175,-20.388995945950093],[15.50023774787152,-20.324796059751073],[15.498428165796582,-20.132196193532383],[15.348072970179349,-19.875412959846088],[15.34632061034567,-19.682811553986507],[15.271795313782107,-19.618610997530443],[15.270646625689281,-19.490209757474034],[14.895712505209385,-18.84820121408027],[14.598354937501476,-18.591396818015284],[14.597863656938388,-18.527195641219414],[14.004017060502008,-18.01358522669922],[13.856124494690054,-17.94938381139151],[13.634916050832343,-17.94938381139151],[13.560806960820317,-17.885182373424662],[12.970979552929432,-17.885182373424662],[12.676627071758876,-18.01358522669922],[12.529672051606322,-18.141987986263473],[12.455912629391552,-18.141987986263473],[12.235344138848536,-18.334591936455332],[12.16202118706121,-18.462994434848515],[11.939392201516823,-18.077786618579356],[11.938579023911595,-17.820980913567137],[11.864663924693541,-17.75677943258737],[11.862186101167875,-16.922158607375813],[11.935607364208451,-16.85795691137323],[11.932244064993656,-15.702325487200513],[12.15208760115215,-15.509720262282453],[12.151307183346745,-15.25291339091224],[12.224540948089883,-15.188711695190612],[12.223950414017313,-14.996113023362492],[12.297156174997248,-14.931911533310622],[12.296560155349896,-14.73930713688805],[12.369738838801737,-14.675105695306028],[12.3693371666468,-14.546702846746317],[12.44249453937061,-14.48250143935732],[12.441288581923283,-14.097293218539317],[12.514406078175387,-14.033091883736237],[12.51380523331463,-13.840487935785273],[12.586898383973136,-13.77628663793555],[12.586494827398283,-13.647884068203108],[12.659568808297525,-13.583682795909091],[12.65895953972625,-13.391079026848084],[13.09689614299249,-12.941670484937113],[13.096229049954164,-12.74906691899314],[13.168984333500163,-12.620664569209252],[13.315370400174148,-12.620664569209252],[13.461514040739779,-12.556463401953998],[13.60738931130108,-12.428061081688657],[13.89800402285955,-11.914451960401683],[13.897245609600319,-11.721848591122477],[13.970115617709116,-11.657647472590732],[13.967193810173551,-10.887234142554133],[13.893899411266357,-10.823033033175276],[13.893446659648207,-10.694630812005629],[13.74648704625803,-10.437826354260599],[13.526596326151306,-10.181021865006953],[13.526024073591456,-9.988416557725053],[13.306129662463542,-9.667411325951393],[13.30529016593594,-9.346406016894509],[13.158881225615406,-9.15380279717846],[13.158423167607449,-8.961199553536797],[13.522341058001553,-8.640194098267848],[13.52154252238151,-8.319188587362095],[13.155608400565237,-7.6771774256983125],[13.082096335346176,-7.356171788469379],[13.009107078880223,-7.291970657377691],[13.008635537251473,-7.035166122661828],[12.935555438983053,-6.906763849852055],[12.643761024675618,-6.649959295493496],[12.497719545254522,-6.393154732369133],[12.497105573419761,-5.943746736226227],[12.351325802026713,-5.815344451228996],[12.642280235662898,-5.62274102503584],[12.642106476645578,-5.494338742406888],[12.714810928287545,-5.430137601704708],[12.714549444772802,-5.23753418269675],[12.64168233675666,-5.173333044240679],[12.64151666411857,-5.044930769473113],[13.150375866952016,-4.659724417423175],[13.150097221682563,-4.467120927271277],[13.00441013616859,-4.338718604286825],[12.7861523276453,-4.338718604286825],[12.640799596046444,-4.467120927271277],[12.568042792384142,-4.467120927271277],[12.059176769671065,-4.916529082007363],[11.91340079639799,-4.659724417423175],[11.913287509369738,-4.531322089887723],[11.767666696271064,-4.402919765407918],[11.767615887869955,-4.338718604286825],[11.185333935573373,-3.82510934074081],[11.112597356631412,-3.82510934074081],[11.112568149532095,-3.760908185813049],[10.894295343548286,-3.5683047247906616],[10.821505409591271,-3.3757012691823265],[10.676025761506429,-3.2472989683069313],[10.676009968936423,-3.1830978186958117],[9.65804941159628,-2.284281775560761],[9.51268751956934,-2.027477206970094],[9.512710194049811,-1.8348737841538896],[9.3673499916724,-1.7064715038411151],[9.367367040181337,-1.57806922467908],[9.222016236458419,-1.4496669465811964],[9.222042694147952,-1.2570635312402485],[9.076716441080002,-1.000258980368709],[8.931377560723115,-0.8718567059880017],[9.004068456894299,-0.7434544321952203],[9.149420204220597,-0.7434544321952203],[9.222100926039664,-0.6792532954922439],[9.294787243420567,-0.48664988602709],[9.440140064291201,-0.35824761347856765],[9.44014321272806,0.21956261125032417],[9.51281655335588,0.21956261125032417],[9.585491064628556,0.09116033910704287],[9.730837335401212,0.09116033910704287],[9.803510250102537,0.15536147516558774],[9.803509469050585,0.2837637473720754],[9.730835198196171,0.3479648835416648],[9.585487773345246,0.3479648835416648],[9.440130859010706,0.6047694289148705],[9.658155691691835,0.6047694289148705],[9.730829126375744,0.6689705654860005],[9.73081457536787,1.1183785252478022],[9.658131952189779,1.1825796630242098],[9.512771969859937,1.1825796630242098],[9.512756228537748,1.3751830775929128],[9.803475792581166,1.6319876336473762],[9.803470344134121,1.7603899132820817],[9.948843996065023,1.9529933349870072],[9.94883283239421,2.723407054361008],[10.021540389576844,2.7876082003685276],[10.02154425300346,3.301217386255961],[9.876094946203912,3.4296196880766976],[9.876085666578177,3.6222231451712177],[9.730617531394314,3.686424298742928],[9.730603494841434,3.8148266077615967],[9.803334554732045,3.8790277632302015],[9.803318577375393,4.071631233602977],[9.730567021401201,4.1358323917523006],[9.512328663264439,4.1358323917523006],[9.439613368699085,4.007430076140068],[9.366853925696624,4.071631233602977],[9.221365708470367,4.071631233602977],[9.075773815652544,4.328435870426989],[9.075693531525495,4.521039355669051],[8.930113089366388,4.649441682956611],[8.711824413663091,4.649441682956611],[8.639101921307168,4.585240518926331],[8.638979772867492,4.777844013379468],[8.56616896420139,4.8420451797936925],[8.347860546210272,4.8420451797936925],[8.275143459743816,4.777844013379468],[8.275247062256494,4.649441682956611],[8.056958386553195,4.649441682956611],[7.984255333936886,4.585240518926331],[7.547690942356697,4.585240518926331],[7.402245976205089,4.521039355669051],[7.329408746566603,4.585240518926331],[7.038365818846478,4.585240518926331],[6.9656944400345475,4.521039355669051],[6.67466008258752,4.521039355669051],[6.529344762333857,4.392637031430205],[6.165572973033306,4.392637031430205],[6.092705477882523,4.45683819317395],[5.947192548776682,4.45683819317395],[5.728545845718008,4.649441682956611],[5.582485457571707,4.906246347024213],[5.581935626336114,5.163050314006065],[5.509012770399418,5.227251452354171],[5.508580637772325,5.419854871090237],[5.362849758564684,5.48405601171912],[5.362545128931876,5.6124582942274825],[5.289591606480408,5.676659435998728],[5.2167919796441025,5.676659435998728],[5.216471212641095,5.805061720304764],[5.070527041591163,5.93346400526808],[5.070357704885358,5.9976651478609275],[4.632352324867062,6.382872001565319],[4.486498750443292,6.447073143035514],[4.340838813884297,6.447073143035514],[4.2678006039130505,6.511274284128862],[3.4666418480145555,6.511274284128862],[3.3940492262508295,6.447073143035514],[2.6657495434558545,6.447073143035514],[2.593186775928773,6.382872001565319],[2.0833953886942007,6.382872001565319],[2.0108542380811647,6.3186708597723955],[1.5739058444227183,6.3186708597723955],[1.2832249074493873,6.190268575434829],[1.0656998888551588,5.9976651478609275],[0.9935045795446218,5.869262862731319],[0.5566627272050475,5.869262862731319],[0.484178136969005,5.805061720304764],[0.26576461039952554,5.805061720304764],[-0.6778874093592081,5.291452591353644],[-0.896243542804852,5.291452591353644],[-0.9686795009587499,5.227251452354171],[-1.1142456194162378,5.227251452354171],[-1.1866747090861427,5.163050314006065],[-1.332236221675867,5.163050314006065],[-1.4774369966889012,5.098849176363448],[-1.7670961540448786,4.8420451797936925],[-2.058174044699701,4.8420451797936925],[-2.350393039169269,5.034648039480433],[-2.5687216294404447,5.034648039480433],[-2.6418924983945797,5.098849176363448],[-2.9330063738210015,5.098849176363448],[-3.0066051593635663,5.227251452354171],[-3.516086573964774,5.227251452354171],[-3.6625260746686337,5.3556537309503724],[-4.53597862120432,5.3556537309503724],[-4.6806155216246665,5.227251452354171],[-4.8261816400821544,5.227251452354171],[-4.8994393226416975,5.291452591353644],[-5.19058083390256,5.291452591353644],[-5.2623970615984685,5.163050314006065],[-5.6990815993676485,5.163050314006065],[-6.496610853077428,4.777844013379468],[-6.714912640951635,4.777844013379468],[-7.149976907509647,4.585240518926331],[-7.294483999854912,4.45683819317395],[-7.6582663226195145,4.45683819317395],[-8.023640723589814,4.649441682956611],[-8.169166507392013,4.649441682956611],[-8.315240254562593,4.713642847770715],[-8.68134291900542,4.970447515081851],[-9.046397757775814,5.098849176363448],[-10.148740751666253,6.126067432998418],[-10.514269980655683,6.25446971771086],[-10.735717915640585,6.511274284128862],[-11.028592464104108,6.639676564968558],[-11.323142821748505,6.896481119744673],[-11.323956789680054,6.960682256684839],[-11.471316845111375,7.089084528081721],[-11.617031430058915,7.089084528081721],[-12.056773771109405,7.2816879281566695],[-12.20428083488391,7.410090189561694],[-12.277152538290025,7.410090189561694],[-12.351837003645578,7.538492446212342],[-12.570469845260948,7.538492446212342],[-12.717156187025132,7.602693572619483],[-12.572326785853907,7.666894697675683],[-12.574210569420302,7.795296943518785],[-12.72191331764031,7.923699183308717],[-12.724850639751775,8.116302530696885],[-12.946596637501912,8.308905862030183],[-13.093457604577992,8.373106968654326],[-13.022617440839266,8.501509175847472],[-13.025790821938017,8.69411247068761],[-13.099802054761824,8.75831356449797],[-13.027944583703118,8.822514655983293],[-13.030129360711534,8.950916831762358],[-13.104185551880708,9.015117915947872],[-13.10984378035721,9.336123297670593],[-13.331095744063429,9.464525431053918],[-13.333471458601124,9.59292755275599],[-13.481865480736458,9.721329662343877],[-13.48432469788585,9.849731759384655],[-13.63283406953909,9.978133843445399],[-13.77884927345469,9.978133843445399],[-13.92874301133919,10.170739136452054],[-14.07478188623227,10.170739136452054],[-14.37089304861218,10.363342508061493],[-14.373629049415296,10.49174474441904],[-14.448055157365516,10.55594585980012],[-14.452271952416933,10.748549197220301],[-14.599818346081493,10.812750307471484],[-14.604177739456341,11.005353634437395],[-14.678728719557068,11.069554742848963],[-14.971040891781529,11.069554742848963],[-14.972545823261246,11.133755851314733],[-15.271069075986706,11.390560289832704],[-15.282311953820104,11.839968106829465],[-15.357098441200323,11.904169231985815],[-15.503373749181462,11.904169231985815],[-15.574843491789506,11.839968106829465],[-15.794242145266555,11.839968106829465],[-15.943902522313188,11.968370359869722],[-16.090187431823598,11.968370359869722],[-16.165058367801272,12.032571490686836],[-16.170311646946406,12.225174902793839],[-16.245252436470526,12.289376047400204],[-16.464753232602614,12.289376047400204],[-16.54155237277818,12.417778348702848],[-16.614729319078187,12.417778348702848],[-16.64356936074579,13.380796279612014],[-16.423800635581173,13.380796279612014],[-16.35254269182839,13.444997526987644],[-16.35861195196461,13.637601315915354],[-16.433944348798434,13.701802595177028],[-16.438089611173943,13.830205179362919],[-16.586784551332066,13.894406484698429],[-16.670824846511362,14.215413152027642],[-16.826361762828615,14.472218667011996],[-17.204688611467663,14.793225808737068],[-17.278075214858045,14.793225808737068],[-17.06025377407356,14.857427272204562],[-16.847114816317518,15.050025520657313],[-16.849488855533888,15.11422719298197],[-16.63637611110841,15.306832274543359],[-16.430571367860175,15.692042659146354],[-16.435505103411806,15.820446163762318],[-16.364490128694747,15.884647920689925],[-16.379589844483526,16.26985847851577],[-16.308595661674644,16.33406023369091],[-16.31629899246856,16.52666547619662],[-16.111127467090206,16.911875788455855],[-16.116380113514328,17.040279152147658],[-15.977021255125143,17.23288410743229],[-15.982327913095274,17.36128734182115],[-15.91131936964151,17.425488935969906],[-15.919337625133734,17.618093617011873],[-15.848320873846726,17.682295140996224],[-15.878230929914789,18.388510451256778],[-15.954782766353166,18.452711690976678],[-15.974258790064535,18.902119522845823],[-16.3634844846324,19.351525685658455],[-16.218516944415132,19.41572641444301],[-16.229944507557516,19.672528919803497],[-16.306764753217582,19.736729439857434],[-16.09059475876397,19.8651303470435],[-16.09630334708385,19.993531071878312],[-16.025161228142586,20.057713601898953],[-16.03371934092703,20.250313602664164],[-16.1932755126031,20.507113112802877],[-16.347193347624017,20.635512709118387],[-16.4953345680473,20.635512709118387],[-16.661205944978697,21.020711138373276],[-16.738307271181913,21.084910854240686],[-16.88656360475755,21.084910854240686],[-16.89861694257984,21.34170975903402],[-16.82747717056961,21.405909509902905],[-16.836585945387817,21.59850886760586],[-16.533793439089486,21.47010927637587],[-16.527809949095484,21.34170975903402],[-16.450675490961267,21.277510020901286],[-16.22821629931333,21.277510020901286],[-16.151129989998694,21.21331029263677],[-15.194660190244157,19.672528919803497],[-15.18916671259523,19.544127750615512],[-14.874523122913013,19.094722383793343],[-14.869149741587062,18.96632051158191],[-14.631688482660095,18.581114083597456],[-14.247149095383286,18.19590656768015],[-14.244588466091397,18.131705220910398],[-14.015736200971904,17.939101034626603],[-14.013222097529564,17.87489959310197],[-13.404012561191017,17.36128734182115],[-13.330346408279468,17.36128734182115],[-12.49508551816993,16.6550689443325],[-12.421500925293543,16.6550689443325],[-10.911971304994946,15.43523570838901],[-10.838519614349785,15.43523570838901],[-10.686007620728077,15.242630570693473],[-10.317032150930807,15.178428876583515],[-10.241806984958966,15.11422719298197],[-10.094969610057301,15.11422719298197],[-10.01978061154697,15.050025520657313],[-9.652719632795865,15.050025520657313],[-9.577586153521764,14.985830235907251],[-9.210557444350012,14.985830235907251],[-9.135478800094265,14.921628747859401],[-8.695082850317132,14.921628747859401],[-8.623311509675208,14.985830235907251],[-7.669036865828648,14.985830235907251],[-7.597178151789678,15.050025520657313],[-7.156704977288356,15.050025520657313],[-6.575317765318219,15.306832274543359],[-6.428441001146099,15.306832274543359],[-6.211063103704564,15.43523570838901],[-6.064159722414242,15.43523570838901],[-5.921638686393104,15.627840912994971],[-5.702677961970174,15.692042659146354],[-5.413087756727924,15.884647920689925],[-5.266089067171324,15.884647920689925],[-5.195464693766041,16.01305143994197],[-3.896826571638409,17.16868246872912],[-3.823182952800005,17.16868246872912],[-2.736970645322888,18.067503849299257],[-2.6632202426087677,18.067503849299257],[-2.3009749776920043,18.388510451256778],[-2.2271855431690533,18.388510451256778],[-2.082180699617229,18.516912902013043],[-1.8620321979110754,18.581114083597456],[-1.0596015144039175,19.094722383793343],[-0.839144746630808,19.158923265731907],[-0.6936939722916851,19.287324917432837],[-0.2536333609041428,19.47992710301815],[-0.10578395049635426,19.47992710301815],[0.11383632652878894,19.608328356466743],[0.2617179550110684,19.608328356466743],[0.4814633871406375,19.736729439857434],[0.6293772914609743,19.736729439857434],[0.8492486852550147,19.8651303470435],[0.9971949162071462,19.8651303470435],[1.2171930162160116,19.993531071878312],[1.5131502190074606,19.993531071878312],[1.5862190426548342,20.057713601898953],[2.1042008153253473,20.057713601898953],[2.1773414819612267,20.12191364295305],[4.101484510603594,20.12191364295305],[4.176127906007397,20.057713601898953],[4.990099263061059,20.057713601898953],[5.064636652504869,19.993531071878312],[5.878518960181358,19.993531071878312],[5.952951094834677,19.929330732638974],[6.322857122670423,19.929330732638974],[7.06427286519596,19.608328356466743],[7.286981763442711,19.41572641444301],[7.360898426046038,19.41572641444301],[8.619861331704586,18.388510451256778],[8.620007948852747,18.324309183621775],[10.02181297284694,17.040279152147658],[10.095441685766266,17.040279152147658],[10.31623255396748,16.847674090864764],[10.389839091637176,16.847674090864764],[10.831066670529575,16.52666547619662],[12.88717114233965,15.627840912994971],[13.034114969126625,15.627840912994971],[13.10730032465106,15.563639171972632],[13.327695739779578,15.563639171972632],[13.400848792567839,15.499437436847815],[13.621223984532804,15.499437436847815],[13.694345061134396,15.43523570838901],[13.914700133069882,15.43523570838901],[14.500690862597406,15.178428876583515],[14.941242158695538,15.178428876583515],[15.015115740759274,15.242630570693473],[15.4557064269562,15.242630570693473],[15.529635242585789,15.306832274543359],[15.676512006757909,15.306832274543359],[15.750470015701131,15.371033987364696],[15.897360053224531,15.371033987364696],[15.971347471134424,15.43523570838901],[16.11825085242475,15.43523570838901],[16.192267890790735,15.499437436847815],[16.339184685434045,15.499437436847815],[16.486696689954986,15.563639171972632],[16.708956856528147,15.756244409658297],[16.782442420182633,15.756244409658297],[17.301685493392,16.20565672078482],[17.375219841641258,16.20565672078482],[18.342700570010273,17.10448081671142],[18.63899915661837,17.23288410743229],[18.78630137113643,17.23288410743229],[19.00909471989104,17.36128734182115],[19.156427025714137,17.36128734182115],[19.37935206017086,17.48969051373025],[19.82143978513651,17.48969051373025],[19.89614166806972,17.55389207433373],[20.485652764681504,17.55389207433373],[20.558252660079255,17.48969051373025],[21.074021672539182,17.48969051373025],[21.146556407330877,17.425488935969906],[21.51492495382166,17.425488935969906],[22.391436743293962,17.040279152147658],[23.62043912637043,15.948849679672634],[23.693945409743687,15.948849679672634],[23.838350957075765,15.820446163762318],[23.90924698716456,15.692042659146354],[24.569205371904133,15.627840912994971],[24.641327049710107,15.563639171972632],[24.86172246483862,15.563639171972632],[24.933817172067698,15.499437436847815],[25.593518945650676,15.43523570838901],[25.66554754853064,15.371033987364696],[25.95932762357744,15.371033987364696],[26.031323880892344,15.306832274543359],[26.325077409236584,15.306832274543359],[26.397041800846527,15.242630570693473],[26.61733714394499,15.242630570693473],[26.689276721312442,15.178428876583515],[27.348560989867263,15.11422719298197],[27.420439221065713,15.050025520657313],[28.301385570068362,15.050025520657313],[28.37318237483754,14.985830235907251],[29.767891469690205,14.985830235907251],[29.843041680823006,15.050025520657313],[30.723988029825655,15.050025520657313],[31.318887391088648,15.306832274543359],[31.46965419726365,15.43523570838901],[31.702041830200162,15.820446163762318],[31.853142864175158,15.948849679672634],[32.242151748574386,16.590867213463675],[32.54091780048767,16.719270668034607],[32.68810156348886,16.719270668034607],[33.36211496827376,17.040279152147658],[33.44048817943239,17.16868246872912],[33.445262597549565,17.29708573205246],[33.59984054656587,17.48969051373025],[33.6047154961758,17.618093617011873],[33.68086705508601,17.682295140996224],[33.690750520115394,17.939101034626603],[33.76697916555033,18.00330245361518],[33.777010703829674,18.260107888840086],[33.705750453894076,18.324309183621775],[33.713321029447286,18.516912902013043],[33.50702681734252,18.902119522845823],[33.51209921967621,19.030521465487215],[33.3719488556564,19.223124110534535],[33.150271092603504,19.223124110534535],[32.92115041015649,19.030521465487215],[32.682471508808824,18.581114083597456],[31.693109701568723,17.746496645518327],[31.471974271867552,17.746496645518327],[31.396038445269177,17.682295140996224],[31.1012218504541,17.682295140996224],[30.7435306251918,18.00330245361518],[30.604738484840382,18.260107888840086],[30.60911281954366,18.388510451256778],[30.53750921933558,18.452711690976678],[30.54629309283177,18.709516355336774],[30.474661820896248,18.77371744395485],[30.4812754578849,18.96632051158191],[30.4096179696977,19.030521465487215],[30.41846006323009,19.287324917432837],[30.3467687446321,19.351525685658455],[30.353410918554236,19.544127750615512],[30.28168853691396,19.608328356466743],[30.28390089173545,19.672528919803497],[30.43626112695709,19.800929915860213],[30.44073013756109,19.929330732638974],[30.225426399478813,20.12191364295305],[30.238757058947005,20.507113112802877],[30.710673138401056,21.277510020901286],[30.863673731055215,21.405909509902905],[31.10297627090006,21.855308363505074],[31.256326321842902,21.983708314062184],[31.263721469904773,22.176308557687978],[31.422308886202458,22.433109596190707],[31.427383764199085,22.561510472926784],[31.66597317005985,22.94671480842695],[31.968846090453628,23.07511689851423],[32.11763799430575,23.07511689851423],[32.35187037576404,23.33192218375754],[32.39516057980695,24.294957987732253],[32.121006205810424,24.808589778557973],[32.211364856483506,25.12961262623009],[32.068304206153954,25.25802414562103],[31.918838686476594,25.25802414562103],[31.850473702602116,25.38643619773311],[31.85691221534881,25.51484869691182],[31.785370356120424,25.579055087383296],[31.791892794800482,25.707468096553363],[31.58724914002773,26.092708178924074],[31.593985292966046,26.22112160579027],[31.522465964080443,26.28532828342675],[31.529284200119704,26.41374151356696],[31.457770197471927,26.4779480446551],[31.40719292186052,26.92739119524296],[31.335697584864903,26.99159686440952],[31.36096764104522,27.441031583288876],[31.289498983021822,27.50523570534154],[31.319476135509746,28.018859086607698],[31.24803446672604,28.08306064934672],[31.259580996634437,28.275663267537578],[31.049130527193444,28.532461529014114],[30.985517092037718,28.72505592867683],[30.842568377842216,28.853449988782543],[30.846527438740054,28.917646324857976],[30.703540743161927,29.0460375556007],[30.707523498036746,29.110232428889063],[30.564496464892287,29.238620637858627],[30.500999409670847,29.431198946997483],[30.07563299795207,29.880528152486082],[29.94467048531993,30.20144316158068],[29.502320665964238,30.39399373893779],[29.223490026494513,30.77908484800109],[29.3752766364068,30.77908484800109],[30.09313801389318,31.292531487420757],[30.32121318558473,31.292531487420757],[30.482301605357716,31.420893815832063],[30.93865332484834,31.420893815832063],[31.10014612006509,31.54925705006268],[31.395005044338962,31.420893815832063],[31.77529814391448,31.420893815832063],[31.932280202581893,31.485075299768745],[31.851356763829585,31.420893815832063],[31.836919909925243,31.228350563144513],[32.055310375484424,31.099988994954018],[32.28323591596903,31.099988994954018],[32.368978494043176,31.228350563144513],[32.65818972368477,31.0358082712429],[33.341817838957624,31.0358082712429],[33.17988274923066,30.90744674509832],[33.02308358183045,30.843265862868243],[32.87126447361048,30.843265862868243],[32.79047535943323,30.77908484800109],[32.63868874952094,30.77908484800109],[32.3256072208692,30.65072226075503],[32.08404581887419,30.458176387570944],[32.00823280947779,30.458176387570944],[31.7537166430708,30.073073517965373],[31.684764596722804,29.0460375556007],[31.75607568093679,28.981842184027325],[31.743682634453304,28.78925318649167],[31.814995328827973,28.72505592867683],[31.774914430338093,28.08306064934672],[31.846261539869683,28.018859086607698],[31.796932695389696,27.184212893562815],[31.868337011177466,27.12000772427527],[31.839538208544347,26.606360885329142],[31.910980637786604,26.54215450547834],[31.900494664716923,26.3495349229216],[31.971949007927158,26.28532828342675],[31.96164264437371,26.092708178924074],[32.033110127945605,26.02850145111029],[32.02298411825875,25.835881338641983],[32.09446596795131,25.771674693836733],[32.08452106447497,25.579055087383296],[32.15601850551066,25.51484869691182],[32.455124795672496,25.51484869691182],[32.66946082467544,25.322230110440266],[32.50699146316924,25.065407093071133],[32.48805768990272,24.68018088237153],[32.624972975083864,24.423365009917244],[32.61587417911713,24.230754695106462],[32.68742972282246,24.166551544299086],[32.64398133836701,23.203519349308166],[32.40703250849405,22.882513891476993],[32.03252584229455,22.818313056098205],[31.87854760436243,22.68991161858047],[31.64013713354153,22.30470896542628],[31.635080176125783,22.176308557687978],[30.68992951629837,20.69971247762556],[30.67172474184651,20.186113642252103],[30.889187896586684,20.057713601898953],[30.87777072496984,19.736729439857434],[30.72759417058403,19.672528919803497],[30.711815699021695,19.223124110534535],[30.783456256928645,19.158923265731907],[30.77671796732772,18.96632051158191],[30.84833087425796,18.902119522845823],[30.839375043498634,18.645315234961508],[30.910958498207805,18.581114083597456],[30.902049820977698,18.324309183621775],[30.973607347513564,18.260107888840086],[30.969173215271024,18.131705220910398],[31.183763582685767,17.939101034626603],[31.33123340253457,17.939101034626603],[31.48095709844998,18.00330245361518],[32.6232336513453,18.96632051158191],[32.78080815418202,19.223124110534535],[33.162855642553716,19.544127750615512],[33.60645217792205,19.544127750615512],[33.667519206393585,19.223124110534535],[34.013675469920656,18.645315234961508],[34.00342680759936,18.388510451256778],[34.07465843190939,18.324309183621775],[34.0619497548536,18.00330245361518],[33.904463998580404,17.746496645518327],[33.89950152665979,17.618093617011873],[33.823341325523074,17.55389207433373],[33.81112725197829,17.23288410743229],[33.735062654786006,17.16868246872912],[33.72548579418746,16.911875788455855],[33.57589845759159,16.847674090864764],[33.34811584381938,16.6550689443325],[33.049235858132384,16.52666547619662],[32.902095664837006,16.52666547619662],[32.67695040777424,16.398261985541755],[32.529838985292834,16.398261985541755],[32.30269253624082,16.20565672078482],[32.22489771430025,16.077253200729434],[32.208236302455845,15.563639171972632],[32.279656904233214,15.499437436847815],[32.267613049073034,15.11422719298197],[32.98391625056826,14.536420072627537],[33.9971203518202,14.08701045614303],[35.830101930981044,14.08701045614303],[35.905520026789674,14.151211799122747],[36.12549563843629,14.151211799122747],[36.64753565524438,14.40801727234989],[36.654246868803256,14.600621489402164],[36.888248427622216,14.985830235907251],[36.89778648853993,15.242630570693473],[36.97364281171526,15.306832274543359],[36.985958735403486,15.627840912994971],[37.69234950552929,16.719270668034607],[37.6978645670946,16.847674090864764],[37.85628135824826,17.10448081671142],[38.309626782717174,17.36128734182115],[38.598449223815166,17.23288410743229],[38.73991520526281,17.10448081671142],[38.87268928455943,16.783472383801527],[39.014129495301205,16.6550689443325],[38.97238498858545,15.692042659146354],[39.043172310421134,15.627840912994971],[39.03254096316005,15.371033987364696],[39.10335589221099,15.306832274543359],[39.095550982000454,15.11422719298197],[39.166390541101066,15.050025520657313],[39.15874249934515,14.857427272204562],[39.2296093957371,14.793225808737068],[39.20278803663699,14.08701045614303],[39.273749445344436,14.022809122882837],[39.244370140816486,13.188192581406899],[39.315440623458954,13.12399136262696],[39.288448984947635,12.289376047400204],[39.35962588367876,12.225174902793839],[39.344162235231174,11.71156586387688],[39.554203008744906,11.390560289832704],[39.550557162483784,11.262158069231456],[39.691335314192756,11.069554742848963],[39.687792548019544,10.941152525874388],[39.82695427269432,10.684348085995108],[40.11400441648351,10.49174474441904],[40.623557648530465,10.427543627241379],[40.694876238217276,10.363342508061493],[40.91397081097655,10.363342508061493],[40.985280958817945,10.29914138667374],[41.204363360531254,10.29914138667374],[41.275665267499576,10.234940262872474],[42.37101684265431,10.234940262872474],[42.4422626973914,10.170739136452054],[42.58830157228448,10.170739136452054],[42.73079070323612,10.04233687493118],[42.72555900293987,9.849731759384655],[42.425157948086216,9.528726493392169],[41.74100667370388,8.373106968654326],[41.73818229114296,8.244704753459821],[41.66387675187295,8.180503642997348],[41.65975470354741,7.987900300798454],[41.58550443345179,7.923699183308717],[41.581508286195955,7.731095821326822],[41.50731163586337,7.666894697675683],[41.49350457617169,6.960682256684839],[41.41945353111109,6.896481119744673],[41.407917158423274,6.25446971771086],[40.510120989587435,4.713642847770715],[39.92188501008829,4.264234710153483],[39.849134809839654,4.264234710153483],[39.113795036226406,3.6222231451712177],[38.895603175258884,3.6222231451712177],[38.82142432466168,3.493820839848924],[38.08766196109656,2.851809346845995],[37.865629939893026,2.4024013309938113],[37.71922029750327,2.27399904455775],[37.498401764621136,1.8887921941038854],[37.49720191892209,1.6961887733217533],[37.42414111800299,1.6319876336473762],[37.42217038438858,1.2467808009999815],[37.34920858602452,1.1825796630242098],[37.348010730337,0.8615739759193525],[37.27513730468684,0.7973728389774181],[37.27399265335363,-0.16564420508168848],[37.34677960668371,-0.2940464773003107],[37.492303381368416,-0.42244874971721963],[37.5653580308931,-0.6150521589037785],[37.856999628545,-0.936057843099453],[37.85723178006865,-1.000258980368709],[38.22233242426576,-1.3854658079042537],[38.951005414316455,-1.7064715038411151],[39.38712809867975,-1.7064715038411151],[39.460232508672064,-1.7706726438482483],[40.259802089017,-1.7706726438482483],[40.33206058146691,-1.7064715038411151],[40.76818326583022,-1.7064715038411151],[41.203066489484954,-1.5138680855025308],[41.3476787917251,-1.3854658079042537],[41.42036126538695,-1.3854658079042537],[41.63706720393811,-1.1286612554239295],[41.70974659583111,-1.1286612554239295],[41.85452557715041,-1.000258980368709],[41.85541940576401,-1.1928623932315396],[41.71146602881679,-1.4496669465811964],[41.494205684852744,-1.57806922467908],[41.49505440643572,-1.7064715038411151],[40.77259611046237,-2.284281775560761],[40.70102086020184,-2.4126840621233683],[40.55619759595791,-2.4768852060093725],[40.4107944564572,-2.4768852060093725],[40.194472445093304,-2.6694886402160654],[40.19834812890376,-3.0546955210726146],[39.839720519267715,-3.5041035723340865],[39.77080945976467,-3.82510934074081],[39.55660757053104,-4.1461151252689],[39.558268152238384,-4.274517443897173],[39.416163555719855,-4.531322089887723],[39.12685234858656,-4.659724417423175],[39.13128015515484,-4.980730250198483],[39.05940781385275,-5.044930769473113],[39.06215093344083,-5.23753418269675],[38.77853616119572,-5.751143308936802],[38.78648357303334,-6.264752448602109],[39.229774883120214,-6.649959295493496],[39.231954335099935,-6.778361573984968],[39.30590231575205,-6.842562712273618],[39.45159545534291,-6.842562712273618],[39.45611401319602,-7.0993672577849285],[39.2445134921941,-7.484574047169202],[39.24933138650477,-7.741378549119382],[39.39633799058275,-7.80557967107261],[39.40135681316711,-8.062384143124758],[39.25939224017166,-8.254987479099807],[39.26464343303873,-8.51179190020315],[39.415924808938655,-8.768596287430661],[39.421513224096614,-9.025400637318892],[39.57028720840555,-9.15380279717846],[39.576148789371466,-9.41060708456385],[39.650618237905874,-9.474808149358324],[39.656706585844404,-9.731612378705247],[39.731252415700936,-9.795813428313654],[39.73597777197796,-9.988416557725053],[40.032884048307416,-10.181021865006953],[40.25360368840634,-10.245222990994048],[40.40302173705506,-10.373625235415227],[40.40643868941635,-10.502027471136678],[40.554254008026135,-10.566228586249117],[40.55775909773389,-10.694630812005629],[40.48647259879742,-10.75883192306099],[40.49548731403473,-11.079837468334539],[40.42424399922484,-11.1440385768281],[40.46573171269904,-12.492262239515684],[40.54103986887422,-12.556463401953998],[40.54749765537339,-12.74906691899314],[40.476469077335665,-12.813268101933069],[40.48086006236848,-12.941670484937113],[40.55630082922608,-13.005871685412524],[40.56304969886951,-13.198475325200047],[40.492081404552636,-13.26267655193514],[40.498983612630084,-13.455280275437225],[40.574581194615945,-13.519481531722345],[40.59873151615487,-14.161494563094866],[40.67456004413836,-14.225695917608524],[40.682157672855844,-14.418300042954696],[40.75807700701644,-14.48250143935732],[40.76850678876607,-14.73930713688805],[40.697765315087494,-14.803508590279053],[40.70309170058232,-14.931911533310622],[40.56165406041001,-15.060308335671815],[40.575330229037526,-15.381316810437568],[40.507444834038346,-15.509720262282453],[40.22478917716225,-15.766527238339464],[40.08915752718785,-16.023334269900328],[39.80365560406359,-16.215939550408685],[39.809419846487025,-16.344343062476366],[39.597439856825275,-16.53694830280133],[39.37961654990217,-16.6011500390953],[39.02615305954944,-16.922158607375813],[38.66095681683583,-16.98636029301469],[38.445831833438326,-17.114763630127385],[38.298557137570896,-17.114763630127385],[37.723597183614615,-17.435771737750915],[37.576247340416984,-17.435771737750915],[37.22194926876596,-17.75677943258737],[37.077345495526274,-17.820980913567137],[36.92990404994495,-17.820980913567137],[36.858989572510254,-17.885182373424662],[36.8702813824806,-18.141987986263473],[36.37357525262136,-18.591396818015284],[36.37639798783515,-18.655597964467717],[36.22875357499866,-18.655597964467717],[36.015664880127986,-18.84820121408027],[35.9418188928031,-18.84820121408027],[35.01979763344961,-19.747012067036696],[34.79792289645755,-19.747012067036696],[34.72666565683491,-19.811212535912667],[34.734778327716256,-20.003796081021566],[34.66348763820034,-20.06799615935885],[34.67973209911483,-20.45319580232551],[34.98694192314395,-20.709994986950758],[34.99247571853489,-20.83839447488889],[35.069354107068165,-20.902594202802124],[35.091802879998355,-21.416192019334083],[35.16881620951144,-21.480391788572728],[35.17738575409479,-21.672991221348735],[35.25447053097313,-21.737191083520646],[35.27486715041865,-22.186591130624304],[35.3520993894122,-22.250791316327195],[35.50066298434551,-22.250791316327195],[35.432346817818605,-22.37919185064438],[35.44744765321451,-22.700194270602935],[35.52485405369883,-22.764394963397663],[35.537228036575634,-23.021198526198372],[35.465955788980516,-23.085399629146227],[35.47538369897815,-23.278003493280735],[35.33603065891032,-23.470608250593216],[35.35215251473155,-23.79161837466467],[35.50774885642107,-23.920023259561262],[35.51107119133639,-23.984225892471912],[35.37539200724342,-24.241037760812738],[35.23300867158696,-24.369444537173564],[35.236412262152,-24.43364814594488],[34.94821668696721,-24.626259889058588],[34.65651004906091,-24.754668510499005],[34.507210687799954,-24.754668510499005],[34.43596293188625,-24.818873067638417],[34.286642782579904,-24.818873067638417],[34.21537229515374,-24.883077792884055],[34.0660312415837,-24.883077792884055],[33.84875167666429,-25.01148512134979],[33.69936845526233,-25.01148512134979],[33.40728204871105,-25.13989607504401],[33.047087509759464,-25.396719731320587],[32.97233120949318,-25.396719731320587],[32.75815307921671,-25.58933866654478],[32.62219685366268,-25.846164954559327],[32.63260697269233,-26.03878507658686],[32.87149256989782,-26.295611897638462],[32.89720035220867,-26.74505688775467],[32.825935744851805,-26.809262941335913],[32.83725432582235,-27.001880306157656],[32.7024093553116,-27.258701202402765],[32.71404652462404,-27.451314807257273],[32.57944487454734,-27.7081296411362],[32.58739480034325,-27.83653544859485],[32.51616755244228,-27.900737912497124],[32.524203346770506,-28.029141907143185],[32.45297865114547,-28.09334341648677],[32.465188624192436,-28.285945864210042],[32.39397070654414,-28.350145951021524],[32.40221442056347,-28.47854496681769],[32.25977091021788,-28.606942367539535],[32.26393033018827,-28.671140435510637],[32.11313986229477,-28.671140435510637],[31.970610897916487,-28.799535253205498],[31.748455747757905,-28.86373198154434],[31.25316087424922,-29.377288064953657],[31.25733799633454,-29.44148019715258],[31.047339164687557,-29.698242978001748],[31.055800951041494,-29.82662077012407],[30.98864419445538,-29.954996049471262],[30.63566241839025,-30.34009054256157],[30.5728018094425,-30.532638341547422],[30.29103684854203,-30.85354535672483],[30.295399740295625,-30.917726221418164],[29.14395058781468,-31.880451173762197],[29.148301701516274,-31.944635444991132],[28.86078722552974,-32.20137845047181],[28.865144220944536,-32.265565881629726],[28.788858617190087,-32.265565881629726],[28.428905111314243,-32.58651511320614],[28.35253051109867,-32.58651511320614],[28.064110343920447,-32.84329138694955],[27.987663469035994,-32.84329138694955],[27.405355379583703,-33.29269419883777],[27.32877974362727,-33.29269419883777],[27.183998615744933,-33.42110692640997],[26.736635622070327,-33.61373715605958],[25.89327259362755,-33.61373715605958],[25.674895963397212,-33.806381713658],[25.682709134300886,-33.93481991347003],[25.5291800445816,-33.93481991347003],[25.448560497120535,-33.87059993733852],[25.064833527275766,-33.87059993733852],[24.692129926227903,-34.06326528366733],[24.46172087054388,-34.06326528366733],[23.990398011710415,-33.87059993733852],[23.52992564789669,-33.87059993733852],[23.38312071226414,-33.99904168219506],[23.229553206071394,-33.99904168219506],[23.149479153932642,-33.93481991347003],[22.381833705336206,-33.93481991347003],[22.080827295142264,-34.06326528366733],[21.785515883018086,-34.320178820508566],[21.477993281629903,-34.320178820508566],[21.398221862760998,-34.255947486277705],[21.013916077023673,-34.255947486277705],[20.93982872920058,-34.320178820508566],[20.632306127812402,-34.320178820508566],[20.481209396919894,-34.38441218843185],[20.258371698519845,-34.57712489668265],[20.107049733423196,-34.64136680176783],[19.64517595200696,-34.64136680176783],[19.325335071912612,-34.320178820508566],[19.169248305484505,-34.255947486277705],[18.938664834042108,-34.255947486277705],[18.934150677308956,-34.12749075805196],[18.776095526481825,-33.99904168219506],[18.62252802028908,-33.99904168219506],[18.473225719748278,-34.12748293877562],[18.46684191749437,-33.93481991347003],[18.54147503991469,-33.87059993733852],[18.53091412247793,-33.54952554097263],[18.21428647107885,-33.228489942523325],[18.210320172326835,-33.10008544461484],[17.975022859034535,-32.90748813413277],[17.97122904920218,-32.779095751252804],[18.045752059813875,-32.71490118705168]],[[32.89212339359861,-13.904689242564862],[32.89578190088273,-14.033091883736237],[32.970948012805,-14.097293218539317],[33.2642288618176,-14.097293218539317],[33.33566771000591,-14.033091883736237],[33.33193891355482,-13.904689242564862],[33.25679461445607,-13.840487935785273],[32.96360748539401,-13.840487935785273],[32.89212339359861,-13.904689242564862]],[[34.20355823357924,-10.75883192306099],[34.21811750452434,-11.400843015786586],[34.29273354988031,-11.465044127800486],[33.94268095366452,-12.107055354525368],[33.94589913324299,-12.235457633818893],[34.2502868903978,-12.68486574148708],[34.26981265137892,-13.391079026848084],[34.49708914058917,-13.647884068203108],[34.57036872023194,-13.647884068203108],[34.57420229984655,-13.77628663793555],[34.50283991296987,-13.840487935785273],[34.51266034425119,-14.161494563094866],[34.58799234220942,-14.225695917608524],[34.881320906157804,-14.225695917608524],[34.952617296437,-14.161494563094866],[35.1787939646953,-14.35409865733279],[35.3254823919639,-14.35409865733279],[35.39672999665165,-14.28989728228595],[35.39257424862281,-14.161494563094866],[35.315153851060224,-14.033091883736237],[35.38643360885649,-13.968890558479966],[35.38240130015608,-13.840487935785273],[35.156605357374175,-13.647884068203108],[35.01004619808862,-13.647884068203108],[34.934839023432126,-13.583682795909091],[34.918015970169606,-13.005871685412524],[34.842985137791075,-12.941670484937113],[34.91440396263776,-12.877469290512511],[34.90383780922305,-12.492262239515684],[34.82893792360382,-12.428061081688657],[34.82217883492903,-12.171256492380596],[35.03665263471585,-11.978653088741558],[35.03174971332823,-11.786049711797787],[35.10326089931499,-11.721848591122477],[35.09689569119867,-11.465044127800486],[34.719313317499555,-10.951435251403199],[34.78515270879326,-10.630429699803555],[34.710691500337575,-10.566228586249117],[34.70107290671094,-10.116820736228],[34.62672458501062,-10.052619604451543],[34.62408822432164,-9.924215517877673],[34.399958373744134,-9.667411325951393],[34.39870160887656,-9.60321027010621],[34.17606187470404,-9.41060708456385],[33.95713943221752,-9.41060708456385],[33.88536984032521,-9.474808149358324],[33.89531956620937,-9.988416557725053],[33.97091191781588,-10.116820736228],[34.193941150716256,-10.309424114394925],[34.198005994544516,-10.502027471136678],[34.126335249568726,-10.566228586249117],[34.12910294827762,-10.694630812005629],[34.20355823357924,-10.75883192306099]],[[29.31357152411399,-5.6869421668543785],[29.16925833844677,-5.815344451228996],[29.171886367711814,-6.072149021413136],[29.319551355753916,-6.264752448602109],[29.320932238523188,-6.393154732369133],[29.46871192066041,-6.585758155398908],[29.47015333609118,-6.714160435040223],[29.544461963164505,-6.842562712273618],[29.986172997178066,-7.227769525196978],[30.059036452421747,-7.227769525196978],[30.13350005086458,-7.356171788469379],[30.1351232878483,-7.484574047169202],[30.20882176751772,-7.548775174669107],[30.21132758097341,-7.741378549119382],[30.28592161005593,-7.869780791503881],[30.507236238435343,-8.062384143124758],[30.50992843788548,-8.254987479099807],[30.43792335898372,-8.319188587362095],[30.439757232945034,-8.447590797967884],[30.587474816393712,-8.575993000321178],[30.73333204513257,-8.575993000321178],[30.955029811245613,-8.768596287430661],[31.17384606118595,-8.768596287430661],[31.245793603888547,-8.704395193989049],[31.240942644907726,-8.383389693669494],[31.09322602470456,-8.254987479099807],[31.018467770625872,-8.126585256927022],[31.016648024700597,-7.998183027584068],[30.793559057974516,-7.6771774256983125],[30.791846494484084,-7.548775174669107],[30.718124260926437,-7.484574047169202],[30.71562783917636,-7.291970657377691],[30.641944094371166,-7.227769525196978],[30.637943613529277,-6.906763849852055],[30.564313940300515,-6.842562712273618],[30.562769836010556,-6.714160435040223],[30.26769312602316,-6.393154732369133],[30.12131599980263,-6.32895359062426],[29.90284055319504,-6.32895359062426],[29.82860803966724,-6.2005513063567905],[29.899346089310015,-6.007947878823029],[30.043596955535012,-5.879545593676843],[30.040905880303804,-5.62274102503584],[29.893354889183357,-5.430137601704708],[29.888943957579862,-4.980730250198483],[29.742181945091932,-4.852327914645097],[29.7375087896207,-4.338718604286825],[29.589802483436763,-4.081913967008632],[29.588734183808253,-3.9535116525417187],[29.441704867064345,-3.760908185813049],[29.43972303368967,-3.5041035723340865],[29.366517516556875,-3.439902420468249],[29.22106659822335,-3.439902420468249],[29.077536448476586,-3.6967070315193196],[29.08111973680172,-4.1461151252689],[29.154401676707312,-4.210316284228139],[29.156594027389122,-4.467120927271277],[29.084395305503673,-4.531322089887723],[29.09021638254285,-5.173333044240679],[29.31165987412938,-5.494338742406888],[29.31357152411399,-5.6869421668543785]],[[33.78583401102439,0.3479648835416648],[33.56781287374801,0.3479648835416648],[33.5678931246357,0.4121660197699157],[33.422743822721856,0.5405682924456953],[33.20472009428452,0.5405682924456953],[33.131941042937285,0.4763671560676515],[33.13177059919523,0.3479648835416648],[32.986357846780564,0.2837637473720754],[32.98630557614156,0.21956261125032417],[32.550265532374645,0.21956261125032417],[32.33218244054906,0.09116033910704287],[32.1868361697764,0.09116033910704287],[32.041477989788675,0.026959203063866212],[31.896146711566878,-0.10144306901967656],[31.896328603251167,-0.35824761347856765],[31.678805929427384,-0.6792532954922439],[31.752273980889242,-1.000258980368709],[31.825145128746982,-1.0644601178065933],[31.825790481435867,-1.2570635312402485],[31.75334563098602,-1.3212646694608785],[31.754116996570858,-1.5138680855025308],[31.68170971872008,-1.57806922467908],[31.682601136225905,-1.7706726438482483],[31.61022890502067,-1.8348737841538896],[31.610889748734337,-1.9632760657039892],[31.683927056901965,-2.027477206970094],[31.61158857841779,-2.091678348578001],[31.612706194441042,-2.284281775560761],[31.75930765616446,-2.4768852060093725],[31.7605924132401,-2.6694886402160654],[31.833744934658473,-2.7336897858372673],[32.0518669838734,-2.7336897858372673],[32.1241217249579,-2.6694886402160654],[32.12324220233778,-2.541086350312941],[32.267386485050366,-2.3484829186441054],[32.48675706230665,-2.541086350312941],[32.63216300629419,-2.541086350312941],[32.70442806291913,-2.4768852060093725],[32.77756895028175,-2.541086350312941],[32.92297489426929,-2.541086350312941],[32.995234341920565,-2.4768852060093725],[33.213339051171644,-2.4768852060093725],[33.28648975423816,-2.541086350312941],[33.50459867021948,-2.541086350312941],[33.938604716595876,-2.2200806328625107],[33.93778953038525,-2.091678348578001],[33.86470471631173,-2.027477206970094],[33.646626950370745,-2.027477206970094],[33.50162685189135,-2.091678348578001],[33.35585659578278,-2.027477206970094],[33.501241773076764,-2.027477206970094],[33.573558335293406,-1.9632760657039892],[33.57283747474506,-1.8348737841538896],[33.71786915892209,-1.7706726438482483],[33.71659112202225,-1.5138680855025308],[33.93464380262796,-1.5138680855025308],[34.00703274472286,-1.4496669465811964],[34.0059677025514,-1.1928623932315396],[34.223328328176144,-1.000258980368709],[34.22259661800702,-0.7434544321952203],[34.149632708526305,-0.6150521589037785],[34.22218291914699,-0.5508510224190019],[34.51288144886101,-0.5508510224190019],[34.58544287417594,-0.48664988602709],[34.585257327981,-0.35824761347856765],[34.80327857593207,-0.35824761347856765],[34.87587937590236,-0.2940464773003107],[34.875775931600515,-0.16564420508168848],[34.73038371193249,-0.0372419329747664],[34.512364413294804,-0.0372419329747664],[34.36706329365289,-0.16564420508168848],[34.221716825667855,-0.16564420508168848],[34.148998915565336,-0.0372419329747664],[34.14901082520724,0.09116033910704287],[34.00378692918878,0.2837637473720754],[33.85843991741618,0.2837637473720754],[33.78583401102439,0.3479648835416648]],[[10.821542449582385,3.493820839848924],[10.530546791555254,3.0444127892063158],[10.530511953547453,2.851809346845995],[10.457792111371788,2.7876082003685276],[10.457746322199057,2.466602474813942],[10.312320876323202,2.209797901920172],[10.312295405734407,1.8887921941038854],[10.239601688639299,1.824591053539185],[10.239588406090785,1.567786494248127],[10.16690128247235,1.5035853551131817],[10.16689360544623,1.2467808009999815],[10.021531309087392,0.9899762502497879],[10.021529865313736,0.026959203063866212],[9.948856766782672,-0.0372419329747664],[9.948854814515236,-0.7434544321952203],[10.094209407609904,-1.000258980368709],[10.094211122369297,-1.1286612554239295],[10.166892159461238,-1.1928623932315396],[10.166895698545872,-1.3212646694608785],[10.239580064455364,-1.3854658079042537],[10.239585843474142,-1.5138680855025308],[10.312274059142261,-1.57806922467908],[10.312282474459556,-1.7064715038411151],[10.530392451212682,-2.091678348578001],[10.82124005662931,-2.4126840621233683],[10.893991975889726,-2.605287495044897],[11.839773312349392,-3.5683047247906616],[11.839867099258191,-3.6967070315193196],[12.203704544346973,-3.8893104963134255],[12.567397094306838,-3.8893104963134255],[12.640065514412624,-3.82510934074081],[12.858275251238513,-3.82510934074081],[13.148976423889984,-3.632505877848798],[13.367083877335798,-3.5683047247906616],[13.512367418202686,-3.439902420468249],[13.803085155090283,-3.311500118465495],[14.166596091450945,-3.2472989683069313],[14.602599602031185,-3.0546955210726146],[14.89346038074565,-3.0546955210726146],[14.966288133854565,-3.118896669621314],[15.475306033240322,-3.118896669621314],[15.548150567570556,-3.1830978186958117],[15.83902463316065,-3.1830978186958117],[16.27578193066616,-3.3757012691823265],[16.85915327991964,-3.9535116525417187],[16.85933934772169,-4.017712809436514],[18.684194241208353,-5.558539883535303],[18.90287356386004,-5.62274102503584],[19.0490720576468,-5.751143308936802],[19.48685199609372,-5.943746736226227],[19.70528157180228,-5.943746736226227],[19.778427700310303,-6.007947878823029],[20.21530187537504,-6.007947878823029],[20.288470517469115,-6.072149021413136],[20.725359821579413,-6.072149021413136],[20.798551264156714,-6.136350163942428],[21.235455803657363,-6.136350163942428],[21.307878893726475,-6.072149021413136],[21.74476819783677,-6.072149021413136],[21.817173850612406,-6.007947878823029],[22.25404802567714,-6.007947878823029],[22.326436480305013,-5.943746736226227],[22.690485773152616,-5.943746736226227],[22.762859751851373,-5.879545593676843],[22.981281867961886,-5.879545593676843],[23.053646507021295,-5.815344451228996],[23.27206121528649,-5.815344451228996],[23.344416641076272,-5.751143308936802],[23.562823992776075,-5.751143308936802],[23.63517032962941,-5.6869421668543785],[23.853570375571124,-5.6869421668543785],[23.925907745785658,-5.62274102503584],[24.144300536304165,-5.62274102503584],[24.21662906014297,-5.558539883535303],[24.435014645100917,-5.558539883535303],[24.507334440793436,-5.494338742406888],[24.725712869581436,-5.494338742406888],[24.79802405332443,-5.430137601704708],[24.94360493434897,-5.430137601704708],[26.027586728889442,-4.402919765407918],[26.530632827933566,-3.5041035723340865],[26.529821790286952,-3.3757012691823265],[26.962005498565,-2.6694886402160654],[26.96133119077985,-2.541086350312941],[27.105767928749945,-2.3484829186441054],[27.105156719386873,-2.2200806328625107],[27.46597071104826,-1.57806922467908],[27.465532786529895,-1.4496669465811964],[27.610300540398246,-1.2570635312402485],[27.60994456858607,-1.1286612554239295],[27.754832220587925,-0.936057843099453],[27.754563972414793,-0.807655569023532],[27.89948989786704,-0.5508510224190019],[28.262511638281346,-0.16564420508168848],[28.262489430572096,-0.10144306901967656],[28.480506265073704,0.09116033910704287],[28.480527021246306,0.15536147516558774],[28.69867414124199,0.3479648835416648],[28.69873781219893,0.4121660197699157],[28.91701591185815,0.6047694289148705],[28.9171220013887,0.6689705654860005],[29.13553143914297,0.8615739759193525],[29.135679401487327,0.9257751130065343],[29.354220318206323,1.1183785252478022],[29.35440955788325,1.1825796630242098],[29.573081876430066,1.3751830775929128],[29.792663890420602,1.7603899132820817],[30.084965911189574,2.0813956177518076],[30.231759479050197,2.338200187578688],[30.23540040878317,2.9160104938042335],[30.091779313857362,3.1728150866613634],[29.94727940061572,3.301217386255961],[29.876007517818163,3.493820839848924],[29.586083773977855,3.6222231451712177],[29.367891913010332,3.6222231451712177],[29.29565514310302,3.686424298742928],[29.077457697619277,3.686424298742928],[28.85830078763608,3.5580219922101564],[28.494195165541523,3.493820839848924],[27.473126206127397,3.0444127892063158],[26.96374419695891,2.9802116412540656],[26.890661133260366,2.9160104938042335],[26.67252596311757,2.9160104938042335],[26.382402209481125,3.0444127892063158],[25.65863027656242,3.6222231451712177],[24.933280111132575,3.9432289193527517],[24.569579370127336,3.9432289193527517],[24.497231815763477,4.007430076140068],[24.060779107152918,4.007430076140068],[23.987658184518942,3.9432289193527517],[23.696697591714752,3.9432289193527517],[23.62359241549639,3.8790277632302015],[23.259901419160485,3.8790277632302015],[23.18681375125754,3.8148266077615967],[21.22293441653735,3.8148266077615967],[20.206580742708933,4.264234710153483],[19.771493906601968,4.585240518926331],[19.69873317467194,4.585240518926331],[19.481301903953035,4.777844013379468],[19.408534641328302,4.777844013379468],[19.263564809087267,4.906246347024213],[19.263850160602214,4.970447515081851],[18.248757746957835,5.869262862731319],[17.81272100119924,6.061866290455747],[17.667092043249355,6.061866290455747],[17.30378820605983,6.25446971771086],[17.08532178050971,6.25446971771086],[17.012749087021128,6.3186708597723955],[16.64862542563909,6.3186708597723955],[16.576036254362755,6.382872001565319],[15.70210816196063,6.382872001565319],[15.629483897206406,6.447073143035514],[14.537034373013944,6.447073143035514],[14.464043364390953,6.382872001565319],[14.099906659223404,6.382872001565319],[14.026935063688416,6.3186708597723955],[13.808460866859196,6.3186708597723955],[13.079673336945755,5.9976651478609275],[11.913741525214322,5.034648039480433],[11.913682189142914,4.970447515081851],[11.69520480310637,4.777844013379468],[11.69515369795791,4.713642847770715],[11.403927390245746,4.45683819317395],[11.403886738961248,4.392637031430205],[11.039939966937812,4.007430076140068],[10.821583730770783,3.6222231451712177],[10.821542449582385,3.493820839848924]]],[[[6.605888701735509,0.15536147516558774],[6.605865563901266,0.3479648835416648],[6.751212988752192,0.3479648835416648],[6.75122960949874,0.21956261125032417],[6.605888701735509,0.15536147516558774]]],[[[8.567041819362535,3.4296196880766976],[8.78509526763144,3.686424298742928],[8.930532530954421,3.7506254529361143],[8.930587602385573,3.6222231451712177],[8.85788585745044,3.5580219922101564],[8.857942514216173,3.4296196880766976],[8.785276013918029,3.301217386255961],[8.639832691672684,3.301217386255961],[8.567041819362535,3.4296196880766976]]],[[[-23.451271360214044,14.985830235907251],[-23.601036825337843,15.050025520657313],[-23.606996249891175,15.178428876583515],[-23.53656930147175,15.242630570693473],[-23.457170726108814,15.11422719298197],[-23.451271360214044,14.985830235907251]]],[[[-25.169168838728005,16.97607747580631],[-25.172711802591607,17.040279152147658],[-25.032545178260335,17.16868246872912],[-24.95890155942194,17.16868246872912],[-24.948304949935057,16.97607747580631],[-25.169168838728005,16.97607747580631]]],[[[-15.343208029825387,28.08306064934672],[-15.334132438924554,27.95465719669613],[-15.471080481579854,27.76204967092798],[-15.63053920446274,27.890454990311937],[-15.639679910290376,28.018859086607698],[-15.569013728516268,28.08306064934672],[-15.343208029825387,28.08306064934672]]],[[[-16.124451947829506,28.46826255603269],[-16.19016844787776,28.339863414598362],[-16.542740603478837,28.018859086607698],[-16.717431045640463,28.339863414598362],[-16.345648805780407,28.404063180995532],[-16.275153821838018,28.46826255603269],[-16.124451947829506,28.46826255603269]]],[[[-13.877237011085782,28.660858226030204],[-13.801844037403242,28.660858226030204],[-13.784189068415362,28.404063180995532],[-13.850790576077525,28.275663267537578],[-14.1432633115212,28.14726187421382],[-13.934863170613307,28.404063180995532],[-13.943706432051655,28.532461529014114],[-13.877237011085782,28.660858226030204]]],[[[-13.668918958836151,28.917646324857976],[-13.673433971028754,28.981842184027325],[-13.531537332984076,29.110232428889063],[-13.456044055115438,29.110232428889063],[-13.447041065786404,28.981842184027325],[-13.668918958836151,28.917646324857976]]],[[[-1.0250641400717608,35.53073667919588],[-1.028006208257704,35.59501697095155],[-0.8734481577784798,35.59501697095155],[-0.7990576680152,35.65930024461823],[-0.5671585638481513,35.65930024461823],[-0.4181537740406611,35.78787596366072],[0.045893630617984016,35.78787596366072],[0.41700390813421073,36.17368056694591],[0.7217822258329889,36.302309427179196],[0.8768019017480616,36.302309427179196],[0.9518187918098188,36.36662923613536],[1.1068811903971483,36.36662923613536],[1.1819761256460666,36.43095270671768],[1.4921866284964143,36.43095270671768],[1.567402996213504,36.495279895766075],[2.032847702330982,36.495279895766075],[2.108229290521588,36.55961086015316],[2.651399020338374,36.55961086015316],[2.880213808965692,36.688284342600284],[3.190769775677861,36.688284342600284],[3.2665221855619153,36.752626974573545],[3.810147439907415,36.752626974573545],[3.8860903333334713,36.81697360971298],[4.9736464183491425,36.81697360971298],[5.288339305321032,36.62394565678473],[5.521191205900607,36.62394565678473],[5.674005454806273,36.752626974573545],[6.062309207910202,36.752626974573545],[6.216567658367055,36.81697360971298],[6.3698844105154455,36.9456791177009],[6.368855359504829,37.01003810474459],[6.524352300681929,37.01003810474459],[6.993393433378248,36.81697360971298],[7.2264411658816075,36.81697360971298],[7.379585477155979,37.01003810474459],[7.612830888921628,37.01003810474459],[7.925584363391682,36.81697360971298],[8.547044983400639,36.81697360971298],[8.624339932137127,36.88132430506227],[8.857453350538117,36.88132430506227],[9.08979313687835,37.07440132334588],[9.400533244416195,37.20314068401849],[9.556163229491055,37.20314068401849],[9.633873253237343,37.26751694058355],[9.86738517887998,37.26751694058355],[10.178632090327362,37.13876883069462],[10.256278888932327,37.01003810474459],[10.256133860944056,36.88132430506227],[10.411196001735794,36.688284342600284],[10.566473985091879,36.688284342600284],[10.800065170546366,36.88132430506227],[11.033470630593783,36.9456791177009],[11.032597247640489,36.752626974573545],[10.488021808482548,36.302309427179196],[10.48735536957312,35.98076331961643],[10.873197241726285,35.65930024461823],[11.027521729121753,35.59501697095155],[11.025082392476396,35.016594923844934],[10.869986751487012,34.759567220381],[10.638446920815905,34.56683584197752],[10.330453698790473,34.43835926465532],[10.02276392607819,34.181431080748425],[10.022746760929397,33.988755525446095],[10.32954099643139,33.73188016621311],[10.406044595691263,33.60345264175176],[10.712709960653095,33.60345264175176],[10.866470544773264,33.73188016621311],[10.866685474257649,33.79609640704964],[11.020131969864686,33.79609640704964],[10.94317476596496,33.73188016621311],[10.942708984374464,33.60345264175176],[11.095772138049279,33.53924127791941],[11.171845528996666,33.410823146607044],[11.171274999325451,33.2824108766166],[11.323779237861022,33.15400414749779],[11.706045968498138,33.0898027606625],[12.391841870751978,32.76881400289148],[12.621119313229581,32.76881400289148],[12.696906653992968,32.704619606590676],[12.849722104344524,32.704619606590676],[13.15684947619274,32.83300946428344],[13.539069289336263,32.83300946428344],[13.614654897299197,32.76881400289148],[13.843932339776801,32.76881400289148],[13.919430256805407,32.704619606590676],[14.14865343233274,32.704619606590676],[14.300453896128957,32.64042623539791],[14.06937256713491,32.512042408435704],[13.916664934488367,32.512042408435704],[13.839413337153845,32.447851872730936],[13.45773350482527,32.447851872730936],[13.38060951768548,32.38366220226306],[12.083200514035623,32.38366220226306],[12.00735014197669,32.447851872730936],[11.320326443785259,32.447851872730936],[11.244281363173876,32.512042408435704],[10.78615846523425,32.512042408435704],[10.709971143154839,32.57623384933646],[10.404484238596307,32.57623384933646],[10.175451723192312,32.704619606590676],[9.793364189339139,32.76881400289148],[9.563879379805735,32.89720603075631],[9.028412126144637,32.961403742306715],[8.951680550775622,33.025602638938395],[8.722184259455629,33.025602638938395],[8.645360008218365,33.0898027606625],[8.41580856119738,33.0898027606625],[8.338891105523995,33.15400414749779],[8.109284326113455,33.15400414749779],[8.03227313896809,33.218206839470895],[7.3432862745629714,33.218206839470895],[7.266069461029586,33.2824108766166],[6.576915542506786,33.2824108766166],[6.499491876100736,33.34661629897806],[5.810170376576513,33.34661629897806],[5.732538634464683,33.410823146607044],[4.276949465505421,33.410823146607044],[4.201753544353329,33.34661629897806],[1.9806064903308356,33.34661629897806],[1.905983428074476,33.2824108766166],[0.22138496057429968,33.2824108766166],[0.1472012463317185,33.218206839470895],[-0.6183397141184166,33.218206839470895],[-0.6923088846239303,33.15400414749779],[-1.0749868503081643,33.15400414749779],[-1.1488350646769163,33.0898027606625],[-1.914006554746859,33.0898027606625],[-1.9934139679503247,33.15400414749779],[-2.5291631199082527,33.15400414749779],[-2.6087462112887607,33.218206839470895],[-3.1446248836038553,33.218206839470895],[-3.2243846320396994,33.2824108766166],[-3.76039323533521,33.2824108766166],[-3.8403306167625946,33.34661629897806],[-4.3764695608369895,33.34661629897806],[-4.44954715385801,33.2824108766166],[-4.908983099539876,33.2824108766166],[-5.131373286561045,33.15400414749779],[-5.28444447283474,33.15400414749779],[-5.732312321731868,32.961403742306715],[-6.244552059843631,32.57623384933646],[-6.320923785983265,32.57623384933646],[-6.972854998017578,31.99854011236839],[-6.96898754222234,31.934355380125073],[-7.185897653141602,31.741804298142313],[-7.182033356253496,31.677621509342032],[-7.470949732279216,31.420893815832063],[-7.467087862714043,31.35671255834987],[-8.18416481734409,30.65072226075503],[-8.260025813670332,30.65072226075503],[-8.475914208199562,30.458176387570944],[-8.771320843145187,30.32981067833722],[-8.91503873075808,30.20144316158068],[-9.580733102215241,29.944715575766622],[-9.445288174252319,30.20144316158068],[-9.461483330352756,30.458176387570944],[-9.701384743868935,30.65072226075503],[-9.709775416006728,30.77908484800109],[-9.638085827980735,30.843265862868243],[-9.6679669176672,31.292531487420757],[-9.596258473338665,31.35671255834987],[-9.609304210497164,31.54925705006268],[-9.541954487384828,31.677621509342032],[-9.326652775827206,31.870171193618827],[-9.331043092607754,31.934355380125073],[-9.119963377061534,32.19109798276912],[-9.137712569026291,32.447851872730936],[-9.002887295927838,32.704619606590676],[-8.426857510709773,33.218206839470895],[-7.0823172140836235,33.73188016621311],[-6.429014772045157,34.3098911181939],[-6.364642489194221,34.50259647933538],[-6.219087653929023,34.631077392845334],[-6.150437212789949,34.759567220381],[-6.158809396299482,34.88806628432935],[-6.017224024526751,35.080853390830725],[-6.025632156861271,35.209377973823905],[-5.8838984200470446,35.40218481559813],[-5.827783023393309,35.7235865566833],[-5.595821710812048,35.7235865566833],[-5.372137217350074,35.85216852209157],[-5.380462807169668,35.98076331961643],[-5.298910859798765,35.91646428854454],[-5.286539960703703,35.7235865566833],[-5.201073571196748,35.59501697095155],[-4.713976710199082,35.209377973823905],[-4.555839491071147,35.1451143887262],[-3.0902567476496063,35.1451143887262],[-2.865616217218884,35.273644202439016],[-2.7952043326644405,35.40218481559813],[-2.781713012192439,35.1451143887262],[-2.7012480054579218,35.080853390830725],[-2.2385536772157604,35.080853390830725],[-2.1582591933080213,35.016594923844934],[-1.9269724988205768,35.016594923844934],[-1.8529750703472931,35.080853390830725],[-1.6987436275999048,35.080853390830725],[-1.5505723976608703,35.209377973823905],[-1.396259992171201,35.209377973823905],[-1.0250641400717608,35.53073667919588]]],[[[1.6271012662301239,39.00755068348435],[1.4754669009095682,38.87852275891165],[1.3970470341055208,38.87852275891165],[1.3916953157057321,39.00755068348435],[1.6271012662301239,39.00755068348435]]],[[[2.547526856224205,39.58848133336988],[2.7002093202482618,39.71764761308182],[3.010649942726733,39.84684058164088],[3.1682385577888104,39.84684058164088],[3.251411814771701,39.71764761308182],[3.4088982417783984,39.71764761308182],[3.4897428583205263,39.65306116671708],[3.2622221268860585,39.39478092053113],[2.9477538161587535,39.39478092053113],[2.7836043180727668,39.58848133336988],[2.626219343507059,39.58848133336988],[2.5499159097726762,39.523908053920564],[2.547526856224205,39.58848133336988]]],[[[9.62985071168109,39.58848133336988],[9.63055635310009,39.201137900049126],[9.23760353390669,39.26567929476036],[9.002842884911372,39.072073653102414],[9.00346479008748,38.94303373827256],[8.846576358391824,38.94303373827256],[8.7677484321367,39.00755068348435],[8.532342481612309,39.00755068348435],[8.52909786538262,39.459341269308425],[8.68469354650275,39.71764761308182],[8.683840084961538,39.84684058164088],[8.525288855432866,39.97606071320526],[8.603676608708485,40.04066242127797],[8.602292435921775,40.23456430013737],[8.522851669615092,40.29921240524101],[8.521864625340584,40.42853012066837],[8.362706762351623,40.5578768292948],[8.360484034524383,40.81665876388164],[8.44020486758957,40.75195209519951],[8.677691990719882,40.75195209519951],[8.756005793888008,40.88137296965715],[8.835222204501418,40.88137296965715],[9.15091978331334,41.1403061309963],[9.388896395090509,41.1403061309963],[9.547703822073913,41.07556129305706],[9.786037921337073,40.687252915341794],[9.78639771039462,40.36386766278575],[9.707492849260941,40.29921240524101],[9.708449429735266,39.65306116671708],[9.62985071168109,39.58848133336988]]],[[[8.989085976221977,41.723365583927425],[8.8295184015545,41.78819040861078],[8.827844778164696,42.047572878714945],[8.747676628646866,42.112439535502936],[8.745408178641592,42.43690152775346],[8.904391492071715,42.56674731522868],[9.064290645899431,42.56674731522868],[9.22390573856391,42.63168347753191],[9.46325033431586,42.82654544976958],[9.463448303661028,42.76158258903088],[9.543653744526786,42.69662855212655],[9.545471106511494,41.982714686977175],[9.465972565420683,41.91786491091326],[9.466353006583759,41.78819040861078],[9.229172989452099,41.399363761740176],[9.069648282315045,41.52894022635438],[8.99015647656999,41.52894022635438],[8.989085976221977,41.723365583927425]]],[[[9.463052336204031,42.89151775017453],[9.463250565919955,42.82654563832964],[9.46325033431586,42.82654544976958],[9.463052336204031,42.89151775017453]]],[[[-6.869718446080331,55.07773807655223],[-6.608447525955523,55.07773807655223],[-6.530784715913157,55.145746457509084],[-6.007944700314425,55.145746457509084],[-5.9026704162899595,55.009755081501815],[-5.884637670855483,54.87388416368842],[-5.701871979184988,54.805976513297686],[-5.684182894822493,54.670235916221834],[-5.501882915274695,54.60240274702394],[-5.389299177679119,54.39905042916445],[-5.56250092189148,54.39905042916445],[-5.787235840710833,54.128253350314694],[-6.046462644567143,54.128253350314694],[-6.287735813135253,53.99299828423618],[-6.252141465469677,53.72277078669211],[-6.045087953946982,53.45291444756307],[-6.122344490439062,53.38550756313025],[-6.053828288600734,52.84705988473693],[-6.130864227391083,52.77985329963299],[-6.113960423722126,52.645505252579106],[-6.182466333059356,52.51124336001617],[-6.336116730903701,52.377066814362074],[-6.319267159502214,52.24297481263777],[-6.915159904913659,52.24297481263777],[-6.991553237668644,52.17596026606218],[-7.416972233979763,52.17596026606218],[-7.5691464942802575,52.04199358456845],[-7.815053858685175,51.97504125171815],[-7.966711361596811,51.84119810904379],[-8.221313066566172,51.84119810904379],[-8.457271239906383,51.707436343224884],[-8.871690624806153,51.64058573245423],[-8.946930076212386,51.57375517341291],[-9.45510923582869,51.57375517341291],[-9.530041650340301,51.50694456915916],[-9.634341547643285,51.64058573245423],[-9.88855852192233,51.64058573245423],[-9.993415836980766,51.774307102930806],[-10.163064528395992,51.774307102930806],[-10.183488004162253,51.908109459303276],[-10.023843230952938,51.97504125171815],[-10.044294521292112,52.108966556407196],[-10.224737609633152,52.17596026606218],[-9.714234814059811,52.17596026606218],[-9.639241026794537,52.24297481263777],[-9.659518456578468,52.377066814362074],[-9.424013962985278,52.51124336001617],[-9.444283629445962,52.645505252579106],[-9.142915406321043,52.914288313423484],[-9.183619221287291,53.18342251388577],[-9.279673610108716,53.25076170054173],[-9.547543891684303,53.31812334892505],[-9.740454573204719,53.45291444756307],[-9.9123320903795,53.45291444756307],[-9.923081734643958,53.52034410694249],[-9.75111142963507,53.52034410694249],[-9.686442470322447,53.65527217099561],[-9.524897817317196,53.72277078669211],[-9.664790102069958,54.06061395134664],[-9.859430516607834,54.19591658910727],[-9.513603666770965,54.19591658910727],[-9.351409142541772,54.26360377602795],[-9.254233529393318,54.19591658910727],[-8.735493254638017,54.19591658910727],[-8.638730683130227,54.128253350314694],[-8.465912813892686,54.128253350314694],[-8.389666404801151,54.19591658910727],[-8.410079341148357,54.33131501971916],[-8.084012487684529,54.466810113690705],[-8.104270967857111,54.60240274702394],[-8.201238129716419,54.670235916221834],[-8.46162315401579,54.670235916221834],[-8.232072969751592,54.87388416368842],[-8.252770598329523,55.009755081501815],[-8.17607304670437,55.07773807655223],[-7.653531206454755,55.07773807655223],[-7.586516228699953,55.213780336183895],[-6.976187380232602,55.213780336183895],[-6.869718446080331,55.07773807655223]]],[[[-5.5430779888233666,57.54292695145899],[-5.5622710040887124,57.68095623929066],[-5.492380877952476,57.81910518223959],[-5.224815299606375,57.81910518223959],[-5.074583702286265,58.026555188576914],[-5.0934761777667,58.16500775892692],[-4.9239141418973364,58.23428020378948],[-4.942736616678305,58.37291806751953],[-4.871912444382044,58.51168077519986],[-4.683107080244248,58.44228374972081],[-3.786175418709174,58.44228374972081],[-3.444445189508574,58.58110927687525],[-2.9954101533559037,58.58110927687525],[-2.987162260531612,58.51168077519986],[-3.3124898951899393,58.23428020378948],[-3.9935810324925,57.957374802705395],[-3.976175933991238,57.81910518223959],[-3.878375839473524,57.750015690151976],[-4.056642276914918,57.750015690151976],[-4.137022003432614,57.68095623929066],[-4.119586753844228,57.54292695145899],[-4.021991369931971,57.47395686076005],[-3.844164375539654,57.47395686076005],[-3.5051310442863937,57.61192670209182],[-1.9027160153042326,57.61192670209182],[-1.806413497003124,57.54292695145899],[-1.7919142335581297,57.40501630382407],[-2.0364021919773645,57.19837058073889],[-2.176844030492914,56.854540073084515],[-2.6693752162370963,56.51142004901018],[-2.639319720998378,56.23742541534338],[-2.9031817345874575,56.23742541534338],[-3.1515169082571415,56.10059260239579],[-3.1360750525441183,55.963868200376695],[-3.0406900828413477,55.89554636081061],[-2.777602757095222,55.89554636081061],[-2.6973393626008626,55.963868200376695],[-2.521845086623559,55.963868200376695],[-2.426819656100383,55.89554636081061],[-2.2514281056029652,55.89554636081061],[-1.8867620601566024,55.75898282273026],[-1.6979717190417087,55.622525368183304],[-1.5970523409026534,55.48617307715596],[-1.5770488173275936,55.28183982475425],[-1.483227744026454,55.213780336183895],[-1.4570844422308902,54.941816864253866],[-1.2576374817331768,54.670235916221834],[-0.8921288628881925,54.466810113690705],[-0.5455320616931907,54.466810113690705],[-0.17065509049081662,54.128253350314694],[-0.15388162950087114,53.92540624135084],[0.12649021578013908,53.65527217099561],[0.14250266434503978,53.45291444756307],[0.324790710238803,53.31812334892505],[0.340288807582672,53.11610568517178],[0.17930647573035507,52.981538687962136],[0.18967779286003328,52.84705988473693],[0.2803218655572177,52.77985329963299],[0.5367693092751491,52.77985329963299],[0.6979358717480046,52.914288313423484],[1.2113715906037807,52.914288313423484],[1.3015350402434578,52.84705988473693],[1.4725900013793698,52.84705988473693],[1.6480415653861886,52.77985329963299],[1.742186625677693,52.645505252579106],[1.7593490111245735,52.377066814362074],[1.6062134712862548,52.108966556407196],[1.5255057920384019,52.04199358456845],[1.3555122913595472,52.04199358456845],[1.1944875838087299,51.908109459303276],[1.1989500173001169,51.84119810904379],[0.9443483123307567,51.84119810904379],[0.8641004135938779,51.774307102930806],[0.8778670097028343,51.57375517341291],[0.6237774298946803,51.57375517341291],[0.5438085590152753,51.50694456915916],[0.5532163596621409,51.3733828385576],[0.6424245701577185,51.306631519631466],[1.3186492484050216,51.306631519631466],[1.4116562954552823,51.17318749501472],[0.5902126870227137,50.83991489817565],[-0.7576078252686216,50.83991489817565],[-0.847110829122542,50.906531229464264],[-1.2685092484875913,50.906531229464264],[-1.341788874250991,50.7733174722607],[-1.9311750335462803,50.7733174722607],[-2.003801150782307,50.64017896117749],[-2.424385812499297,50.64017896117749],[-2.6047592155980404,50.7733174722607],[-2.94155130662392,50.7733174722607],[-3.0194657915007745,50.70673885781524],[-3.271938010012752,50.70673885781524],[-3.4273479911189106,50.57363768892651],[-3.5696457523843748,50.30765698371092],[-3.9053125822317276,50.30765698371092],[-3.9958572309477294,50.37412468786353],[-4.583552494799523,50.37412468786353],[-4.744479656850116,50.30765698371092],[-5.051824835588009,50.041966856545706],[-5.2264631651864075,50.10836246847971],[-5.477858037823056,50.10836246847971],[-5.156904515476715,50.241207440397204],[-4.926469089522952,50.44061064509555],[-4.758476353051428,50.44061064509555],[-4.527309121084253,50.64017896117749],[-4.386857551788967,50.906531229464264],[-4.302577867915959,50.906531229464264],[-3.992805500135331,51.17318749501472],[-3.4861372067987113,51.17318749501472],[-3.3951108259249416,51.10649459828439],[-2.8886913609460834,51.10649459828439],[-2.810579482349885,51.17318749501472],[-2.8359604999732113,51.44015382301361],[-2.9270137820232027,51.50694456915916],[-3.0963221889031285,51.50694456915916],[-3.174408588071966,51.44015382301361],[-3.5128566761707223,51.44015382301361],[-3.7026121477989276,51.64058573245423],[-3.8720901306516216,51.64058573245423],[-4.034531533254775,51.57375517341291],[-4.041568113504317,51.64058573245423],[-4.225360328862987,51.774307102930806],[-4.395009020278215,51.774307102930806],[-4.472536142187199,51.707436343224884],[-4.726880935658636,51.707436343224884],[-4.8889580277677975,51.64058573245423],[-4.988779440231516,51.774307102930806],[-5.003961803668002,51.908109459303276],[-4.67925698273975,52.04199358456845],[-4.42426673172147,52.04199358456845],[-4.261560627165624,52.108966556407196],[-3.8720539369434253,52.44414446911888],[-3.9010209361807693,52.712668456139355],[-4.094130837572573,52.914288313423484],[-4.350848697000462,52.914288313423484],[-4.514333638377533,52.84705988473693],[-4.280395744220989,53.04881111092161],[-4.295608508044237,53.18342251388577],[-4.396760621115726,53.31812334892505],[-4.139221457587297,53.31812334892505],[-4.038344786294603,53.18342251388577],[-3.60957191671188,53.18342251388577],[-3.5310460580052148,53.25076170054173],[-3.102044001878088,53.25076170054173],[-2.8584293511690717,53.38550756313025],[-2.9002883607442556,53.79029259938495],[-2.8211182986071677,53.85783771539047],[-2.8422478237654296,54.06061395134664],[-3.02214993291021,54.128253350314694],[-3.1230759217666044,54.26360377602795],[-3.2960851778992475,54.26360377602795],[-3.318306471253223,54.466810113690705],[-3.419972473208766,54.60240274702394],[-3.3407176761281505,54.670235916221834],[-3.3557637312533526,54.805976513297686],[-3.450260323852108,54.87388416368842],[-4.31968080492474,54.87388416368842],[-4.4853714061834005,54.805976513297686],[-4.580506949246532,54.87388416368842],[-4.754391045461059,54.87388416368842],[-4.911420115935755,54.73809380128714],[-5.015217189782847,54.87388416368842],[-4.849746494367162,54.941816864253866],[-4.866641391790138,55.07773807655223],[-4.472591419522788,55.41803608213668],[-4.489312148345709,55.55433613449008],[-4.6812101149338154,55.69074089266063],[-4.698319707652717,55.82725127358617],[-4.794605587815537,55.89554636081061],[-5.057692913561663,55.89554636081061],[-5.154259226283099,55.963868200376695],[-5.329753502260402,55.963868200376695],[-5.408476014556502,55.89554636081061],[-5.381550359908015,55.69074089266063],[-5.285132611802341,55.622525368183304],[-5.110149153618896,55.622525368183304],[-5.083972536796688,55.41803608213668],[-5.276281751162621,55.55433613449008],[-5.451163885121936,55.55433613449008],[-5.529581881735386,55.48621211460673],[-5.460116069985787,55.622525368183304],[-5.496171789805212,55.89554636081061],[-5.417500640249054,55.963868200376695],[-5.4356243811221745,56.10059260239579],[-5.286985019052804,56.30588277007481],[-5.31426982232737,56.51142004901018],[-5.411630544843241,56.57998794421883],[-5.5880621452403485,56.57998794421883],[-5.736346485638468,56.374367581339655],[-6.0005213623895415,56.374367581339655],[-6.0195750506181085,56.51142004901018],[-5.950464909178967,56.64858377357229],[-5.685659135055161,56.64858377357229],[-5.606744545084123,56.71720765751708],[-5.644417928950881,56.991986163004114],[-6.027729800354042,57.19837058073889],[-6.205122138504116,57.19837058073889],[-6.215008065381177,57.26722328884513],[-6.412579206702496,57.40501630382407],[-6.323720264911259,57.40501630382407],[-6.1658554041267415,57.54292695145899],[-6.175822759256665,57.61192670209182],[-6.0375075091215145,57.26722328884513],[-5.840694417641009,57.12954690626309],[-5.574767793614852,57.12954690626309],[-5.4955527859038185,57.19837058073889],[-5.514484818119813,57.336105154938316],[-5.622434319462812,57.47395686076005],[-5.5430779888233666,57.54292695145899]]],[[[9.938570276489456,55.34992503576619],[10.025860190147984,55.34992503576619],[10.200210212348534,55.213780336183895],[10.28740004784387,55.213780336183895],[10.287235785846091,55.145746457509084],[10.112955780646514,55.145746457509084],[9.938570276489456,55.34992503576619]]],[[[-5.599034354728566,55.34992503576619],[-5.529621689190525,55.486134000156035],[-5.511744441070041,55.34992503576619],[-5.599034354728566,55.34992503576619]]],[[[18.473216630488512,-34.12749075805196],[18.473225719748278,-34.12748293877562],[18.475354124287666,-34.191718145525826],[18.473216630488512,-34.12749075805196]]],[[[49.86165983146315,-13.134274105338344],[49.93785309583175,-13.198475325200047],[49.94683829847611,-13.391079026848084],[50.023133323994735,-13.455280275437225],[50.038606054010856,-13.77628663793555],[50.11505453552509,-13.840487935785273],[50.157880263547284,-14.675105695306028],[50.234695231319364,-14.73930713688805],[50.245137225972655,-14.931911533310622],[50.40260290445096,-15.124510009854312],[50.42447391807885,-15.509720262282453],[50.35472028270244,-15.573921998403524],[50.3621875904054,-15.702325487200513],[50.296234005951256,-15.830728992947408],[50.075753379610134,-15.830728992947408],[50.06455273457033,-15.63812374029904],[49.82953693930059,-15.381316810437568],[49.68264476929642,-15.381316810437568],[49.612799826399055,-15.445518532704304],[49.557595314709296,-15.766527238339464],[49.63479212692788,-15.830728992947408],[49.64602597629978,-16.023334269900328],[49.72332568920838,-16.087536030699383],[49.7581098144953,-16.665351768867957],[49.692404337209425,-16.7937552057754],[49.61880396659542,-16.7937552057754],[49.47949535789682,-16.922158607375813],[49.41381147075342,-17.05056196752137],[49.458313708056714,-17.75677943258737],[49.38870620156631,-17.820980913567137],[49.40108342698554,-18.01358522669922],[49.331476973497765,-18.077786618579356],[49.34394433822889,-18.270390645969897],[49.082202082292376,-18.78400016326862],[49.09061372648868,-18.912402231474854],[48.955522194622624,-19.105005075472263],[48.96818894551041,-19.297607591054035],[48.83727760626152,-19.554410398436833],[48.845748646705374,-19.682811553986507],[48.71053226932765,-19.875412959846088],[48.72748125856146,-20.132196193532383],[48.52660200771921,-20.45319580232551],[48.47377747242674,-20.774194737227745],[48.40394418299458,-20.83839447488889],[48.412475692639,-20.966793923835375],[48.34263168793634,-21.030993640856558],[48.355488685108064,-21.223592796526972],[48.22440279536444,-21.480391788572728],[48.23306808808303,-21.608791386712095],[48.097708516747744,-21.801390976095806],[48.10645840571002,-21.929790863927924],[47.97115334896205,-22.122390995401027],[47.91908666876774,-22.443392204995007],[47.849255729710094,-22.507592621297928],[47.858258908704634,-22.635993651233616],[47.78844242665641,-22.700194270602935],[47.79753062848415,-22.828595732486164],[47.727731372400314,-22.892796580736825],[47.74152885582413,-23.085399629146227],[47.61133106264342,-23.342204975984625],[47.620753105490316,-23.470608250593216],[47.55103403826874,-23.53481004823547],[47.560567656010754,-23.66321397854015],[47.490877536492555,-23.72741611694044],[47.50052879835125,-23.85582075458191],[47.43087025042094,-23.920023259561262],[47.44064521073826,-24.048428656183066],[47.241756389057585,-24.369444537173564],[47.19250567671187,-24.69046411859573],[47.06391946572222,-24.947282689106068],[46.77563381025513,-25.075690516404705],[46.25271812004289,-25.075690516404705],[46.1084805717803,-25.13989607504401],[45.899920274525506,-25.332513625406584],[45.6113819251731,-25.460925947286402],[45.162778164996794,-25.460925947286402],[45.00809555236442,-25.396719731320587],[44.768650349148444,-25.204101786561665],[44.46975561380026,-25.204101786561665],[44.385162083570606,-25.075690516404705],[44.31045984211172,-25.075690516404705],[44.07188183077629,-24.883077792884055],[43.973678400643195,-24.562055819017626],[43.727067501404626,-24.241037760812738],[43.6875475937634,-23.66321397854015],[43.75773401106705,-23.599011956594815],[43.740751792113564,-23.342204975984625],[43.66212882108096,-23.278003493280735],[43.64967116687626,-23.085399629146227],[43.56707406612935,-22.956997511018077],[43.410218545669004,-22.828595732486164],[43.366755255970254,-22.122390995401027],[43.288629031315146,-22.058190907789267],[43.55489436030268,-21.544591576742743],[43.54352757618569,-21.351992266158863],[43.6139108092265,-21.28779252617914],[43.76221960436545,-21.28779252617914],[43.902927710538535,-21.159393074334435],[43.96947947221459,-21.030993640856558],[43.95815353179247,-20.83839447488889],[44.15780348040553,-20.45319580232551],[44.29835745653906,-20.324796059751073],[44.294592761699974,-20.260596140860457],[44.501536636727245,-20.003796081021566],[44.47516888927901,-19.554410398436833],[44.54534029100254,-19.490209757474034],[44.537826449405266,-19.361808353014275],[44.37881561990934,-19.169205951514652],[44.35656704649427,-18.78400016326862],[44.19423805918857,-18.527195641219414],[44.18695111625925,-18.39879319967102],[44.10953536614854,-18.334591936455332],[44.073718662745584,-17.692577931253815],[43.99648698620981,-17.62837641033494],[43.98596551951368,-17.435771737750915],[44.11936785100641,-17.17896528006426],[44.32988796879983,-16.98636029301469],[44.530111015728764,-16.6011500390953],[44.50992645861167,-16.215939550408685],[44.95113935122556,-16.215939550408685],[45.017957450417875,-16.087536030699383],[45.091478829148976,-16.087536030699383],[45.23182049374428,-15.959132509496323],[45.5993574818583,-15.959132509496323],[45.73963439490134,-15.830728992947408],[46.033608563356175,-15.830728992947408],[46.10372217719189,-15.766527238339464],[46.32418216469299,-15.766527238339464],[46.394277551452745,-15.702325487200513],[46.387544336894074,-15.573921998403524],[46.53112175915924,-15.509720262282453],[46.74147823009447,-15.317115096250719],[46.88503855126301,-15.25291339091224],[47.10533705888193,-15.25291339091224],[47.175443115147,-15.188711695190612],[47.16884502973005,-15.060308335671815],[47.3792714963838,-14.867710055684691],[47.455923918550866,-14.931911533310622],[47.60272461894149,-14.931911533310622],[47.672847355473486,-14.867710055684691],[47.80666536756978,-14.610904265327337],[47.79087891071699,-14.28989728228595],[48.074911736953695,-14.097293218539317],[48.06575883208798,-13.904689242564862],[47.98944784982508,-13.840487935785273],[47.9746780173308,-13.519481531722345],[48.20334152968638,-13.712085348810044],[48.34991208746506,-13.712085348810044],[48.55787952224633,-13.455280275437225],[48.63114221233375,-13.455280275437225],[48.842137950096706,-13.26267655193514],[48.90960188181705,-13.134274105338344],[48.90389139977723,-13.005871685412524],[48.97428202666692,-12.941670484937113],[48.95764924788898,-12.556463401953998],[48.88175538243244,-12.492262239515684],[49.23427192213513,-12.171256492380596],[49.229032762717935,-12.042854220047573],[49.30218082649633,-12.042854220047573],[49.30742975506511,-12.171256492380596],[49.540400713107225,-12.492262239515684],[49.54592190198616,-12.620664569209252],[49.62471714089869,-12.74906691899314],[49.773962182055946,-12.813268101933069],[49.86165983146315,-13.134274105338344]]],[[[39.3619447241559,-5.815344451228996],[39.365970130285405,-6.072149021413136],[39.51366542805845,-6.2005513063567905],[39.51681871929209,-6.393154732369133],[39.2941767696843,-6.136350163942428],[39.290133204213234,-5.879545593676843],[39.3619447241559,-5.815344451228996]]],[[[45.05871599634095,1.9529933349870072],[44.912270852765964,1.824591053539185],[44.83958181887891,1.824591053539185],[44.32799990782326,1.4393842162317185],[44.331273416319945,1.8887921941038854],[44.478296110905944,2.0813956177518076],[44.47946555531728,2.209797901920172],[44.70008116189554,2.466602474813942],[44.700748234627056,2.530803619049903],[44.9209525694293,2.723407054361008],[44.993659679069715,2.723407054361008],[45.21401542525485,2.9160104938042335],[45.360212915325924,2.9802116412540656],[45.50563954551065,2.9802116412540656],[45.72538209177707,3.108613937671807],[46.161681554240865,3.108613937671807],[46.2352300677574,3.1728150866613634],[46.67153954759254,3.1728150866613634],[46.67069759378197,3.108613937671807],[45.93600407543023,2.466602474813942],[45.863302727575245,2.466602474813942],[45.56990634294476,2.209797901920172],[45.27792556644574,2.0813956177518076],[45.13140724271833,1.9529933349870072],[45.05871599634095,1.9529933349870072]]],[[[36.85037377902793,20.95651142090238],[36.83846932263127,20.69971247762556],[36.9095753945464,20.635512709118387],[36.89772338125201,20.37871341829942],[36.96879869230609,20.314513527057265],[36.9599269997271,20.12191364295305],[37.03097177253704,20.057713601898953],[37.01914887363519,19.800929915860213],[37.090154706423974,19.736729439857434],[37.07834276706255,19.47992710301815],[37.14931345518664,19.41572641444301],[37.14047082755556,19.223124110534535],[37.34736540179799,18.902119522845823],[37.3414820747683,18.77371744395485],[37.48031924585325,18.581114083597456],[37.471530230178004,18.388510451256778],[37.54239342525334,18.324309183621775],[37.52785417916705,18.00330245361518],[37.59870074610863,17.939101034626603],[37.59005449359988,17.746496645518327],[37.35758620877388,17.48969051373025],[36.99196346981141,17.55389207433373],[36.85573451251629,17.810698129809726],[36.86135164686463,17.939101034626603],[36.722310916977825,18.131705220910398],[36.72796160521506,18.260107888840086],[36.250915308945935,19.158923265731907],[36.256607732603534,19.287324917432837],[36.11732159941192,19.47992710301815],[36.12301286196403,19.608328356466743],[35.915339349530136,19.929330732638974],[35.92101083110023,20.057713601898953],[35.713115594653004,20.37871341829942],[35.721607788850726,20.571312921800146],[35.650375020948495,20.635512709118387],[35.66173555913264,20.892311698960096],[35.59047570870983,20.95651142090238],[35.60190371327165,21.21331029263677],[35.530622290772996,21.277510020901286],[35.54503854545155,21.59850886760586],[35.473740040101674,21.6627086980988],[35.485405653133256,21.91950831950965],[35.41409732887514,21.983708314062184],[35.425905191877106,22.240508735112943],[35.354592205090086,22.30470896542628],[35.36055763556659,22.433109596190707],[35.52130149445341,22.68991161858047],[35.66998532670202,22.68991161858047],[36.24606142226174,22.30470896542628],[36.518640798521176,21.791108443180416],[36.51258725727172,21.6627086980988],[36.78821967208587,21.21331029263677],[36.779242827170336,21.020711138373276],[36.85037377902793,20.95651142090238]]],[[[26.14003178830351,35.080853390830725],[25.831568902808737,35.080853390830725],[26.221398120781224,35.1451143887262],[26.14003178830351,35.080853390830725]]],[[[33.36455665268406,34.823815577645476],[33.20447973628483,34.759567220381],[33.038566527884285,34.631077392845334],[32.74238677797867,34.759567220381],[32.58835579187662,34.759567220381],[32.44013152717268,34.823815577645476],[32.38055385015056,35.016594923844934],[32.53474497980886,35.016594923844934],[32.85508843311031,35.1451143887262],[33.02146951691854,35.273644202439016],[33.71605827306314,35.273644202439016],[34.03747265937312,35.40218481559813],[34.20477019261131,35.53073667919588],[34.44306637672416,35.59501697095155],[33.94758785844467,35.273644202439016],[33.934991507210384,35.1451143887262],[34.005835368420264,35.080853390830725],[33.76827401707525,35.016594923844934],[33.51862750693596,34.823815577645476],[33.36455665268406,34.823815577645476]]],[[[23.76247939347925,37.911534311495586],[23.692538942672392,38.04039637164978],[23.380095557314842,38.04039637164978],[23.137963380292515,37.911534311495586],[23.126360719680115,37.718278845934194],[23.270726754217144,37.52506714594775],[23.426581345969215,37.52506714594775],[23.422686362059963,37.46067270297232],[23.340921854700145,37.39628289269619],[23.185157541574803,37.39628289269619],[23.036944866589046,37.52506714594775],[22.88109027483698,37.52506714594775],[22.79944884559329,37.46067270297232],[22.79205663666145,37.33189765769467],[23.007028065454517,37.01003810474459],[22.999667400198163,36.88132430506227],[23.07368697610998,36.81697360971298],[23.062701049561902,36.62394565678473],[23.136657402000004,36.55961086015316],[22.840639243606617,36.81697360971298],[22.685274088604377,36.81697360971298],[22.522878703510386,36.688284342600284],[22.51937994820956,36.62394565678473],[22.441762648016372,36.62394565678473],[22.300327144995194,36.88132430506227],[22.307291830157567,37.01003810474459],[22.233020151023204,37.07440132334588],[22.077479002926815,37.07440132334588],[21.91517181077657,36.9456791177009],[21.908448313593187,36.81697360971298],[21.75971893677396,36.9456791177009],[21.78327872344677,37.39628289269619],[21.261088330203084,37.84711086407513],[21.4307314796322,38.10483509996314],[21.665133885389693,38.10483509996314],[21.746780040173512,38.16927903756301],[21.753839740052275,38.29818277228683],[21.526192211299787,38.427108039621885],[21.36968867892398,38.427108039621885],[21.28801909641285,38.36264268536068],[21.21659088479535,38.491578893165396],[20.916845744402924,38.749518463787055],[20.76010289959985,38.749518463787055],[20.678447223205513,38.68502503117713],[20.681731477198316,38.749518463787055],[20.841818339346787,38.81401768689956],[20.84855235003585,38.94302431170711],[20.923593868313237,38.87852275891165],[21.15885346872538,38.87852275891165],[21.240762462348574,38.94303373827256],[21.247777456188413,39.072073653102414],[21.172785702488454,39.13660270573608],[20.937232371922303,39.13660270573608],[20.855311604544916,39.072073653102414],[20.850791833005836,38.98592714519105],[20.85192055905552,39.00755068348435],[20.551287709754785,39.26567929476036],[20.397443275173217,39.33022694864419],[20.18120271799163,39.71764761308182],[19.94497307748159,39.71764761308182],[20.02696244139069,39.78224073164333],[20.03349014799082,39.91144722237446],[19.579502679643024,40.29921240524101],[19.589121011015536,40.493199826837646],[19.43737110244482,40.6225611760938],[19.52293728033749,40.75195209519951],[19.529437637311716,40.88137296965715],[19.611947313668175,40.94609476084975],[19.628572044073458,41.26981919327879],[19.55251997750176,41.33458751488544],[19.559207643736933,41.464147982618535],[19.642058446407447,41.52894022635438],[19.655706687051886,41.78819040861078],[19.5032681643673,41.91786491091326],[19.34394601200307,41.91786491091326],[19.114761177273195,42.112439535502936],[19.04153431351611,42.242198442046906],[18.961729961582737,42.242198442046906],[18.80850295516989,42.37199180287366],[18.734998229697446,42.50182001526471],[18.578290298648618,42.56674731522868],[18.4183911448209,42.56674731522868],[18.34149466956844,42.63168347753191],[18.1815369690245,42.63168347753191],[18.184539189255844,42.69662855212655],[18.03043217974959,42.82654563832964],[17.710163708204554,42.82654563832964],[17.62728567340222,42.76158258903088],[17.630096590318296,42.82654563832964],[17.475486694054666,42.956498974784616],[17.395360363294003,42.956498974784616],[17.162960940028757,43.15149782841596],[16.764405396655754,43.2165160076396],[16.686658612057265,43.281543551749174],[16.769468944322067,43.34658051137697],[16.77455582080905,43.476682880068815],[16.61881236158967,43.60682352018925],[16.297105753968495,43.60682352018925],[16.214333729861025,43.54174839075116],[16.053541111323263,43.54174839075116],[16.055825798252613,43.60682352018925],[15.82115574304334,43.80210713128831],[15.662271178387758,43.86722124636456],[15.420625116134692,43.86722124636456],[15.342109893588933,43.932345235870564],[15.348235721890752,44.127776964904356],[15.269583332992434,44.19294096644277],[15.273634201386276,44.323299417147304],[15.114073952376467,44.388493969860896],[15.120004348412088,44.584139560361926],[14.881119722476974,44.71462208499463],[15.044984422235073,44.77987914321654],[15.050885952170393,44.97571413013535],[14.971750235555334,45.04102816008821],[14.64730952530016,45.04102816008821],[14.732124195860916,45.171660661382134],[14.73584210882414,45.302337170457974],[14.656436765267161,45.3676921418945],[14.412628335385786,45.3676921418945],[13.99686567489788,44.97571413013535],[13.993749574602827,44.84514680183607],[13.912734303438313,44.84514680183607],[13.834708709163646,44.97571413013535],[13.83770915556419,45.10633895248862],[13.678308875235675,45.23699337218631],[13.681203045741666,45.3676921418945],[13.848296525930005,45.56382495430043],[13.851347823767675,45.69463760594901],[13.77141545623067,45.76006142404362],[13.201176947073819,45.76006142404362],[12.790541457964947,45.56382495430043],[12.383712585670693,45.56382495430043],[12.218352466453423,45.3676921418945],[12.216608392518756,45.23699337218631],[12.457334731077742,45.04102816008821],[12.454459422477068,44.84514680183607],[12.373444151312555,44.84514680183607],[12.209694320221262,44.71462208499463],[12.207127203415338,44.5189139894609],[12.365194447179388,44.258115099945364],[12.763570379626085,43.932345235870564],[12.844149739437423,43.932345235870564],[13.082371377880797,43.73700283936],[13.482172937283202,43.60682352018925],[13.719248052556708,43.411626937225684],[13.796736296007131,43.281543551749174],[13.793901901953125,43.15149782841596],[13.87267554671792,43.08648896351593],[13.86980180982487,42.956498974784616],[14.10111399147253,42.56674731522868],[14.570839722872611,42.17731470677979],[14.650615261712769,42.17731470677979],[14.80670592110559,42.047572878714945],[15.27934726868114,41.85302350120879],[16.155306533403223,41.85302350120879],[16.150932480634022,41.723365583927425],[15.989659133271623,41.658548978027525],[15.983332906952059,41.464147982618535],[16.13796351882765,41.33458751488544],[16.45110473819719,41.20505874820248],[16.609810809763168,41.20505874820248],[16.68684582292368,41.1403061309963],[16.84549689744179,41.1403061309963],[17.313884038573562,40.94609476084975],[17.699586888823138,40.687252915341794],[18.089791463390714,40.5578768292948],[18.394861499997177,40.29921240524101],[18.468214914255775,40.16992329962974],[18.462632276044495,40.04066242127797],[18.378270276098732,39.91144722237446],[18.141810294399864,39.91144722237446],[18.070930499642905,40.10528935592426],[17.76564202701247,40.36386766278575],[17.449632351106814,40.36386766278575],[17.454625890437605,40.493199826837646],[17.378053558436633,40.5578768292948],[17.21988957955795,40.5578768292948],[17.059349016256505,40.493199826837646],[16.652970378466193,40.16992329962974],[16.569712787915982,40.04066242127797],[16.565410416407403,39.91144722237446],[16.484476530534398,39.84684058164088],[16.48027168333425,39.71764761308182],[16.633482079855117,39.58848133336988],[17.098827798887495,39.39478092053113],[17.09432865602342,39.26567929476036],[17.170633502171953,39.201137900049126],[17.16389400084004,39.00755068348435],[17.004774806565887,38.94303373827256],[16.84788637487023,38.94303373827256],[16.526038947022354,38.68502503117713],[16.516106211374467,38.36264268536068],[16.035881875685156,37.97596279476473],[15.80161896975709,37.97596279476473],[15.648805470947423,38.10483509996314],[15.492537200442428,38.10483509996314],[15.412789230697287,38.04039637164978],[15.08836068723363,37.52506714594775],[15.083946693939271,37.33189765769467],[15.236657684723443,37.20314068401849],[15.23069822866429,36.9456791177009],[15.070956279921349,36.752626974573545],[14.682652526817417,36.752626974573545],[14.22385497946398,37.13876883069462],[14.069432796661996,37.20314068401849],[13.835987819049704,37.20314068401849],[13.759250606257204,37.26751694058355],[13.603575989162115,37.26751694058355],[13.141092215042912,37.58946627908811],[12.985192263012092,37.58946627908811],[12.908090943260987,37.653870159900535],[12.674172751827411,37.653870159900535],[12.596960151197427,37.718278845934194],[12.599255657766365,37.911534311495586],[12.757842466605034,38.10483509996314],[12.913242147836879,38.04039637164978],[13.069463840515654,38.04039637164978],[13.148513142867518,38.10483509996314],[13.461049683877507,38.10483509996314],[13.848287684139834,37.911534311495586],[14.08248118908486,37.911534311495586],[14.161778628260624,37.97596279476473],[14.552216804807403,37.97596279476473],[14.789329983169958,38.10483509996314],[15.258134794684938,38.10483509996314],[15.495828017123594,38.23372824235382],[15.808551812297752,38.23372824235382],[16.048568578146448,38.427108039621885],[16.054098852507728,38.62053733072454],[16.2929318227123,38.749518463787055],[16.29877686393544,38.94303373827256],[16.14958138823514,39.201137900049126],[16.15346878638868,39.33022694864419],[16.002017486380772,39.523908053920564],[15.932916377817126,39.84684058164088],[15.779100057648115,39.97606071320526],[15.7809963345291,40.04066242127797],[15.704002093292218,40.10528935592426],[15.546206866202173,40.10528935592426],[15.386638107835662,40.04066242127797],[15.155128380233215,40.23456430013737],[15.076178549578863,40.23456430013737],[15.082964645351016,40.493199826837646],[14.929844750203015,40.687252915341794],[14.534167301828711,40.687252915341794],[14.535707694600925,40.75195209519951],[14.38037094744009,40.88137296965715],[14.142721715599862,40.88137296965715],[13.989777556115769,41.1403061309963],[13.833786776671287,41.26981919327879],[13.436883676164289,41.26981919327879],[13.358673378046404,41.33458751488544],[13.041040219099973,41.33458751488544],[12.884241468405168,41.464147982618535],[12.64677954084255,41.52894022635438],[12.09628886963905,42.047572878714945],[11.857801993234766,42.112439535502936],[11.858471402307107,42.17731470677979],[11.541602174934376,42.43690152775346],[11.301928403823565,42.43690152775346],[11.143817715772908,42.69662855212655],[10.745151150474847,43.02148936244673],[10.664995104492725,43.02148936244673],[10.585930892241137,43.34658051137697],[10.505814961622802,43.411626937225684],[10.5061957717705,43.54174839075116],[10.425960164882028,43.60682352018925],[10.426282631951683,43.73700283936],[10.346057808820298,43.86722124636456],[10.104531273784959,44.062623043671714],[9.620395247826664,44.19294096644277],[9.215675439662196,44.45369880997609],[8.811540402896101,44.45369880997609],[8.650407064928274,44.388493969860896],[8.249790643454798,44.062623043671714],[8.17054687037976,43.932345235870564],[8.010145873707323,43.86722124636456],[7.849048498871946,43.86722124636456],[7.769347754751734,43.80210713128831],[7.447275435220069,43.80210713128831],[7.367756197245429,43.73700283936],[7.369747392480856,43.60682352018925],[7.128467436764973,43.60682352018925],[6.652206125772075,43.281543551749174],[6.653457212158999,43.2165160076396],[6.492965971135241,43.2165160076396],[6.414058294739838,43.15149782841596],[5.852548455060566,43.15149782841596],[5.201846894244642,43.476682880068815],[4.639284654758872,43.476682880068815],[4.556868885873333,43.54174839075116],[4.315679958066691,43.54174839075116],[4.233107968174387,43.60682352018925],[4.0722546643638,43.60682352018925],[3.7576054706616,43.411626937225684],[3.3609057102705333,43.281543551749174],[3.0501707361913803,43.02148936244673],[3.0655342676222537,42.63168347753191],[3.1480219542738874,42.56674731522868],[3.153020186056022,42.43690152775346],[3.3176586922797933,42.307090790868834],[3.1629376687294677,42.17731470677979],[3.1751828834305007,41.85302350120879],[3.020880555878606,41.723365583927425],[2.707735558748431,41.59374054184019],[2.5486959350638427,41.59374054184019],[2.2415128149214025,41.33458751488544],[1.4533809752119762,41.20505874820248],[1.1421025714500974,41.07556129305706],[0.9897104292807875,40.94609476084975],[0.9104668680706265,40.94609476084975],[0.8343647325470478,40.88137296965715],[0.8437275880778224,40.687252915341794],[0.6886104963621325,40.6225611760938],[0.30933949073719624,40.29921240524101],[0.24006983846775043,40.10528935592426],[0.16117222492272987,40.10528935592426],[-0.14112235851482602,39.84684058164088],[-0.2854026859585499,39.58848133336988],[-0.2657949050567332,39.201137900049126],[-0.18085804354640622,39.072073653102414],[0.14537927886965107,38.81401768689956],[0.1514478201868723,38.68502503117713],[0.0008757988555530005,38.55605530413513],[-0.23090523951935005,38.491578893165396],[-0.6062656933050636,38.16927903756301],[-0.7497741241000941,37.911534311495586],[-0.7371368903643596,37.653870159900535],[-0.8899034677310045,37.58946627908811],[-1.2017033717926466,37.58946627908811],[-1.50681429660683,37.46067270297232],[-1.8048256809737229,37.20314068401849],[-1.9401029792504882,36.81697360971298],[-2.331990732709391,36.88132430506227],[-2.5580341109970153,36.752626974573545],[-2.713355612238585,36.752626974573545],[-2.794611331762802,36.81697360971298],[-3.0276590642661603,36.81697360971298],[-3.101659365342515,36.752626974573545],[-4.266570624654301,36.752626974573545],[-4.564998818656065,36.55961086015316],[-4.7977858457204015,36.55961086015316],[-4.8712487717449395,36.495279895766075],[-5.026397007117431,36.495279895766075],[-5.173145952389659,36.36662923613536],[-5.2381096235673095,36.17368056694591],[-5.388837900334565,36.10937140214777],[-5.380462807169668,35.98076331961643],[-5.462069153920309,36.04506567193266],[-5.6169192220299475,36.04506567193266],[-5.862194481475463,36.2379932230414],[-6.021573676472663,36.302309427179196],[-6.10797069133708,36.43095270671768],[-6.116912332418309,36.55961086015316],[-6.281187209043296,36.688284342600284],[-6.294918845526219,36.88132430506227],[-6.702394197031214,37.13876883069462],[-6.789798850294556,37.26751694058355],[-7.334660010127366,37.26751694058355],[-7.630880283483442,37.07440132334588],[-7.941962579676222,37.07440132334588],[-8.185655069042983,37.20314068401849],[-8.57473003173013,37.20314068401849],[-8.797438894206358,37.07440132334588],[-8.663260705356326,37.33189765769467],[-8.679464554956581,37.52506714594775],[-8.606951093256658,37.58946627908811],[-8.662085160079943,38.23372824235382],[-8.589496350036917,38.29818277228683],[-8.606387302664139,38.491578893165396],[-8.690355597328058,38.55605530413513],[-8.846954361223258,38.55605530413513],[-8.997764969166234,38.491578893165396],[-9.009361198336844,38.62053733072454],[-9.09353664376809,38.68502503117713],[-9.250231295699532,38.68502503117713],[-9.334523302589968,38.749518463787055],[-9.346474718048924,38.87852275891165],[-9.207572631346785,39.072073653102414],[-9.21963651957957,39.201137900049126],[-9.153193905993202,39.33022694864419],[-8.935504149787452,39.523908053920564],[-8.802386976476164,39.78224073164333],[-8.814627619271217,39.91144722237446],[-8.675360492119822,40.10528935592426],[-8.693933474571264,40.29921240524101],[-8.621165911109923,40.36386766278575],[-8.633647805514887,40.493199826837646],[-8.494260193555736,40.687252915341794],[-8.55801458925717,41.33458751488544],[-8.643936957692354,41.399363761740176],[-8.716873495577492,42.112439535502936],[-8.643842079614483,42.17731470677979],[-8.684515428977203,42.56674731522868],[-8.851314422901215,42.63168347753191],[-8.86516696762067,42.76158258903088],[-9.039282566067161,42.89151775017453],[-9.0604727001015,43.08648896351593],[-8.680437273271696,43.281543551749174],[-8.198783553930006,43.281543551749174],[-8.125294641977778,43.34658051137697],[-8.145747978609805,43.54174839075116],[-7.918088818259506,43.67190831937177],[-7.83088981761972,43.60682352018925],[-7.67003651380913,43.60682352018925],[-7.515803510352007,43.67190831937177],[-7.428756558093249,43.60682352018925],[-7.187476602377366,43.60682352018925],[-7.100595958114358,43.54174839075116],[-6.377029174694432,43.54174839075116],[-6.290495998107513,43.476682880068815],[-5.88866582704625,43.476682880068815],[-5.814255009812268,43.54174839075116],[-5.573066082005624,43.54174839075116],[-5.486835655984986,43.476682880068815],[-5.245737553348226,43.476682880068815],[-5.159671356679988,43.411626937225684],[-4.8383280475866,43.411626937225684],[-4.75245570447909,43.34658051137697],[-3.8690931256103855,43.34658051137697],[-3.7939622930330796,43.411626937225684],[-3.311947329392993,43.411626937225684],[-3.06114388095199,43.281543551749174],[-2.9005926411714267,43.281543551749174],[-2.8251191687655535,43.34658051137697],[-2.5038964128132957,43.34658051137697],[-2.4189389218297386,43.281543551749174],[-1.6964583428172038,43.281543551749174],[-1.3163310132909007,43.60682352018925],[-1.2444103425853381,43.73700283936],[-1.2529531793268855,43.86722124636456],[-1.1766588677355685,43.932345235870564],[-1.1980630060723492,44.258115099945364],[-1.121605019419647,44.323299417147304],[-1.134482138783051,44.5189139894609],[-1.0579014066677104,44.584139560361926],[-1.0967518960405922,45.171660661382134],[-1.0199015343066868,45.23699337218631],[-1.0329198211776376,45.43305837233499],[-0.9559421548445838,45.498435947761536],[-0.9733231376822397,45.76006142404362],[-1.059185531072071,45.825497019222944],[-0.9820669009816302,45.89094447835315],[-0.9996665129451561,46.152854697045],[-1.1674726897696974,46.21836278427896],[-1.2582396060027552,46.34941621184248],[-1.5081632474046174,46.414961728244066],[-1.9462632488659943,46.808503635265836],[-1.8740181439368657,46.93978880782879],[-1.8887291184509163,47.136817028786105],[-2.068079299452659,47.33396796474255],[-2.3148639894311476,47.33396796474255],[-2.3251592188919794,47.46547130325348],[-2.412692901606883,47.53124405949321],[-2.577422623642592,47.53124405949321],[-2.6704457791122587,47.66283220215873],[-2.835314187352971,47.66283220215873],[-2.989246928731865,47.53124405949321],[-3.000182595593687,47.66283220215873],[-3.176188156752655,47.79447779555084],[-3.588707859002812,47.79447779555084],[-3.7654081665317274,47.92618157490652],[-4.013130404751392,47.92618157490652],[-4.089709300793949,47.860322365910946],[-4.254787218811684,47.860322365910946],[-4.432154466161583,47.99205551492463],[-4.355681708301219,48.05794427854813],[-4.38041311719806,48.32164942768982],[-4.4694662074144595,48.38761370504076],[-4.635111956087055,48.38761370504076],[-4.641469479011123,48.45359336568991],[-4.405451072555461,48.58559921307316],[-3.7420018794018497,48.58559921307316],[-3.2618725425901083,48.78372571556489],[-3.012751158736231,48.78372571556489],[-2.746828089671432,48.58559921307316],[-2.65285701266726,48.45359336568991],[-2.4871393071386034,48.45359336568991],[-2.332172343950422,48.58559921307316],[-2.1663100456620215,48.58559921307316],[-2.0781036645013167,48.51958850363288],[-1.9123137765969407,48.51958850363288],[-1.7516542999410127,48.58559921307316],[-1.6636289447403794,48.51958850363288],[-1.4149441128838198,48.51958850363288],[-1.3369985542200045,48.58559921307316],[-1.3469447639721468,48.71766772430878],[-1.434982394328344,48.78372571556489],[-1.4501826284298291,48.98199577314941],[-1.3720950997243442,49.048118138564924],[-1.3822728436461382,49.18041196394074],[-1.6477948236363371,49.37897688392389],[-1.6636942454778048,49.57769314735168],[-1.7525584495422102,49.64396598823183],[-1.5802054717361287,49.57769314735168],[-1.3297391505111023,49.57769314735168],[-1.2513965837531291,49.64396598823183],[-1.2360122645960434,49.44519869282866],[-1.0591707578498522,49.31277189080373],[-0.5591470002985144,49.31277189080373],[-0.47109038228052036,49.24658361641686],[0.1953076152473674,49.24658361641686],[0.27422592895371345,49.31277189080373],[0.25654755058072537,49.57769314735168],[0.41474521860417113,49.71025603542383],[0.5775392808822843,49.77656338714843],[0.828350666900473,49.77656338714843],[0.9077566971828938,49.84288814186536],[1.1586839328926075,49.84288814186536],[1.724913077093296,50.174775965913234],[1.6973438723272114,50.64017896117749],[1.8498390548137833,50.906531229464264],[2.0183984225598035,50.906531229464264],[2.0988320958005016,50.97316656027479],[2.351794280513749,50.97316656027479],[2.43242039938466,51.03982098500111],[2.6855061444717343,51.03982098500111],[3.347323283146932,51.306631519631466],[3.6009075374896695,51.306631519631466],[3.68230571005607,51.3733828385576],[3.676014086293898,51.50694456915916],[3.8453224931738244,51.50694456915916],[3.9269419674006607,51.57375517341291],[3.9208420423702326,51.707436343224884],[4.254170476932425,51.84119810904379],[4.248334251392604,51.97504125171815],[4.656673592482061,52.377066814362074],[4.736430946691116,52.51124336001617],[4.730938220558059,52.645505252579106],[4.8936892240975975,52.84705988473693],[5.0647441852335096,52.84705988473693],[5.401998306475753,52.981538687962136],[5.735398354340728,53.25076170054173],[5.906999176791579,53.25076170054173],[5.990652307864238,53.31812334892505],[6.334037859235476,53.31812334892505],[6.417961044650898,53.38550756313025],[6.847423562975896,53.38550756313025],[6.9349625741351435,53.31812334892505],[7.1066553498207625,53.31812334892505],[7.272473502115588,53.58779664630278],[8.046758669902674,53.58779664630278],[8.13380029128902,53.52034410694249],[8.563726053811235,53.52034410694249],[8.648980467070409,53.58779664630278],[8.64677517990047,53.79029259938495],[8.991463643800314,53.79029259938495],[9.077131749670729,53.85783771539047],[9.075100913717517,54.128253350314694],[8.900456923212348,54.33131501971916],[8.987009604534151,54.33131501971916],[9.073046464053098,54.39905042916445],[9.072010409406465,54.53459418297041],[8.809241998762541,54.805976513297686],[8.807215908328047,55.009755081501815],[8.719446454699861,55.07773807655223],[8.716511485270061,55.34992503576619],[8.451965764643523,55.55433613449008],[8.27608539741468,55.622525368183304],[8.356870743485903,56.10059260239579],[8.268000050149597,56.16899539877247],[8.262855822269364,56.51142004901018],[8.437315484881202,56.64858377357229],[8.43543857986077,56.78585971692271],[8.52203256911368,56.923248847726484],[8.697418955285315,57.060752141507265],[8.963184138895791,57.060752141507265],[9.228949322506269,57.060752141507265],[9.494714506116747,57.060752141507265],[10.115325595947171,57.54292695145899],[10.293262000319563,57.54292695145899],[10.471488930724684,57.61192670209182],[10.55879450115711,57.26722328884513],[10.380598451485005,57.060752141507265],[10.203421662411353,57.060752141507265],[10.11469432769705,56.923248847726484],[9.849522757384353,56.71720765751708],[9.761201229941676,56.71720765751708],[9.585055488910792,56.57998794421883],[9.408623888513684,56.57998794421883],[9.057446612421709,56.374367581339655],[9.058005512362849,56.30588277007481],[8.882654872391434,56.23742541534338],[8.88723498622405,55.75898282273026],[9.327153798945265,55.41803608213668],[9.502120708196815,55.34992503576619],[9.7639904491724,55.34992503576619],[9.59011576504778,55.145746457509084],[9.590582635674567,55.009755081501815],[9.677806395549702,54.941816864253866],[10.025771734230345,54.941816864253866],[10.025670374754432,54.466810113690705],[10.285299824361203,54.33131501971916],[10.631510549648418,54.33131501971916],[10.71766456884488,54.26360377602795],[11.063683081110165,54.26360377602795],[10.976097475330445,54.128253350314694],[10.97502272788519,53.99299828423618],[11.318831034128882,53.85783771539047],[11.491269440625665,53.85783771539047],[11.75281097412653,54.06061395134664],[12.185822559993216,54.128253350314694],[12.708774901371703,54.33131501971916],[13.228090989302522,54.33131501971916],[13.31833998610697,54.466810113690705],[13.493591364062356,54.53459418297041],[13.49554986857693,54.60240274702394],[13.747407077233344,54.33131501971916],[13.487749033267933,54.33131501971916],[13.399308038900854,54.26360377602795],[13.393675572706101,54.06061395134664],[13.478122716333154,53.99299828423618],[13.65075030174336,53.99299828423618],[13.739120751354431,54.06061395134664],[13.907546275109317,53.92540624135084],[14.166345561697236,53.92540624135084],[14.247962718272912,53.79029259938495],[14.678823298147718,53.79029259938495],[14.856476992598349,53.92540624135084],[15.207262760609837,54.06061395134664],[15.639069233920251,54.06061395134664],[15.728588879362764,54.128253350314694],[16.074224617837842,54.128253350314694],[16.788102663609884,54.53459418297041],[17.225639410611727,54.60240274702394],[17.316494251621997,54.670235916221834],[17.576879275921367,54.670235916221834],[17.667989904213748,54.73809380128714],[18.449584866449687,54.73809380128714],[18.522055979161212,54.53459418297041],[18.849099607079125,54.26360377602795],[19.368127375477055,54.26360377602795],[19.459884044472375,54.33131501971916],[19.80609476975959,54.33131501971916],[20.08826626845238,54.60240274702394],[20.11103471321627,54.87388416368842],[20.458802905645324,54.87388416368842],[20.63871456398997,54.941816864253866],[20.887354830706894,54.805976513297686],[21.148033524921523,54.805976513297686],[21.3475409273989,55.07773807655223],[21.38009582520217,55.41803608213668],[21.715979313777893,55.28183982475425],[22.239418148184754,55.28183982475425],[22.57397615241632,55.145746457509084],[22.7482561576159,55.145746457509084],[22.828076141439475,55.07773807655223],[23.089347061564283,55.07773807655223],[23.486530178636883,54.73809380128714],[23.463822928482504,54.53459418297041],[23.693358778793147,54.26360377602795],[23.678210864289557,54.128253350314694],[23.757030932156013,54.06061395134664],[23.7194167040813,53.72277078669211],[23.625881648288967,53.65527217099561],[23.611127742088723,53.52034410694249],[23.90283575758142,53.04881111092161],[23.866206188222215,52.712668456139355],[23.666792562713937,52.44414446911888],[23.60390005460372,51.84119810904379],[23.512200717526916,51.774307102930806],[23.4850976912452,51.50694456915916],[23.698330550444012,51.10649459828439],[23.853579981139873,50.97316656027479],[24.27518362232862,50.97316656027479],[24.429787998175694,50.83991489817565],[24.598265562212113,50.83991489817565],[24.752478244816913,50.70673885781524],[24.710284662255244,50.30765698371092],[24.43813180593814,50.10836246847971],[24.180103006132256,50.041966856545706],[23.735790589894982,49.77656338714843],[23.652186794555583,49.77656338714843],[23.019439030577523,49.24658361641686],[22.984645197960976,48.84979965724299],[23.061953684636247,48.78372571556489],[23.050472364498606,48.65162558842377],[23.20485424091577,48.51958850363288],[23.187660357025088,48.32164942768982],[23.264715712756704,48.25570043984791],[23.230686131141184,47.860322365910946],[23.142568846807407,47.79447779555084],[23.131460110559544,47.66283220215873],[22.867922989468493,47.46547130325348],[22.589473941712544,47.071127440395266],[22.3228037825385,46.808503635265836],[22.297716678250335,46.48051989737629],[22.210945106668927,46.414961728244066],[22.176619569862588,45.95640388845217],[22.32009788320226,45.69463760594901],[22.473068618568163,45.56382495430043],[22.539575998098236,45.3676921418945],[23.14847521619287,44.84514680183607],[23.229490487357385,44.84514680183607],[23.294997281063573,44.64937557480479],[23.5220557411819,44.45369880997609],[23.60288274853512,44.45369880997609],[23.597636742152226,44.388493969860896],[23.824068147672023,44.19294096644277],[24.222129391094594,44.127776964904356],[24.29732914065923,44.062623043671714],[24.458610934600983,44.062623043671714],[24.533698624379134,43.99747915116259],[25.259189492998928,43.99747915116259],[25.345660801280623,44.062623043671714],[25.587583492193254,44.062623043671714],[25.841635320945514,44.19294096644277],[26.003040694807392,44.19294096644277],[26.257636832073988,44.323299417147304],[26.419166282525282,44.323299417147304],[27.09165460717114,44.584139560361926],[27.354514356449467,44.77987914321654],[27.435498106016666,44.77987914321654],[28.140029565184143,45.302337170457974],[28.147169885369827,45.3676921418945],[28.316926748713,45.43305837233499],[28.33140437960541,45.56382495430043],[28.508799849712148,45.69463760594901],[28.671660427778196,45.69463760594901],[29.02766908013379,45.95640388845217],[29.13221277212898,46.152854697045],[29.311067991191507,46.28388325989291],[29.482377745994867,46.34941621184248],[29.72764862912251,46.34941621184248],[29.8254486521999,46.48051989737629],[30.242780432334087,46.5460908076812],[30.423117449777962,46.67727120640281],[30.595372947015317,46.742880872533064],[30.75928603706414,46.742880872533064],[30.849773280058997,46.808503635265836],[32.07962464989369,46.808503635265836],[32.15254730247912,46.742880872533064],[32.89015620769881,46.742880872533064],[33.19904508693981,46.6116745477657],[33.690383279406646,46.6116745477657],[33.762605485412706,46.5460908076812],[34.00817467516238,46.5460908076812],[34.15228931251285,46.414961728244066],[34.30603844750513,46.34941621184248],[34.469552369590225,46.34941621184248],[34.613208270995365,46.21836278427896],[34.69489932341719,46.21836278427896],[34.67506471728023,46.08735891039496],[34.890057399808256,45.89094447835315],[34.95170293919949,45.76006142404362],[34.931902511055455,45.629225478223425],[35.370167041645,45.302337170457974],[35.522610533616316,45.23699337218631],[35.7662272807358,45.23699337218631],[35.867770164946656,45.3676921418945],[35.9388295397936,45.302337170457974],[36.10130453926463,45.302337170457974],[36.19284807145515,45.3676921418945],[36.51792597796366,45.3676921418945],[36.4158719397211,45.23699337218631],[36.39516354744616,45.10633895248862],[36.303726934832966,45.04102816008821],[35.898176047014005,45.04102816008821],[35.75611859484805,45.171660661382134],[35.593771147751625,45.171660661382134],[35.41151498163124,45.04102816008821],[35.401585151816604,44.97571413013535],[35.05772007737638,44.84514680183607],[34.733658992718325,44.84514680183607],[34.56206806793026,44.77987914321654],[34.20056805843329,44.5189139894609],[34.02956669710033,44.45369880997609],[33.544604652981015,44.45369880997609],[33.48192738042766,44.584139560361926],[33.662049823183786,44.71462208499463],[33.69893701160716,44.97571413013535],[33.4112653919141,45.23699337218631],[33.24885422716777,45.23699337218631],[32.86981153517803,45.43305837233499],[32.62590699304597,45.43305837233499],[33.05974852324488,45.629225478223425],[33.22254452218493,45.629225478223425],[33.31318690266061,45.69463760594901],[33.47604748072666,45.69463760594901],[33.73920760333491,45.825497019222944],[33.76765996531796,46.02187533669099],[33.69555944588025,46.08735891039496],[33.53230856731358,46.08735891039496],[33.30615143224595,46.21836278427896],[33.14276932740228,46.21836278427896],[32.96093049233026,46.08735891039496],[32.7976796137636,46.08735891039496],[32.725173987693374,46.152854697045],[32.39854114991479,46.152854697045],[32.01684353831382,46.34941621184248],[32.034674340206834,46.48051989737629],[31.961764760581783,46.5460908076812],[31.716195570832117,46.5460908076812],[31.651963667715375,46.67727120640281],[31.07850209934458,46.67727120640281],[30.717108102612542,46.414961728244066],[30.324514306980454,45.89094447835315],[30.07993164129325,45.89094447835315],[29.811684474240543,45.69463760594901],[29.641032545503833,45.629225478223425],[29.586915605183865,45.171660661382134],[29.660383998790753,45.10633895248862],[29.64501286825134,44.97571413013535],[29.467666367024936,44.84514680183607],[29.05517309736067,44.77987914321654],[28.79761697103081,44.64937557480479],[28.77581121914111,44.45369880997609],[28.592663185891293,44.258115099945364],[28.571296680115687,44.062623043671714],[28.64481354655795,43.99747915116259],[28.63060985263565,43.86722124636456],[28.543012364544072,43.80210713128831],[28.507996815797963,43.476682880068815],[28.347264747373462,43.476682880068815],[27.911863585317676,43.15149782841596],[27.81838894466628,43.02148936244673],[27.792063574942723,42.76158258903088],[27.612592489914654,42.56674731522868],[27.599744839358653,42.43690152775346],[27.96020043557556,42.047572878714945],[28.00776724904952,41.723365583927425],[28.300234778099952,41.464147982618535],[29.06162963533645,41.1403061309963],[29.696233933408898,41.1403061309963],[29.768725698574602,41.07556129305706],[30.72030319864522,41.07556129305706],[30.79243394533431,41.01082418583829],[31.26805874232469,41.01082418583829],[31.54317172772944,41.33458751488544],[32.87816522355213,41.85302350120879],[33.19669586526925,41.85302350120879],[33.28463434387336,41.91786491091326],[34.320228334240866,41.91786491091326],[34.391185771708464,41.85302350120879],[34.789349073854865,41.85302350120879],[34.886755127991734,41.982714686977175],[35.12582384517552,41.982714686977175],[35.10787971557198,41.85302350120879],[35.31979903896817,41.658548978027525],[35.46989803777373,41.59374054184019],[35.94701690882749,41.59374054184019],[36.035730146586566,41.658548978027525],[36.157991976483075,41.399363761740176],[36.368716719727814,41.20505874820248],[36.527422791293795,41.20505874820248],[36.61602474577296,41.26981919327879],[36.854166606077165,41.26981919327879],[37.37191030370121,41.01082418583829],[37.847535100691594,41.01082418583829],[37.98686131023615,40.88137296965715],[38.69980900575684,40.88137296965715],[38.788889126526676,40.94609476084975],[39.02661981015716,40.94609476084975],[39.11586789266593,41.01082418583829],[39.59149268965632,41.01082418583829],[39.88805516495798,40.88137296965715],[40.363353628638436,40.88137296965715],[40.542742283637075,41.01082418583829],[41.22010071165414,41.26981919327879],[41.40077089431211,41.399363761740176],[41.55964298273118,41.399363761740176],[41.65016712876347,41.464147982618535],[41.6836311066872,41.658548978027525],[41.7744277519749,41.723365583927425],[41.81974792632124,41.982714686977175],[41.694522928527626,42.17731470677979],[41.67214700243155,42.50182001526471],[41.26143742798613,42.89151775017453],[41.18134074009751,42.89151775017453],[41.044136531715985,43.02148936244673],[40.74637420655818,43.15149782841596],[40.42551144102716,43.15149782841596],[40.14973522548809,43.411626937225684],[39.98906357094138,43.411626937225684],[39.85084865491193,43.54174839075116],[39.77045234564305,43.54174839075116],[39.285346286314876,43.99747915116259],[39.20473618980158,43.99747915116259],[38.99617329068866,44.19294096644277],[38.54486641937618,44.388493969860896],[38.38327474718997,44.388493969860896],[38.232571079467704,44.45369880997609],[37.95252092377629,44.71462208499463],[37.5477594991921,44.71462208499463],[37.19593888803469,45.04102816008821],[37.0442989256298,45.10633895248862],[36.800873158810944,45.10633895248862],[36.90310543396008,45.23699337218631],[36.92427336109928,45.3676921418945],[37.005542837726395,45.3676921418945],[37.146722181079554,45.23699337218631],[37.47154451057221,45.23699337218631],[37.774576226086424,45.10633895248862],[37.936860070632335,45.10633895248862],[38.007040663672626,45.04102816008821],[38.16926101880021,45.04102816008821],[38.23933205216567,44.97571413013535],[38.401489017899905,44.97571413013535],[38.7034072797795,44.84514680183607],[38.84299605786153,44.71462208499463],[39.07456845082257,44.64937557480479],[39.63043567125763,44.127776964904356],[39.61909956512577,44.062623043671714],[40.10339471793553,43.60682352018925],[40.16107177657463,43.476682880068815],[40.32180384499914,43.476682880068815],[40.68906895925144,43.281543551749174],[40.849620199032,43.281543551749174],[41.14745266347194,43.15149782841596],[41.718609676265935,42.76158258903088],[42.607441992603526,42.37199180287366],[42.99478046284433,42.307090790868834],[43.062644245461655,42.242198442046906],[43.30205730126178,42.242198442046906],[43.59703007287538,42.112439535502936],[43.836270485535984,42.112439535502936],[43.90383015008461,42.047572878714945],[44.22270274437479,42.047572878714945],[44.29012467055359,41.982714686977175],[44.44950381534277,41.982714686977175],[44.63916635373972,41.723365583927425],[44.44350183886481,41.52894022635438],[43.489600169924145,41.52894022635438],[43.39837255563607,41.464147982618535],[42.60373372523943,41.464147982618535],[42.53569850098347,41.52894022635438],[41.89976405502303,41.52894022635438],[41.617003812161144,41.26981919327879],[41.53762319205974,41.26981919327879],[41.26695382442793,41.07556129305706],[41.187655699422045,41.07556129305706],[41.007708840411134,40.94609476084975],[40.33233693583328,40.687252915341794],[39.77838850810926,40.687252915341794],[39.709342746414066,40.75195209519951],[39.076043751399894,40.75195209519951],[38.73989257031053,40.6225611760938],[37.9488056249062,40.6225611760938],[37.50216416442248,40.81665876388164],[36.957047972261826,40.88137296965715],[36.88704365748286,40.94609476084975],[36.64931297385238,40.94609476084975],[36.57920230871726,41.01082418583829],[36.34138991022206,41.01082418583829],[36.27117194905718,41.07556129305706],[36.11257569904541,41.07556129305706],[35.910627663242835,41.33458751488544],[35.204759445968705,41.399363761740176],[34.83373954303538,41.59374054184019],[33.87950180092784,41.59374054184019],[33.79159986902735,41.52894022635438],[33.31464903455702,41.52894022635438],[33.22699552655911,41.464147982618535],[32.98860387744011,41.464147982618535],[32.9011141638923,41.399363761740176],[32.66280603126371,41.399363761740176],[31.99667451392153,41.1403061309963],[31.822954338813467,41.01082418583829],[31.491115639936567,40.88137296965715],[30.763994441838953,40.75195209519951],[29.77400971142745,40.36386766278575],[29.517529479931493,40.16992329962974],[29.189176042106073,40.04066242127797],[28.42555532220858,39.459341269308425],[28.245121814871254,39.201137900049126],[28.227973675486492,39.00755068348435],[28.300741888653054,38.94303373827256],[28.278137841880355,38.68502503117713],[28.49059940202332,38.427108039621885],[28.485002464011725,38.36264268536068],[28.702797768423835,38.16927903756301],[28.780955270988443,38.16927903756301],[28.99842933703819,37.97596279476473],[29.14893000721484,37.911534311495586],[29.533481483682085,37.84711086407513],[29.605748025523827,37.78269239478079],[29.7617849542966,37.78269239478079],[29.83397885960242,37.718278845934194],[30.067965538902033,37.718278845934194],[30.36803691444867,37.58946627908811],[30.523936866479485,37.58946627908811],[30.59589256656429,37.52506714594775],[30.75174715831636,37.52506714594775],[30.97337319784168,37.39628289269619],[31.12913751096702,37.39628289269619],[31.428319646549813,37.26751694058355],[31.93568177223611,36.88132430506227],[32.013386245036436,36.88132430506227],[32.584548103624854,36.36662923613536],[32.73334530229543,36.302309427179196],[33.04338465412558,36.302309427179196],[33.1272664986805,36.36662923613536],[33.43739129585516,36.36662923613536],[33.5214210477947,36.43095270671768],[33.67652629921987,36.43095270671768],[35.03048510625169,37.46067270297232],[35.0377484314982,37.52506714594775],[35.37911439011653,37.78269239478079],[35.70634814567556,37.911534311495586],[36.01860615226892,37.911534311495586],[36.10440415018955,37.97596279476473],[36.572929962045684,37.97596279476473],[36.64312216545566,37.911534311495586],[36.877315670400684,37.911534311495586],[36.947418743875524,37.84711086407513],[37.18154307840794,37.84711086407513],[37.251557535389836,37.78269239478079],[37.485612928549,37.78269239478079],[37.78139196569805,37.653870159900535],[37.93733742665377,37.653870159900535],[38.007134563958914,37.58946627908811],[38.163034515989736,37.58946627908811],[38.232767562415575,37.52506714594775],[38.54447674591971,37.52506714594775],[38.61410082593504,37.46067270297232],[39.00362427372671,37.46067270297232],[39.08996781705194,37.52506714594775],[39.32374970468004,37.52506714594775],[39.4102341322363,37.58946627908811],[39.64408406028253,37.58946627908811],[39.73071022764452,37.653870159900535],[40.198546610511684,37.653870159900535],[40.28538386831857,37.718278845934194],[40.59736610738472,37.718278845934194],[40.882295622200715,37.52506714594775],[41.19400480570485,37.52506714594775],[41.26286027091838,37.46067270297232],[41.808193097826724,37.46067270297232],[41.87687511661531,37.39628289269619],[42.34416805599132,37.39628289269619],[42.41270012722699,37.33189765769467],[42.56841952000926,37.33189765769467],[42.5404152034203,37.13876883069462],[42.677391124357655,37.01003810474459],[42.85511259882576,36.62394565678473],[42.99198184066904,36.495279895766075],[43.04215375064775,36.302309427179196],[43.17895828483612,36.17368056694591],[43.47577922752791,35.53073667919588],[43.457989625890065,35.40218481559813],[43.58580620806728,35.209377973823905],[43.568184818758276,35.080853390830725],[43.75560228427553,34.759567220381],[43.73820168724125,34.631077392845334],[43.85748992870349,34.37412415768715],[44.06226946806685,34.181431080748425],[44.05368262109975,34.11720400238576],[44.3351198217926,33.92453404653083],[44.71026947337657,33.86031435377893],[44.7783610034128,33.79609640704964],[45.008530746823354,33.79609640704964],[45.29793454913078,33.66766559115009],[45.45130505372696,33.66766559115009],[45.51922888382072,33.60345264175176],[45.67256156630163,33.60345264175176],[45.81708426391031,33.53924127791941],[46.088406871147306,33.2824108766166],[46.24155218637459,33.2824108766166],[46.38587525751977,33.218206839470895],[47.06291278562003,32.57623384933646],[47.045558749739754,32.447851872730936],[47.113243612581776,32.38366220226306],[47.26587996595235,32.38366220226306],[47.401160392812265,32.255285297228276],[47.39252684523416,32.19109798276912],[47.73069576834313,31.870171193618827],[47.70516456457525,31.677621509342032],[47.77282443734036,31.613439106618323],[47.9250432943435,31.613439106618323],[48.20396004557696,31.420893815832063],[48.280018665492065,31.420893815832063],[48.68547109285943,31.0358082712429],[48.76142977233418,31.0358082712429],[49.707214514380205,30.13725862559084],[49.62334429922871,30.073073517965373],[49.41240005360853,30.20144316158068],[49.260900212610174,30.20144316158068],[49.05798308964415,30.39399373893779],[48.90638880729005,30.39399373893779],[48.822495180265214,30.32981067833722],[48.8064006896151,30.20144316158068],[48.86615668667965,30.073073517965373],[48.4118441191502,30.073073517965373],[48.24479303174873,29.944715575766622],[48.22930926827707,29.81634009204475],[48.28958265222268,29.687962102388276],[48.06270215188568,29.687962102388276],[47.90388092667962,29.623772194529987],[47.737678958480004,29.495390606153165],[47.72282856347688,29.367006725440472],[47.79098854084684,29.302813952165938],[48.01760020181036,29.302813952165938],[48.08571854859298,29.238620637858627],[48.07097740782308,29.110232428889063],[48.192751802125365,28.853449988782543],[48.32915295219771,28.72505592867683],[48.30768942780839,28.532461529014114],[48.45130106481763,28.46826255603269],[48.437161392179114,28.339863414598362],[48.84005293556141,27.890454990311937],[48.75796067662172,27.826252478155567],[48.74432923580401,27.697846579330633],[48.949570900966364,27.50523570534154],[49.17501862757842,27.50523570534154],[49.22997985136229,27.312622657320325],[49.50375585039762,27.055802377655606],[49.578815772209104,27.055802377655606],[49.921142835483465,26.73477335928394],[49.99614081332035,26.73477335928394],[49.98315705525788,26.606360885329142],[50.11380231981181,26.41374151356696],[50.09479565767958,26.22112160579027],[50.01363525103773,26.15691490072006],[50.00121647258489,26.02850145111029],[50.13249805818836,25.835881338641983],[50.12035949687382,25.707468096553363],[50.464355454341096,25.38643619773311],[50.52729588630733,25.25802414562103],[50.515612803874916,25.12961262623009],[50.58452086990783,25.065407093071133],[50.733921939385006,25.065407093071133],[50.81445766832212,25.12961262623009],[50.85016164062556,25.51484869691182],[51.00580336789984,25.579055087383296],[51.036745596447545,25.900088020261283],[51.12422311912485,26.02850145111029],[51.348824448432836,26.02850145111029],[51.55431940057952,25.835881338641983],[51.54175079213664,25.707468096553363],[51.46071825573607,25.643261557499663],[51.43616454178128,25.38643619773311],[51.573554524048824,25.25802414562103],[51.54971933842124,25.001201725211253],[51.469163646259936,24.936999345330626],[51.457533363186585,24.808589778557973],[51.29675649929574,24.68018088237153],[51.28542149544759,24.551772633810998],[51.35440690663505,24.487568745215672],[51.27420825437172,24.423365009917244],[51.26311349999729,24.294957987732253],[51.33217647542999,24.230754695106462],[51.69947623612993,24.166551544299086],[51.69396958344924,24.102348532440676],[51.90116915735657,23.909740301865575],[52.27375895041562,23.909740301865575],[52.58853597707659,24.102348532440676],[52.59416077793264,24.166551544299086],[52.737630376014486,24.102348532440676],[53.03581917389027,24.102348532440676],[53.10470148277942,24.038145656661833],[54.07368773011352,24.038145656661833],[54.15402716592446,24.102348532440676],[54.16572024937377,24.230754695106462],[54.314854132212915,24.230754695106462],[54.63711697924831,24.487568745215672],[54.81716163377319,24.808589778557973],[55.222419418918435,25.12961262623009],[55.48630913813405,25.51484869691182],[55.56108571067451,25.51484869691182],[56.05130099999208,25.900088020261283],[56.14031947366998,26.02850145111029],[56.15464419816127,26.15691490072006],[56.393861056931804,26.28532828342675],[56.35067744199473,25.900088020261283],[56.268779641139716,25.835881338641983],[56.24094076410435,25.579055087383296],[56.3088514360791,25.51484869691182],[56.2750287293892,25.193818313982145],[56.34308766059545,25.12961262623009],[56.2617615100406,25.065407093071133],[56.24864206533665,24.936999345330626],[56.391476216861086,24.872794476685957],[56.638902254695914,24.35916142504599],[57.04903081540146,23.973942914093225],[57.47774529137306,23.78133545695635],[57.62674269978153,23.78133545695635],[57.69512174225876,23.71713321853651],[57.91858918222968,23.71713321853651],[57.98694973011754,23.65293109898111],[58.210388633842705,23.65293109898111],[58.278730624281984,23.588729095421144],[58.50214112597301,23.588729095421144],[58.57046448722086,23.524527204987677],[58.71938597501204,23.524527204987677],[58.91827225181222,23.2677207171416],[58.91221581697313,23.203519349308166],[59.11736160942631,23.01091580981653],[59.11137943879278,22.94671480842695],[59.521925003668784,22.561510472926784],[59.7389961098718,22.49731000237817],[59.704017380734435,22.11210843028327],[59.276251535890246,21.47010927637587],[58.633794533893806,20.892311698960096],[58.448104271861716,20.442913279258637],[58.3000120160905,20.442913279258637],[58.31065167410566,20.571312921800146],[58.24191113549923,20.635512709118387],[58.09376991507594,20.635512709118387],[57.93505718934532,20.507113112802877],[57.76594486689643,20.250313602664164],[57.734574486349345,19.8651303470435],[57.6553924840081,19.800929915860213],[57.63459784370708,19.544127750615512],[57.7033355189491,19.47992710301815],[57.68778272144277,19.287324917432837],[57.75650279147451,19.223124110534535],[57.741000409984586,19.030521465487215],[57.371657404034764,19.030521465487215],[57.29268318982028,18.96632051158191],[57.14496193509888,18.96632051158191],[56.99217431458945,18.902119522845823],[56.67670409577089,18.645315234961508],[56.59292007276688,18.516912902013043],[56.57804509084353,18.324309183621775],[56.49933264449714,18.260107888840086],[56.48950199463709,18.131705220910398],[56.33222924725062,18.00330245361518],[55.816030715969895,18.00330245361518],[55.73748858751123,17.939101034626603],[55.59001876766243,17.939101034626603],[55.276182625290325,17.682295140996224],[55.19311857770019,17.55389207433373],[55.165355736761555,17.16868246872912],[54.93532785363672,17.040279152147658],[54.78807042779807,17.040279152147658],[54.718960605442604,17.10448081671142],[54.203507528017454,17.10448081671142],[53.51892940233337,16.783472383801527],[53.15093341947473,16.783472383801527],[53.06878673469118,16.6550689443325],[52.921617548938414,16.6550689443325],[52.84380446186979,16.590867213463675],[52.69664979963196,16.590867213463675],[52.54531146977061,16.52666547619662],[52.15696656354073,16.20565672078482],[52.12117289446188,15.627840912994971],[51.672673797150175,15.499437436847815],[51.441004082669046,15.306832274543359],[50.77274757467709,15.178428876583515],[50.171175769892976,14.921628747859401],[49.877578470041556,14.921628747859401],[49.57712047378115,14.793225808737068],[49.430347267000386,14.793225808737068],[48.664105502293445,14.151211799122747],[48.51745509452903,14.151211799122747],[48.44101519560762,14.08701045614303],[47.927780353442586,14.08701045614303],[47.85141234786788,14.022809122882837],[47.70478563158542,14.022809122882837],[47.472949814943455,13.766003882924334],[47.17399499197393,13.637601315915354],[47.0274376518495,13.637601315915354],[46.951305218534806,13.573400044933663],[46.80475919621501,13.573400044933663],[46.72866675959743,13.509198782026308],[45.9959928906977,13.509198782026308],[45.9199848609853,13.444997526987644],[45.77346126674338,13.444997526987644],[45.393892603019175,13.12399136262696],[45.09580874096015,12.995588944765858],[44.94430042315133,12.867186551798818],[44.578235322502195,12.867186551798818],[44.280479785316786,12.738784182080666],[43.91446703888359,12.738784182080666],[43.843677162340875,12.80298536413645],[43.55084608963921,12.80298536413645],[43.5556752050116,12.931387745273403],[43.34579784491254,13.188192581406899],[43.3687046466581,13.766003882924334],[43.159357426829416,14.022809122882837],[43.17013780710957,14.279614515063361],[43.09953031871531,14.343815888435557],[43.11061321867745,14.600621489402164],[43.04005123626624,14.664822917541521],[43.048568612257945,14.857427272204562],[42.978041923533134,14.921628747859401],[42.98382472011255,15.050025520657313],[42.84282424491069,15.178428876583515],[42.857666118551556,15.499437436847815],[42.78721622862466,15.563639171972632],[42.79633195387046,15.756244409658297],[42.8728924163208,15.820446163762318],[42.91086476081665,16.590867213463675],[42.84378121057092,16.719270668034607],[42.63276822345569,16.911875788455855],[42.5657040831897,17.040279152147658],[42.57229691539448,17.16868246872912],[42.428306801284656,17.23288410743229],[42.36458468519976,17.425488935969906],[41.87198863190509,17.87489959310197],[41.87532552172388,17.939101034626603],[41.66410868639264,18.131705220910398],[41.533305260395295,18.452711690976678],[41.32194854470623,18.645315234961508],[41.33203603837799,18.837918500047333],[41.12729770669108,19.158923265731907],[41.07027684807285,19.47992710301815],[40.925795011499645,19.544127750615512],[40.932539584101406,19.672528919803497],[40.86533047843587,19.800929915860213],[40.72411771139484,19.929330732638974],[40.57615530026054,19.929330732638974],[40.08135680773681,20.37871341829942],[39.8592428477495,20.37871341829942],[39.576117362165505,20.635512709118387],[39.579384657984484,20.69971247762556],[39.43774361422404,20.82811196967848],[39.2349963371402,21.21331029263677],[39.24815746226546,21.47010927637587],[39.534887740435835,21.277510020901286],[39.609040804318475,21.277510020901286],[40.03717478042078,20.95651142090238],[40.11128643161596,20.95651142090238],[40.25279076000217,20.82811196967848],[40.3268859550729,20.82811196967848],[40.468330172153095,20.69971247762556],[41.121310346630196,20.442913279258637],[41.403698477800944,20.186113642252103],[41.400257065824874,20.12191364295305],[42.24255660879656,19.287324917432837],[42.23905937777208,19.223124110534535],[42.450199963661916,19.030521465487215],[42.44669709031887,18.96632051158191],[42.65773001324989,18.77371744395485],[42.654224804044816,18.709516355336774],[42.865160646775124,18.516912902013043],[42.861656459986406,18.452711690976678],[43.072506043193634,18.260107888840086],[43.06900628882379,18.19590656768015],[43.27978067058085,18.00330245361518],[43.2762888102875,17.939101034626603],[43.48699928563103,17.746496645518327],[43.48351883268729,17.682295140996224],[43.62396330669396,17.55389207433373],[43.617037743268405,17.425488935969906],[43.76092209817188,17.36128734182115],[44.041718287350115,17.10448081671142],[44.03827834157625,17.040279152147658],[44.45938936815387,16.6550689443325],[44.455988714313804,16.590867213463675],[45.017422005328314,16.077253200729434],[45.090942259874446,16.077253200729434],[45.441812245431926,15.756244409658297],[45.58546996481902,15.692042659146354],[45.73242740873532,15.692042659146354],[45.80258834262197,15.627840912994971],[46.02300408280243,15.627840912994971],[46.31021079266936,15.499437436847815],[46.530585984634314,15.499437436847815],[46.60740342418561,15.563639171972632],[46.97472911606648,15.563639171972632],[47.05161087031126,15.627840912994971],[47.418970437278695,15.627840912994971],[47.49591673573093,15.692042659146354],[47.86331034552169,15.692042659146354],[47.94032140968443,15.756244409658297],[48.0872925369934,15.756244409658297],[49.07607519409412,16.33406023369091],[49.149623755236725,16.33406023369091],[49.30437666932555,16.46246373329982],[49.37793955920752,16.46246373329982],[49.532824561518744,16.590867213463675],[49.60640189263766,16.590867213463675],[49.76141807162681,16.719270668034607],[49.83500995312741,16.719270668034607],[49.99015635793393,16.847674090864764],[50.063762895603624,16.847674090864764],[50.21903853593339,16.97607747580631],[50.29265983219772,16.97607747580631],[50.44806367820561,17.10448081671142],[50.52169983212348,17.10448081671142],[50.67723081429588,17.23288410743229],[50.750881921554914,17.23288410743229],[50.90653893059224,17.36128734182115],[50.9802050835038,17.36128734182115],[51.13598697020325,17.48969051373025],[51.20966825769752,17.48969051373025],[51.36557383283592,17.618093617011873],[51.43927034045692,17.618093617011873],[51.59529837467387,17.746496645518327],[52.05074309129118,17.939101034626603],[52.207079376696605,18.067503849299257],[52.66309647269613,18.260107888840086],[52.8106440177654,18.260107888840086],[53.04110091452045,18.388510451256778],[53.414668767849086,18.452711690976678],[53.64537546758756,18.581114083597456],[53.793001551804316,18.581114083597456],[55.0127273671918,19.094722383793343],[55.17026222252411,19.223124110534535],[55.426520026488404,19.672528919803497],[55.58437161988465,19.800929915860213],[56.004582051636746,20.442913279258637],[56.10405500751962,20.76391223018961],[56.18325770021099,20.82811196967848],[56.19351474097052,20.95651142090238],[56.272776845305145,21.020711138373276],[56.28828824509461,21.21331029263677],[56.45748274034305,21.47010927637587],[56.46801036757152,21.59850886760586],[56.54749787412247,21.6627086980988],[56.558125927722294,21.791108443180416],[56.637691116261266,21.855308363505074],[56.681045696421954,22.36890925149614],[56.612239566097564,22.433109596190707],[56.628833352914015,22.625711010704784],[56.56006375763192,22.68991161858047],[56.571254808440656,22.818313056098205],[56.37071832220201,23.07511689851423],[56.376412479274386,23.13931807738858],[56.03299954425816,23.460325424811806],[55.88987770697966,23.524527204987677],[55.6664954752929,23.524527204987677],[55.59780460398963,23.588729095421144],[55.22545376783791,23.588729095421144],[54.916229086591635,23.460325424811806],[53.278299082014065,23.460325424811806],[53.20929092673846,23.524527204987677],[52.83698720726051,23.524527204987677],[52.76793824923658,23.588729095421144],[52.32111724585453,23.588729095421144],[52.03394659632868,23.71713321853651],[51.735990009700785,23.71713321853651],[51.59234765923894,23.78133545695635],[51.38492888849705,23.973942914093225],[51.3104012315641,23.973942914093225],[51.10301987492814,24.166551544299086],[51.02846282977791,24.166551544299086],[50.412315679004095,24.808589778557973],[50.41796831384389,24.872794476685957],[50.14205672331591,25.12961262623009],[50.147828190104654,25.193818313982145],[49.94107363802715,25.38643619773311],[49.94694202854249,25.450642396792666],[49.74034488323258,25.643261557499663],[49.68350184480168,25.835881338641983],[49.414512426928106,26.15691490072006],[49.358177225596904,26.3495349229216],[48.603036788659686,27.055802377655606],[48.35501516748797,27.569439585834818],[48.08777064687968,27.890454990311937],[48.0329247360814,28.08306064934672],[47.89607990821047,28.211462750510183],[47.77314263177933,28.46826255603269],[47.78715949176231,28.596660089244747],[47.65048894027841,28.72505592867683],[47.6647027413863,28.853449988782543],[47.60357904790151,28.981842184027325],[47.2477454113409,29.174426793204155],[47.254970949796814,29.238620637858627],[47.05013625115936,29.431198946997483],[46.928299650200714,29.687962102388276],[46.85267281675505,29.687962102388276],[46.64791218214556,29.880528152486082],[46.572239674455176,29.880528152486082],[45.396340901757895,30.843265862868243],[45.1078139387913,30.971627534590382],[44.97109100294559,31.099988994954018],[44.89511582278406,31.099988994954018],[44.75834266707507,31.228350563144513],[44.68233429791536,31.228350563144513],[44.47708766973686,31.420893815832063],[44.48473676027546,31.485075299768745],[44.27947260002976,31.677621509342032],[44.28718216830656,31.741804298142313],[44.01344548778521,31.99854011236839],[44.02122301638557,32.06272543027177],[43.6867762252483,32.447851872730936],[43.27141720236147,33.410823146607044],[42.9973769801881,33.66766559115009],[42.92069172789001,33.66766559115009],[42.71496884096592,33.86031435377893],[42.13320155825328,34.11720400238576],[41.75711107921886,34.181431080748425],[41.68828228636876,34.245660105951465],[41.53456620576284,34.245660105951465],[40.95119200236074,34.50259647933538],[40.75199805528548,34.759567220381],[40.759957656775086,34.823815577645476],[40.42240189552906,35.209377973823905],[40.43041624912756,35.273644202439016],[40.2920781863229,35.40218481559813],[40.30011983014499,35.466459312889974],[40.0924843667745,35.65930024461823],[40.10055686769609,35.7235865566833],[39.89276723704373,35.91646428854454],[39.90087198987682,35.98076331961643],[39.56235604005464,36.36662923613536],[39.19085007404297,36.495279895766075],[39.05186488935937,36.62394565678473],[38.66377838839341,36.62394565678473],[38.33753477949426,36.495279895766075],[37.949664191063036,36.495279895766075],[37.86436808769955,36.43095270671768],[37.63171021056179,36.43095270671768],[37.54654485841937,36.36662923613536],[37.391482459832034,36.36662923613536],[36.62829736454117,35.78787596366072],[36.445264042716154,35.53073667919588],[36.319307009631075,35.080853390830725],[36.389523221266295,35.016594923844934],[36.37578074018281,34.88806628432935],[36.50247719098546,34.631077392845334],[36.70606286557256,34.37412415768715],[36.60635100765327,33.410823146607044],[36.249176872520124,32.89720603075631],[36.23669588842276,32.76881400289148],[36.07151719814198,32.64042623539791],[36.05317957867683,32.447851872730936],[35.970789816530065,32.38366220226306],[35.94082890927647,32.06272543027177],[35.85868591830704,31.99854011236839],[35.823644162593496,31.613439106618323],[35.741784382054426,31.54925705006268],[35.7133467370702,31.228350563144513],[35.63173057151187,31.16416974562182],[35.604008421569915,30.843265862868243],[35.52263433785436,30.77908484800109],[35.511769066571375,30.65072226075503],[35.26290339542034,30.39399373893779],[35.22648086546364,29.944715575766622],[35.07510514259987,29.944715575766622],[34.994345997826855,29.880528152486082],[34.97427382006979,29.623772194529987],[34.989296032406365,29.81634009204475],[34.85310287916106,30.008887798778936],[34.87872919565007,30.32981067833722],[34.80812054835801,30.39399373893779],[34.844912880470076,30.843265862868243],[34.774325942124676,30.90744674509832],[34.79041686129973,31.099988994954018],[34.6546414477242,31.292531487420757],[34.36129122102802,31.420893815832063],[34.6003979241882,31.54925705006268],[34.6114086112014,31.677621509342032],[34.78042974363157,31.870171193618827],[34.79170803071176,31.99854011236839],[34.87360704607338,32.06272543027177],[34.896550245751484,32.31947335707836],[34.978653519621346,32.38366220226306],[35.00206145699047,32.64042623539791],[35.17271071325966,32.83300946428344],[35.190756525028405,33.025602638938395],[35.368234805237094,33.2824108766166],[35.38059170747705,33.410823146607044],[35.46342784656936,33.475031459564235],[35.48222225497535,33.66766559115009],[35.56522976849941,33.73188016621311],[35.57793196349711,33.86031435377893],[35.750728706724026,34.052978830676636],[35.776746134559275,34.3098911181939],[36.02726776258917,34.50259647933538],[36.05405297917284,34.759567220381],[35.9837611749663,34.823815577645476],[36.04512381617181,35.40218481559813],[35.90445518234602,35.53073667919588],[35.93921969407387,35.85216852209157],[36.02361671505378,35.91646428854454],[36.04484686544212,36.10937140214777],[35.90412924352802,36.2379932230414],[35.91838967325242,36.36662923613536],[36.25764208240447,36.62394565678473],[36.27234119939585,36.752626974573545],[36.1391097820155,36.9456791177009],[35.98365690801289,36.9456791177009],[35.81362968629357,36.81697360971298],[35.735947108792445,36.81697360971298],[35.566229305421494,36.688284342600284],[35.559086380665754,36.62394565678473],[35.32623448008617,36.62394565678473],[35.25567333870932,36.688284342600284],[35.10039535535324,36.688284342600284],[34.88845173864864,36.88132430506227],[34.733042793047986,36.88132430506227],[34.57070844627566,36.81697360971298],[34.232839025400054,36.55961086015316],[34.05101254757355,36.302309427179196],[33.89599287165848,36.302309427179196],[33.81193863021616,36.2379932230414],[33.42449592404729,36.2379932230414],[33.10189355497574,36.10937140214777],[32.63721671648105,36.10937140214777],[32.488469690660644,36.17368056694591],[31.98869057177894,36.62394565678473],[31.69035691276949,36.752626974573545],[31.53503541152792,36.752626974573545],[31.31404598983347,36.88132430506227],[31.158637044232808,36.88132430506227],[31.086891376930637,36.9456791177009],[30.775985628925415,36.9456791177009],[30.52544565345771,36.752626974573545],[30.48556000152688,36.302309427179196],[30.413674523402253,36.36662923613536],[30.181080925521254,36.36662923613536],[30.015000109761296,36.2379932230414],[29.47258032112489,36.2379932230414],[29.322912432163843,36.302309427179196],[29.044554004465944,36.688284342600284],[28.889276021109854,36.688284342600284],[28.66683255619057,36.81697360971298],[28.43378482368722,36.81697360971298],[28.10782556211936,36.62394565678473],[28.195623134834136,36.752626974573545],[28.216175594887368,37.01003810474459],[28.07096409997009,37.13876883069462],[27.759793108498044,37.13876883069462],[27.599189760348615,37.07440132334588],[27.682000360630035,37.13876883069462],[27.692128836267678,37.26751694058355],[27.468676152521585,37.39628289269619],[27.31291183939625,37.39628289269619],[27.177100620709208,37.653870159900535],[27.343212558318573,37.78269239478079],[27.353446469302977,37.911534311495586],[27.056389217811986,38.10483509996314],[26.90012094730699,38.10483509996314],[26.827017706873185,38.16927903756301],[26.592545199179355,38.16927903756301],[26.44116084821905,38.23372824235382],[26.471099436140005,38.62053733072454],[26.549422748798893,38.62053733072454],[26.539327149223816,38.491578893165396],[26.68072163096882,38.29818277228683],[26.99353952880479,38.29818277228683],[27.07689702252499,38.36264268536068],[27.087255882326748,38.491578893165396],[26.86271599943445,38.62053733072454],[26.951445269321194,38.749518463787055],[26.977778890183433,39.072073653102414],[26.83135734942028,39.201137900049126],[26.674272408814616,39.201137900049126],[26.84734543143396,39.39478092053113],[26.858099460485548,39.523908053920564],[26.78481293934332,39.58848133336988],[26.2287613750302,39.523908053920564],[26.265587991285376,39.97606071320526],[26.349796809913308,40.04066242127797],[26.371445442945898,40.29921240524101],[26.783160121111525,40.493199826837646],[26.794479694705114,40.6225611760938],[26.72103271175725,40.687252915341794],[26.40449075305781,40.687252915341794],[26.31982752746251,40.6225611760938],[26.161610138381647,40.6225611760938],[26.172576727986243,40.75195209519951],[26.0251833076113,40.88137296965715],[25.866750486384483,40.88137296965715],[25.792945088060588,40.94609476084975],[25.475970843219947,40.94609476084975],[25.402019579443355,41.01082418583829],[25.084936381449765,41.01082418583829],[24.75268744955607,40.81666363878157],[24.757720737796745,40.88137296965715],[24.683535231118356,40.94609476084975],[24.44580454748788,40.94609476084975],[24.27754301851764,40.81665876388164],[23.881596277622283,40.81665876388164],[23.79770549668312,40.75195209519951],[23.788349302168648,40.6225611760938],[23.932490608267155,40.42853012066837],[23.76982586921996,40.36386766278575],[23.76065992155788,40.23456430013737],[23.686258769081974,40.29921240524101],[23.52830661179586,40.29921240524101],[23.444860598940462,40.23456430013737],[23.440412866241026,40.16990438786935],[23.440406468809847,40.16992329962974],[23.216808936385057,40.36386766278575],[22.984144393933214,40.42853012066837],[22.91379281919059,40.5578768292948],[22.755628840311903,40.5578768292948],[22.58900013796074,40.42853012066837],[22.572246038649613,40.16992329962974],[22.646992085254226,40.10528935592426],[22.638682390177753,39.97606071320526],[22.788021133017516,39.84684058164088],[22.78386744036703,39.78224073164333],[23.156532991744786,39.459341269308425],[23.222574251274473,39.26567929476036],[23.148167480866896,39.33022694864419],[22.91239112037887,39.33022694864419],[22.829737995168635,39.26567929476036],[22.821659016451516,39.13660270573608],[23.044979426848606,38.94303373827256],[23.20186785854426,38.94303373827256],[23.437200506087745,38.94303373827256],[23.733992935868592,38.68502503117713],[24.121400056373325,38.62053733072454],[24.195384820663982,38.55605530413513],[24.18245805946892,38.36264268536068],[24.477962754479584,38.10483509996314],[24.556096889732082,38.10483509996314],[24.55175825240566,38.04039637164978],[24.47364740606627,38.04039637164978],[24.25209428199996,38.23372824235382],[24.09573238441288,38.23372824235382],[24.01334761454721,38.16927903756301],[23.992538899748034,37.84711086407513],[24.06230743687858,37.718278845934194],[23.840543895127592,37.911534311495586],[23.76247939347925,37.911534311495586]],[[26.771917790323705,40.36386766278575],[26.84530191480424,40.29921240524101],[27.003254072090353,40.29921240524101],[27.087927466229363,40.36386766278575],[27.324934723158606,40.36386766278575],[27.550251792966908,40.23456430013737],[27.708151454275615,40.23456430013737],[27.877951655993506,40.36386766278575],[27.88393316799192,40.42853012066837],[27.962962019186413,40.42853012066837],[28.02994309445009,40.29921240524101],[28.977656038166767,40.29921240524101],[29.06298794063972,40.36386766278575],[29.07576599136189,40.493199826837646],[29.003106006019937,40.5578768292948],[29.088631836377676,40.6225611760938],[29.40506661453941,40.6225611760938],[29.49077485037737,40.687252915341794],[29.50403999833632,40.81665876388164],[29.431488963987913,40.88137296965715],[29.193839732147683,40.88137296965715],[29.127747155867986,41.01082418583829],[28.652122358877605,41.01082418583829],[28.427025337264002,41.1403061309963],[28.189048725486828,41.1403061309963],[27.938685163392044,41.01082418583829],[27.86557069843336,41.07556129305706],[27.706974448421587,41.07556129305706],[27.110914472866845,40.6225611760938],[26.783160121111525,40.493199826837646],[26.771917790323705,40.36386766278575]],[[22.383212217569202,38.36264268536068],[22.301271061265226,38.29818277228683],[22.29388255812578,38.16927903756301],[22.520876247581576,38.04039637164978],[22.677097940260353,38.04039637164978],[22.82570537369915,37.911534311495586],[23.059898878644173,37.911534311495586],[23.14185668883652,37.97596279476473],[23.153615086336494,38.16927903756301],[22.77435261798218,38.36264268536068],[22.383212217569202,38.36264268536068]],[[6.2694118466807165,46.08735891039496],[6.3495723370729245,46.152854697045],[6.346632626768039,46.28388325989291],[6.263400809911558,46.34941621184248],[6.099886887826464,46.34941621184248],[6.019736749694395,46.28388325989291],[6.022939499294345,46.152854697045],[6.106160968114053,46.08735891039496],[6.2694118466807165,46.08735891039496]],[[9.612901173325824,47.39971263535583],[9.202418617796713,47.20252025205787],[8.791452803999105,47.20252025205787],[8.709794578768873,47.136817028786105],[8.13468088977245,47.136817028786105],[8.053327130842584,47.071127440395266],[7.724826637941568,47.071127440395266],[7.072646796588378,46.808503635265836],[6.911193146575521,46.67727120640281],[6.829270065379694,46.67727120640281],[6.507259575696097,46.414961728244066],[6.510080565304862,46.28388325989291],[6.351037285964049,46.08735891039496],[6.355413069634483,45.89094447835315],[6.275370398896614,45.825497019222944],[6.291510384179215,45.10633895248862],[6.793338052693558,44.323299417147304],[7.039044377090789,44.127776964904356],[7.281059658978168,44.127776964904356],[7.362740776775156,44.062623043671714],[7.52402257071691,44.062623043671714],[7.762514755401299,44.323299417147304],[7.7581887446854845,44.64937557480479],[7.594479462052676,44.77987914321654],[7.350497339112706,44.84514680183607],[7.348430079794338,44.97571413013535],[7.265213451454697,45.10633895248862],[7.423453345453078,45.3676921418945],[7.987567720496878,45.76006142404362],[8.149756914333055,45.825497019222944],[8.312747046110138,45.825497019222944],[8.393601950361182,45.89094447835315],[8.556657060819317,45.89094447835315],[8.637640775755221,45.95640388845217],[9.371681794712849,45.95640388845217],[9.453460168339065,45.89094447835315],[9.698042834026268,45.89094447835315],[10.024133824628494,45.76006142404362],[10.187059112959023,45.76006142404362],[10.268415106314581,45.69463760594901],[10.675566551479706,45.69463760594901],[10.757297622115876,45.76006142404362],[11.1646108429422,45.76006142404362],[11.24656941809761,45.825497019222944],[11.491054615763234,45.825497019222944],[11.57317660429483,45.89094447835315],[11.736231714752966,45.89094447835315],[11.98239814794439,46.02187533669099],[12.391319792930613,46.08735891039496],[12.638315169520927,46.21836278427896],[13.211446045314554,46.28388325989291],[13.294499459570588,46.34941621184248],[13.70328426478332,46.34941621184248],[13.78657213953246,46.414961728244066],[14.195522283568211,46.414961728244066],[14.526352288355142,46.5460908076812],[14.777759757304077,46.742880872533064],[14.859716302328488,46.742880872533064],[15.28033797466494,47.071127440395266],[15.286908674160786,47.26823720054016],[15.206848999041576,47.33396796474255],[15.211201926143252,47.46547130325348],[15.133179377343714,47.59703099531822],[14.8117123122367,47.860322365910946],[14.729173353227832,47.860322365910946],[14.567985185313479,47.99205551492463],[14.40276657964848,47.99205551492463],[14.318315223503596,47.92618157490652],[13.988018905877382,47.92618157490652],[13.737119635503811,47.79447779555084],[12.252048707403244,47.79447779555084],[12.170465623952943,47.860322365910946],[11.675231869899736,47.860322365910946],[11.592017183802993,47.79447779555084],[10.931985660202738,47.79447779555084],[10.849122196066798,47.728647771633405],[10.436777083334476,47.728647771633405],[10.189210337366184,47.59703099531822],[9.94201188536731,47.59703099531822],[9.777492976993,47.39971263535583],[9.612901173325824,47.39971263535583]],[[8.792554224626475,56.442879967920064],[8.879997897023761,56.51142004901018],[8.878658441754212,56.64858377357229],[8.78966442807223,56.71720765751708],[8.613021373186875,56.71720765751708],[8.525584076255804,56.64858377357229],[8.527345282878391,56.51142004901018],[8.616332922603036,56.442879967920064],[8.792554224626475,56.442879967920064]]],[[[23.690347466641395,35.40218481559813],[23.77488502833014,35.53073667919588],[23.852143436954442,35.53073667919588],[23.925695399086088,35.466459312889974],[24.157408952355787,35.466459312889974],[24.304298693974502,35.3379131309098],[25.153464720010483,35.3379131309098],[25.22664014240697,35.273644202439016],[25.68969931317004,35.273644202439016],[25.68556717126569,35.209377973823905],[25.831568902808737,35.080853390830725],[25.52310601731396,35.080853390830725],[25.44195301552719,35.016594923844934],[24.825188496894,35.016594923844934],[24.829064524950716,35.080853390830725],[24.68253653558284,35.209377973823905],[24.373911724603502,35.209377973823905],[24.300521800880844,35.273644202439016],[23.68310957319676,35.273644202439016],[23.690347466641395,35.40218481559813]]],[[[28.155275120150755,36.2379932230414],[28.067894471283243,36.10937140214777],[27.903253368437156,35.98076331961643],[27.82584937733109,35.98076331961643],[27.845320955215662,36.2379932230414],[28.16526974388599,36.36662923613536],[28.155275120150755,36.2379932230414]]],[[[26.147949482721724,38.491578893165396],[26.128437053044895,38.23372824235382],[26.04544268122708,38.16927903756301],[26.06479465019827,38.427108039621885],[25.996270605458783,38.55605530413513],[26.147949482721724,38.491578893165396]]],[[[20.848541383109435,38.94303373827256],[20.850791833005836,38.98592714519105],[20.84855235003585,38.94302431170711],[20.848541383109435,38.94303373827256]]],[[[25.96739017608913,39.201137900049126],[26.129562546457663,39.26567929476036],[26.365264300121165,39.26567929476036],[26.43864499790612,39.201137900049126],[26.674272408814616,39.201137900049126],[26.501663371640944,39.00755068348435],[26.34472607129135,39.00755068348435],[26.203017586997625,39.201137900049126],[25.96739017608913,39.201137900049126]]],[[[19.859874058452142,39.58848133336988],[19.78748665047489,39.71764761308182],[19.94497307748159,39.71764761308182],[19.859874058452142,39.58848133336988]]],[[[23.589289223059225,40.04066242127797],[23.58483167742322,39.97606071320526],[23.5059859034861,39.97606071320526],[23.466644851091022,40.09235872961272],[23.589289223059225,40.04066242127797]]],[[[23.435968220704453,40.10528935592426],[23.440412866241026,40.16990438786935],[23.466644851091022,40.09235872961272],[23.435968220704453,40.10528935592426]]],[[[23.76065992155788,40.23456430013737],[23.983647449752663,40.04066242127797],[23.751558674884546,40.10528935592426],[23.76065992155788,40.23456430013737]]],[[[24.75101804276002,40.79520128821347],[24.737653636653846,40.6225611760938],[24.658544942113416,40.6225611760938],[24.747653989204366,40.75195209519951],[24.75101804276002,40.79520128821347]]],[[[24.75268744955607,40.81666363878157],[24.75101804276002,40.79520128821347],[24.752679107592066,40.81665876388164],[24.75268744955607,40.81666363878157]]],[[[24.004661356144226,46.34941621184248],[23.934180150848064,46.48051989737629],[23.629066619940417,46.742880872533064],[23.657100543640848,47.071127440395266],[23.744909591103927,47.136817028786105],[23.991386886388106,47.136817028786105],[24.38436128631524,46.93978880782879],[24.372556065596314,46.808503635265836],[24.448632070184523,46.742880872533064],[24.425119192627385,46.48051989737629],[24.249932239271867,46.34941621184248],[24.004661356144226,46.34941621184248]]]]}}
