{"type":"Feature","properties":{"id":"schreiadler","sourceUrl":"https://commons.wikimedia.org/wiki/File:ClangaPomarinaIUCNver2018_2.png","author":"Alexander K\u00fcrthy; BirdLife International / IUCN Red List (2016)","license":"CC BY-SA 3.0","licenseUrl":"https://creativecommons.org/licenses/by-sa/3.0/","sourceImageSha256":"4a917b2f43ddc4a196e843df067692cd87fd5c1df7b1e4e8efcb23b9ce93051d","registration":{"proj_string":"+proj=merc +R=1 +lon_0=0","parameters_1000px":[654.9872393643473,-652.725763424788,245.4470686585076,898.6902984691312],"coast_rmse_capped15_px":2.599933385848999,"coast_median_px":0.7669270038604736,"coast_p90_px":3.897791862487793,"sample_count":4728,"image_width":1858,"image_height":2480,"pixel_transform_native":[1216.9662907389572,-1212.7644684432562,456.0406535675071,1669.7665745556458],"transform_definition":"pixel_x=sx*projected_x+tx; pixel_y=sy*projected_y+ty","validation":"Odd interleaved Natural Earth 1:50m coastline samples withheld from affine fitting; neighboring samples are correlated. P90 cartographic coastline agreement within review_bounds, normalized to 1000 source pixels. Whole-source overlay visually reviewed.","controls":[[-5.6,36,347.446,834.2420000000001],[20,-34.8,902.988,2443.27],[51.3,12,1716.7920000000001,1406.506],[-17.5,14.7,92.9,1324.7540000000001],[7.05,57.98,618.714,154.214]],"review_bounds":[-20,-36,55,70],"registrationBasemapPath":"data/ranges/world.geojson","registrationBasemapSha256":"3e458fc036ad0a66411f2c1e6cac49c5d7bfb81cb1123bc513b22511a2b7fdeb"},"includedColors":["#00FF00","#00FFFF","#007FFF"],"adaptation":"Inverse map projection; present seasonal range colors combined; 3px border closing; contours simplified by 0.45 source pixels; components below 4 source pixels omitted; split at the antimeridian."},"geometry":{"type":"MultiPolygon","coordinates":[[[[23.726822851617424,-18.215799885144683],[23.39725706196187,-17.856420974723207],[23.114772099399964,-17.856420974723207],[23.067691272306313,-17.901383392188507],[22.832287136838058,-17.901383392188507],[22.78520630974441,-17.946334415210316],[22.596883001369807,-17.946334415210316],[22.549802174276156,-17.991274019015524],[22.361478865901553,-17.991274019015524],[22.3143980388079,-18.036202178865434],[22.1260747304333,-18.036202178865434],[22.078993903339647,-18.08111887005578],[21.890670594965044,-18.08111887005578],[21.843589767871396,-18.126024067916795],[21.655266459496794,-18.126024067916795],[21.608185632403142,-18.1709177478133],[21.04321570727933,-18.1709177478133],[20.94905405309203,-18.30552943388308],[20.94905405309203,-20.444656600612237],[20.80781157181108,-20.444656600612237],[20.760730744717428,-20.400382177898685],[20.289922473780923,-20.400382177898685],[20.242841646687275,-20.35609502780137],[19.348305931907912,-20.35609502780137],[19.301225104814254,-20.400382177898685],[18.9716593151587,-20.400382177898685],[18.924578488065052,-20.444656600612237],[18.642093525503146,-20.444656600612237],[18.595012698409494,-20.48891827317019],[17.79463863781743,-20.48891827317019],[17.747557810723784,-20.444656600612237],[17.55923450234918,-20.444656600612237],[17.512153675255526,-20.400382177898685],[17.27674953978727,-20.400382177898685],[17.088426231412676,-20.311795173129088],[16.99426457722537,-20.311795173129088],[16.711779614663467,-20.090106132032833],[16.711779614663467,-20.045730530959936],[16.617617960476164,-19.956941720271164],[16.476375479195212,-19.69027608788142],[16.42929465210156,-19.378604253109565],[16.476375479195212,-19.33403074269595],[16.476375479195212,-19.200237287018773],[16.523456306288864,-19.155615239377873],[16.523456306288864,-19.066334943163916],[16.570537133382512,-19.021676742279496],[16.570537133382512,-18.887630215396975],[16.617617960476164,-18.84292414492294],[16.617617960476164,-18.753476305891496],[16.664698787569815,-18.708734585520187],[16.664698787569815,-18.574438510842004],[16.711779614663467,-18.52964959548289],[16.758860441757115,-18.30552943388308],[16.805941268850766,-18.260670455345018],[16.805941268850766,-18.1709177478133],[16.853022095944418,-18.126024067916795],[16.853022095944418,-18.036202178865434],[16.90010292303807,-17.991274019015524],[16.90010292303807,-17.901383392188507],[16.99426457722537,-17.76646205572623],[16.99426457722537,-17.67645785709014],[17.04134540431902,-17.63143884020414],[17.04134540431902,-17.541367096187976],[17.088426231412676,-17.451250572098566],[18.500851044222195,-17.451250572098566],[18.500851044222195,-17.496314419116537],[18.83041683387775,-17.811447187621866],[18.924578488065052,-17.811447187621866],[19.065820969346,-17.901383392188507],[19.159982623533303,-17.901383392188507],[19.207063450626954,-17.856420974723207],[19.348305931907912,-17.856420974723207],[19.395386759001557,-17.901383392188507],[19.772033375750762,-17.901383392188507],[19.819114202844414,-17.946334415210316],[19.913275857031714,-17.946334415210316],[20.00743751121902,-17.901383392188507],[20.05451833831267,-17.946334415210316],[20.478245782155525,-17.946334415210316],[20.572407436342825,-18.036202178865434],[20.71364991762378,-18.036202178865434],[20.760730744717428,-18.08111887005578],[20.996134880185682,-18.08111887005578],[21.137377361466633,-17.991274019015524],[21.325700669841236,-17.991274019015524],[21.41986232402854,-18.08111887005578],[21.51402397821584,-18.08111887005578],[21.56110480530949,-18.036202178865434],[21.70234728659044,-18.036202178865434],[21.749428113684093,-17.991274019015524],[21.984832249152344,-17.991274019015524],[22.031913076246003,-17.946334415210316],[22.2202363846206,-17.946334415210316],[22.267317211714257,-17.901383392188507],[22.455640520088853,-17.901383392188507],[22.502721347182504,-17.856420974723207],[22.69104465555711,-17.856420974723207],[22.73812548265076,-17.811447187621866],[22.926448791025365,-17.811447187621866],[22.973529618119013,-17.76646205572623],[23.16185292649362,-17.76646205572623],[23.208933753587267,-17.721465603912264],[23.49141871614917,-17.721465603912264],[23.679742024523772,-17.63143884020414],[24.10346946836663,-17.58640857823262],[24.15055029546028,-17.541367096187976],[24.527196912209487,-17.541367096187976],[24.574277739303138,-17.58640857823262],[24.71552022058409,-17.58640857823262],[24.76260104767774,-17.541367096187976],[24.80968187477139,-17.58640857823262],[24.90384352895869,-17.58640857823262],[24.998005183145995,-17.63143884020414],[24.80968187477139,-17.721465603912264],[24.71552022058409,-17.811447187621866],[24.71552022058409,-17.901383392188507],[24.621358566396786,-17.901383392188507],[24.527196912209487,-17.811447187621866],[24.385954430928532,-17.811447187621866],[24.338873603834884,-17.856420974723207],[24.24471194964758,-17.856420974723207],[24.10346946836663,-17.991274019015524],[23.962226987085675,-18.036202178865434],[23.915146159992027,-18.126024067916795],[23.773903678711072,-18.260670455345018],[23.726822851617424,-18.260670455345018],[23.726822851617424,-18.215799885144683]]],[[[19.112901796439655,-8.764025236691896],[19.301225104814254,-8.764025236691896],[19.348305931907912,-8.810714636100368],[19.63079089446981,-8.810714636100368],[19.67787172156346,-8.85739813906934],[20.00743751121902,-8.85739813906934],[20.05451833831267,-8.904075715355734],[20.33700330087457,-8.904075715355734],[20.384084127968222,-8.950747334736047],[20.71364991762378,-8.950747334736047],[20.760730744717428,-8.997412967006436],[21.090296534372982,-8.997412967006436],[21.137377361466633,-9.044072581982832],[21.466943151122187,-9.044072581982832],[21.51402397821584,-9.090726149501013],[21.796508940777745,-9.090726149501013],[21.843589767871396,-9.137373639416706],[21.796508940777745,-9.184015021605688],[21.796508940777745,-9.510331154397086],[21.937751422058696,-9.78978351745739],[22.031913076246003,-9.836336239872223],[22.031913076246003,-9.882882405164803],[22.1260747304333,-9.975954945240726],[22.17315555752695,-9.975954945240726],[22.17315555752695,-10.115513832866137],[22.267317211714257,-10.25501210074081],[22.267317211714257,-10.673135192704258],[22.17315555752695,-10.719558256810583],[22.17315555752695,-10.997946107683275],[22.2202363846206,-11.04431872033698],[22.2202363846206,-11.27607133340418],[22.267317211714257,-11.322399561909089],[22.361478865901553,-11.322399561909089],[22.596883001369807,-11.137041943133978],[22.973529618119013,-11.137041943133978],[23.02061044521266,-11.18339249490008],[23.114772099399964,-11.18339249490008],[23.16185292649362,-11.137041943133978],[23.303095407774567,-11.137041943133978],[23.444337889055518,-11.04431872033698],[23.679742024523772,-11.04431872033698],[23.726822851617424,-11.090684008554062],[23.962226987085675,-11.090684008554062],[23.962226987085675,-11.229735634699685],[24.009307814179326,-11.27607133340418],[24.009307814179326,-11.368720291134165],[23.915146159992027,-11.553927634484106],[23.915146159992027,-11.692752978261405],[23.962226987085675,-11.739012669294569],[23.962226987085675,-11.831508742834352],[23.915146159992027,-11.877745067699504],[23.915146159992027,-12.154997238500052],[24.009307814179326,-12.293515461431662],[23.868065332898375,-12.570332324346326],[23.868065332898375,-12.846851290690573],[22.078993903339647,-12.846851290690573],[21.937751422058696,-12.984997150968018],[21.937751422058696,-16.09426690631218],[21.984832249152344,-16.139654023541386],[21.984832249152344,-16.275752858651973],[22.078993903339647,-16.41175737242594],[22.078993903339647,-16.54766686443742],[22.267317211714257,-16.728730503133562],[22.361478865901553,-16.728730503133562],[22.455640520088853,-16.819197994627935],[22.455640520088853,-16.864415568614888],[22.643963828463455,-17.04517745629805],[22.69104465555711,-17.04517745629805],[22.69104465555711,-17.090340698655996],[22.926448791025365,-17.31599226267547],[22.973529618119013,-17.31599226267547],[23.16185292649362,-17.496314419116537],[23.114772099399964,-17.58640857823262],[22.926448791025365,-17.58640857823262],[22.87936796393171,-17.63143884020414],[22.643963828463455,-17.63143884020414],[22.596883001369807,-17.67645785709014],[22.4085596929952,-17.67645785709014],[22.361478865901553,-17.721465603912264],[22.17315555752695,-17.721465603912264],[22.1260747304333,-17.76646205572623],[21.937751422058696,-17.76646205572623],[21.890670594965044,-17.811447187621866],[21.70234728659044,-17.811447187621866],[21.655266459496794,-17.856420974723207],[21.466943151122187,-17.856420974723207],[21.325700669841236,-17.76646205572623],[21.137377361466633,-17.76646205572623],[20.996134880185682,-17.856420974723207],[20.854892398904727,-17.856420974723207],[20.80781157181108,-17.811447187621866],[20.619488263436473,-17.811447187621866],[20.525326609249174,-17.721465603912264],[19.866195029938066,-17.721465603912264],[19.819114202844414,-17.67645785709014],[19.72495254865711,-17.67645785709014],[19.67787172156346,-17.721465603912264],[19.489548413188857,-17.721465603912264],[19.348305931907912,-17.63143884020414],[19.01874014225235,-17.67645785709014],[18.924578488065052,-17.63143884020414],[18.689174352596797,-17.40617558024817],[18.689174352596797,-17.361089468713253],[18.547931871315843,-17.22576466798624],[18.40668939003489,-17.22576466798624],[18.35960856294124,-17.270883987350135],[17.841719464911083,-17.270883987350135],[17.79463863781743,-17.22576466798624],[17.65339615653648,-17.22576466798624],[17.60631532944283,-17.270883987350135],[17.55923450234918,-17.22576466798624],[17.370911193974575,-17.22576466798624],[17.32383036688093,-17.270883987350135],[17.182587885599972,-17.270883987350135],[17.182587885599972,-17.13549299830638],[17.32383036688093,-16.864415568614888],[17.370911193974575,-16.638220057877227],[17.417992021068226,-16.592948791811107],[17.417992021068226,-16.50237430153535],[17.465072848161878,-16.457071128916727],[17.465072848161878,-16.36643305793991],[17.512153675255526,-16.321098211368],[17.512153675255526,-16.230397025765924],[17.55923450234918,-16.1850307387162],[17.55923450234918,-16.09426690631218],[17.60631532944283,-16.048869413131385],[17.60631532944283,-15.912614939387355],[17.70047698363013,-15.730798633564563],[17.70047698363013,-15.594329569414379],[17.747557810723784,-15.548819672663205],[17.747557810723784,-15.366679748569354],[17.79463863781743,-15.32111981607765],[17.79463863781743,-15.184380561169181],[17.841719464911083,-15.138781079389213],[17.841719464911083,-14.956285215399383],[17.888800292004735,-14.910636899375378],[17.888800292004735,-14.682250565186543],[17.935881119098383,-14.636544536569861],[17.935881119098383,-14.362109309027728],[17.982961946192038,-14.316337182324697],[17.982961946192038,-13.995672487025537],[18.030042773285686,-13.949826458397455],[18.030042773285686,-13.490869452496197],[18.077123600379338,-13.444924689201752],[18.077123600379338,-11.923973546242516],[18.030042773285686,-11.877745067699504],[18.030042773285686,-11.368720291134165],[17.982961946192038,-11.322399561909089],[17.982961946192038,-10.95156619981729],[17.935881119098383,-10.905179025987087],[17.935881119098383,-10.62670503861531],[17.888800292004735,-10.580267823955387],[17.888800292004735,-10.394448948643127],[17.841719464911083,-10.34797687310597],[17.841719464911083,-10.208519463077163],[17.79463863781743,-10.162020030572963],[17.79463863781743,-10.022481260506924],[17.747557810723784,-9.975954945240726],[17.747557810723784,-9.370518871316582],[17.70047698363013,-9.323902220872649],[17.747557810723784,-9.277279342407363],[17.747557810723784,-9.090726149501013],[17.888800292004735,-8.904075715355734],[18.171285254566637,-8.764025236691896],[18.40668939003489,-8.717329971106484],[18.453770217128543,-8.670628869626082],[18.783336006784097,-8.670628869626082],[18.83041683387775,-8.717329971106484],[19.065820969346,-8.717329971106484],[19.112901796439655,-8.764025236691896]]],[[[15.393516456041244,1.8311741499052447],[15.487678110228545,1.8311741499052447],[15.534758937322197,1.8783933424145005],[15.770163072790451,1.8783933424145005],[15.864324726977753,1.8311741499052447],[15.911405554071402,1.7367320644087612],[16.052648035352355,1.689509235508502],[16.099728862446007,1.5950601656515888],[16.240971343726958,1.5950601656515888],[16.240971343726958,1.4533785115831523],[16.28805217082061,1.4061492753391003],[16.28805217082061,1.2172230945115716],[16.146809689539655,1.0282836762262528],[16.146809689539655,0.9810469939649005],[15.958486381165054,0.7920939170547672],[15.770163072790451,0.7920939170547672],[15.7230822456968,0.7448542213711247],[15.346435628947596,0.7448542213711247],[15.299354801853942,0.7920939170547672],[15.158112320572993,0.7920939170547672],[15.111031493479341,0.839333074260007],[14.969789012198387,0.839333074260007],[14.875627358011087,0.8865716608818224],[14.734384876730136,1.0282836762262528],[14.640223222542835,1.264455960940826],[14.498980741261882,1.4533785115831523],[14.498980741261882,1.5478339888056205],[14.357738259980929,1.7839537132228562],[14.357738259980929,2.067257030041802],[14.593142395449183,2.067257030041802],[14.640223222542835,2.11446952121565],[14.781465703823786,2.0200431345532253],[14.922708185104739,2.0200431345532253],[14.969789012198387,1.9256112587134218],[15.299354801853942,1.9256112587134218],[15.393516456041244,1.8311741499052447]]],[[[15.534758937322197,3.1998956615179734],[15.676001418603152,3.0583751748489822],[15.7230822456968,2.9168360091650336],[15.817243899884101,2.8224666134992566],[16.099728862446007,2.2560982487287675],[16.052648035352355,2.161680576060314],[16.052648035352355,2.0200431345532253],[16.099728862446007,1.9256112587134218],[15.7230822456968,2.11446952121565],[15.440597283134895,2.11446952121565],[15.346435628947596,2.208890162566219],[15.205193147666641,2.208890162566219],[15.111031493479341,2.161680576060314],[15.01686983929204,2.2560982487287675],[14.875627358011087,2.2560982487287675],[14.734384876730136,2.35050979203098],[14.593142395449183,2.35050979203098],[14.546061568355531,2.3033048025484555],[14.357738259980929,2.3033048025484555],[14.357738259980929,2.8224666134992566],[14.45189991416823,3.011197485874237],[14.45189991416823,3.1055507883729336],[14.640223222542835,3.294231850280426],[14.828546530917437,3.388559099749011],[15.111031493479341,3.388559099749011],[15.158112320572993,3.341396608353718],[15.299354801853942,3.341396608353718],[15.487678110228545,3.1998956615179734],[15.534758937322197,3.1998956615179734]]],[[[14.922708185104739,12.133434944829398],[15.063950666385692,11.994833394915517],[15.063950666385692,11.671153951523861],[15.111031493479341,11.624882930096895],[15.111031493479341,11.53231785017311],[15.063950666385692,11.486023849540807],[15.063950666385692,11.347096352667988],[15.01686983929204,11.300772118779948],[15.01686983929204,11.115400617197185],[14.922708185104739,11.161754619266008],[14.828546530917437,11.161754619266008],[14.781465703823786,11.208101222975296],[14.687304049636484,11.208101222975296],[14.546061568355531,11.300772118779948],[14.546061568355531,11.347096352667988],[14.734384876730136,11.439722247079127],[14.828546530917437,11.53231785017311],[14.828546530917437,11.717417255392588],[14.781465703823786,11.809920595000118],[14.828546530917437,11.856160573073987],[14.828546530917437,12.087242395116293],[14.875627358011087,12.133434944829398],[14.875627358011087,12.225796000272073],[14.640223222542835,12.456557048707321],[14.546061568355531,12.502684757644799],[14.40481908707458,12.502684757644799],[14.40481908707458,12.594915447145574],[14.357738259980929,12.641018370921437],[14.357738259980929,12.82534659824895],[14.310657432887277,12.871407646701492],[14.310657432887277,13.009539920324205],[14.498980741261882,13.009539920324205],[14.498980741261882,12.871407646701492],[14.546061568355531,12.77927711818443],[14.828546530917437,12.548804233259872],[14.828546530917437,12.456557048707321],[14.922708185104739,12.31812480642581],[14.922708185104739,12.133434944829398]]],[[[14.122334124512676,12.77927711818443],[14.169414951606326,12.73319923475474],[14.169414951606326,12.410421134880814],[14.263576605793627,12.31812480642581],[14.45189991416823,12.31812480642581],[14.546061568355531,12.271964448795428],[14.640223222542835,12.133434944829398],[14.593142395449183,12.087242395116293],[14.593142395449183,11.994833394915517],[14.640223222542835,11.94861700178844],[14.593142395449183,11.902392718259906],[14.593142395449183,11.578604220006689],[14.40481908707458,11.486023849540807],[14.21649577869998,11.578604220006689],[14.122334124512676,11.671153951523861],[14.075253297419025,11.763672812833015],[14.075253297419025,11.856160573073987],[14.028172470325375,11.902392718259906],[14.028172470325375,11.994833394915517],[13.886929989044425,12.271964448795428],[13.886929989044425,12.364277044624986],[13.745687507763469,12.641018370921437],[13.745687507763469,13.515361252235211],[13.83984916195077,13.423472317606638],[13.886929989044425,13.423472317606638],[13.886929989044425,13.331548197653872],[14.075253297419025,13.101585428038547],[14.075253297419025,13.009539920324205],[14.122334124512676,12.963504335918348],[14.122334124512676,12.77927711818443]]],[[[15.7230822456968,14.615203373783453],[15.770163072790451,14.569483384006793],[15.911405554071402,14.569483384006793],[15.958486381165054,14.523753909921078],[16.099728862446007,14.523753909921078],[16.711779614663467,13.928420076830106],[16.711779614663467,13.882560688565052],[16.853022095944418,13.744928192092672],[16.853022095944418,13.37751464185419],[16.90010292303807,13.331548197653872],[16.90010292303807,12.82534659824895],[16.94718375013172,12.77927711818443],[16.94718375013172,12.641018370921437],[16.90010292303807,12.594915447145574],[16.90010292303807,12.364277044624986],[16.853022095944418,12.31812480642581],[16.853022095944418,12.133434944829398],[16.617617960476164,11.671153951523861],[16.005567208258707,11.208101222975296],[15.864324726977753,11.208101222975296],[15.817243899884101,11.161754619266008],[15.628920591509498,11.161754619266008],[15.58183976441585,11.115400617197185],[15.346435628947596,11.115400617197185],[15.252273974760294,11.069039245932714],[15.252273974760294,11.393413071782023],[15.346435628947596,11.53231785017311],[15.346435628947596,11.624882930096895],[15.299354801853942,11.671153951523861],[15.299354801853942,11.902392718259906],[15.252273974760294,11.94861700178844],[15.252273974760294,12.179619489420002],[15.158112320572993,12.271964448795428],[15.111031493479341,12.271964448795428],[15.111031493479341,12.502684757644799],[15.063950666385692,12.548804233259872],[15.063950666385692,12.641018370921437],[15.01686983929204,12.73319923475474],[14.922708185104739,12.77927711818443],[14.781465703823786,12.91746023532222],[14.734384876730136,12.91746023532222],[14.734384876730136,13.009539920324205],[14.687304049636484,13.101585428038547],[14.546061568355531,13.239589115609707],[14.45189991416823,13.239589115609707],[14.40481908707458,13.193596533685367],[14.263576605793627,13.193596533685367],[14.028172470325375,13.469421197021047],[13.981091643231723,13.469421197021047],[13.981091643231723,13.561292455414975],[13.83984916195077,13.744928192092672],[13.83984916195077,13.83669222661095],[13.886929989044425,13.928420076830106],[13.981091643231723,14.02011152200831],[14.122334124512676,14.294965226802278],[14.357738259980929,14.523753909921078],[14.640223222542835,14.660913852112081],[14.828546530917437,14.660913852112081],[14.875627358011087,14.70661479188358],[15.346435628947596,14.70661479188358],[15.393516456041244,14.660913852112081],[15.534758937322197,14.660913852112081],[15.58183976441585,14.615203373783453],[15.7230822456968,14.615203373783453]]],[[[19.866195029938066,39.874550483425395],[19.913275857031714,39.91079826560838],[19.913275857031714,40.01942656732456],[19.866195029938066,40.05559763860386],[19.772033375750762,40.05559763860386],[19.72495254865711,40.127882211741245],[19.58371006737616,40.16399570522016],[19.44246758609521,40.27222096371014],[19.301225104814254,40.48815261883017],[19.301225104814254,40.559975984873105],[19.348305931907912,40.59585880330382],[19.348305931907912,40.70339175531792],[19.44246758609521,40.84649938028473],[19.44246758609521,40.98929863100283],[19.489548413188857,41.02495023417481],[19.489548413188857,41.30946832223293],[19.44246758609521,41.344946192694024],[19.44246758609521,41.451263875057094],[19.489548413188857,41.486664449433],[19.489548413188857,41.59275017189694],[19.536629240282508,41.66337729076074],[19.63079089446981,41.7339270263471],[19.63079089446981,41.839606487955976],[19.67787172156346,41.87479425993301],[19.960356684125365,41.87479425993301],[20.148679992499968,41.804399356594175],[20.242841646687275,41.804399356594175],[20.478245782155525,41.698661832854036],[20.478245782155525,41.59275017189694],[20.431164955061874,41.55740760076543],[20.431164955061874,41.486664449433],[20.478245782155525,41.451263875057094],[20.478245782155525,41.23845463525796],[20.525326609249174,41.20291882500618],[20.525326609249174,41.13178928686475],[20.619488263436473,41.02495023417481],[20.66656909053013,41.02495023417481],[20.66656909053013,40.95362774061269],[20.80781157181108,40.84649938028473],[20.94905405309203,40.84649938028473],[20.94905405309203,40.73919755927446],[20.996134880185682,40.70339175531792],[20.996134880185682,40.63172237366202],[20.901973225998383,40.59585880330382],[20.760730744717428,40.48815261883017],[20.760730744717428,40.41625230592788],[20.66656909053013,40.30825762897406],[20.66656909053013,40.200089997774356],[20.525326609249174,40.200089997774356],[20.289922473780923,40.01942656732456],[20.289922473780923,39.874550483425395],[20.242841646687275,39.83828353436022],[20.242841646687275,39.76569215323031],[20.148679992499968,39.80199742281635],[20.05451833831267,39.80199742281635],[20.00743751121902,39.76569215323031],[20.00743751121902,39.656661441081354],[20.101599165406316,39.58387859226591],[20.384084127968222,39.58387859226591],[20.478245782155525,39.72936773007175],[20.572407436342825,39.76569215323031],[20.572407436342825,39.91079826560838],[20.525326609249174,39.983236311878976],[20.619488263436473,39.983236311878976],[20.71364991762378,40.01942656732456],[20.854892398904727,40.127882211741245],[20.854892398904727,40.200089997774356],[20.901973225998383,40.236165085296065],[20.901973225998383,40.30825762897406],[20.94905405309203,40.380273304044124],[20.996134880185682,40.380273304044124],[21.184458188560285,40.52407392212083],[21.231539015653937,40.59585880330382],[21.231539015653937,40.70339175531792],[21.184458188560285,40.73919755927446],[21.184458188560285,40.81075137533233],[21.41986232402854,40.81075137533233],[21.466943151122187,40.84649938028473],[21.56110480530949,40.84649938028473],[21.608185632403142,40.81075137533233],[21.749428113684093,40.81075137533233],[21.843589767871396,40.84649938028473],[22.031913076246003,40.98929863100283],[22.078993903339647,41.0605825467611],[22.2202363846206,41.0605825467611],[22.3143980388079,41.09619556542582],[22.361478865901553,41.0605825467611],[22.69104465555711,41.0605825467611],[22.73812548265076,41.09619556542582],[22.832287136838058,41.09619556542582],[22.926448791025365,41.16736370780524],[22.926448791025365,41.27397113538246],[23.303095407774567,41.27397113538246],[23.49141871614917,41.344946192694024],[23.726822851617424,41.30946832223293],[23.915146159992027,41.3804047436817],[24.15055029546028,41.3804047436817],[24.19763112255393,41.451263875057094],[24.527196912209487,41.451263875057094],[24.668439393490438,41.344946192694024],[24.76260104767774,41.30946832223293],[25.045086010239643,41.30946832223293],[25.139247664426943,41.27397113538246],[25.280490145707898,41.16736370780524],[25.374651799895197,41.16736370780524],[25.421732626988856,41.20291882500618],[25.610055935363455,41.20291882500618],[25.657136762457103,41.23845463525796],[25.798379243738054,41.23845463525796],[25.84546007083171,41.27397113538246],[25.892540897925358,41.23845463525796],[26.03378337920631,41.23845463525796],[26.080864206299964,41.27397113538246],[26.17502586048726,41.27397113538246],[26.316268341768215,41.3804047436817],[26.316268341768215,41.628073402840364],[26.269187514674563,41.66337729076074],[26.363349168861866,41.628073402840364],[26.457510823049166,41.628073402840364],[26.598753304330117,41.486664449433],[26.410429995955514,41.344946192694024],[26.316268341768215,41.30946832223293],[26.269187514674563,41.23845463525796],[26.269187514674563,41.09619556542582],[26.316268341768215,41.0605825467611],[26.17502586048726,40.95362774061269],[26.127945033393612,40.84649938028473],[26.03378337920631,40.81075137533233],[25.93962172501901,40.81075137533233],[25.892540897925358,40.84649938028473],[25.5629751082698,40.84649938028473],[25.421732626988856,40.917937566403644],[25.045086010239643,40.917937566403644],[24.90384352895869,40.81075137533233],[24.90384352895869,40.63172237366202],[24.76260104767774,40.559975984873105],[24.527196912209487,40.63172237366202],[24.527196912209487,40.73919755927446],[24.480116085115835,40.77498410047608],[24.338873603834884,40.77498410047608],[24.19763112255393,40.70339175531792],[24.10346946836663,40.70339175531792],[24.05638864127298,40.66756669222893],[24.05638864127298,40.559975984873105],[24.24471194964758,40.41625230592788],[24.385954430928532,40.380273304044124],[24.385954430928532,40.344275077077874],[24.527196912209487,40.236165085296065],[24.527196912209487,40.127882211741245],[24.385954430928532,40.09174952147807],[24.291792776741232,40.16399570522016],[24.19763112255393,40.16399570522016],[24.15055029546028,40.127882211741245],[24.15055029546028,39.983236311878976],[24.05638864127298,39.91079826560838],[23.868065332898375,39.91079826560838],[23.820984505804727,39.874550483425395],[23.726822851617424,39.874550483425395],[23.53849954324282,39.947026876538736],[23.444337889055518,39.947026876538736],[23.35017623486822,40.09174952147807],[23.35017623486822,40.200089997774356],[23.303095407774567,40.236165085296065],[23.067691272306313,40.30825762897406],[22.973529618119013,40.380273304044124],[22.832287136838058,40.380273304044124],[22.73812548265076,40.30825762897406],[22.69104465555711,40.127882211741245],[22.78520630974441,40.01942656732456],[22.832287136838058,40.01942656732456],[22.87936796393171,39.91079826560838],[22.973529618119013,39.874550483425395],[23.02061044521266,39.69302415784343],[23.114772099399964,39.62027958435469],[23.114772099399964,39.511019220578405],[22.832287136838058,39.2919823458246],[22.832287136838058,39.25540934809646],[22.73812548265076,39.18220609511437],[22.643963828463455,39.035570699418656],[22.643963828463455,38.741385500531784],[22.596883001369807,38.704526727690904],[22.596883001369807,38.63075215937673],[22.4085596929952,38.44598336477646],[22.3143980388079,38.40897267237193],[21.890670594965044,38.40897267237193],[21.608185632403142,38.51994783306173],[21.278619842747585,38.77822525855423],[21.278619842747585,38.81504599634532],[21.184458188560285,38.88863038975296],[21.184458188560285,38.99886419477268],[21.090296534372982,39.035570699418656],[20.996134880185682,39.18220609511437],[20.854892398904727,39.18220609511437],[20.71364991762378,39.1089265320737],[20.525326609249174,39.218817262869365],[20.431164955061874,39.218817262869365],[20.33700330087457,39.1089265320737],[20.289922473780923,39.1089265320737],[20.148679992499968,39.218817262869365],[20.148679992499968,39.32853625111643],[20.05451833831267,39.401586764810084],[19.913275857031714,39.4380833635054],[19.866195029938066,39.547458469450774],[19.72495254865711,39.656661441081354],[19.72495254865711,39.69302415784343],[19.63079089446981,39.76569215323031],[19.536629240282508,39.76569215323031],[19.395386759001557,39.874550483425395],[19.395386759001557,39.91079826560838],[19.489548413188857,39.947026876538736],[19.63079089446981,39.947026876538736],[19.67787172156346,39.983236311878976],[19.72495254865711,39.983236311878976],[19.72495254865711,39.91079826560838],[19.772033375750762,39.874550483425395],[19.866195029938066,39.874550483425395]]],[[[22.4085596929952,41.23845463525796],[22.361478865901553,41.27397113538246],[22.2202363846206,41.27397113538246],[22.17315555752695,41.23845463525796],[22.031913076246003,41.23845463525796],[21.749428113684093,41.02495023417481],[21.655266459496794,40.98929863100283],[21.56110480530949,41.02495023417481],[21.466943151122187,41.02495023417481],[21.41986232402854,40.98929863100283],[21.231539015653937,40.98929863100283],[21.137377361466633,40.95362774061269],[20.996134880185682,41.02495023417481],[20.854892398904727,41.02495023417481],[20.854892398904727,41.13178928686475],[20.71364991762378,41.23845463525796],[20.66656909053013,41.30946832223293],[20.71364991762378,41.344946192694024],[20.71364991762378,41.486664449433],[20.66656909053013,41.5220456923118],[20.71364991762378,41.55740760076543],[20.71364991762378,41.76917286849764],[20.901973225998383,41.839606487955976],[20.94905405309203,41.90996266990596],[20.94905405309203,42.050442638441034],[21.04321570727933,42.08551420017384],[21.137377361466633,42.08551420017384],[21.184458188560285,42.12056638482816],[21.325700669841236,42.01535170206597],[21.41986232402854,42.01535170206597],[21.51402397821584,42.15559918999812],[21.749428113684093,42.15559918999812],[21.984832249152344,42.260581304997636],[22.2202363846206,42.260581304997636],[22.3143980388079,42.295536568777166],[22.502721347182504,42.15559918999812],[22.549802174276156,42.08551420017384],[22.596883001369807,42.08551420017384],[22.73812548265076,41.98024139351529],[22.832287136838058,41.94511171528609],[22.973529618119013,41.7339270263471],[22.926448791025365,41.698661832854036],[22.926448791025365,41.451263875057094],[22.832287136838058,41.451263875057094],[22.73812548265076,41.3804047436817],[22.73812548265076,41.30946832223293],[22.596883001369807,41.23845463525796],[22.4085596929952,41.23845463525796]]],[[[21.372781496934888,42.81753740700129],[21.372781496934888,42.713486616652595],[21.41986232402854,42.678764185826815],[21.56110480530949,42.678764185826815],[21.655266459496794,42.60926108444575],[21.70234728659044,42.60926108444575],[21.70234728659044,42.57448041777234],[21.51402397821584,42.40028600488838],[21.51402397821584,42.36538892093213],[21.466943151122187,42.36538892093213],[21.325700669841236,42.260581304997636],[21.231539015653937,42.295536568777166],[21.137377361466633,42.295536568777166],[21.04321570727933,42.22560665241302],[20.94905405309203,42.22560665241302],[20.80781157181108,42.15559918999812],[20.80781157181108,42.260581304997636],[20.854892398904727,42.295536568777166],[20.854892398904727,42.886807497159],[20.901973225998383,42.92141340587972],[20.901973225998383,42.99056694200572],[20.854892398904727,43.02511456605915],[20.854892398904727,43.16311073113296],[20.94905405309203,43.094151517986276],[21.090296534372982,43.05964275858698],[21.090296534372982,43.02511456605915],[21.231539015653937,42.92141340587972],[21.231539015653937,42.886807497159],[21.325700669841236,42.81753740700129],[21.372781496934888,42.81753740700129]]],[[[19.819114202844414,46.08748577858103],[20.195760819593616,46.08748577858103],[20.289922473780923,46.05470957335975],[20.289922473780923,46.02191390354827],[20.525326609249174,45.857643558236454],[20.619488263436473,45.824731084794706],[20.66656909053013,45.72587684365835],[20.760730744717428,45.65987665955937],[20.760730744717428,45.46140874916587],[20.996134880185682,45.295483259212034],[21.04321570727933,45.295483259212034],[21.137377361466633,45.228976727863895],[21.325700669841236,45.16239228787419],[21.41986232402854,45.16239228787419],[21.372781496934888,45.09572993800612],[21.372781496934888,44.79478521686894],[21.466943151122187,44.72769435941295],[21.608185632403142,44.72769435941295],[21.608185632403142,44.69411971521949],[21.70234728659044,44.62691199705352],[21.984832249152344,44.62691199705352],[22.031913076246003,44.55962637436536],[22.17315555752695,44.45855187515582],[22.3143980388079,44.45855187515582],[22.4085596929952,44.59327892362247],[22.502721347182504,44.66052559434726],[22.549802174276156,44.66052559434726],[22.549802174276156,44.59327892362247],[22.455640520088853,44.52595434962045],[22.455640520088853,44.4248214262483],[22.596883001369807,44.289704896863626],[22.643963828463455,44.289704896863626],[22.549802174276156,44.15427681918985],[22.361478865901553,44.0185372332359],[22.361478865901553,43.91652814451956],[22.3143980388079,43.88248618608818],[22.3143980388079,43.81434388122803],[22.455640520088853,43.60944993222724],[22.455640520088853,43.54099629891655],[22.502721347182504,43.47246485549777],[22.69104465555711,43.33516857763579],[22.78520630974441,43.33516857763579],[22.78520630974441,43.30079589257949],[22.926448791025365,43.1975611818198],[22.87936796393171,43.094151517986276],[22.832287136838058,43.094151517986276],[22.73812548265076,43.02511456605915],[22.73812548265076,42.99056694200572],[22.549802174276156,42.99056694200572],[22.4085596929952,42.852182163616455],[22.4085596929952,42.57448041777234],[22.502721347182504,42.50486086238715],[22.455640520088853,42.43516369120105],[22.4085596929952,42.47002197773553],[22.3143980388079,42.47002197773553],[22.1260747304333,42.40028600488838],[22.078993903339647,42.43516369120105],[21.937751422058696,42.43516369120105],[21.749428113684093,42.36538892093213],[21.937751422058696,42.60926108444575],[21.937751422058696,42.713486616652595],[21.843589767871396,42.78287322909203],[21.70234728659044,42.78287322909203],[21.608185632403142,42.81753740700129],[21.56110480530949,42.92141340587972],[21.41986232402854,42.99056694200572],[21.41986232402854,43.02511456605915],[21.184458188560285,43.1975611818198],[21.090296534372982,43.1975611818198],[21.04321570727933,43.30079589257949],[20.94905405309203,43.36952181778403],[20.80781157181108,43.36952181778403],[20.71364991762378,43.30079589257949],[20.619488263436473,43.30079589257949],[20.478245782155525,43.50674030287445],[20.384084127968222,43.57523284242452],[20.33700330087457,43.677825746174676],[20.148679992499968,43.84842476468537],[20.00743751121902,44.05250133117201],[19.913275857031714,44.12037112488464],[19.866195029938066,44.22202979922765],[19.772033375750762,44.289704896863626],[19.772033375750762,44.32351323826991],[19.67787172156346,44.39107150347745],[19.536629240282508,44.4248214262483],[19.395386759001557,44.52595434962045],[19.395386759001557,44.59327892362247],[19.58371006737616,44.86179816519445],[19.58371006737616,44.92873320329701],[19.44246758609521,45.02898967744306],[19.301225104814254,45.02898967744306],[19.301225104814254,45.09572993800612],[19.44246758609521,45.09572993800612],[19.58371006737616,45.16239228787419],[19.58371006737616,45.26223973202449],[19.395386759001557,45.36191188357407],[19.301225104814254,45.36191188357407],[19.254144277720602,45.428262603022674],[19.254144277720602,45.59379858499702],[19.159982623533303,45.65987665955937],[19.159982623533303,45.72587684365835],[19.065820969346,45.857643558236454],[19.112901796439655,45.857643558236454],[19.207063450626954,45.92341009861816],[19.395386759001557,45.92341009861816],[19.67787172156346,46.08748577858103],[19.67787172156346,46.12024252004512],[19.772033375750762,46.12024252004512],[19.819114202844414,46.08748577858103]]],[[[19.207063450626954,44.66052559434726],[19.159982623533303,44.66052559434726],[18.9716593151587,44.79478521686894],[18.924578488065052,44.79478521686894],[19.348305931907912,44.82830142975131],[19.348305931907912,44.79478521686894],[19.207063450626954,44.66052559434726]]],[[[17.135507058506324,44.92873320329701],[17.04134540431902,44.92873320329701],[16.664698787569815,45.062369546596045],[16.617617960476164,45.129070851735854],[16.664698787569815,45.16239228787419],[16.758860441757115,45.16239228787419],[16.805941268850766,45.129070851735854],[16.94718375013172,45.129070851735854],[16.99426457722537,45.16239228787419],[17.088426231412676,45.16239228787419],[17.229668712693623,45.09572993800612],[17.417992021068226,45.09572993800612],[17.465072848161878,45.062369546596045],[17.70047698363013,45.062369546596045],[17.79463863781743,45.09572993800612],[17.79463863781743,45.062369546596045],[17.888800292004735,44.995590330510964],[17.982961946192038,44.995590330510964],[18.077123600379338,45.062369546596045],[18.31252773584759,45.062369546596045],[18.35960856294124,45.09572993800612],[18.595012698409494,44.995590330510964],[18.736255179690446,44.995590330510964],[18.783336006784097,44.962171505790025],[18.783336006784097,44.89527542307519],[18.924578488065052,44.79478521686894],[18.736255179690446,44.79478521686894],[18.595012698409494,44.72769435941295],[18.030042773285686,44.72769435941295],[17.982961946192038,44.76124952669726],[17.841719464911083,44.76124952669726],[17.79463863781743,44.79478521686894],[17.65339615653648,44.79478521686894],[17.60631532944283,44.82830142975131],[17.417992021068226,44.82830142975131],[17.135507058506324,44.92873320329701]]],[[[16.146809689539655,46.25107486586183],[16.240971343726958,46.31637427971485],[16.42929465210156,46.31637427971485],[16.476375479195212,46.348994800293],[16.476375479195212,46.47928233130153],[16.617617960476164,46.414177473909355],[16.711779614663467,46.414177473909355],[16.805941268850766,46.31637427971485],[16.90010292303807,46.31637427971485],[16.94718375013172,46.218395970598166],[17.135507058506324,46.08748577858103],[17.229668712693623,46.08748577858103],[17.27674953978727,46.05470957335975],[17.27674953978727,45.98909876833861],[17.417992021068226,45.890536562616866],[17.60631532944283,45.890536562616866],[17.888800292004735,45.72587684365835],[18.31252773584759,45.72587684365835],[18.35960856294124,45.69288648765506],[18.547931871315843,45.69288648765506],[18.642093525503146,45.72587684365835],[18.783336006784097,45.824731084794706],[18.83041683387775,45.824731084794706],[18.924578488065052,45.72587684365835],[18.924578488065052,45.527642616039564],[18.9716593151587,45.49453542004624],[18.9716593151587,45.395096981266754],[19.065820969346,45.295483259212034],[19.159982623533303,45.26223973202449],[19.065820969346,45.228976727863895],[19.065820969346,45.02898967744306],[19.01874014225235,44.962171505790025],[18.9716593151587,44.995590330510964],[18.9716593151587,45.062369546596045],[18.83041683387775,45.19569424653637],[18.500851044222195,45.19569424653637],[18.453770217128543,45.228976727863895],[18.26544690875394,45.228976727863895],[18.21836608166029,45.19569424653637],[18.171285254566637,45.228976727863895],[18.030042773285686,45.228976727863895],[17.935881119098383,45.16239228787419],[17.888800292004735,45.16239228787419],[17.888800292004735,45.19569424653637],[17.79463863781743,45.26223973202449],[17.70047698363013,45.26223973202449],[17.65339615653648,45.228976727863895],[17.60631532944283,45.26223973202449],[17.27674953978727,45.26223973202449],[17.135507058506324,45.36191188357407],[16.94718375013172,45.36191188357407],[16.853022095944418,45.295483259212034],[16.711779614663467,45.295483259212034],[16.664698787569815,45.328707309646525],[16.570537133382512,45.328707309646525],[16.42929465210156,45.19569424653637],[16.28805217082061,45.228976727863895],[16.146809689539655,45.328707309646525],[16.052648035352355,45.328707309646525],[15.958486381165054,45.395096981266754],[15.817243899884101,45.428262603022674],[15.7230822456968,45.49453542004624],[15.58183976441585,45.527642616039564],[15.487678110228545,45.59379858499702],[15.58183976441585,45.62684735884146],[15.58183976441585,45.69288648765506],[15.534758937322197,45.72587684365835],[15.628920591509498,45.758847728124586],[15.770163072790451,45.758847728124586],[15.864324726977753,45.824731084794706],[15.864324726977753,46.12024252004512],[15.817243899884101,46.15297979860995],[15.911405554071402,46.15297979860995],[16.005567208258707,46.218395970598166],[16.146809689539655,46.25107486586183]]],[[[16.005567208258707,46.348994800293],[15.911405554071402,46.348994800293],[15.864324726977753,46.31637427971485],[15.7230822456968,46.31637427971485],[15.628920591509498,46.25107486586183],[15.58183976441585,46.18569761515839],[15.58183976441585,46.12024252004512],[15.676001418603152,46.05470957335975],[15.676001418603152,45.92341009861816],[15.534758937322197,45.92341009861816],[15.252273974760294,45.758847728124586],[15.252273974760294,45.69288648765506],[15.299354801853942,45.65987665955937],[15.063950666385692,45.69288648765506],[14.922708185104739,45.758847728124586],[14.687304049636484,45.79179914163462],[14.640223222542835,45.824731084794706],[14.546061568355531,45.824731084794706],[14.263576605793627,45.92341009861816],[14.122334124512676,45.92341009861816],[14.075253297419025,45.956264166947854],[13.934010816138073,45.956264166947854],[13.83984916195077,45.98909876833861],[13.79276833485712,46.08748577858103],[13.83984916195077,46.12024252004512],[13.83984916195077,46.25107486586183],[13.79276833485712,46.283734301906705],[13.65152585357617,46.283734301906705],[13.604445026482518,46.31637427971485],[13.745687507763469,46.38159586467251],[13.83984916195077,46.38159586467251],[13.886929989044425,46.446739629084036],[14.028172470325375,46.446739629084036],[14.075253297419025,46.414177473909355],[14.21649577869998,46.414177473909355],[14.263576605793627,46.38159586467251],[14.498980741261882,46.38159586467251],[14.593142395449183,46.31637427971485],[14.687304049636484,46.31637427971485],[14.969789012198387,46.47928233130153],[15.01686983929204,46.5443093814072],[15.111031493479341,46.5443093814072],[15.205193147666641,46.60925863355447],[15.252273974760294,46.57679373162742],[15.628920591509498,46.57679373162742],[15.676001418603152,46.60925863355447],[15.770163072790451,46.60925863355447],[15.958486381165054,46.67413009746044],[16.052648035352355,46.60925863355447],[16.146809689539655,46.60925863355447],[16.19389051663331,46.64170408841516],[16.19389051663331,46.80363970135269],[16.28805217082061,46.80363970135269],[16.38221382500791,46.67413009746044],[16.38221382500791,46.64170408841516],[16.240971343726958,46.5443093814072],[16.19389051663331,46.47928233130153],[16.099728862446007,46.47928233130153],[16.052648035352355,46.446739629084036],[16.052648035352355,46.38159586467251],[16.005567208258707,46.348994800293]]],[[[13.274879236826962,46.511805581691306],[13.604445026482518,46.511805581691306],[13.557364199388868,46.446739629084036],[13.510283372295216,46.446739629084036],[13.416121718107915,46.38159586467251],[13.416121718107915,46.18569761515839],[13.463202545201566,46.15297979860995],[13.557364199388868,46.15297979860995],[13.510283372295216,46.12024252004512],[13.510283372295216,46.05470957335975],[13.274879236826962,46.12024252004512],[13.18071758263966,46.18569761515839],[12.898232620077756,46.283734301906705],[12.662828484609504,46.446739629084036],[12.52158600332855,46.64170408841516],[12.568666830422202,46.60925863355447],[12.709909311703154,46.60925863355447],[12.756990138796807,46.57679373162742],[12.945313447171408,46.57679373162742],[12.992394274265061,46.5443093814072],[13.227798409733312,46.5443093814072],[13.274879236826962,46.511805581691306]]],[[[22.078993903339647,47.63787524766872],[21.984832249152344,47.57416918138065],[21.984832249152344,47.44652424297472],[21.843589767871396,47.35058677443887],[21.749428113684093,47.158187659536004],[21.608185632403142,47.061725920620226],[21.608185632403142,46.96508933551786],[21.466943151122187,46.83596850093034],[21.466943151122187,46.73892378322967],[21.41986232402854,46.73892378322967],[21.278619842747585,46.64170408841516],[21.278619842747585,46.57679373162742],[21.231539015653937,46.5443093814072],[21.231539015653937,46.47928233130153],[21.184458188560285,46.414177473909355],[21.090296534372982,46.348994800293],[20.854892398904727,46.38159586467251],[20.71364991762378,46.283734301906705],[20.71364991762378,46.25107486586183],[20.431164955061874,46.25107486586183],[20.33700330087457,46.218395970598166],[20.289922473780923,46.25107486586183],[19.819114202844414,46.25107486586183],[19.772033375750762,46.283734301906705],[19.67787172156346,46.283734301906705],[19.301225104814254,46.08748577858103],[19.112901796439655,46.08748577858103],[18.9716593151587,46.02191390354827],[18.736255179690446,46.02191390354827],[18.595012698409494,45.92341009861816],[18.595012698409494,45.890536562616866],[18.500851044222195,45.857643558236454],[18.40668939003489,45.857643558236454],[18.35960856294124,45.890536562616866],[17.935881119098383,45.890536562616866],[17.79463863781743,45.956264166947854],[17.747557810723784,46.02191390354827],[17.465072848161878,46.08748577858103],[17.32383036688093,46.218395970598166],[17.229668712693623,46.218395970598166],[17.088426231412676,46.31637427971485],[17.088426231412676,46.38159586467251],[16.99426457722537,46.47928233130153],[16.90010292303807,46.47928233130153],[16.617617960476164,46.64170408841516],[16.617617960476164,46.70653666196552],[16.476375479195212,46.900567788094534],[16.476375479195212,46.93283827854335],[16.570537133382512,46.93283827854335],[16.664698787569815,46.99732096050868],[16.711779614663467,47.061725920620226],[16.664698787569815,47.35058677443887],[16.853022095944418,47.47846458309484],[16.853022095944418,47.60603191315191],[16.94718375013172,47.60603191315191],[16.99426457722537,47.63787524766872],[17.135507058506324,47.63787524766872],[17.229668712693623,47.701503732876795],[17.229668712693623,47.828528024825445],[17.32383036688093,47.9552421903858],[17.370911193974575,47.9552421903858],[17.55923450234918,47.828528024825445],[17.60631532944283,47.76505465310742],[17.70047698363013,47.76505465310742],[17.841719464911083,47.701503732876795],[18.40668939003489,47.701503732876795],[18.453770217128543,47.733288887593716],[18.83041683387775,47.733288887593716],[18.9716593151587,47.828528024825445],[18.9716593151587,47.98687229068045],[19.01874014225235,48.018483018956104],[19.395386759001557,48.018483018956104],[19.44246758609521,48.05007437746131],[19.58371006737616,48.05007437746131],[19.67787172156346,48.113198994265446],[19.67787172156346,48.14473225717218],[19.772033375750762,48.14473225717218],[19.866195029938066,48.0816463684668],[20.05451833831267,48.0816463684668],[20.242841646687275,48.176246159524034],[20.384084127968222,48.176246159524034],[20.572407436342825,48.333525346292596],[20.572407436342825,48.39630158136705],[20.66656909053013,48.4590004521804],[20.66656909053013,48.49032088233603],[20.760730744717428,48.49032088233603],[20.80781157181108,48.52162197908577],[20.996134880185682,48.4590004521804],[21.090296534372982,48.4590004521804],[21.137377361466633,48.42766068604238],[21.372781496934888,48.4590004521804],[21.41986232402854,48.49032088233603],[21.51402397821584,48.49032088233603],[21.796508940777745,48.27067172695004],[22.031913076246003,48.30210821089171],[22.078993903339647,48.333525346292596],[22.2202363846206,48.333525346292596],[22.4085596929952,48.176246159524034],[22.549802174276156,48.176246159524034],[22.549802174276156,48.113198994265446],[22.643963828463455,48.05007437746131],[22.832287136838058,48.05007437746131],[22.832287136838058,47.98687229068045],[22.69104465555711,47.86023563523621],[22.455640520088853,47.86023563523621],[22.361478865901553,47.828528024825445],[22.17315555752695,47.701503732876795],[22.1260747304333,47.63787524766872],[22.078993903339647,47.63787524766872]]],[[[16.853022095944418,47.79680103148735],[16.711779614663467,47.86023563523621],[16.617617960476164,47.86023563523621],[16.570537133382512,47.79680103148735],[16.523456306288864,47.79680103148735],[16.42929465210156,47.733288887593716],[16.42929465210156,47.63787524766872],[16.523456306288864,47.57416918138065],[16.664698787569815,47.57416918138065],[16.664698787569815,47.542287050399004],[16.617617960476164,47.51038551827382],[16.523456306288864,47.51038551827382],[16.42929465210156,47.44652424297472],[16.42929465210156,47.28653140381027],[16.38221382500791,47.254474595698504],[16.38221382500791,47.19030272525201],[16.42929465210156,47.158187659536004],[16.42929465210156,47.09389925884054],[16.335132997914258,47.09389925884054],[16.19389051663331,46.99732096050868],[16.19389051663331,46.96508933551786],[16.146809689539655,46.96508933551786],[15.958486381165054,46.83596850093034],[15.864324726977753,46.80363970135269],[15.676001418603152,46.80363970135269],[15.58183976441585,46.73892378322967],[15.063950666385692,46.73892378322967],[15.01686983929204,46.70653666196552],[14.922708185104739,46.70653666196552],[14.781465703823786,46.57679373162742],[14.593142395449183,46.511805581691306],[14.546061568355531,46.5443093814072],[14.263576605793627,46.5443093814072],[14.21649577869998,46.57679373162742],[14.075253297419025,46.57679373162742],[14.028172470325375,46.60925863355447],[13.745687507763469,46.60925863355447],[13.604445026482518,46.67413009746044],[13.463202545201566,46.67413009746044],[13.416121718107915,46.64170408841516],[13.321960063920615,46.64170408841516],[13.274879236826962,46.67413009746044],[13.13363675554601,46.67413009746044],[13.086555928452361,46.70653666196552],[12.945313447171408,46.70653666196552],[12.898232620077756,46.73892378322967],[12.756990138796807,46.73892378322967],[12.709909311703154,46.77129146257625],[12.568666830422202,46.77129146257625],[12.474505176234901,46.900567788094534],[12.380343522047598,46.96508933551786],[12.380343522047598,47.158187659536004],[12.286181867860297,47.19030272525201],[12.239101040766647,47.254474595698504],[12.239101040766647,47.542287050399004],[12.333262694953948,47.542287050399004],[12.42742434914125,47.63787524766872],[12.474505176234901,47.63787524766872],[12.568666830422202,47.57416918138065],[12.709909311703154,47.57416918138065],[12.804070965890455,47.60603191315191],[12.804070965890455,47.542287050399004],[12.898232620077756,47.47846458309484],[12.945313447171408,47.47846458309484],[12.992394274265061,47.41456449604908],[13.13363675554601,47.41456449604908],[13.227798409733312,47.47846458309484],[13.274879236826962,47.542287050399004],[13.274879236826962,47.733288887593716],[13.18071758263966,47.79680103148735],[13.18071758263966,47.92359271584586],[13.13363675554601,47.98687229068045],[12.992394274265061,48.0816463684668],[12.992394274265061,48.14473225717218],[13.03947510135871,48.14473225717218],[13.227798409733312,48.23921589202105],[13.463202545201566,48.27067172695004],[13.604445026482518,48.36492313562103],[13.65152585357617,48.42766068604238],[13.65152585357617,48.52162197908577],[13.698606680669819,48.52162197908577],[13.79276833485712,48.4590004521804],[13.886929989044425,48.4590004521804],[14.028172470325375,48.646633084307126],[14.028172470325375,48.61540929498676],[14.122334124512676,48.55290374502762],[14.263576605793627,48.55290374502762],[14.310657432887277,48.52162197908577],[14.498980741261882,48.52162197908577],[14.546061568355531,48.55290374502762],[14.687304049636484,48.55290374502762],[14.734384876730136,48.52162197908577],[14.828546530917437,48.52162197908577],[14.922708185104739,48.61540929498676],[14.922708185104739,48.67783755342559],[14.969789012198387,48.70902270504695],[15.063950666385692,48.70902270504695],[15.158112320572993,48.77133506672359],[15.158112320572993,48.9267781081253],[15.205193147666641,48.895728101472535],[15.346435628947596,48.895728101472535],[15.440597283134895,48.9267781081253],[15.628920591509498,48.864658796847905],[15.7230822456968,48.80246228229437],[15.864324726977753,48.80246228229437],[16.052648035352355,48.74018854189722],[16.146809689539655,48.67783755342559],[16.523456306288864,48.67783755342559],[16.570537133382512,48.74018854189722],[16.664698787569815,48.74018854189722],[16.711779614663467,48.67783755342559],[16.805941268850766,48.67783755342559],[16.90010292303807,48.646633084307126],[16.94718375013172,48.584166182781],[16.853022095944418,48.49032088233603],[16.853022095944418,48.36492313562103],[17.088426231412676,48.05007437746131],[17.088426231412676,47.9552421903858],[17.04134540431902,47.92359271584586],[17.04134540431902,47.79680103148735],[16.853022095944418,47.79680103148735]]],[[[13.79276833485712,48.646633084307126],[13.698606680669819,48.67783755342559],[13.557364199388868,48.67783755342559],[13.463202545201566,48.61540929498676],[13.463202545201566,48.49032088233603],[13.369040891014263,48.39630158136705],[13.13363675554601,48.36492313562103],[12.756990138796807,48.176246159524034],[12.756990138796807,48.0816463684668],[12.851151792984105,48.018483018956104],[12.851151792984105,47.98687229068045],[12.992394274265061,47.86023563523621],[12.898232620077756,47.79680103148735],[12.898232620077756,47.76505465310742],[12.709909311703154,47.76505465310742],[12.615747657515852,47.733288887593716],[12.568666830422202,47.79680103148735],[12.333262694953948,47.828528024825445],[12.239101040766647,47.76505465310742],[12.239101040766647,47.86023563523621],[12.286181867860297,47.891923864856565],[12.286181867860297,48.14473225717218],[12.333262694953948,48.176246159524034],[12.333262694953948,48.333525346292596],[12.380343522047598,48.36492313562103],[12.380343522047598,48.4590004521804],[12.42742434914125,48.52162197908577],[12.568666830422202,48.61540929498676],[12.756990138796807,48.67783755342559],[12.898232620077756,48.77133506672359],[12.898232620077756,48.833570191399005],[12.992394274265061,48.9267781081253],[12.992394274265061,48.98882023902926],[13.13363675554601,49.17448378352541],[13.227798409733312,49.081738773105734],[13.369040891014263,49.05078521279627],[13.416121718107915,48.95780881967948],[13.510283372295216,48.895728101472535],[13.604445026482518,48.864658796847905],[13.698606680669819,48.864658796847905],[13.79276833485712,48.80246228229437],[13.79276833485712,48.646633084307126]]],[[[22.1260747304333,48.49032088233603],[22.078993903339647,48.4590004521804],[21.937751422058696,48.4590004521804],[21.843589767871396,48.42766068604238],[21.796508940777745,48.4590004521804],[21.796508940777745,48.52162197908577],[21.56110480530949,48.646633084307126],[21.41986232402854,48.646633084307126],[21.372781496934888,48.61540929498676],[21.278619842747585,48.61540929498676],[21.184458188560285,48.584166182781],[21.137377361466633,48.61540929498676],[20.996134880185682,48.61540929498676],[20.94905405309203,48.646633084307126],[20.71364991762378,48.646633084307126],[20.66656909053013,48.61540929498676],[20.572407436342825,48.61540929498676],[20.431164955061874,48.52162197908577],[20.384084127968222,48.4590004521804],[20.384084127968222,48.39630158136705],[20.33700330087457,48.36492313562103],[20.242841646687275,48.36492313562103],[20.05451833831267,48.23921589202105],[19.960356684125365,48.23921589202105],[19.866195029938066,48.30210821089171],[19.58371006737616,48.30210821089171],[19.489548413188857,48.23921589202105],[19.489548413188857,48.176246159524034],[19.065820969346,48.176246159524034],[18.8774976609714,48.113198994265446],[18.736255179690446,48.018483018956104],[18.736255179690446,47.891923864856565],[18.595012698409494,47.891923864856565],[18.547931871315843,47.86023563523621],[18.124204427472986,47.86023563523621],[18.077123600379338,47.828528024825445],[17.982961946192038,47.828528024825445],[17.935881119098383,47.86023563523621],[17.841719464911083,47.86023563523621],[17.747557810723784,47.92359271584586],[17.70047698363013,47.92359271584586],[17.465072848161878,48.0816463684668],[17.370911193974575,48.0816463684668],[17.27674953978727,48.113198994265446],[17.04134540431902,48.42766068604238],[17.182587885599972,48.61540929498676],[17.182587885599972,48.70902270504695],[17.27674953978727,48.77133506672359],[17.27674953978727,48.80246228229437],[17.370911193974575,48.80246228229437],[17.417992021068226,48.77133506672359],[17.70047698363013,48.77133506672359],[17.747557810723784,48.80246228229437],[17.841719464911083,48.80246228229437],[18.077123600379338,48.9267781081253],[18.077123600379338,48.95780881967948],[18.171285254566637,48.95780881967948],[18.21836608166029,48.98882023902926],[18.31252773584759,49.11267305299511],[18.31252773584759,49.205360240223605],[18.40668939003489,49.2670553517831],[18.453770217128543,49.2670553517831],[18.689174352596797,49.42095609845289],[18.83041683387775,49.42095609845289],[18.8774976609714,49.451678496082245],[18.924578488065052,49.451678496082245],[19.01874014225235,49.32867341486114],[19.254144277720602,49.32867341486114],[19.395386759001557,49.42095609845289],[19.44246758609521,49.48238165061379],[19.536629240282508,49.51306556528941],[19.536629240282508,49.451678496082245],[19.72495254865711,49.32867341486114],[19.772033375750762,49.32867341486114],[19.772033375750762,49.17448378352541],[19.819114202844414,49.14358805546222],[20.195760819593616,49.14358805546222],[20.431164955061874,49.32867341486114],[20.760730744717428,49.32867341486114],[20.94905405309203,49.236217428616214],[21.04321570727933,49.236217428616214],[21.184458188560285,49.32867341486114],[21.278619842747585,49.32867341486114],[21.372781496934888,49.39021445450399],[21.41986232402854,49.35945356103389],[21.70234728659044,49.35945356103389],[21.796508940777745,49.297874012824536],[21.937751422058696,49.297874012824536],[21.984832249152344,49.2670553517831],[21.984832249152344,49.205360240223605],[22.17315555752695,49.11267305299511],[22.455640520088853,49.05078521279627],[22.361478865901553,48.9267781081253],[22.361478865901553,48.864658796847905],[22.3143980388079,48.833570191399005],[22.3143980388079,48.77133506672359],[22.267317211714257,48.70902270504695],[22.1260747304333,48.61540929498676],[22.1260747304333,48.49032088233603]]],[[[12.333262694953948,49.019812369089614],[12.239101040766647,48.895728101472535],[12.097858559485696,48.80246228229437],[12.003696905298394,48.77133506672359],[11.909535251111091,48.77133506672359],[11.862454424017443,48.74018854189722],[11.579969461455537,48.74018854189722],[11.532888634361889,48.77133506672359],[11.438726980174584,48.77133506672359],[11.344565325987283,48.80246228229437],[11.250403671799981,48.864658796847905],[11.250403671799981,48.9267781081253],[11.203322844706332,48.95780881967948],[11.203322844706332,49.05078521279627],[11.15624201761268,49.081738773105734],[11.15624201761268,49.543730243371016],[11.203322844706332,49.574375688140506],[11.203322844706332,49.66619665569449],[11.344565325987283,49.7578446434991],[11.438726980174584,49.7883555486481],[11.532888634361889,49.7883555486481],[11.579969461455537,49.81884724745498],[11.76829276983014,49.81884724745498],[11.81537359692379,49.84931974337965],[12.050777732392044,49.84931974337965],[12.239101040766647,49.72731452856766],[12.380343522047598,49.543730243371016],[12.380343522047598,49.451678496082245],[12.42742434914125,49.42095609845289],[12.42742434914125,49.205360240223605],[12.380343522047598,49.17448378352541],[12.333262694953948,49.019812369089614]]],[[[15.252273974760294,50.93357124778272],[15.346435628947596,50.78446225927192],[15.440597283134895,50.72468511799196],[15.534758937322197,50.72468511799196],[15.58183976441585,50.754583231704856],[15.770163072790451,50.66483161596484],[15.864324726977753,50.66483161596484],[16.005567208258707,50.574908116286096],[16.335132997914258,50.574908116286096],[16.38221382500791,50.604901721045536],[16.38221382500791,50.574908116286096],[16.19389051663331,50.51486357239808],[16.19389051663331,50.42465336188884],[16.335132997914258,50.30410524858433],[16.38221382500791,50.30410524858433],[16.523456306288864,50.21349315563188],[16.570537133382512,50.12270865753312],[16.711779614663467,50.031751654615064],[16.805941268850766,50.031751654615064],[16.94718375013172,50.12270865753312],[17.04134540431902,50.15298931921113],[17.135507058506324,50.15298931921113],[17.229668712693623,50.21349315563188],[17.229668712693623,50.273920367511515],[17.182587885599972,50.33427098476277],[17.27674953978727,50.273920367511515],[17.32383036688093,50.273920367511515],[17.370911193974575,50.21349315563188],[17.465072848161878,50.18325081734685],[17.55923450234918,50.18325081734685],[17.60631532944283,50.21349315563188],[17.60631532944283,50.12270865753312],[17.935881119098383,49.9102071405198],[18.030042773285686,49.9102071405198],[18.077123600379338,49.940622048752694],[18.21836608166029,49.940622048752694],[18.31252773584759,49.87977303990161],[18.453770217128543,49.87977303990161],[18.547931871315843,49.84931974337965],[18.595012698409494,49.7883555486481],[18.595012698409494,49.72731452856766],[18.783336006784097,49.605001902899744],[18.783336006784097,49.574375688140506],[18.595012698409494,49.574375688140506],[18.500851044222195,49.51306556528941],[18.500851044222195,49.48238165061379],[18.40668939003489,49.48238165061379],[18.35960856294124,49.451678496082245],[18.35960856294124,49.39021445450399],[18.26544690875394,49.35945356103389],[18.124204427472986,49.2670553517831],[18.077123600379338,49.11267305299511],[17.982961946192038,49.11267305299511],[17.888800292004735,49.019812369089614],[17.79463863781743,48.98882023902926],[17.747557810723784,48.9267781081253],[17.417992021068226,48.9267781081253],[17.370911193974575,48.95780881967948],[17.229668712693623,48.95780881967948],[17.088426231412676,48.864658796847905],[17.04134540431902,48.80246228229437],[16.805941268850766,48.833570191399005],[16.664698787569815,48.895728101472535],[16.523456306288864,48.895728101472535],[16.42929465210156,48.833570191399005],[16.19389051663331,48.833570191399005],[16.005567208258707,48.95780881967948],[15.7230822456968,48.95780881967948],[15.628920591509498,49.019812369089614],[15.440597283134895,49.081738773105734],[15.346435628947596,49.081738773105734],[15.299354801853942,49.05078521279627],[15.158112320572993,49.11267305299511],[15.063950666385692,49.11267305299511],[14.969789012198387,49.019812369089614],[14.969789012198387,48.895728101472535],[14.781465703823786,48.80246228229437],[14.781465703823786,48.77133506672359],[14.687304049636484,48.70902270504695],[14.498980741261882,48.70902270504695],[14.40481908707458,48.646633084307126],[14.263576605793627,48.67783755342559],[14.263576605793627,48.70902270504695],[13.83984916195077,48.95780881967948],[13.83984916195077,48.98882023902926],[13.745687507763469,49.05078521279627],[13.604445026482518,49.05078521279627],[13.463202545201566,49.17448378352541],[13.321960063920615,49.205360240223605],[13.227798409733312,49.32867341486114],[13.369040891014263,49.51306556528941],[13.369040891014263,49.605001902899744],[13.463202545201566,49.72731452856766],[13.510283372295216,49.940622048752694],[13.557364199388868,49.971017768138154],[13.557364199388868,50.06208982887896],[13.604445026482518,50.09240882864022],[13.604445026482518,50.18325081734685],[13.698606680669819,50.30410524858433],[13.698606680669819,50.394545037600544],[13.745687507763469,50.42465336188884],[13.745687507763469,50.66483161596484],[13.981091643231723,50.66483161596484],[14.122334124512676,50.754583231704856],[14.310657432887277,50.81432220475681],[14.45189991416823,50.81432220475681],[14.546061568355531,50.87398486582558],[14.546061568355531,50.903787589627356],[14.734384876730136,50.78446225927192],[14.828546530917437,50.754583231704856],[14.922708185104739,50.754583231704856],[15.01686983929204,50.81432220475681],[15.158112320572993,50.81432220475681],[15.205193147666641,50.844163072241386],[15.205193147666641,50.93357124778272],[15.252273974760294,50.93357124778272]]],[[[12.568666830422202,50.09240882864022],[12.474505176234901,50.09240882864022],[12.568666830422202,50.273920367511515],[12.615747657515852,50.273920367511515],[12.709909311703154,50.33427098476277],[12.851151792984105,50.33427098476277],[12.898232620077756,50.36441757983314],[13.13363675554601,50.36441757983314],[13.18071758263966,50.42465336188884],[13.227798409733312,50.42465336188884],[13.13363675554601,50.30410524858433],[13.13363675554601,50.243716337776895],[13.03947510135871,50.18325081734685],[13.03947510135871,50.15298931921113],[12.804070965890455,50.00139430223342],[12.709909311703154,49.971017768138154],[12.568666830422202,50.09240882864022]]],[[[13.934010816138073,54.28792105749421],[14.075253297419025,54.28792105749421],[14.028172470325375,54.14980575869795],[14.122334124512676,54.122127244377424],[14.310657432887277,54.01122814177565],[14.21649577869998,53.98345707546167],[14.21649577869998,53.81644138738202],[14.263576605793627,53.788540503671626],[14.263576605793627,53.64875744482238],[14.310657432887277,53.620745065121696],[14.310657432887277,53.480404015995525],[14.40481908707458,53.367795859882364],[14.40481908707458,53.17001324365384],[14.357738259980929,53.14168386348515],[14.357738259980929,53.084969008336536],[14.310657432887277,53.084969008336536],[14.169414951606326,52.999756407881954],[14.169414951606326,52.8288255349111],[14.45189991416823,52.68586742737365],[14.498980741261882,52.62855275367017],[14.546061568355531,52.62855275367017],[14.640223222542835,52.57116291482482],[14.546061568355531,52.45615757827281],[14.546061568355531,52.3697059648236],[14.593142395449183,52.340851093341904],[14.593142395449183,52.28308481996578],[14.687304049636484,52.22524313967924],[14.687304049636484,52.10933340099753],[14.734384876730136,52.051265264556896],[14.687304049636484,52.02220286261655],[14.687304049636484,51.93490226430628],[14.593142395449183,51.876607324011566],[14.593142395449183,51.78902300681841],[14.734384876730136,51.671978828013884],[14.734384876730136,51.52524715222867],[14.875627358011087,51.43698048668794],[14.969789012198387,51.40752029447092],[14.969789012198387,51.31902574437064],[15.01686983929204,51.28948955512655],[15.01686983929204,51.23036014149478],[14.969789012198387,51.20076690839213],[14.969789012198387,51.08220369987871],[14.828546530917437,50.93357124778272],[14.781465703823786,51.02280786999962],[14.640223222542835,51.111873052014765],[14.357738259980929,51.111873052014765],[14.263576605793627,51.052515307288054],[14.263576605793627,50.93357124778272],[14.21649577869998,50.903787589627356],[14.028172470325375,50.903787589627356],[13.886929989044425,50.81432220475681],[13.698606680669819,50.81432220475681],[13.604445026482518,50.78446225927192],[13.557364199388868,50.81432220475681],[13.557364199388868,50.993081383788024],[13.510283372295216,51.02280786999962],[13.510283372295216,51.08220369987871],[13.03947510135871,51.40752029447092],[12.945313447171408,51.40752029447092],[12.898232620077756,51.378041109633195],[12.898232620077756,51.31902574437064],[12.945313447171408,51.28948955512655],[12.945313447171408,51.02280786999962],[13.086555928452361,50.903787589627356],[13.227798409733312,50.72468511799196],[13.227798409733312,50.604901721045536],[13.13363675554601,50.604901721045536],[13.03947510135871,50.54489540138209],[13.03947510135871,50.51486357239808],[12.804070965890455,50.51486357239808],[12.756990138796807,50.484812625417064],[12.615747657515852,50.484812625417064],[12.380343522047598,50.33427098476277],[12.286181867860297,50.394545037600544],[12.144939386579345,50.42465336188884],[12.144939386579345,50.69476791408771],[11.862454424017443,50.87398486582558],[11.81537359692379,50.93357124778272],[11.81537359692379,51.052515307288054],[11.76829276983014,51.08220369987871],[11.76829276983014,51.28948955512655],[11.909535251111091,51.46642169073705],[12.050777732392044,51.55463141866256],[12.333262694953948,51.6426704150231],[12.568666830422202,51.6426704150231],[12.615747657515852,51.671978828013884],[12.615747657515852,51.73053880281071],[12.192020213672997,52.051265264556896],[12.097858559485696,52.16732601307375],[12.003696905298394,52.22524313967924],[12.003696905298394,52.25417340815535],[11.909535251111091,52.31197738004462],[11.909535251111091,52.340851093341904],[11.721211942736488,52.45615757827281],[11.674131115642838,52.51369786991649],[11.674131115642838,52.62855275367017],[11.627050288549189,52.68586742737365],[11.532888634361889,52.743106977103885],[11.438726980174584,52.77169859341156],[11.344565325987283,52.77169859341156],[11.250403671799981,52.8288255349111],[11.203322844706332,52.8288255349111],[11.15624201761268,52.88587745643285],[11.014999536331727,52.97131476825148],[11.014999536331727,53.02817932421334],[10.920837882144426,53.084969008336536],[10.920837882144426,53.14168386348515],[10.873757055050776,53.17001324365384],[10.873757055050776,53.25488925949849],[10.920837882144426,53.28314390802319],[10.920837882144426,53.33959720272507],[10.873757055050776,53.367795859882364],[10.779595400863474,53.367795859882364],[10.732514573769825,53.33959720272507],[10.591272092488872,53.33959720272507],[10.54419126539522,53.31137988727112],[10.450029611207919,53.31137988727112],[10.261706302833316,53.39597586425471],[10.261706302833316,53.480404015995525],[10.214625475739666,53.50850946463317],[10.214625475739666,54.03898068597093],[10.261706302833316,54.06671471389405],[10.261706302833316,54.26033494766468],[10.450029611207919,54.48050719660508],[10.54419126539522,54.48050719660508],[10.779595400863474,54.39808092615186],[10.967918709238077,54.39808092615186],[11.062080363425379,54.45305020211569],[11.062080363425379,54.50794577017151],[11.15624201761268,54.59015102609803],[11.250403671799981,54.59015102609803],[11.438726980174584,54.50794577017151],[11.485807807268234,54.42557478064608],[11.438726980174584,54.39808092615186],[11.344565325987283,54.39808092615186],[11.250403671799981,54.34303789397672],[11.250403671799981,54.177465780266836],[11.203322844706332,54.14980575869795],[11.203322844706332,54.09443023140506],[11.391646153080933,54.03898068597093],[11.485807807268234,54.03898068597093],[11.76829276983014,54.205107314997555],[12.050777732392044,54.205107314997555],[12.097858559485696,54.232730368816846],[12.192020213672997,54.232730368816846],[12.333262694953948,54.31548870427176],[12.380343522047598,54.31548870427176],[12.615747657515852,54.535365928885085],[12.709909311703154,54.50794577017151],[13.086555928452361,54.50794577017151],[13.13363675554601,54.535365928885085],[13.13363675554601,54.59015102609803],[13.18071758263966,54.64486253706011],[13.227798409733312,54.64486253706011],[13.369040891014263,54.726791936567516],[13.557364199388868,54.726791936567516],[13.65152585357617,54.64486253706011],[13.745687507763469,54.64486253706011],[13.83984916195077,54.59015102609803],[13.79276833485712,54.45305020211569],[13.886929989044425,54.39808092615186],[13.886929989044425,54.31548870427176],[13.934010816138073,54.28792105749421]]],[[[20.525326609249174,54.998697097893675],[20.80781157181108,55.1609612300339],[20.80781157181108,55.18794128602716],[20.901973225998383,55.24184662728973],[20.996134880185682,55.24184662728973],[21.04321570727933,55.214903082982225],[20.996134880185682,55.1609612300339],[20.854892398904727,55.07991144409629],[20.854892398904727,55.02578684165339],[20.996134880185682,54.94446269376346],[21.137377361466633,54.94446269376346],[21.231539015653937,54.998697097893675],[21.231539015653937,55.1609612300339],[21.184458188560285,55.18794128602716],[21.231539015653937,55.214903082982225],[21.278619842747585,55.18794128602716],[21.372781496934888,55.18794128602716],[21.466943151122187,55.214903082982225],[21.51402397821584,55.1609612300339],[21.608185632403142,55.1609612300339],[21.70234728659044,55.133962908623616],[21.796508940777745,55.07991144409629],[22.078993903339647,54.998697097893675],[22.267317211714257,54.998697097893675],[22.3143980388079,55.02578684165339],[22.4085596929952,55.02578684165339],[22.455640520088853,54.998697097893675],[22.596883001369807,54.998697097893675],[22.596883001369807,54.94446269376346],[22.69104465555711,54.91731802081564],[22.832287136838058,54.835774043233656],[22.69104465555711,54.75406499651016],[22.69104465555711,54.61751597680148],[22.643963828463455,54.59015102609803],[22.643963828463455,54.45305020211569],[22.69104465555711,54.42557478064608],[22.078993903339647,54.42557478064608],[22.031913076246003,54.45305020211569],[21.231539015653937,54.45305020211569],[21.184458188560285,54.48050719660508],[20.33700330087457,54.48050719660508],[20.289922473780923,54.50794577017151],[19.772033375750762,54.50794577017151],[19.72495254865711,54.535365928885085],[19.960356684125365,54.69950051079051],[19.960356684125365,54.94446269376346],[20.00743751121902,54.998697097893675],[20.289922473780923,54.998697097893675],[20.33700330087457,55.02578684165339],[20.384084127968222,54.998697097893675],[20.525326609249174,54.998697097893675]]],[[[25.798379243738054,57.82001915228654],[25.93962172501901,57.82001915228654],[25.986702552112657,57.76966160572141],[26.22210668758091,57.64346005464311],[26.22210668758091,57.618166939551884],[26.363349168861866,57.54218185235172],[26.457510823049166,57.516818218237866],[26.504591650142817,57.46603799860209],[26.692914958517417,57.46603799860209],[26.73999578561107,57.516818218237866],[26.881238266892023,57.516818218237866],[26.975399921079326,57.56752784573202],[27.022480748172974,57.56752784573202],[27.069561575266626,57.516818218237866],[27.30496571073488,57.49143693608643],[27.352046537828528,57.46603799860209],[27.493289019109483,57.46603799860209],[27.493289019109483,57.41518712849756],[27.822854808765037,57.26221003422624],[27.775773981671385,57.23665187192006],[27.775773981671385,57.18548235672136],[27.681612327484086,57.15987098944457],[27.681612327484086,56.98009403562891],[27.587450673296782,56.902779922086424],[27.587450673296782,56.851148088399206],[27.681612327484086,56.79944491564041],[27.775773981671385,56.79944491564041],[27.822854808765037,56.82530542293287],[27.869935635858692,56.79944491564041],[27.869935635858692,56.72175627239336],[28.105339771326946,56.461631522001696],[28.105339771326946,56.38324459091422],[28.15242059842059,56.35707970253355],[28.15242059842059,56.25224040894484],[28.058258944233287,56.19971282223504],[27.869935635858692,56.14711320278293],[27.869935635858692,56.12078636377521],[27.728693154577734,56.04169764826285],[27.728693154577734,56.015298654390214],[27.587450673296782,55.93599331230326],[27.587450673296782,55.88303271669393],[27.493289019109483,55.88303271669393],[27.44620819201583,55.909522055722086],[27.352046537828528,55.909522055722086],[27.30496571073488,55.88303271669393],[27.25788488364123,55.909522055722086],[27.069561575266626,55.909522055722086],[26.881238266892023,55.82999976456273],[26.83415743979837,55.776894402551015],[26.64583413142377,55.776894402551015],[26.55167247723647,55.75031455121344],[26.410429995955514,55.80345613811999],[26.410429995955514,55.82999976456273],[26.269187514674563,55.93599331230326],[26.17502586048726,55.93599331230326],[26.127945033393612,55.909522055722086],[26.127945033393612,55.85652528853259],[26.22210668758091,55.75031455121344],[26.363349168861866,55.67046623633176],[26.457510823049166,55.64381385571804],[26.55167247723647,55.64381385571804],[26.504591650142817,55.510279589103654],[26.457510823049166,55.483518217201755],[26.457510823049166,55.42994090260089],[26.410429995955514,55.403124946898906],[26.410429995955514,55.322567808410795],[26.504591650142817,55.26877192535218],[26.64583413142377,55.26877192535218],[26.598753304330117,55.214903082982225],[26.316268341768215,55.214903082982225],[26.22210668758091,55.1609612300339],[26.17502586048726,55.1069463154294],[26.17502586048726,55.052858288281286],[26.127945033393612,55.02578684165339],[25.892540897925358,55.02578684165339],[25.84546007083171,54.998697097893675],[25.84546007083171,54.97158905069528],[25.751298416644403,54.91731802081564],[25.751298416644403,54.862973701802744],[25.704217589550755,54.835774043233656],[25.704217589550755,54.75406499651016],[25.657136762457103,54.726791936567516],[25.657136762457103,54.67219071300768],[25.704217589550755,54.61751597680148],[25.610055935363455,54.56276767882869],[25.5629751082698,54.42557478064608],[25.421732626988856,54.34303789397672],[25.233409318614246,54.34303789397672],[25.092166837333295,54.205107314997555],[25.045086010239643,54.232730368816846],[24.90384352895869,54.232730368816846],[24.76260104767774,54.14980575869795],[24.76260104767774,54.06671471389405],[24.668439393490438,54.06671471389405],[24.574277739303138,54.03898068597093],[24.480116085115835,53.98345707546167],[24.385954430928532,53.98345707546167],[24.291792776741232,54.03898068597093],[24.19763112255393,54.03898068597093],[24.15055029546028,54.01122814177565],[23.820984505804727,54.01122814177565],[23.773903678711072,53.98345707546167],[23.679742024523772,53.98345707546167],[23.679742024523772,54.09443023140506],[23.632661197430124,54.122127244377424],[23.632661197430124,54.177465780266836],[23.585580370336473,54.232730368816846],[23.39725706196187,54.31548870427176],[23.35017623486822,54.31548870427176],[23.208933753587267,54.39808092615186],[23.16185292649362,54.39808092615186],[23.02061044521266,54.48050719660508],[22.87936796393171,54.48050719660508],[22.832287136838058,54.535365928885085],[22.87936796393171,54.56276767882869],[22.87936796393171,54.67219071300768],[23.02061044521266,54.781319696802385],[23.02061044521266,54.89015502558145],[22.973529618119013,54.94446269376346],[22.832287136838058,55.02578684165339],[22.78520630974441,55.02578684165339],[22.69104465555711,55.133962908623616],[22.17315555752695,55.133962908623616],[22.1260747304333,55.1609612300339],[21.984832249152344,55.1609612300339],[21.70234728659044,55.26877192535218],[21.608185632403142,55.26877192535218],[21.51402397821584,55.37629078361307],[21.41986232402854,55.37629078361307],[21.325700669841236,55.322567808410795],[21.231539015653937,55.34943840627073],[21.04321570727933,55.34943840627073],[21.04321570727933,55.403124946898906],[21.090296534372982,55.42994090260089],[21.090296534372982,55.510279589103654],[21.137377361466633,55.53702277942766],[21.137377361466633,55.72371657747598],[21.090296534372982,55.75031455121344],[21.090296534372982,56.015298654390214],[21.137377361466633,56.04169764826285],[21.278619842747585,56.04169764826285],[21.372781496934888,56.09444149619904],[21.41986232402854,56.17342202000507],[22.078993903339647,56.35707970253355],[22.596883001369807,56.35707970253355],[22.69104465555711,56.30469601746967],[22.78520630974441,56.30469601746967],[22.973529618119013,56.35707970253355],[22.973529618119013,56.33089684700749],[23.067691272306313,56.27847720706402],[23.256014580680915,56.27847720706402],[23.35017623486822,56.33089684700749],[23.39725706196187,56.33089684700749],[23.53849954324282,56.27847720706402],[23.632661197430124,56.27847720706402],[23.726822851617424,56.30469601746967],[23.773903678711072,56.27847720706402],[24.009307814179326,56.27847720706402],[24.15055029546028,56.19971282223504],[24.24471194964758,56.19971282223504],[24.338873603834884,56.25224040894484],[24.433035258022183,56.22598561627683],[24.574277739303138,56.22598561627683],[24.71552022058409,56.27847720706402],[24.71552022058409,56.33089684700749],[24.80968187477139,56.35707970253355],[24.90384352895869,56.35707970253355],[24.950924356052347,56.33089684700749],[24.950924356052347,56.27847720706402],[24.998005183145995,56.22598561627683],[25.139247664426943,56.14711320278293],[25.233409318614246,56.14711320278293],[25.280490145707898,56.12078636377521],[25.421732626988856,56.12078636377521],[25.4688134540825,56.09444149619904],[25.657136762457103,56.09444149619904],[25.986702552112657,55.909522055722086],[26.080864206299964,55.909522055722086],[26.127945033393612,55.93599331230326],[26.127945033393612,55.98888160492397],[25.84546007083171,56.14711320278293],[25.84546007083171,56.17342202000507],[25.751298416644403,56.22598561627683],[25.374651799895197,56.22598561627683],[25.327570972801546,56.25224040894484],[25.233409318614246,56.25224040894484],[25.092166837333295,56.38324459091422],[25.092166837333295,56.461631522001696],[24.998005183145995,56.51379976667768],[24.90384352895869,56.51379976667768],[24.80968187477139,56.461631522001696],[24.668439393490438,56.435520493756286],[24.621358566396786,56.409391519026165],[24.621358566396786,56.35707970253355],[24.480116085115835,56.35707970253355],[24.433035258022183,56.38324459091422],[24.338873603834884,56.38324459091422],[24.24471194964758,56.33089684700749],[24.19763112255393,56.33089684700749],[24.10346946836663,56.38324459091422],[23.868065332898375,56.409391519026165],[23.820984505804727,56.435520493756286],[23.632661197430124,56.435520493756286],[23.585580370336473,56.409391519026165],[23.49141871614917,56.409391519026165],[23.444337889055518,56.435520493756286],[23.256014580680915,56.435520493756286],[23.16185292649362,56.409391519026165],[23.067691272306313,56.48772461066969],[22.926448791025365,56.48772461066969],[22.832287136838058,56.435520493756286],[22.73812548265076,56.435520493756286],[22.69104465555711,56.461631522001696],[22.3143980388079,56.461631522001696],[22.267317211714257,56.48772461066969],[22.1260747304333,56.48772461066969],[21.796508940777745,56.38324459091422],[21.655266459496794,56.38324459091422],[21.56110480530949,56.35707970253355],[21.466943151122187,56.30469601746967],[21.325700669841236,56.27847720706402],[21.231539015653937,56.22598561627683],[21.184458188560285,56.14711320278293],[21.04321570727933,56.14711320278293],[21.04321570727933,56.19971282223504],[20.996134880185682,56.22598561627683],[20.996134880185682,56.409391519026165],[21.04321570727933,56.435520493756286],[21.04321570727933,56.643906799633505],[21.090296534372982,56.66987450551124],[21.090296534372982,56.851148088399206],[21.137377361466633,56.902779922086424],[21.184458188560285,56.902779922086424],[21.41986232402854,57.03154776942955],[21.41986232402854,57.21107598181734],[21.466943151122187,57.23665187192006],[21.466943151122187,57.33877822646933],[21.608185632403142,57.44062139849835],[21.749428113684093,57.618166939551884],[21.843589767871396,57.618166939551884],[21.890670594965044,57.64346005464311],[22.078993903339647,57.64346005464311],[22.455640520088853,57.74445647422202],[22.549802174276156,57.79484916261294],[22.73812548265076,57.79484916261294],[22.73812548265076,57.64346005464311],[22.926448791025365,57.54218185235172],[22.973529618119013,57.54218185235172],[22.973529618119013,57.516818218237866],[23.16185292649362,57.41518712849756],[23.256014580680915,57.38973518133091],[23.303095407774567,57.33877822646933],[23.303095407774567,57.26221003422624],[23.35017623486822,57.23665187192006],[23.35017623486822,57.15987098944457],[23.49141871614917,57.08293036279194],[23.585580370336473,57.08293036279194],[23.726822851617424,57.00582979864644],[23.820984505804727,57.00582979864644],[24.009307814179326,57.057247955100756],[24.05638864127298,57.10859499964437],[24.19763112255393,57.13424187280862],[24.385954430928532,57.23665187192006],[24.433035258022183,57.287750475941706],[24.433035258022183,57.41518712849756],[24.385954430928532,57.44062139849835],[24.385954430928532,57.6939934578821],[24.338873603834884,57.71923376073325],[24.338873603834884,57.82001915228654],[24.480116085115835,57.82001915228654],[24.621358566396786,57.89542379202514],[24.76260104767774,57.89542379202514],[24.80968187477139,57.920523586894184],[24.90384352895869,57.920523586894184],[25.092166837333295,57.99571782041312],[25.092166837333295,58.02074753938385],[25.139247664426943,58.02074753938385],[25.233409318614246,57.945605851620535],[25.327570972801546,57.945605851620535],[25.421732626988856,57.97067059364413],[25.5629751082698,57.920523586894184],[25.610055935363455,57.870306459581734],[25.751298416644403,57.870306459581734],[25.798379243738054,57.82001915228654]]],[[[27.069561575266626,-23.986593947607535],[27.069561575266626,-23.857036964269362],[27.116642402360274,-23.813822457649128],[27.116642402360274,-23.727350294800033],[27.163723229453925,-23.727350294800033],[27.210804056547577,-23.640820731500263],[27.30496571073488,-23.59753447446408],[27.352046537828528,-23.51091910952814],[27.634531500390437,-23.424246743777136],[27.728693154577734,-23.337517538163343],[27.728693154577734,-23.294131670876766],[27.822854808765037,-23.294131670876766],[27.964097290045988,-23.163889254287376],[27.964097290045988,-23.120446911628047],[28.01117811713964,-23.120446911628047],[28.105339771326946,-23.03352004302942],[28.199501425514242,-22.859498146706215],[28.293663079701545,-22.772403448378558],[28.293663079701545,-22.728835234034715],[28.387824733888845,-22.641657178796905],[28.67030969645075,-22.641657178796905],[28.905713831919,-22.510786342156372],[28.99987548610631,-22.510786342156372],[29.094037140293604,-22.423470192569066],[29.188198794480908,-22.24867322983471],[29.61192623832376,-22.24867322983471],[29.659007065417416,-22.204939807438425],[29.84733037379202,-22.204939807438425],[29.89441120088567,-22.24867322983471],[29.988572855072967,-22.24867322983471],[30.08273450926027,-22.336099098887516],[30.223976990541225,-22.336099098887516],[30.271057817634873,-22.379791503209322],[30.74186608857138,-22.379791503209322],[30.788946915665033,-22.336099098887516],[30.977270224039636,-22.336099098887516],[31.024351051133284,-22.379791503209322],[31.165593532414235,-22.379791503209322],[31.25975518660154,-22.467135145895604],[31.30683601369519,-22.685253137240583],[31.353916840788838,-22.728835234034715],[31.353916840788838,-22.815957759510134],[31.400997667882493,-22.859498146706215],[31.400997667882493,-22.946537066592978],[31.448078494976144,-22.99003555803129],[31.448078494976144,-23.076990501058358],[31.495159322069792,-23.120446911628047],[31.495159322069792,-23.46759004170969],[31.589320976257095,-23.51091910952814],[31.636401803350743,-23.727350294800033],[31.824725111725346,-23.986593947607535],[31.824725111725346,-24.20223261807069],[31.918886765912653,-24.331441179144555],[31.918886765912653,-25.616202815659882],[31.871805938818998,-25.658795572344786],[31.871805938818998,-25.829014370567403],[31.683482630444395,-25.70137312423412],[31.636401803350743,-25.70137312423412],[31.542240149163447,-25.616202815659882],[31.353916840788838,-25.616202815659882],[31.25975518660154,-25.658795572344786],[31.07143187822694,-25.829014370567403],[30.977270224039636,-26.08388390609814],[30.74186608857138,-26.338199630746452],[30.74186608857138,-26.845154515159006],[30.788946915665033,-26.88729914050918],[30.883108569852336,-26.88729914050918],[30.883108569852336,-26.971541236200608],[30.977270224039636,-27.055720346012954],[31.07143187822694,-27.055720346012954],[31.118512705320587,-27.01363867276154],[31.118512705320587,-26.845154515159006],[31.07143187822694,-26.802994194059917],[31.07143187822694,-26.718626532618927],[30.977270224039636,-26.634196292597075],[30.930189396945984,-26.634196292597075],[30.930189396945984,-26.42284781226254],[30.977270224039636,-26.338199630746452],[31.118512705320587,-26.211111233259015],[31.21267435950789,-26.041444005985735],[31.21267435950789,-25.956518125403335],[31.400997667882493,-25.786482541361483],[31.448078494976144,-25.786482541361483],[31.871805938818998,-26.041444005985735],[32.01304842009995,-26.041444005985735],[32.01304842009995,-26.168717537389675],[31.9659675930063,-26.211111233259015],[31.9659675930063,-26.29585229747173],[32.01304842009995,-26.338199630746452],[32.01304842009995,-26.465148625676534],[32.06012924719361,-26.507433897709955],[32.06012924719361,-26.67641922637975],[31.9659675930063,-26.67641922637975],[31.918886765912653,-26.718626532618927],[31.918886765912653,-26.971541236200608],[31.871805938818998,-27.01363867276154],[31.871805938818998,-27.181870618218007],[31.542240149163447,-27.181870618218007],[31.353916840788838,-27.097786239165465],[31.25975518660154,-27.097786239165465],[31.21267435950789,-27.055720346012954],[31.118512705320587,-27.055720346012954],[31.07143187822694,-27.097786239165465],[31.07143187822694,-27.181870618218007],[31.448078494976144,-27.34984928088121],[31.918886765912653,-27.34984928088121],[31.9659675930063,-27.391804246627284],[32.06012924719361,-27.391804246627284],[32.10721007428725,-27.34984928088121],[32.10721007428725,-26.88729914050918],[32.29553338266186,-26.88729914050918],[32.3426142097555,-26.92942805315982],[32.436775863942806,-26.92942805315982],[32.48385669103646,-26.88729914050918],[32.954664961972966,-26.88729914050918],[32.954664961972966,-27.097786239165465],[32.907584134879315,-27.139836335470054],[32.907584134879315,-27.22388907074096],[32.81342248069201,-27.391804246627284],[32.672179999411064,-27.47566642280807],[32.436775863942806,-27.517573600430563],[32.389695036849155,-27.559464815933595],[32.24845255556821,-27.559464815933595],[32.20137172847455,-27.601340053011953],[31.9659675930063,-27.601340053011953],[31.918886765912653,-27.6431992954008],[31.21267435950789,-27.6431992954008],[31.024351051133284,-27.559464815933595],[30.74186608857138,-27.307878418640072],[30.74186608857138,-27.26589167641088],[30.647704434384078,-27.181870618218007],[30.647704434384078,-27.139836335470054],[30.506461953103123,-26.971541236200608],[30.506461953103123,-26.88729914050918],[30.412300298915827,-26.760818194202816],[30.412300298915827,-26.591957748422942],[30.36521947182218,-26.549703611049708],[30.36521947182218,-26.29585229747173],[30.412300298915827,-26.253489492471175],[30.412300298915827,-25.956518125403335],[30.459381126009475,-25.91403218048409],[30.459381126009475,-25.616202815659882],[30.506461953103123,-25.573594872295647],[30.506461953103123,-24.546496031739963],[30.459381126009475,-24.50351442607578],[30.459381126009475,-24.20223261807069],[30.412300298915827,-24.15913393889975],[30.412300298915827,-24.07289295909758],[30.176896163447577,-23.857036964269362],[30.08273450926027,-23.857036964269362],[30.035653682166622,-23.813822457649128],[29.282360448668207,-23.813822457649128],[29.23527962157456,-23.857036964269362],[29.046956313199956,-23.857036964269362],[28.858633004825354,-23.943422728974785],[28.76447135063805,-23.943422728974785],[27.822854808765037,-24.374481476053997],[27.587450673296782,-24.417507129020343],[27.54036984620313,-24.460518118771695],[27.44620819201583,-24.460518118771695],[27.39912736492218,-24.50351442607578],[27.25788488364123,-24.50351442607578],[27.116642402360274,-24.589462916611286],[26.881238266892023,-24.632415061576452],[26.83415743979837,-24.675352447561874],[26.73999578561107,-24.675352447561874],[26.692914958517417,-24.718275055533667],[26.504591650142817,-24.718275055533667],[26.457510823049166,-24.76118286649769],[26.22210668758091,-24.76118286649769],[26.17502586048726,-24.718275055533667],[26.269187514674563,-24.718275055533667],[26.316268341768215,-24.675352447561874],[26.504591650142817,-24.675352447561874],[26.78707661270472,-24.374481476053997],[26.975399921079326,-24.288386257603534],[27.022480748172974,-24.20223261807069],[27.022480748172974,-24.02975069752436],[27.069561575266626,-23.986593947607535]]],[[[25.892540897925358,-18.84292414492294],[25.892540897925358,-19.066334943163916],[26.080864206299964,-19.378604253109565],[26.080864206299964,-19.467714669781095],[26.457510823049166,-19.77921431288524],[26.504591650142817,-19.77921431288524],[26.692914958517417,-19.956941720271164],[26.78707661270472,-20.00134238600505],[26.881238266892023,-20.00134238600505],[27.116642402360274,-20.13446916615737],[27.210804056547577,-20.13446916615737],[27.25788488364123,-20.35609502780137],[27.210804056547577,-20.400382177898685],[27.210804056547577,-20.48891827317019],[27.25788488364123,-20.53316717283772],[27.634531500390437,-20.53316717283772],[27.634531500390437,-21.06314945858768],[27.681612327484086,-21.15129797157015],[27.775773981671385,-21.19535257497874],[27.775773981671385,-21.239394046802854],[27.869935635858692,-21.327437507335272],[27.869935635858692,-21.45940365997527],[27.91701646295234,-21.547314813556927],[28.058258944233287,-21.6351727378657],[28.3407439067952,-21.6351727378657],[28.481986388076145,-21.722977258672348],[28.7173905235444,-21.722977258672348],[28.858633004825354,-21.810728202355346],[28.952794659012653,-21.810728202355346],[28.952794659012653,-21.94225378247433],[29.046956313199956,-22.11743209303105],[28.952794659012653,-22.161192754749408],[28.905713831919,-22.292393000713272],[28.858633004825354,-22.292393000713272],[28.76447135063805,-22.379791503209322],[28.67030969645075,-22.423470192569066],[28.434905560982497,-22.423470192569066],[28.246582252607894,-22.510786342156372],[27.822854808765037,-22.99003555803129],[27.775773981671385,-22.99003555803129],[27.681612327484086,-23.076990501058358],[27.587450673296782,-23.076990501058358],[27.493289019109483,-23.250731654265362],[27.352046537828528,-23.250731654265362],[27.25788488364123,-23.337517538163343],[27.210804056547577,-23.337517538163343],[26.92831909398567,-23.59753447446408],[26.92831909398567,-23.727350294800033],[26.881238266892023,-23.770593561217808],[26.881238266892023,-23.943422728974785],[26.83415743979837,-23.986593947607535],[26.83415743979837,-24.116020712738962],[26.73999578561107,-24.20223261807069],[26.692914958517417,-24.20223261807069],[26.457510823049166,-24.417507129020343],[26.457510823049166,-24.460518118771695],[26.22210668758091,-24.50351442607578],[26.17502586048726,-24.546496031739963],[26.080864206299964,-24.546496031739963],[26.03378337920631,-24.589462916611286],[25.93962172501901,-24.589462916611286],[25.751298416644403,-24.245316730782022],[25.704217589550755,-24.02975069752436],[25.657136762457103,-23.986593947607535],[25.657136762457103,-23.90023706129322],[25.704217589550755,-23.857036964269362],[25.704217589550755,-23.727350294800033],[25.892540897925358,-23.380889235869095],[26.127945033393612,-23.120446911628047],[26.269187514674563,-22.859498146706215],[26.410429995955514,-22.685253137240583],[26.410429995955514,-22.554423760357345],[26.457510823049166,-22.510786342156372],[26.457510823049166,-22.423470192569066],[26.410429995955514,-22.379791503209322],[26.410429995955514,-22.292393000713272],[26.363349168861866,-22.204939807438425],[26.22210668758091,-22.07365784358512],[26.22210668758091,-22.029870027751716],[25.84546007083171,-21.679081684572395],[25.704217589550755,-21.6351727378657],[25.610055935363455,-21.547314813556927],[25.327570972801546,-21.415428176819656],[25.092166837333295,-21.37143945195663],[25.045086010239643,-21.327437507335272],[24.90384352895869,-21.327437507335272],[24.71552022058409,-21.239394046802854],[24.574277739303138,-21.239394046802854],[24.527196912209487,-21.19535257497874],[24.338873603834884,-21.19535257497874],[24.291792776741232,-21.15129797157015],[24.15055029546028,-21.15129797157015],[24.10346946836663,-21.107230258714708],[23.962226987085675,-21.107230258714708],[23.915146159992027,-21.06314945858768],[23.773903678711072,-21.06314945858768],[23.585580370336473,-20.974948685407625],[23.49141871614917,-20.974948685407625],[23.444337889055518,-20.930828756892783],[23.303095407774567,-20.930828756892783],[23.114772099399964,-20.842549927639922],[22.78520630974441,-20.798391071664714],[22.73812548265076,-20.75421928469447],[22.596883001369807,-20.75421928469447],[22.549802174276156,-20.710034589203943],[22.4085596929952,-20.710034589203943],[22.361478865901553,-20.665837007705154],[22.2202363846206,-20.665837007705154],[22.17315555752695,-20.621626562747362],[21.749428113684093,-20.577403276917014],[21.70234728659044,-20.53316717283772],[21.466943151122187,-20.53316717283772],[21.41986232402854,-20.48891827317019],[21.184458188560285,-20.48891827317019],[21.184458188560285,-19.91252855689786],[21.137377361466633,-19.868102919061272],[21.137377361466633,-18.39521251802139],[21.184458188560285,-18.35037679626242],[21.655266459496794,-18.35037679626242],[21.70234728659044,-18.30552943388308],[21.890670594965044,-18.30552943388308],[21.937751422058696,-18.260670455345018],[22.1260747304333,-18.260670455345018],[22.17315555752695,-18.215799885144683],[22.361478865901553,-18.215799885144683],[22.4085596929952,-18.1709177478133],[22.643963828463455,-18.1709177478133],[22.69104465555711,-18.126024067916795],[22.87936796393171,-18.126024067916795],[22.926448791025365,-18.08111887005578],[23.303095407774567,-18.08111887005578],[23.444337889055518,-18.260670455345018],[23.49141871614917,-18.260670455345018],[23.53849954324282,-18.35037679626242],[23.53849954324282,-18.440036574733195],[23.632661197430124,-18.52964959548289],[23.726822851617424,-18.52964959548289],[23.820984505804727,-18.484848942005996],[24.15055029546028,-18.1709177478133],[24.19763112255393,-18.1709177478133],[24.291792776741232,-18.08111887005578],[24.480116085115835,-18.08111887005578],[24.527196912209487,-18.126024067916795],[24.621358566396786,-18.126024067916795],[24.76260104767774,-18.036202178865434],[24.76260104767774,-17.946334415210316],[24.85676270186504,-17.946334415210316],[24.90384352895869,-17.901383392188507],[25.1863284915206,-17.901383392188507],[25.233409318614246,-17.946334415210316],[25.280490145707898,-18.08111887005578],[25.421732626988856,-18.215799885144683],[25.421732626988856,-18.30552943388308],[25.4688134540825,-18.39521251802139],[25.751298416644403,-18.663981030094757],[25.751298416644403,-18.753476305891496],[25.84546007083171,-18.84292414492294],[25.892540897925358,-18.84292414492294]]],[[[40.58175895114438,-11.368720291134165],[40.534678124050735,-11.415033492023484],[40.534678124050735,-11.692752978261405],[40.62883977823804,-11.739012669294569],[40.62883977823804,-11.877745067699504],[40.67592060533168,-11.923973546242516],[40.62883977823804,-11.970194149705788],[40.62883977823804,-12.108808422422578],[40.67592060533168,-12.154997238500052],[40.67592060533168,-12.385820469919729],[40.723001432425335,-12.43196074654576],[40.67592060533168,-12.478092833452761],[40.67592060533168,-12.93895702265931],[40.62883977823804,-12.984997150968018],[40.62883977823804,-13.26105782144458],[40.67592060533168,-13.307037654760721],[40.62883977823804,-13.353008762442927],[40.62883977823804,-13.444924689201752],[40.67592060533168,-13.536805378592502],[40.62883977823804,-13.582732439669629],[40.62883977823804,-13.674559855623048],[40.67592060533168,-13.720460154998342],[40.67592060533168,-13.949826458397455],[40.911324740799934,-14.407872074819313],[40.911324740799934,-14.81931123558911],[40.81716308661264,-14.910636899375378],[40.81716308661264,-15.001923818281458],[40.723001432425335,-15.093171777114591],[40.723001432425335,-15.275549956229009],[40.58175895114438,-15.548819672663205],[40.440516469863425,-15.639829379444112],[40.440516469863425,-15.685319076300889],[40.252193161488826,-15.867176204067622],[40.205112334395174,-16.00346157013382],[40.016789026020575,-16.230397025765924],[40.016789026020575,-16.321098211368],[39.969708198926924,-16.41175737242594],[39.781384890552324,-16.50237430153535],[39.68722323636503,-16.592948791811107],[39.64014240927137,-16.592948791811107],[39.54598075508407,-16.683480636889296],[39.40473827380311,-16.728730503133562],[39.310576619615816,-16.819197994627935],[39.263495792522164,-16.819197994627935],[39.16933413833486,-16.95481824515783],[39.16933413833486,-17.090340698655996],[39.12225331124121,-17.13549299830638],[39.075172484147565,-17.13549299830638],[38.98101082996026,-17.04517745629805],[38.88684917577295,-17.04517745629805],[38.83976834867931,-17.090340698655996],[38.69852586739835,-17.090340698655996],[38.6514450403047,-17.13549299830638],[38.51020255902375,-17.13549299830638],[38.4631217319301,-17.1806343298663],[38.3689600777428,-17.1806343298663],[38.18063676936819,-17.31599226267547],[38.086475115180896,-17.31599226267547],[38.039394288087244,-17.361089468713253],[37.94523263389994,-17.361089468713253],[37.85107097971264,-17.40617558024817],[37.75690932552534,-17.496314419116537],[37.61566684424439,-17.541367096187976],[37.38026270877614,-17.721465603912264],[37.33318188168248,-17.721465603912264],[37.09777774621423,-17.946334415210316],[37.003616092026924,-18.126024067916795],[36.53280782109042,-18.574438510842004],[36.48572699399677,-18.663981030094757],[36.48572699399677,-18.753476305891496],[36.39156533980947,-18.887630215396975],[36.297403685622164,-18.887630215396975],[36.25032285852851,-18.932324354444823],[36.061999550153914,-18.932324354444823],[35.87367624177932,-19.021676742279496],[35.68535293340471,-19.200237287018773],[35.68535293340471,-19.244847235949404],[35.167463835374555,-19.734751391080405],[35.120383008280896,-19.734751391080405],[35.0262213540936,-19.823664829974035],[34.837898045718994,-19.91252855689786],[34.837898045718994,-20.223157441479326],[34.79081721862534,-20.26748263672754],[34.79081721862534,-20.400382177898685],[35.073302181187245,-20.621626562747362],[35.120383008280896,-20.710034589203943],[35.120383008280896,-20.798391071664714],[35.2145446624682,-20.886695830182646],[35.2145446624682,-21.37143945195663],[35.3087063166555,-21.45940365997527],[35.44994879793645,-21.45940365997527],[35.54411045212375,-21.415428176819656],[35.591191279217405,-21.45940365997527],[35.591191279217405,-21.76685943848188],[35.54411045212375,-21.810728202355346],[35.54411045212375,-21.98606866690923],[35.63827210631106,-22.11743209303105],[35.63827210631106,-22.423470192569066],[35.591191279217405,-22.467135145895604],[35.591191279217405,-22.772403448378558],[35.68535293340471,-22.859498146706215],[35.68535293340471,-22.946537066592978],[35.591191279217405,-23.076990501058358],[35.591191279217405,-23.294131670876766],[35.54411045212375,-23.337517538163343],[35.54411045212375,-23.46759004170969],[35.49702962503011,-23.51091910952814],[35.49702962503011,-23.640820731500263],[35.63827210631106,-23.727350294800033],[35.591191279217405,-24.116020712738962],[35.3087063166555,-24.460518118771695],[35.3087063166555,-24.50351442607578],[35.167463835374555,-24.632415061576452],[34.79081721862534,-24.80407586149955],[34.55541308315709,-24.846954021624594],[34.41417060187614,-24.932665761784666],[34.178766466407886,-24.975499304189377],[33.89628150384598,-25.103910395756824],[33.80211984965868,-25.103910395756824],[33.23714992453487,-25.36032799215506],[33.14298827034757,-25.44568010388985],[33.09590744325392,-25.44568010388985],[32.86050330778566,-25.658795572344786],[32.86050330778566,-25.829014370567403],[32.907584134879315,-25.871530922913543],[33.04882661616026,-25.871530922913543],[33.09590744325392,-25.91403218048409],[33.04882661616026,-25.998988739835696],[33.04882661616026,-26.38053147482132],[33.00174578906662,-26.42284781226254],[33.00174578906662,-26.718626532618927],[32.29553338266186,-26.718626532618927],[32.24845255556821,-26.67641922637975],[32.24845255556821,-26.42284781226254],[32.20137172847455,-26.38053147482132],[32.20137172847455,-25.956518125403335],[32.06012924719361,-25.829014370567403],[32.06012924719361,-25.70137312423412],[32.154290901380904,-25.616202815659882],[32.154290901380904,-25.530971760408356],[32.10721007428725,-25.488333498194308],[32.10721007428725,-24.288386257603534],[32.01304842009995,-24.116020712738962],[32.01304842009995,-23.90023706129322],[31.9659675930063,-23.813822457649128],[31.824725111725346,-23.684092678259766],[31.824725111725346,-23.59753447446408],[31.777644284631698,-23.51091910952814],[31.683482630444395,-23.46759004170969],[31.683482630444395,-23.076990501058358],[31.589320976257095,-22.903024589282364],[31.589320976257095,-22.772403448378558],[31.495159322069792,-22.598047379543118],[31.495159322069792,-22.510786342156372],[31.448078494976144,-22.467135145895604],[31.448078494976144,-22.379791503209322],[31.636401803350743,-22.24867322983471],[31.636401803350743,-22.161192754749408],[31.589320976257095,-22.11743209303105],[31.495159322069792,-22.11743209303105],[31.400997667882493,-22.204939807438425],[31.30683601369519,-22.204939807438425],[31.25975518660154,-22.161192754749408],[30.977270224039636,-22.161192754749408],[30.930189396945984,-22.11743209303105],[30.83602774275868,-22.11743209303105],[30.788946915665033,-22.161192754749408],[30.506461953103123,-22.161192754749408],[30.459381126009475,-22.204939807438425],[30.36521947182218,-22.204939807438425],[30.271057817634873,-22.11743209303105],[30.12981533635392,-22.11743209303105],[29.84733037379202,-21.98606866690923],[29.564845411230113,-21.98606866690923],[29.517764584136465,-22.029870027751716],[29.423602929949162,-22.029870027751716],[29.329441275761862,-21.94225378247433],[29.23527962157456,-21.94225378247433],[29.188198794480908,-21.898425395901945],[29.188198794480908,-21.722977258672348],[29.094037140293604,-21.6351727378657],[28.952794659012653,-21.6351727378657],[28.7173905235444,-21.503365879512174],[28.481986388076145,-21.503365879512174],[28.434905560982497,-21.45940365997527],[28.15242059842059,-21.45940365997527],[28.058258944233287,-21.239394046802854],[27.91701646295234,-21.107230258714708],[27.869935635858692,-21.107230258714708],[27.822854808765037,-21.01905559340187],[27.822854808765037,-20.886695830182646],[27.869935635858692,-20.842549927639922],[27.869935635858692,-20.444656600612237],[27.681612327484086,-20.311795173129088],[27.44620819201583,-20.311795173129088],[27.44620819201583,-20.178819610303858],[27.352046537828528,-20.00134238600505],[27.25788488364123,-19.91252855689786],[27.163723229453925,-19.91252855689786],[27.116642402360274,-19.868102919061272],[27.022480748172974,-19.868102919061272],[26.975399921079326,-19.823664829974035],[26.881238266892023,-19.823664829974035],[26.78707661270472,-19.77921431288524],[26.363349168861866,-19.42316557000838],[26.269187514674563,-19.378604253109565],[26.22210668758091,-19.289445062414824],[26.22210668758091,-19.200237287018773],[26.127945033393612,-19.066334943163916],[26.127945033393612,-18.887630215396975],[26.03378337920631,-18.79820616706266],[25.986702552112657,-18.79820616706266],[25.93962172501901,-18.574438510842004],[25.657136762457103,-18.30552943388308],[25.5629751082698,-18.08111887005578],[25.421732626988856,-17.946334415210316],[25.421732626988856,-17.901383392188507],[25.515894281176152,-17.946334415210316],[25.610055935363455,-17.946334415210316],[25.657136762457103,-17.901383392188507],[25.798379243738054,-17.901383392188507],[25.986702552112657,-18.08111887005578],[26.080864206299964,-18.08111887005578],[26.17502586048726,-18.036202178865434],[26.269187514674563,-17.946334415210316],[26.316268341768215,-17.991274019015524],[26.457510823049166,-17.991274019015524],[26.692914958517417,-18.126024067916795],[26.83415743979837,-18.126024067916795],[26.881238266892023,-18.08111887005578],[26.975399921079326,-18.08111887005578],[27.163723229453925,-17.991274019015524],[27.30496571073488,-17.856420974723207],[27.30496571073488,-17.76646205572623],[27.728693154577734,-17.361089468713253],[27.869935635858692,-17.090340698655996],[27.869935635858692,-17.000003296648817],[27.964097290045988,-17.000003296648817],[28.246582252607894,-16.864415568614888],[28.387824733888845,-16.728730503133562],[28.481986388076145,-16.728730503133562],[28.6232288693571,-16.638220057877227],[28.76447135063805,-16.638220057877227],[28.858633004825354,-16.592948791811107],[28.99987548610631,-16.41175737242594],[28.99987548610631,-16.09426690631218],[29.046956313199956,-16.00346157013382],[29.141117967387252,-16.00346157013382],[29.329441275761862,-15.821727223789331],[29.423602929949162,-15.776268024846438],[29.753168719604716,-15.730798633564563],[29.800249546698364,-15.685319076300889],[30.176896163447577,-15.685319076300889],[30.223976990541225,-15.730798633564563],[30.36521947182218,-15.730798633564563],[30.36521947182218,-15.867176204067622],[30.318138644728524,-15.912614939387355],[30.318138644728524,-16.00346157013382],[30.36521947182218,-16.048869413131385],[30.883108569852336,-16.048869413131385],[30.930189396945984,-16.09426690631218],[31.165593532414235,-16.09426690631218],[31.21267435950789,-16.048869413131385],[31.30683601369519,-16.09426690631218],[31.30683601369519,-16.139654023541386],[31.400997667882493,-16.230397025765924],[31.589320976257095,-16.230397025765924],[31.636401803350743,-16.275752858651973],[31.73056345753805,-16.275752858651973],[31.871805938818998,-16.457071128916727],[31.9659675930063,-16.50237430153535],[32.3426142097555,-16.50237430153535],[32.389695036849155,-16.54766686443742],[32.48385669103646,-16.54766686443742],[32.57801834522376,-16.592948791811107],[32.71926082650471,-16.773969630929127],[32.86050330778566,-16.773969630929127],[32.81342248069201,-16.819197994627935],[32.81342248069201,-17.000003296648817],[32.907584134879315,-17.13549299830638],[32.907584134879315,-17.541367096187976],[32.954664961972966,-17.58640857823262],[32.954664961972966,-17.67645785709014],[32.86050330778566,-17.811447187621866],[32.86050330778566,-18.036202178865434],[32.907584134879315,-18.08111887005578],[32.907584134879315,-18.39521251802139],[32.81342248069201,-18.440036574733195],[32.81342248069201,-18.574438510842004],[32.86050330778566,-18.619215663796524],[32.81342248069201,-18.619215663796524],[32.62509917231741,-18.79820616706266],[32.62509917231741,-18.97700653806199],[32.71926082650471,-19.11098111681743],[32.81342248069201,-19.11098111681743],[32.71926082650471,-19.289445062414824],[32.71926082650471,-19.467714669781095],[32.76634165359837,-19.512251528852424],[32.76634165359837,-19.645788426646497],[32.954664961972966,-19.77921431288524],[32.954664961972966,-19.868102919061272],[32.81342248069201,-20.045730530959936],[32.81342248069201,-20.13446916615737],[32.672179999411064,-20.400382177898685],[32.53093751813011,-20.400382177898685],[32.436775863942806,-20.48891827317019],[32.436775863942806,-20.842549927639922],[32.29553338266186,-21.01905559340187],[32.29553338266186,-21.19535257497874],[32.3426142097555,-21.239394046802854],[32.01304842009995,-21.547314813556927],[32.01304842009995,-21.6351727378657],[32.06012924719361,-21.679081684572395],[32.154290901380904,-21.679081684572395],[32.48385669103646,-21.37143945195663],[32.57801834522376,-21.327437507335272],[32.57801834522376,-21.19535257497874],[32.53093751813011,-21.15129797157015],[32.53093751813011,-21.06314945858768],[32.62509917231741,-20.930828756892783],[32.62509917231741,-20.621626562747362],[32.71926082650471,-20.621626562747362],[32.81342248069201,-20.53316717283772],[32.86050330778566,-20.400382177898685],[33.00174578906662,-20.26748263672754],[33.00174578906662,-20.13446916615737],[33.14298827034757,-20.045730530959936],[33.14298827034757,-19.69027608788142],[33.09590744325392,-19.645788426646497],[33.09590744325392,-19.55677612368315],[32.954664961972966,-19.467714669781095],[32.954664961972966,-19.244847235949404],[33.00174578906662,-19.200237287018773],[33.00174578906662,-19.021676742279496],[32.907584134879315,-18.887630215396975],[32.86050330778566,-18.887630215396975],[32.86050330778566,-18.84292414492294],[32.954664961972966,-18.84292414492294],[33.04882661616026,-18.753476305891496],[33.04882661616026,-18.52964959548289],[33.19006909744122,-18.35037679626242],[33.19006909744122,-18.260670455345018],[33.09590744325392,-18.1709177478133],[33.09590744325392,-17.811447187621866],[33.14298827034757,-17.76646205572623],[33.14298827034757,-17.496314419116537],[33.09590744325392,-17.451250572098566],[33.14298827034757,-17.40617558024817],[33.14298827034757,-17.22576466798624],[33.00174578906662,-16.95481824515783],[33.09590744325392,-16.773969630929127],[33.09590744325392,-16.592948791811107],[33.04882661616026,-16.54766686443742],[32.81342248069201,-16.54766686443742],[32.71926082650471,-16.457071128916727],[32.53093751813011,-16.36643305793991],[32.436775863942806,-16.36643305793991],[32.29553338266186,-16.275752858651973],[32.20137172847455,-16.275752858651973],[32.154290901380904,-16.321098211368],[32.10721007428725,-16.275752858651973],[32.01304842009995,-16.275752858651973],[31.824725111725346,-16.09426690631218],[31.73056345753805,-16.048869413131385],[31.542240149163447,-16.048869413131385],[31.400997667882493,-15.912614939387355],[31.30683601369519,-15.867176204067622],[30.553542780196782,-15.867176204067622],[30.553542780196782,-15.366679748569354],[30.459381126009475,-15.184380561169181],[30.36521947182218,-15.093171777114591],[30.36521947182218,-15.047552681137688],[30.694785261477733,-14.864978897123748],[30.788946915665033,-14.864978897123748],[30.83602774275868,-14.81931123558911],[30.977270224039636,-14.81931123558911],[31.024351051133284,-14.773633941746324],[31.165593532414235,-14.773633941746324],[31.21267435950789,-14.727947042600421],[31.353916840788838,-14.727947042600421],[31.400997667882493,-14.682250565186543],[31.542240149163447,-14.682250565186543],[31.871805938818998,-14.499369414603848],[32.10721007428725,-14.453625452425992],[32.154290901380904,-14.407872074819313],[32.29553338266186,-14.407872074819313],[32.3426142097555,-14.362109309027728],[32.436775863942806,-14.362109309027728],[32.57801834522376,-14.270555722013167],[32.81342248069201,-14.224764955425469],[32.86050330778566,-14.178964909923286],[32.954664961972966,-14.178964909923286],[33.00174578906662,-14.133155612897532],[33.09590744325392,-14.133155612897532],[33.14298827034757,-14.087337091768331],[33.23714992453487,-14.087337091768331],[33.23714992453487,-14.178964909923286],[33.660877368377726,-14.682250565186543],[33.75503902256502,-14.682250565186543],[33.80211984965868,-14.590828983845524],[33.89628150384598,-14.590828983845524],[33.943362330939635,-14.545103934138565],[34.367089774782485,-14.499369414603848],[34.46125142896979,-14.636544536569861],[34.46125142896979,-14.864978897123748],[34.50833225606344,-14.956285215399383],[34.46125142896979,-15.001923818281458],[34.46125142896979,-15.093171777114591],[34.50833225606344,-15.184380561169181],[34.367089774782485,-15.366679748569354],[34.367089774782485,-15.503299715673437],[34.32000894768884,-15.594329569414379],[34.178766466407886,-15.730798633564563],[34.178766466407886,-15.912614939387355],[34.27292812059518,-16.00346157013382],[34.32000894768884,-16.00346157013382],[34.32000894768884,-16.1850307387162],[34.367089774782485,-16.275752858651973],[34.55541308315709,-16.41175737242594],[34.55541308315709,-16.457071128916727],[34.696655564438046,-16.592948791811107],[34.74373639153169,-16.592948791811107],[34.74373639153169,-16.638220057877227],[34.97914052699995,-16.864415568614888],[35.0262213540936,-16.864415568614888],[34.97914052699995,-16.90962232730787],[34.97914052699995,-17.04517745629805],[35.073302181187245,-17.1806343298663],[35.355787143749154,-17.1806343298663],[35.44994879793645,-17.090340698655996],[35.44994879793645,-16.728730503133562],[35.402867970842806,-16.683480636889296],[35.402867970842806,-16.592948791811107],[35.3087063166555,-16.50237430153535],[35.402867970842806,-16.36643305793991],[35.402867970842806,-16.230397025765924],[35.44994879793645,-16.1850307387162],[35.49702962503011,-16.230397025765924],[35.591191279217405,-16.230397025765924],[35.63827210631106,-16.1850307387162],[35.779514587592004,-16.1850307387162],[35.92075706887296,-16.00346157013382],[35.92075706887296,-15.730798633564563],[35.96783789596661,-15.685319076300889],[35.96783789596661,-15.275549956229009],[35.92075706887296,-15.229970195692779],[35.92075706887296,-15.093171777114591],[36.01491872306026,-14.910636899375378],[36.01491872306026,-14.773633941746324],[35.96783789596661,-14.727947042600421],[35.96783789596661,-14.545103934138565],[35.779514587592004,-14.362109309027728],[35.73243376049836,-14.362109309027728],[35.73243376049836,-14.270555722013167],[35.54411045212375,-14.04150937398491],[35.54411045212375,-13.995672487025537],[35.355787143749154,-13.812233798006325],[35.3087063166555,-13.812233798006325],[35.3087063166555,-13.720460154998342],[34.97914052699995,-13.398971116558288],[34.884978872812646,-13.353008762442927],[34.79081721862534,-13.353008762442927],[34.74373639153169,-13.26105782144458],[34.79081721862534,-13.21506929045518],[34.79081721862534,-13.031028749946605],[34.74373639153169,-12.984997150968018],[34.74373639153169,-12.570332324346326],[34.649574737344395,-12.43196074654576],[34.649574737344395,-12.339672032048384],[34.696655564438046,-12.293515461431662],[34.696655564438046,-12.201178036092394],[34.74373639153169,-12.201178036092394],[34.884978872812646,-12.06261161648976],[34.884978872812646,-11.785264600429986],[34.9320596999063,-11.739012669294569],[34.9320596999063,-11.646485556188876],[35.44994879793645,-11.646485556188876],[35.49702962503011,-11.692752978261405],[35.63827210631106,-11.692752978261405],[35.82659541468566,-11.553927634484106],[35.82659541468566,-11.507637192693217],[35.92075706887296,-11.507637192693217],[35.96783789596661,-11.600210431960356],[36.109080377247565,-11.600210431960356],[36.109080377247565,-11.692752978261405],[36.20324203143487,-11.785264600429986],[36.34448451271583,-11.785264600429986],[36.39156533980947,-11.739012669294569],[36.48572699399677,-11.739012669294569],[36.53280782109042,-11.785264600429986],[36.67405030237137,-11.785264600429986],[36.862373610745976,-11.646485556188876],[37.003616092026924,-11.646485556188876],[37.23902022749518,-11.785264600429986],[37.521505190057084,-11.785264600429986],[37.61566684424439,-11.692752978261405],[37.70982849843169,-11.692752978261405],[37.80399015261899,-11.600210431960356],[37.85107097971264,-11.600210431960356],[37.94523263389994,-11.507637192693217],[37.94523263389994,-11.415033492023484],[38.039394288087244,-11.322399561909089],[38.13355594227455,-11.368720291134165],[38.274798423555495,-11.368720291134165],[38.41604090483645,-11.461339135545517],[38.5572833861174,-11.461339135545517],[38.745606694492004,-11.322399561909089],[38.83976834867931,-11.322399561909089],[38.93393000286661,-11.229735634699685],[39.310576619615816,-11.229735634699685],[39.40473827380311,-11.137041943133978],[39.40473827380311,-11.090684008554062],[39.64014240927137,-11.04431872033698],[39.68722323636503,-10.997946107683275],[39.82846571764597,-10.997946107683275],[39.92262737183327,-10.905179025987087],[40.205112334395174,-10.765974201545724],[40.34635481567613,-10.62670503861531],[40.39343564276978,-10.62670503861531],[40.534678124050735,-10.487372330684293],[40.534678124050735,-10.394448948643127],[40.487597296957084,-10.34797687310597],[40.58175895114438,-10.394448948643127],[40.62883977823804,-10.533823578159174],[40.723001432425335,-10.62670503861531],[40.723001432425335,-10.858784615464359],[40.770082259518986,-10.905179025987087],[40.770082259518986,-11.137041943133978],[40.67592060533168,-11.229735634699685],[40.67592060533168,-11.368720291134165],[40.58175895114438,-11.368720291134165]],[[31.871805938818998,-21.722977258672348],[31.589320976257095,-21.98606866690923],[31.589320976257095,-22.07365784358512],[31.636401803350743,-22.11743209303105],[31.73056345753805,-22.11743209303105],[32.01304842009995,-21.85458352868518],[32.01304842009995,-21.76685943848188],[31.9659675930063,-21.722977258672348],[31.871805938818998,-21.722977258672348]]],[[[33.47255406000313,-10.62670503861531],[33.37839240581582,-10.62670503861531],[33.19006909744122,-10.765974201545724],[33.19006909744122,-10.905179025987087],[33.28423075162852,-11.090684008554062],[33.28423075162852,-11.18339249490008],[33.14298827034757,-11.368720291134165],[33.14298827034757,-11.553927634484106],[33.23714992453487,-11.646485556188876],[33.23714992453487,-11.923973546242516],[33.19006909744122,-11.970194149705788],[33.19006909744122,-12.154997238500052],[33.28423075162852,-12.247350786595625],[33.33131157872217,-12.385820469919729],[33.23714992453487,-12.385820469919729],[33.19006909744122,-12.43196074654576],[33.04882661616026,-12.43196074654576],[32.954664961972966,-12.5242167021933],[32.907584134879315,-12.616439671517231],[32.907584134879315,-13.169072089780906],[32.86050330778566,-13.21506929045518],[32.86050330778566,-13.307037654760721],[32.76634165359837,-13.398971116558288],[32.672179999411064,-13.398971116558288],[32.62509917231741,-13.444924689201752],[32.62509917231741,-13.628650607934697],[32.81342248069201,-13.858107086308516],[32.86050330778566,-13.858107086308516],[32.86050330778566,-13.949826458397455],[32.907584134879315,-13.995672487025537],[32.672179999411064,-14.04150937398491],[32.62509917231741,-14.087337091768331],[32.53093751813011,-14.087337091768331],[32.48385669103646,-14.133155612897532],[32.389695036849155,-14.133155612897532],[32.3426142097555,-14.178964909923286],[32.24845255556821,-14.178964909923286],[32.20137172847455,-14.224764955425469],[32.10721007428725,-14.224764955425469],[32.06012924719361,-14.270555722013167],[31.9659675930063,-14.270555722013167],[31.918886765912653,-14.316337182324697],[31.824725111725346,-14.316337182324697],[31.777644284631698,-14.362109309027728],[31.683482630444395,-14.362109309027728],[31.30683601369519,-14.545103934138565],[31.118512705320587,-14.545103934138565],[31.07143187822694,-14.590828983845524],[30.930189396945984,-14.590828983845524],[30.74186608857138,-14.682250565186543],[30.647704434384078,-14.682250565186543],[30.60062360729043,-14.727947042600421],[30.506461953103123,-14.727947042600421],[30.36521947182218,-14.81931123558911],[30.271057817634873,-14.81931123558911],[30.176896163447577,-14.910636899375378],[30.176896163447577,-15.138781079389213],[30.318138644728524,-15.366679748569354],[30.318138644728524,-15.457769724959169],[30.12981533635392,-15.457769724959169],[30.08273450926027,-15.503299715673437],[29.84733037379202,-15.457769724959169],[29.800249546698364,-15.503299715673437],[29.564845411230113,-15.503299715673437],[29.188198794480908,-15.685319076300889],[29.094037140293604,-15.776268024846438],[28.952794659012653,-15.821727223789331],[28.811552177731706,-15.95804340348625],[28.811552177731706,-16.321098211368],[28.76447135063805,-16.41175737242594],[28.67030969645075,-16.41175737242594],[28.5290672151698,-16.50237430153535],[28.434905560982497,-16.50237430153535],[28.246582252607894,-16.592948791811107],[28.15242059842059,-16.683480636889296],[27.822854808765037,-16.819197994627935],[27.775773981671385,-16.864415568614888],[27.775773981671385,-16.95481824515783],[27.728693154577734,-16.95481824515783],[27.634531500390437,-17.04517745629805],[27.587450673296782,-17.13549299830638],[27.587450673296782,-17.22576466798624],[27.116642402360274,-17.67645785709014],[27.069561575266626,-17.811447187621866],[26.92831909398567,-17.811447187621866],[26.78707661270472,-17.901383392188507],[26.692914958517417,-17.901383392188507],[26.457510823049166,-17.76646205572623],[26.22210668758091,-17.721465603912264],[26.03378337920631,-17.856420974723207],[25.892540897925358,-17.721465603912264],[25.798379243738054,-17.67645785709014],[25.610055935363455,-17.67645785709014],[25.5629751082698,-17.721465603912264],[25.515894281176152,-17.67645785709014],[25.421732626988856,-17.67645785709014],[25.327570972801546,-17.63143884020414],[25.327570972801546,-17.58640857823262],[25.1863284915206,-17.496314419116537],[25.139247664426943,-17.40617558024817],[24.998005183145995,-17.40617558024817],[24.950924356052347,-17.361089468713253],[24.574277739303138,-17.361089468713253],[24.527196912209487,-17.31599226267547],[24.24471194964758,-17.31599226267547],[24.05638864127298,-17.40617558024817],[23.868065332898375,-17.40617558024817],[23.820984505804727,-17.451250572098566],[23.632661197430124,-17.451250572098566],[23.53849954324282,-17.496314419116537],[23.444337889055518,-17.40617558024817],[23.303095407774567,-17.361089468713253],[23.067691272306313,-17.13549299830638],[23.02061044521266,-17.13549299830638],[22.87936796393171,-17.000003296648817],[22.87936796393171,-16.95481824515783],[22.643963828463455,-16.773969630929127],[22.643963828463455,-16.728730503133562],[22.4085596929952,-16.50237430153535],[22.3143980388079,-16.50237430153535],[22.267317211714257,-16.41175737242594],[22.267317211714257,-16.275752858651973],[22.2202363846206,-16.230397025765924],[22.2202363846206,-16.139654023541386],[22.17315555752695,-16.09426690631218],[22.17315555752695,-13.07705179146933],[24.05638864127298,-13.07705179146933],[24.15055029546028,-12.984997150968018],[24.15055029546028,-12.846851290690573],[24.05638864127298,-12.754711779589673],[24.05638864127298,-12.616439671517231],[24.19763112255393,-12.385820469919729],[24.19763112255393,-12.201178036092394],[24.15055029546028,-12.154997238500052],[24.15055029546028,-11.553927634484106],[24.19763112255393,-11.507637192693217],[24.19763112255393,-11.137041943133978],[24.24471194964758,-11.090684008554062],[24.338873603834884,-11.137041943133978],[24.338873603834884,-11.229735634699685],[24.291792776741232,-11.27607133340418],[24.291792776741232,-11.415033492023484],[24.433035258022183,-11.507637192693217],[24.668439393490438,-11.507637192693217],[24.85676270186504,-11.368720291134165],[24.998005183145995,-11.368720291134165],[25.045086010239643,-11.322399561909089],[25.233409318614246,-11.322399561909089],[25.280490145707898,-11.415033492023484],[25.280490145707898,-11.600210431960356],[25.515894281176152,-11.831508742834352],[25.751298416644403,-11.831508742834352],[25.798379243738054,-11.877745067699504],[25.892540897925358,-11.877745067699504],[25.986702552112657,-11.970194149705788],[26.22210668758091,-11.970194149705788],[26.269187514674563,-12.016406849357109],[26.410429995955514,-12.016406849357109],[26.457510823049166,-11.970194149705788],[26.504591650142817,-12.016406849357109],[26.64583413142377,-12.016406849357109],[26.692914958517417,-12.06261161648976],[26.92831909398567,-12.06261161648976],[27.116642402360274,-11.877745067699504],[27.116642402360274,-11.785264600429986],[27.163723229453925,-11.692752978261405],[27.163723229453925,-11.739012669294569],[27.25788488364123,-11.831508742834352],[27.30496571073488,-11.831508742834352],[27.30496571073488,-11.877745067699504],[27.44620819201583,-12.016406849357109],[27.44620819201583,-12.108808422422578],[27.493289019109483,-12.201178036092394],[27.634531500390437,-12.339672032048384],[27.728693154577734,-12.385820469919729],[27.822854808765037,-12.385820469919729],[27.91701646295234,-12.339672032048384],[27.964097290045988,-12.43196074654576],[28.105339771326946,-12.43196074654576],[28.293663079701545,-12.5242167021933],[28.387824733888845,-12.5242167021933],[28.434905560982497,-12.570332324346326],[28.434905560982497,-12.754711779589673],[28.481986388076145,-12.846851290690573],[28.576148042263448,-12.93895702265931],[28.7173905235444,-12.93895702265931],[28.76447135063805,-13.07705179146933],[28.905713831919,-13.26105782144458],[28.905713831919,-13.353008762442927],[28.99987548610631,-13.444924689201752],[29.141117967387252,-13.444924689201752],[29.188198794480908,-13.490869452496197],[29.282360448668207,-13.490869452496197],[29.47068375704281,-13.353008762442927],[29.564845411230113,-13.353008762442927],[29.564845411230113,-13.398971116558288],[29.659007065417416,-13.490869452496197],[29.753168719604716,-13.536805378592502],[29.84733037379202,-13.536805378592502],[29.94149202797932,-13.444924689201752],[29.94149202797932,-12.06261161648976],[29.89441120088567,-12.016406849357109],[29.61192623832376,-12.016406849357109],[29.423602929949162,-12.154997238500052],[29.37652210285551,-12.247350786595625],[29.329441275761862,-12.201178036092394],[29.141117967387252,-12.201178036092394],[28.858633004825354,-11.831508742834352],[28.76447135063805,-11.831508742834352],[28.576148042263448,-11.646485556188876],[28.576148042263448,-11.553927634484106],[28.5290672151698,-11.507637192693217],[28.5290672151698,-11.415033492023484],[28.6232288693571,-11.27607133340418],[28.6232288693571,-11.090684008554062],[28.7173905235444,-10.905179025987087],[28.7173905235444,-10.81238299754434],[28.858633004825354,-10.62670503861531],[28.858633004825354,-10.533823578159174],[28.811552177731706,-10.487372330684293],[28.811552177731706,-10.301497913948207],[28.76447135063805,-10.25501210074081],[28.76447135063805,-9.975954945240726],[28.858633004825354,-9.78978351745739],[28.858633004825354,-9.696658520532509],[28.76447135063805,-9.603507653146892],[28.76447135063805,-9.417129263716534],[28.67030969645075,-9.370518871316582],[28.67030969645075,-9.323902220872649],[28.576148042263448,-9.230650265963861],[28.67030969645075,-9.137373639416706],[28.7173905235444,-9.137373639416706],[28.952794659012653,-8.904075715355734],[28.952794659012653,-8.85739813906934],[29.094037140293604,-8.670628869626082],[29.094037140293604,-8.530490852923217],[29.141117967387252,-8.48376671106675],[29.423602929949162,-8.48376671106675],[29.47068375704281,-8.437036885012521],[29.706087892511068,-8.437036885012521],[29.753168719604716,-8.390301405156812],[29.988572855072967,-8.390301405156812],[30.035653682166622,-8.343560301914632],[30.318138644728524,-8.343560301914632],[30.36521947182218,-8.296813605719613],[30.647704434384078,-8.296813605719613],[30.694785261477733,-8.25006134702392],[30.694785261477733,-8.343560301914632],[30.977270224039636,-8.623921962551927],[31.07143187822694,-8.670628869626082],[31.30683601369519,-8.670628869626082],[31.353916840788838,-8.717329971106484],[31.448078494976144,-8.717329971106484],[31.495159322069792,-8.810714636100368],[31.636401803350743,-8.950747334736047],[31.73056345753805,-8.997412967006436],[31.871805938818998,-8.997412967006436],[31.871805938818998,-9.044072581982832],[31.9659675930063,-9.137373639416706],[32.389695036849155,-9.184015021605688],[32.53093751813011,-9.323902220872649],[32.672179999411064,-9.323902220872649],[32.76634165359837,-9.417129263716534],[32.86050330778566,-9.417129263716534],[32.907584134879315,-9.510331154397086],[32.907584134879315,-9.603507653146892],[33.00174578906662,-9.696658520532509],[33.09590744325392,-9.743224267732835],[33.19006909744122,-9.743224267732835],[33.28423075162852,-9.836336239872223],[33.23714992453487,-9.929421983544112],[33.23714992453487,-10.069000899616752],[33.33131157872217,-10.115513832866137],[33.47255406000313,-10.25501210074081],[33.47255406000313,-10.34797687310597],[33.56671571419042,-10.533823578159174],[33.47255406000313,-10.62670503861531]]],[[[30.553542780196782,1.4533785115831523],[30.459381126009475,1.3589190834338003],[30.36521947182218,1.3589190834338003],[30.271057817634873,1.3116879679418103],[30.176896163447577,1.2172230945115716],[30.176896163447577,1.1227549117056408],[30.12981533635392,1.0282836762262528],[30.035653682166622,1.0282836762262528],[29.89441120088567,0.8865716608818224],[29.89441120088567,0.6031322245267896],[29.800249546698364,0.46140653732085296],[29.800249546698364,0.3669211238355811],[29.659007065417416,0.17794756025025957],[29.659007065417416,-0.058271875505374035],[29.517764584136465,-0.34173353765999326],[29.517764584136465,-0.4834616657642805],[29.564845411230113,-0.5307037605713554],[29.564845411230113,-0.766908180255325],[29.517764584136465,-0.8141476285454539],[29.517764584136465,-1.2865063742932419],[29.188198794480908,-1.5698817042926574],[29.188198794480908,-1.6171073790966206],[29.094037140293604,-1.7115553999720359],[29.094037140293604,-2.089298400220415],[28.99987548610631,-2.1365102248266297],[28.811552177731706,-2.3253426904691543],[28.811552177731706,-2.5613474991877254],[28.858633004825354,-2.6557374724231892],[29.046956313199956,-2.8916802930392667],[29.046956313199956,-2.938863096688095],[29.188198794480908,-3.0803994121796756],[29.188198794480908,-3.174746557311376],[29.141117967387252,-3.2219169146602926],[29.141117967387252,-3.3634147434026307],[29.188198794480908,-3.4105761656930884],[29.188198794480908,-3.92919212797614],[29.329441275761862,-4.117702081735205],[29.329441275761862,-4.494586041358913],[29.23527962157456,-4.588777230665619],[29.23527962157456,-5.106599876512348],[29.517764584136465,-5.576986217900333],[29.517764584136465,-5.671019276047633],[29.47068375704281,-5.765037011767667],[29.329441275761862,-5.9060343376332005],[29.329441275761862,-6.000012671302573],[29.423602929949162,-6.093974806314279],[29.423602929949162,-6.187920492799751],[29.517764584136465,-6.375761521824192],[29.61192623832376,-6.469656365742246],[29.61192623832376,-6.6104658430781225],[29.753168719604716,-6.751235228232205],[29.84733037379202,-6.938863927822855],[29.89441120088567,-6.985759500746803],[29.988572855072967,-6.985759500746803],[30.08273450926027,-7.032650370963012],[30.223976990541225,-7.173294456126811],[30.318138644728524,-7.3607521903963615],[30.318138644728524,-7.641789685291111],[30.36521947182218,-7.735428103910241],[30.647704434384078,-8.016217683146452],[30.647704434384078,-8.062997296921054],[30.553542780196782,-8.109771500730458],[30.271057817634873,-8.109771500730458],[30.223976990541225,-8.156540264031275],[29.988572855072967,-8.156540264031275],[29.94149202797932,-8.20330355629816],[29.659007065417416,-8.20330355629816],[29.61192623832376,-8.25006134702392],[29.37652210285551,-8.25006134702392],[29.329441275761862,-8.296813605719613],[29.046956313199956,-8.296813605719613],[28.99987548610631,-8.343560301914632],[28.905713831919,-8.343560301914632],[28.858633004825354,-8.390301405156812],[28.858633004825354,-8.670628869626082],[28.811552177731706,-8.764025236691896],[28.576148042263448,-8.997412967006436],[28.5290672151698,-8.997412967006436],[28.3407439067952,-9.137373639416706],[28.3407439067952,-9.323902220872649],[28.481986388076145,-9.417129263716534],[28.576148042263448,-9.603507653146892],[28.576148042263448,-9.696658520532509],[28.6232288693571,-9.743224267732835],[28.576148042263448,-9.836336239872223],[28.576148042263448,-10.069000899616752],[28.5290672151698,-10.115513832866137],[28.5290672151698,-10.208519463077163],[28.576148042263448,-10.25501210074081],[28.576148042263448,-10.487372330684293],[28.6232288693571,-10.580267823955387],[28.5290672151698,-10.673135192704258],[28.481986388076145,-10.905179025987087],[28.434905560982497,-10.95156619981729],[28.434905560982497,-11.137041943133978],[28.293663079701545,-11.415033492023484],[28.293663079701545,-11.507637192693217],[28.387824733888845,-11.646485556188876],[28.387824733888845,-11.739012669294569],[28.481986388076145,-11.923973546242516],[28.76447135063805,-12.06261161648976],[28.952794659012653,-12.247350786595625],[28.952794659012653,-12.339672032048384],[29.094037140293604,-12.478092833452761],[29.329441275761862,-12.43196074654576],[29.423602929949162,-12.5242167021933],[29.564845411230113,-12.5242167021933],[29.659007065417416,-12.43196074654576],[29.659007065417416,-12.293515461431662],[29.753168719604716,-12.247350786595625],[29.753168719604716,-13.123066247437773],[29.706087892511068,-13.07705179146933],[29.564845411230113,-13.07705179146933],[29.47068375704281,-13.169072089780906],[29.23527962157456,-13.26105782144458],[29.046956313199956,-13.169072089780906],[29.046956313199956,-13.07705179146933],[28.905713831919,-12.892908393173446],[28.905713831919,-12.846851290690573],[28.76447135063805,-12.70862942746702],[28.67030969645075,-12.66253871533795],[28.67030969645075,-12.570332324346326],[28.481986388076145,-12.339672032048384],[28.293663079701545,-12.247350786595625],[28.15242059842059,-12.247350786595625],[27.964097290045988,-12.108808422422578],[27.822854808765037,-12.108808422422578],[27.728693154577734,-12.154997238500052],[27.634531500390437,-12.016406849357109],[27.634531500390437,-11.923973546242516],[27.44620819201583,-11.739012669294569],[27.39912736492218,-11.739012669294569],[27.39912736492218,-11.646485556188876],[27.352046537828528,-11.600210431960356],[27.352046537828528,-11.461339135545517],[27.30496571073488,-11.415033492023484],[27.069561575266626,-11.415033492023484],[26.975399921079326,-11.507637192693217],[26.975399921079326,-11.646485556188876],[26.881238266892023,-11.831508742834352],[26.598753304330117,-11.831508742834352],[26.55167247723647,-11.785264600429986],[26.316268341768215,-11.785264600429986],[26.269187514674563,-11.739012669294569],[26.080864206299964,-11.739012669294569],[25.93962172501901,-11.646485556188876],[25.798379243738054,-11.646485556188876],[25.657136762457103,-11.553927634484106],[25.5629751082698,-11.553927634484106],[25.4688134540825,-11.507637192693217],[25.4688134540825,-11.090684008554062],[25.421732626988856,-11.04431872033698],[25.1863284915206,-11.090684008554062],[25.139247664426943,-11.137041943133978],[24.950924356052347,-11.137041943133978],[24.90384352895869,-11.18339249490008],[24.71552022058409,-11.18339249490008],[24.621358566396786,-11.27607133340418],[24.574277739303138,-11.27607133340418],[24.574277739303138,-11.090684008554062],[24.527196912209487,-10.997946107683275],[24.433035258022183,-10.905179025987087],[24.338873603834884,-10.905179025987087],[24.19763112255393,-10.765974201545724],[24.10346946836663,-10.719558256810583],[23.962226987085675,-10.719558256810583],[23.868065332898375,-10.858784615464359],[23.632661197430124,-10.858784615464359],[23.585580370336473,-10.81238299754434],[23.444337889055518,-10.81238299754434],[23.208933753587267,-10.95156619981729],[23.02061044521266,-10.95156619981729],[22.973529618119013,-10.905179025987087],[22.832287136838058,-10.905179025987087],[22.73812548265076,-10.95156619981729],[22.69104465555711,-10.905179025987087],[22.549802174276156,-10.905179025987087],[22.455640520088853,-10.997946107683275],[22.4085596929952,-10.997946107683275],[22.4085596929952,-10.905179025987087],[22.361478865901553,-10.858784615464359],[22.502721347182504,-10.719558256810583],[22.502721347182504,-10.487372330684293],[22.455640520088853,-10.440914111011203],[22.502721347182504,-10.394448948643127],[22.502721347182504,-10.301497913948207],[22.4085596929952,-10.162020030572963],[22.4085596929952,-10.022481260506924],[22.361478865901553,-9.975954945240726],[22.361478865901553,-9.882882405164803],[22.078993903339647,-9.556922592735784],[22.031913076246003,-9.556922592735784],[22.031913076246003,-9.463733368070486],[21.984832249152344,-9.417129263716534],[21.984832249152344,-9.277279342407363],[22.031913076246003,-9.230650265963861],[22.031913076246003,-9.090726149501013],[22.69104465555711,-9.090726149501013],[22.73812548265076,-9.044072581982832],[22.973529618119013,-9.044072581982832],[23.02061044521266,-8.997412967006436],[23.208933753587267,-8.997412967006436],[23.256014580680915,-8.950747334736047],[23.39725706196187,-8.950747334736047],[23.444337889055518,-8.904075715355734],[23.585580370336473,-8.904075715355734],[23.632661197430124,-8.85739813906934],[23.726822851617424,-8.85739813906934],[23.773903678711072,-8.810714636100368],[23.915146159992027,-8.810714636100368],[24.10346946836663,-8.717329971106484],[24.19763112255393,-8.717329971106484],[24.24471194964758,-8.670628869626082],[24.338873603834884,-8.670628869626082],[24.385954430928532,-8.623921962551927],[24.527196912209487,-8.623921962551927],[24.71552022058409,-8.530490852923217],[24.80968187477139,-8.530490852923217],[24.85676270186504,-8.48376671106675],[24.950924356052347,-8.48376671106675],[24.998005183145995,-8.437036885012521],[25.092166837333295,-8.437036885012521],[25.139247664426943,-8.390301405156812],[25.233409318614246,-8.390301405156812],[25.280490145707898,-8.343560301914632],[25.374651799895197,-8.343560301914632],[25.421732626988856,-8.296813605719613],[25.515894281176152,-8.296813605719613],[25.5629751082698,-8.25006134702392],[25.657136762457103,-8.25006134702392],[25.798379243738054,-8.156540264031275],[25.892540897925358,-8.156540264031275],[26.64583413142377,-7.7822395350659],[26.881238266892023,-7.5949627592135025],[26.92831909398567,-7.5949627592135025],[27.352046537828528,-7.220166206353079],[27.352046537828528,-7.173294456126811],[27.634531500390437,-6.891963683138622],[27.634531500390437,-6.845058797657161],[27.728693154577734,-6.751235228232205],[27.869935635858692,-6.469656365742246],[27.869935635858692,-6.375761521824192],[28.199501425514242,-5.7180300748793655],[28.199501425514242,-5.435908449854696],[28.246582252607894,-5.388875137810565],[28.246582252607894,-5.059541728336629],[28.293663079701545,-5.012480158018653],[28.293663079701545,-4.730040636151088],[28.3407439067952,-4.682955993586606],[28.3407439067952,-4.2119404454505815],[28.293663079701545,-4.164822674448497],[28.293663079701545,-3.8349210455571603],[28.246582252607894,-3.7877815890774422],[28.246582252607894,-3.4577352745963896],[28.199501425514242,-3.4105761656930884],[28.199501425514242,-3.0332226881618745],[28.15242059842059,-2.986043905697967],[28.15242059842059,-2.6557374724231892],[28.105339771326946,-2.6085433713587878],[28.105339771326946,-2.1837205981593493],[28.15242059842059,-2.1365102248266297],[28.15242059842059,-1.6171073790966206],[28.199501425514242,-1.5698817042926574],[28.199501425514242,-1.2392739050961863],[28.293663079701545,-1.0975715719088395],[28.3407439067952,-0.8613865233686875],[28.387824733888845,-0.8141476285454539],[28.387824733888845,-0.7196682106043119],[28.481986388076145,-0.577945494571997],[28.5290672151698,-0.34173353765999326],[28.576148042263448,-0.29449032078787235],[28.576148042263448,-0.20000331849916572],[28.6232288693571,-0.15275959732215327],[28.6232288693571,-0.058271875505374035],[28.811552177731706,0.17794756025025957],[28.811552177731706,0.22519121292611552],[28.952794659012653,0.3669211238355811],[29.046956313199956,0.5558906960147149],[29.188198794480908,0.6976140193159305],[29.188198794480908,0.7448542213711247],[29.329441275761862,0.8865716608818224],[29.423602929949162,1.0755196595045777],[29.564845411230113,1.2172230945115716],[29.659007065417416,1.4061492753391003],[29.800249546698364,1.5478339888056205],[29.89441120088567,1.7367320644087612],[30.36521947182218,2.161680576060314],[30.36521947182218,2.208890162566219],[30.60062360729043,2.444914950033964],[30.647704434384078,2.5393134668913846],[30.647704434384078,2.492115054592787],[30.883108569852336,2.2560982487287675],[31.07143187822694,2.2560982487287675],[31.21267435950789,2.161680576060314],[31.165593532414235,2.067257030041802],[30.553542780196782,1.5006067600946442],[30.553542780196782,1.4533785115831523]]],[[[30.36521947182218,-2.5613474991877254],[30.36521947182218,-2.844495526665248],[30.459381126009475,-2.986043905697967],[30.60062360729043,-2.986043905697967],[30.694785261477733,-3.0332226881618745],[30.74186608857138,-3.127574045858205],[30.694785261477733,-3.127574045858205],[30.647704434384078,-3.2219169146602926],[30.506461953103123,-3.3634147434026307],[30.412300298915827,-3.4105761656930884],[30.271057817634873,-3.693495004412577],[30.271057817634873,-3.7877815890774422],[30.176896163447577,-3.8349210455571603],[30.12981533635392,-3.976323690407821],[29.89441120088567,-4.2119404454505815],[29.800249546698364,-4.2119404454505815],[29.706087892511068,-4.306167395555814],[29.564845411230113,-4.306167395555814],[29.517764584136465,-4.070578699013978],[29.37652210285551,-3.8349210455571603],[29.37652210285551,-2.938863096688095],[29.32944418145416,-2.8916802930392667],[29.800249546698364,-2.8916802930392667],[29.89441120088567,-2.844495526665248],[30.035653682166622,-2.7029297704288657],[30.035653682166622,-2.5613474991877254],[30.08273450926027,-2.4669505693638016],[30.12981533635392,-2.5141498878680735],[30.223976990541225,-2.5141498878680735],[30.318138644728524,-2.4197495756446674],[30.459381126009475,-2.4197495756446674],[30.36521947182218,-2.5613474991877254]]],[[[29.282360448668207,-2.8444916650589787],[29.32944418145416,-2.8916802930392667],[29.329441275761862,-2.8916802930392667],[29.282360448668207,-2.844495526665248],[29.282360448668207,-2.8444916650589787]]],[[[29.188198794480908,-2.6557374724231892],[29.282360448668207,-2.7029297704288657],[29.282360448668207,-2.8444916650589787],[29.188198794480908,-2.750120233429866],[29.188198794480908,-2.6557374724231892]]],[[[30.788946915665033,-2.1837205981593493],[30.694785261477733,-2.1837205981593493],[30.60062360729043,-2.230929488211307],[30.506461953103123,-2.1365102248266297],[30.412300298915827,-2.1365102248266297],[30.36521947182218,-2.1837205981593493],[30.223976990541225,-2.1837205981593493],[30.12981533635392,-2.230929488211307],[30.08273450926027,-2.1837205981593493],[29.94149202797932,-2.1837205981593493],[29.89441120088567,-2.230929488211307],[29.89441120088567,-2.372546938686113],[29.84733037379202,-2.4197495756446674],[29.84733037379202,-2.6085433713587878],[29.659007065417416,-2.6085433713587878],[29.61192623832376,-2.6557374724231892],[29.47068375704281,-2.6557374724231892],[29.47068375704281,-2.6085433713587878],[29.37652210285551,-2.5141498878680735],[29.282360448668207,-2.4669505693638016],[29.046956313199956,-2.4669505693638016],[29.046956313199956,-2.372546938686113],[29.094037140293604,-2.372546938686113],[29.282360448668207,-2.1837205981593493],[29.282360448668207,-1.8059987688535322],[29.329441275761862,-1.7115553999720359],[29.61192623832376,-1.4754271862481834],[29.706087892511068,-1.4754271862481834],[29.800249546698364,-1.4281984071368634],[29.89441120088567,-1.5226549626555657],[30.035653682166622,-1.5226549626555657],[30.12981533635392,-1.4754271862481834],[30.412300298915827,-1.1920405935758709],[30.647704434384078,-1.4281984071368634],[30.694785261477733,-1.4281984071368634],[30.694785261477733,-1.5226549626555657],[30.788946915665033,-1.664331955008241],[30.788946915665033,-1.7587776819363639],[30.74186608857138,-1.8059987688535322],[30.74186608857138,-2.0420851563528952],[30.83602774275868,-2.089298400220415],[30.788946915665033,-2.1837205981593493]]],[[[32.57801834522376,-1.4281984071368634],[32.62509917231741,-1.3337379690847426],[32.672179999411064,-1.3809686573913644],[32.672179999411064,-1.4754271862481834],[32.57801834522376,-1.4281984071368634]]],[[[34.367089774782485,3.294231850280426],[34.367089774782485,3.1998956615179734],[34.50833225606344,3.0583751748489822],[34.50833225606344,2.9640177533451344],[34.55541308315709,2.869652285244112],[34.649574737344395,2.7752790258539544],[34.696655564438046,2.7752790258539544],[34.74373639153169,2.6808982305883244],[34.74373639153169,2.5865101549630727],[34.79081721862534,2.5393134668913846],[34.79081721862534,2.35050979203098],[34.884978872812646,2.208890162566219],[34.884978872812646,1.9728278667691397],[34.9320596999063,1.9256112587134218],[34.9320596999063,1.7839537132228562],[34.79081721862534,1.5950601656515888],[34.696655564438046,1.3589190834338003],[34.50833225606344,1.264455960940826],[34.41417060187614,1.1699894007376912],[34.41417060187614,1.0755196595045777],[34.367089774782485,0.9810469939649005],[34.22584729350153,0.839333074260007],[34.178766466407886,0.7448542213711247],[34.08460481222058,0.6976140193159305],[34.08460481222058,0.6031322245267896],[33.99044315803328,0.46140653732085296],[33.99044315803328,0.3196780268382427],[33.943362330939635,0.3196780268382427],[33.84920067675234,0.22519121292611552],[33.84920067675234,-0.011027939107626452],[33.89628150384598,-0.058271875505374035],[33.89628150384598,-0.15275959732215327],[33.70795819547138,-0.15275959732215327],[33.56671571419042,0.03621600478804966],[33.37839240581582,0.03621600478804966],[33.28423075162852,-0.15275959732215327],[33.23714992453487,-0.15275959732215327],[33.09590744325392,-0.011027939107626452],[32.954664961972966,-0.011027939107626452],[32.907584134879315,-0.10551577228392683],[32.81342248069201,-0.15275959732215327],[32.81342248069201,-0.29449032078787235],[32.76634165359837,-0.34173353765999326],[32.672179999411064,-0.34173353765999326],[32.53093751813011,-0.5307037605713554],[32.436775863942806,-0.577945494571997],[32.436775863942806,-0.6724277517001968],[32.389695036849155,-0.7196682106043119],[32.29553338266186,-0.7196682106043119],[32.29553338266186,-0.6724277517001968],[32.10721007428725,-0.4834616657642805],[31.9659675930063,-0.4834616657642805],[31.871805938818998,-0.6251868356524254],[31.871805938818998,-0.8613865233686875],[30.74186608857138,-0.8613865233686875],[30.694785261477733,-0.9086248326208967],[30.36521947182218,-0.9086248326208967],[30.271057817634873,-1.0030995660057824],[30.271057817634873,-1.0503359259405867],[30.035653682166622,-1.2865063742932419],[29.988572855072967,-1.2865063742932419],[29.94149202797932,-1.1920405935758709],[29.753168719604716,-1.1920405935758709],[29.706087892511068,-1.144806471817452],[29.706087892511068,-0.9558625241999417],[29.753168719604716,-0.9086248326208967],[29.753168719604716,-0.6724277517001968],[29.800249546698364,-0.6251868356524254],[29.800249546698364,-0.29449032078787235],[29.84733037379202,-0.2472469036944295],[29.84733037379202,0.03621600478804966],[29.988572855072967,0.22519121292611552],[29.988572855072967,0.3669211238355811],[30.08273450926027,0.46140653732085296],[30.08273450926027,0.7920939170547672],[30.12981533635392,0.839333074260007],[30.223976990541225,0.839333074260007],[30.36521947182218,0.9810469939649005],[30.36521947182218,1.0755196595045777],[30.647704434384078,1.2172230945115716],[30.74186608857138,1.3116879679418103],[30.74186608857138,1.3589190834338003],[31.07143187822694,1.689509235508502],[31.165593532414235,1.689509235508502],[31.30683601369519,1.8311741499052447],[31.353916840788838,1.9256112587134218],[31.353916840788838,2.0200431345532253],[31.400997667882493,2.067257030041802],[31.400997667882493,2.2560982487287675],[31.25975518660154,2.444914950033964],[31.165593532414235,2.444914950033964],[31.07143187822694,2.5393134668913846],[30.930189396945984,2.5393134668913846],[30.883108569852336,2.5865101549630727],[30.977270224039636,2.7752790258539544],[30.977270224039636,3.011197485874237],[30.930189396945984,3.0583751748489822],[30.930189396945984,3.1998956615179734],[31.07143187822694,3.43571929262134],[31.07143187822694,3.624336442256288],[31.118512705320587,3.624336442256288],[31.21267435950789,3.7186303985488793],[31.353916840788838,3.7186303985488793],[31.448078494976144,3.624336442256288],[31.683482630444395,3.624336442256288],[31.824725111725346,3.7186303985488793],[31.9659675930063,3.530032655456257],[32.154290901380904,3.43571929262134],[32.24845255556821,3.43571929262134],[32.3426142097555,3.624336442256288],[32.436775863942806,3.671484665115392],[32.57801834522376,3.671484665115392],[32.62509917231741,3.7186303985488793],[32.907584134879315,3.7186303985488793],[33.04882661616026,3.812914269994506],[33.14298827034757,3.7186303985488793],[33.28423075162852,3.7186303985488793],[33.33131157872217,3.671484665115392],[33.56671571419042,3.671484665115392],[33.99044315803328,4.095702833921421],[33.99044315803328,4.001450741672393],[34.03752398512693,3.9543206120437975],[34.03752398512693,3.8600523444558235],[34.08460481222058,3.7657736107684934],[34.367089774782485,3.624336442256288],[34.32000894768884,3.577185761768246],[34.32000894768884,3.341396608353718],[34.367089774782485,3.294231850280426]]],[[[33.23714992453487,3.90718780239009],[33.14298827034757,3.9543206120437975],[33.09590744325392,4.048578159540377],[33.00174578906662,4.048578159540377],[32.81342248069201,3.90718780239009],[32.48385669103646,3.90718780239009],[32.436775863942806,3.8600523444558235],[32.3426142097555,3.8600523444558235],[32.154290901380904,3.7186303985488793],[32.06012924719361,3.7186303985488793],[32.06012924719361,3.7657736107684934],[31.871805938818998,3.9543206120437975],[31.777644284631698,3.9543206120437975],[31.636401803350743,3.812914269994506],[31.542240149163447,3.812914269994506],[31.400997667882493,3.90718780239009],[31.165593532414235,3.9543206120437975],[31.07143187822694,3.8600523444558235],[30.977270224039636,3.8600523444558235],[30.930189396945984,3.812914269994506],[30.883108569852336,3.8600523444558235],[30.883108569852336,4.001450741672393],[30.459381126009475,4.6138841177356635],[30.459381126009475,4.660973399099906],[30.318138644728524,4.802222186572668],[30.223976990541225,4.9905082592186645],[30.12981533635392,5.084631166106304],[30.12981533635392,5.1316874768981835],[30.035653682166622,5.2257896557458325],[30.035653682166622,5.272835460863827],[29.94149202797932,5.366916345232748],[29.94149202797932,5.413951361617564],[29.800249546698364,5.555034330633014],[29.706087892511068,5.743092264119252],[29.61192623832376,5.8370980843525775],[29.61192623832376,5.884095098233436],[28.76447135063805,6.729331791973142],[28.7173905235444,6.729331791973142],[27.681612327484086,7.760386225383352],[27.634531500390437,7.760386225383352],[27.116642402360274,8.274987962601058],[27.069561575266626,8.274987962601058],[26.83415743979837,8.508678355107484],[26.78707661270472,8.508678355107484],[26.598753304330117,8.695528244813756],[26.55167247723647,8.695528244813756],[26.316268341768215,8.92895939101267],[26.269187514674563,8.92895939101267],[26.080864206299964,9.11559697557101],[26.03378337920631,9.11559697557101],[25.798379243738054,9.348756623618945],[25.751298416644403,9.348756623618945],[25.5629751082698,9.535172130256525],[25.515894281176152,9.535172130256525],[25.092166837333295,9.907695761656566],[25.1863284915206,10.047283997497088],[25.1863284915206,10.233307819034994],[25.421732626988856,10.233307819034994],[25.4688134540825,10.279796821930129],[25.610055935363455,10.279796821930129],[25.657136762457103,10.326278984588548],[25.84546007083171,10.326278984588548],[25.84546007083171,10.233307819034994],[26.363349168861866,9.721485814067341],[26.457510823049166,9.721485814067341],[26.504591650142817,9.768048100858387],[26.504591650142817,9.861153104464806],[26.080864206299964,10.279796821930129],[26.080864206299964,10.372754277428797],[26.03378337920631,10.46568413544138],[25.93962172501901,10.558586159766971],[25.704217589550755,10.558586159766971],[25.657136762457103,10.51213864156344],[25.4688134540825,10.51213864156344],[25.421732626988856,10.46568413544138],[25.139247664426943,10.46568413544138],[24.998005183145995,10.279796821930129],[24.998005183145995,10.093800065078677],[24.90384352895869,10.047283997497088],[24.527196912209487,10.372754277428797],[24.480116085115835,10.372754277428797],[22.926448791025365,11.902392718259906],[22.832287136838058,12.087242395116293],[22.832287136838058,12.179619489420002],[22.69104465555711,12.410421134880814],[22.643963828463455,12.641018370921437],[22.502721347182504,12.871407646701492],[22.502721347182504,13.009539920324205],[22.596883001369807,13.193596533685367],[22.596883001369807,13.28557301292375],[22.643963828463455,13.331548197653872],[22.643963828463455,13.423472317606638],[22.69104465555711,13.469421197021047],[22.69104465555711,13.561292455414975],[22.73812548265076,13.607214778754303],[22.73812548265076,13.699032674828551],[22.78520630974441,13.744928192092672],[22.78520630974441,13.882560688565052],[22.832287136838058,13.928420076830106],[22.832287136838058,14.02011152200831],[22.87936796393171,14.065943523851121],[22.87936796393171,14.157579948585225],[22.926448791025365,14.249179418444134],[24.10346946836663,15.345411290756255],[24.19763112255393,15.345411290756255],[24.433035258022183,15.482045246133753],[24.527196912209487,15.482045246133753],[24.668439393490438,15.573084487358523],[24.76260104767774,15.573084487358523],[24.90384352895869,15.664083431167413],[24.998005183145995,15.664083431167413],[25.233409318614246,15.8005058264803],[25.327570972801546,15.8005058264803],[25.515894281176152,15.891403102083494],[26.64583413142377,16.933719841516254],[26.692914958517417,16.933719841516254],[27.30496571073488,17.52033560556058],[27.30496571073488,17.565382317132528],[27.587450673296782,17.835426335693203],[27.587450673296782,17.88039406417258],[27.91701646295234,18.194848057486393],[27.91701646295234,18.239724030867173],[28.199501425514242,18.50873582992874],[28.199501425514242,18.553530228263213],[28.481986388076145,18.82204899763444],[28.481986388076145,18.86676063007627],[28.67030969645075,19.04548771773527],[28.76447135063805,19.22402254884893],[28.858633004825354,19.313217391339673],[28.858633004825354,19.357796586211858],[28.952794659012653,19.446918404889566],[28.952794659012653,19.49146098147488],[29.094037140293604,19.62501509765232],[29.188198794480908,19.802914611823358],[29.282360448668207,19.891789959434814],[29.282360448668207,19.936208949408886],[29.37652210285551,20.025009445727903],[29.37652210285551,20.069390905796105],[29.47068375704281,20.158116134332598],[29.564845411230113,20.37970826506047],[29.659007065417416,20.468256260211703],[29.94149202797932,21.04256582304002],[30.035653682166622,21.130726550789856],[30.412300298915827,21.83411130429615],[30.412300298915827,21.92179414029407],[31.30683601369519,21.92179414029407],[31.353916840788838,21.965615330886255],[31.400997667882493,21.92179414029407],[34.74373639153169,21.92179414029407],[34.74373639153169,21.658584416687745],[34.696655564438046,21.61466923440292],[34.696655564438046,21.52679886941702],[34.74373639153169,21.4828437303087],[34.74373639153169,21.174787277112692],[34.79081721862534,21.130726550789856],[34.79081721862534,20.82193593718113],[34.837898045718994,20.777771041564773],[34.837898045718994,20.468256260211703],[34.884978872812646,20.423988632400665],[34.884978872812646,20.291109402985963],[34.9320596999063,20.246790953940604],[34.9320596999063,20.113759809679948],[34.97914052699995,20.069390905796105],[34.97914052699995,19.936208949408886],[35.0262213540936,19.891789959434814],[35.0262213540936,19.758458300681745],[35.073302181187245,19.71398959570741],[35.073302181187245,19.580509351358167],[35.120383008280896,19.535991304804405],[35.120383008280896,19.40236359860452],[35.167463835374555,19.357796586211858],[35.167463835374555,19.22402254884893],[35.2145446624682,19.179406948666163],[35.2145446624682,19.04548771773527],[35.26162548956185,19.000823910107865],[35.26162548956185,18.86676063007627],[35.3087063166555,18.82204899763444],[35.3087063166555,18.687842819805557],[35.355787143749154,18.64308374745214],[35.355787143749154,18.50873582992874],[35.402867970842806,18.46392970482681],[35.402867970842806,18.194848057486393],[35.44994879793645,18.149960528438864],[35.44994879793645,17.790447249170906],[35.49702962503011,17.74545682946343],[35.49702962503011,17.385128471329224],[35.54411045212375,17.34003717717986],[35.54411045212375,16.97890996914995],[35.591191279217405,16.933719841516254],[35.591191279217405,16.571810209012153],[35.63827210631106,16.526523313222366],[35.63827210631106,16.1638478751106],[35.68535293340471,16.118466300480982],[35.68535293340471,15.755041865956738],[35.73243376049836,15.709567725395141],[35.73243376049836,14.294965226802278],[35.779514587592004,14.249179418444134],[35.779514587592004,13.37751464185419],[35.87367624177932,13.28557301292375],[35.87367624177932,12.82534659824895],[35.73243376049836,12.82534659824895],[35.54411045212375,12.641018370921437],[35.402867970842806,12.364277044624986],[35.3087063166555,12.271964448795428],[35.26162548956185,12.133434944829398],[35.167463835374555,12.041041868922502],[35.167463835374555,11.994833394915517],[35.120383008280896,11.994833394915517],[34.97914052699995,11.856160573073987],[34.97914052699995,11.53231785017311],[34.884978872812646,11.393413071782023],[34.884978872812646,11.069039245932714],[34.837898045718994,11.022670534660413],[34.837898045718994,10.883520653031873],[34.79081721862534,10.883520653031873],[34.649574737344395,11.022670534660413],[34.55541308315709,11.022670534660413],[34.367089774782485,10.883520653031873],[34.367089774782485,10.837122874082075],[34.27292812059518,10.744305764373859],[34.22584729350153,10.651460114568163],[34.22584729350153,10.372754277428797],[34.27292812059518,10.326278984588548],[34.131685639314234,10.047283997497088],[34.131685639314234,9.95423181606082],[34.08460481222058,9.907695761656566],[34.08460481222058,10.186812005506953],[34.03752398512693,10.279796821930129],[33.943362330939635,10.372754277428797],[33.84920067675234,10.372754277428797],[33.84920067675234,10.419222670891894],[33.70795819547138,10.558586159766971],[33.61379654128408,10.558586159766971],[33.61379654128408,10.60502666058368],[33.425473232909475,10.790717901419532],[33.33131157872217,10.837122874082075],[33.33131157872217,10.97629451259194],[33.28423075162852,11.022670534660413],[33.28423075162852,11.300772118779948],[33.23714992453487,11.347096352667988],[33.23714992453487,11.671153951523861],[33.28423075162852,11.717417255392588],[33.28423075162852,12.041041868922502],[33.33131157872217,12.087242395116293],[33.33131157872217,12.271964448795428],[33.23714992453487,12.364277044624986],[32.71926082650471,12.364277044624986],[32.672179999411064,12.31812480642581],[32.672179999411064,12.133434944829398],[32.154290901380904,12.133434944829398],[32.06012924719361,12.041041868922502],[32.06012924719361,11.94861700178844],[32.29553338266186,11.717417255392588],[32.29553338266186,11.254440399185196],[32.3426142097555,11.208101222975296],[32.3426142097555,11.115400617197185],[32.29553338266186,11.022670534660413],[32.20137172847455,11.022670534660413],[31.871805938818998,10.697886492298005],[31.73056345753805,10.419222670891894],[31.21267435950789,9.907695761656566],[30.883108569852336,9.907695761656566],[30.83602774275868,9.861153104464806],[30.60062360729043,10.093800065078677],[30.412300298915827,10.186812005506953],[30.318138644728524,10.279796821930129],[30.271057817634873,10.279796821930129],[30.176896163447577,10.372754277428797],[29.94149202797932,10.372754277428797],[29.659007065417416,10.233307819034994],[29.564845411230113,10.140309410972087],[29.564845411230113,9.95423181606082],[29.423602929949162,9.861153104464806],[29.282360448668207,9.861153104464806],[29.23527962157456,9.814603874265055],[29.141117967387252,9.814603874265055],[29.046956313199956,9.768048100858387],[28.905713831919,9.62834181972908],[28.905713831919,9.581760171933476],[28.858633004825354,9.581760171933476],[28.76447135063805,9.48857772462675],[28.76447135063805,9.441976984993591],[28.67030969645075,9.441976984993591],[28.6232288693571,9.48857772462675],[28.15242059842059,9.48857772462675],[28.01117811713964,9.721485814067341],[27.775773981671385,9.721485814067341],[27.728693154577734,9.768048100858387],[27.163723229453925,9.768048100858387],[26.975399921079326,9.674917043735837],[26.881238266892023,9.674917043735837],[26.83415743979837,9.62834181972908],[26.692914958517417,9.62834181972908],[26.598753304330117,9.721485814067341],[26.504591650142817,9.721485814067341],[26.457510823049166,9.674917043735837],[26.457510823049166,9.581760171933476],[26.598753304330117,9.441976984993591],[26.692914958517417,9.395369941327319],[26.78707661270472,9.395369941327319],[27.069561575266626,9.535172130256525],[27.822854808765037,9.535172130256525],[27.91701646295234,9.48857772462675],[27.91701646295234,9.441976984993591],[28.105339771326946,9.255511286143076],[28.952794659012653,9.255511286143076],[28.99987548610631,9.302137061880128],[28.99987548610631,9.48857772462675],[29.046956313199956,9.48857772462675],[29.23527962157456,9.62834181972908],[29.329441275761862,9.62834181972908],[29.37652210285551,9.674917043735837],[29.517764584136465,9.674917043735837],[29.61192623832376,9.721485814067341],[29.753168719604716,9.907695761656566],[29.753168719604716,10.000761237919706],[29.84733037379202,10.093800065078677],[30.035653682166622,10.186812005506953],[30.176896163447577,10.140309410972087],[30.412300298915827,9.95423181606082],[30.459381126009475,9.95423181606082],[30.74186608857138,9.674917043735837],[31.07143187822694,9.674917043735837],[31.118512705320587,9.721485814067341],[31.30683601369519,9.721485814067341],[31.871805938818998,10.279796821930129],[31.871805938818998,10.326278984588548],[32.01304842009995,10.46568413544138],[32.01304842009995,10.558586159766971],[32.3426142097555,10.883520653031873],[32.3426142097555,10.929911208962727],[32.436775863942806,10.929911208962727],[32.57801834522376,11.069039245932714],[32.53093751813011,11.300772118779948],[32.48385669103646,11.347096352667988],[32.48385669103646,11.763672812833015],[32.3426142097555,11.94861700178844],[32.81342248069201,11.94861700178844],[32.86050330778566,11.994833394915517],[32.86050330778566,12.133434944829398],[33.14298827034757,12.133434944829398],[33.09590744325392,12.087242395116293],[33.09590744325392,11.809920595000118],[33.04882661616026,11.763672812833015],[33.04882661616026,11.254440399185196],[33.09590744325392,11.208101222975296],[33.09590744325392,10.744305764373859],[33.19006909744122,10.651460114568163],[33.28423075162852,10.651460114568163],[33.47255406000313,10.46568413544138],[33.56671571419042,10.46568413544138],[33.56671571419042,10.419222670891894],[33.70795819547138,10.279796821930129],[33.80211984965868,10.279796821930129],[33.80211984965868,10.233307819034994],[33.89628150384598,10.140309410972087],[33.89628150384598,9.861153104464806],[33.80211984965868,9.674917043735837],[33.80211984965868,9.535172130256525],[33.89628150384598,9.395369941327319],[33.99044315803328,9.395369941327319],[34.03752398512693,9.302137061880128],[34.03752398512693,8.648824429214574],[33.89628150384598,8.555399454022542],[33.75503902256502,8.555399454022542],[33.70795819547138,8.602114822174382],[33.23714992453487,8.602114822174382],[33.09590744325392,8.4619515557966],[33.09590744325392,8.228233117479009],[32.954664961972966,8.041158864070942],[32.954664961972966,7.853998279823823],[33.09590744325392,7.713572364809723],[33.23714992453487,7.713572364809723],[33.28423075162852,7.666753322894915],[33.51963488709677,7.666753322894915],[33.56671571419042,7.619929130331298],[33.660877368377726,7.619929130331298],[33.75503902256502,7.573099817828384],[33.84920067675234,7.4794259559277965],[33.943362330939635,7.4794259559277965],[33.943362330939635,7.3388775322443935],[33.99044315803328,7.245153855159842],[34.131685639314234,7.104531864286266],[34.131685639314234,7.057648264081545],[34.27292812059518,6.916969086430855],[34.367089774782485,6.916969086430855],[34.55541308315709,6.6824110575030735],[34.602493910250736,6.6824110575030735],[34.696655564438046,6.588556112703595],[34.74373639153169,6.353841591407781],[34.79081721862534,6.3068857086570365],[34.79081721862534,6.21296121377073],[34.884978872812646,6.072043115642228],[34.884978872812646,5.931088139569873],[35.0262213540936,5.649070929324915],[35.167463835374555,5.508010385713988],[35.2145446624682,5.366916345232748],[35.3087063166555,5.272835460863827],[35.402867970842806,5.272835460863827],[35.49702962503011,5.366916345232748],[35.54411045212375,5.3198777011725005],[35.68535293340471,5.3198777011725005],[35.73243376049836,5.178740317269621],[35.68535293340471,5.1316874768981835],[35.68535293340471,4.943441726130474],[35.63827210631106,5.037571416380449],[35.54411045212375,5.084631166106304],[35.49702962503011,5.178740317269621],[35.402867970842806,5.178740317269621],[35.355787143749154,5.1316874768981835],[35.2145446624682,5.1316874768981835],[34.837898045718994,4.943441726130474],[34.74373639153169,4.943441726130474],[34.50833225606344,4.802222186572668],[34.41417060187614,4.802222186572668],[33.51963488709677,3.90718780239009],[33.23714992453487,3.90718780239009]]],[[[36.815292783652325,28.872147491709512],[36.67405030237137,28.747958955743513],[36.67405030237137,28.706529903643844],[36.53280782109042,28.582144339159235],[36.53280782109042,28.540649732382747],[36.34448451271583,28.374507954198705],[36.34448451271583,28.33293174896158],[36.20324203143487,28.208105555695607],[36.20324203143487,28.166464350746526],[35.73243376049836,27.707344659326143],[35.73243376049836,27.414165996770475],[35.591191279217405,27.414165996770475],[35.44994879793645,27.623659262471925],[35.3087063166555,27.623659262471925],[35.3087063166555,27.665509970672794],[35.2145446624682,27.707344659326143],[35.073302181187245,27.83275244657709],[35.0262213540936,27.916277245102805],[34.602493910250736,27.87452289581828],[34.55541308315709,27.916277245102805],[34.46125142896979,27.916277245102805],[34.367089774782485,27.83275244657709],[34.367089774782485,27.749163312269378],[34.32000894768884,27.707344659326143],[34.131685639314234,27.790965913380305],[33.99044315803328,27.790965913380305],[33.943362330939635,27.749163312269378],[33.943362330939635,27.665509970672794],[34.131685639314234,27.539909852279724],[34.131685639314234,27.456096558857503],[34.03752398512693,27.372219512959067],[34.08460481222058,27.16224884502807],[33.99044315803328,27.120207177630302],[33.99044315803328,27.036076442278773],[34.08460481222058,26.951882617904438],[34.08460481222058,26.6989239601371],[34.178766466407886,26.572233306373462],[34.178766466407886,26.487694916117572],[34.27292812059518,26.40309432343777],[34.27292812059518,26.31843166715008],[34.32000894768884,26.233707086714226],[34.41417060187614,26.14892072223334],[34.41417060187614,26.064072714453708],[34.602493910250736,25.851683935020198],[34.837898045718994,25.425762152763983],[34.837898045718994,25.340395950337],[34.9320596999063,25.2549694737178],[34.97914052699995,25.12671706746458],[35.073302181187245,25.04114055198503],[35.073302181187245,24.91266378448977],[35.26162548956185,24.74115315951906],[35.26162548956185,24.526431861784026],[35.3087063166555,24.483443390260174],[35.44994879793645,24.483443390260174],[35.49702962503011,24.44044022605159],[35.49702962503011,24.26828102718711],[35.87367624177932,24.009604732361094],[35.87367624177932,23.923263258632282],[35.92075706887296,23.880070852144563],[35.87367624177932,23.836864025528044],[35.68535293340471,23.836864025528044],[35.591191279217405,23.750407191005188],[35.591191279217405,23.49069266793522],[35.63827210631106,23.447356954271587],[35.63827210631106,23.36064288494947],[35.68535293340471,23.317264569643932],[35.779514587592004,23.317264569643932],[35.73243376049836,23.013221016979013],[35.591191279217405,22.92622496718735],[35.26162548956185,22.882705967613216],[34.9320596999063,22.621299626486024],[34.884978872812646,22.53405330891032],[34.884978872812646,22.446751834425417],[34.837898045718994,22.403080465799704],[34.837898045718994,22.271984087112],[34.79081721862534,22.228257940371236],[34.79081721862534,22.140764743291832],[31.636401803350743,22.140764743291832],[31.636401803350743,22.228257940371236],[31.542240149163447,22.359395370973076],[31.400997667882493,22.359395370973076],[31.30683601369519,22.271984087112],[31.25975518660154,22.140764743291832],[30.506461953103123,22.140764743291832],[30.553542780196782,22.228257940371236],[30.553542780196782,22.315696571034636],[30.60062360729043,22.359395370973076],[30.60062360729043,22.490409455799625],[30.647704434384078,22.53405330891032],[30.647704434384078,22.621299626486024],[30.694785261477733,22.664902049120037],[30.694785261477733,22.752065317792898],[30.74186608857138,22.79562612223285],[30.74186608857138,22.882705967613216],[30.788946915665033,22.92622496718735],[30.788946915665033,23.013221016979013],[30.83602774275868,23.056698026063355],[30.83602774275868,23.14360991006786],[30.883108569852336,23.187044744088386],[30.883108569852336,23.27387209420924],[30.930189396945984,23.317264569643932],[30.930189396945984,23.4040070198907],[30.977270224039636,23.447356954271587],[30.977270224039636,23.534014140763865],[31.024351051133284,23.57732135267896],[31.024351051133284,23.66389291365028],[31.07143187822694,23.707157222745497],[31.07143187822694,23.793642798547037],[31.118512705320587,23.836864025528044],[31.118512705320587,23.9664412252663],[31.165593532414235,24.009604732361094],[31.165593532414235,24.18211377301794],[31.21267435950789,24.22520468851439],[31.21267435950789,24.44044022605159],[31.25975518660154,24.483443390260174],[31.25975518660154,24.698238438197507],[31.30683601369519,24.74115315951906],[31.30683601369519,24.955504281285933],[31.353916840788838,24.998329876695745],[31.353916840788838,25.16948287038581],[31.400997667882493,25.212233678648477],[31.400997667882493,25.425762152763983],[31.448078494976144,25.468422605242907],[31.448078494976144,27.16224884502807],[31.495159322069792,27.20427468997745],[31.495159322069792,28.124806934963726],[31.542240149163447,28.166464350746526],[31.542240149163447,28.416067870615432],[31.589320976257095,28.457611482735526],[31.589320976257095,28.665084440044033],[31.636401803350743,28.706529903643844],[31.636401803350743,28.913510746678174],[31.683482630444395,28.954857514783157],[31.683482630444395,29.120079420136765],[31.73056345753805,29.161343530453976],[31.73056345753805,29.28503634679092],[31.824725111725346,29.44972735460285],[31.824725111725346,29.531972847967918],[31.918886765912653,29.655215750436277],[31.918886765912653,29.73729396011092],[32.01304842009995,29.901248927649526],[32.10721007428725,29.983125460135092],[32.10721007428725,30.024038439571754],[32.53093751813011,30.39149415998092],[32.57801834522376,30.39149415998092],[32.672179999411064,30.472964338837837],[32.86050330778566,30.554366410784414],[32.954664961972966,30.554366410784414],[33.19006909744122,30.676341583844046],[33.28423075162852,30.676341583844046],[33.37839240581582,30.716965805643234],[33.51963488709677,30.879291494347783],[33.51963488709677,31.122264993694575],[33.61379654128408,31.203118403573264],[33.80211984965868,31.203118403573264],[33.84920067675234,31.243519221484828],[33.943362330939635,31.243519221484828],[34.131685639314234,31.324269019720898],[34.131685639314234,31.243519221484828],[34.32000894768884,30.919830051277245],[34.32000894768884,30.838735778234845],[34.41417060187614,30.716965805643234],[34.41417060187614,30.595041873130135],[34.46125142896979,30.554366410784414],[34.46125142896979,30.39149415998092],[34.602493910250736,30.22834991368106],[33.84920067675234,29.696263237301977],[33.47255406000313,29.531972847967918],[33.47255406000313,29.408579583567665],[33.51963488709677,29.367415148908247],[33.51963488709677,29.243822008470776],[33.56671571419042,29.202591064801936],[33.56671571419042,29.078798748600466],[33.61379654128408,29.037501530635527],[33.61379654128408,28.913510746678174],[33.660877368377726,28.872147491709512],[33.660877368377726,28.78937158118965],[33.80211984965868,28.623622580137813],[33.943362330939635,28.623622580137813],[34.178766466407886,28.872147491709512],[34.50833225606344,29.44972735460285],[34.55541308315709,29.655215750436277],[34.696655564438046,29.901248927649526],[34.74373639153169,29.819305056852215],[34.74373639153169,29.73729396011092],[34.79081721862534,29.696263237301977],[34.79081721862534,29.531972847967918],[34.9320596999063,29.28503634679092],[35.167463835374555,29.28503634679092],[35.2145446624682,29.243822008470776],[35.402867970842806,29.243822008470776],[35.44994879793645,29.202591064801936],[35.68535293340471,29.202591064801936],[35.73243376049836,29.161343530453976],[35.92075706887296,29.161343530453976],[35.96783789596661,29.120079420136765],[36.109080377247565,29.120079420136765],[36.25032285852851,29.243822008470776],[36.25032285852851,29.28503634679092],[36.34448451271583,29.28503634679092],[36.62696947527772,29.531972847967918],[36.76821195655867,29.778307904676474],[36.862373610745976,29.819305056852215],[36.95653526493328,29.819305056852215],[37.003616092026924,29.860285402531918],[37.14485857330788,29.860285402531918],[37.19193940040154,29.901248927649526],[37.38026270877614,29.901248927649526],[37.42734353586979,29.942195618179152],[37.521505190057084,29.942195618179152],[37.61566684424439,30.024038439571754],[37.662747671338046,30.146676063912693],[37.662747671338046,30.06493454258375],[37.568586017150736,29.942195618179152],[37.568586017150736,29.860285402531918],[37.42734353586979,29.696263237301977],[37.23902022749518,29.367415148908247],[36.815292783652325,28.913510746678174],[36.815292783652325,28.872147491709512]],[[33.14298827034757,28.582144339159235],[33.19006909744122,28.623622580137813],[33.19006909744122,28.830767764869215],[33.14298827034757,28.872147491709512],[33.14298827034757,28.996187781072738],[32.907584134879315,29.202591064801936],[32.81342248069201,29.202591064801936],[32.76634165359837,29.161343530453976],[32.76634165359837,28.954857514783157],[32.907584134879315,28.830767764869215],[32.954664961972966,28.747958955743513],[32.954664961972966,28.665084440044033],[33.04882661616026,28.582144339159235],[33.14298827034757,28.582144339159235]],[[32.53093751813011,29.778307904676474],[32.48385669103646,29.73729396011092],[32.48385669103646,29.614151513740637],[32.53093751813011,29.573070541482096],[32.62509917231741,29.573070541482096],[32.672179999411064,29.614151513740637],[32.672179999411064,29.73729396011092],[32.62509917231741,29.778307904676474],[32.53093751813011,29.778307904676474]]],[[[32.907584134879315,34.61323623752336],[32.931118123261655,34.59379143768182],[32.76634165359837,34.61323623752336],[32.907584134879315,34.61323623752336]]],[[[32.48385669103646,35.15579544658694],[32.53093751813011,35.19441242445248],[32.53093751813011,35.15579544658694],[32.62509917231741,35.078506482447814],[32.71926082650471,35.078506482447814],[32.81342248069201,35.00114423306311],[33.00174578906662,35.00114423306311],[33.09590744325392,35.078506482447814],[33.23714992453487,35.078506482447814],[33.28423075162852,35.03983451394499],[33.37839240581582,35.03983451394499],[33.37839240581582,34.96243564878158],[33.425473232909475,34.92370877011741],[33.70795819547138,34.92370877011741],[33.75503902256502,34.884963606125346],[33.70795819547138,34.80741845856499],[33.425473232909475,34.690963825803316],[33.19006909744122,34.690963825803316],[33.09590744325392,34.5354358031612],[33.00174578906662,34.5354358031612],[32.931118123261655,34.59379143768182],[33.09590744325392,34.57434512140972],[33.14298827034757,34.61323623752336],[33.14298827034757,34.72980027929308],[33.00174578906662,34.80741845856499],[32.76634165359837,34.80741845856499],[32.71926082650471,34.76861849329483],[32.71926082650471,34.652109142106966],[32.76634165359837,34.61323623752336],[32.71926082650471,34.61323623752336],[32.57801834522376,34.690963825803316],[32.48385669103646,34.690963825803316],[32.389695036849155,34.76861849329483],[32.29553338266186,34.92370877011741],[32.29553338266186,35.03983451394499],[32.24845255556821,35.11716012962986],[32.29553338266186,35.15579544658694],[32.48385669103646,35.15579544658694]]],[[[34.178766466407886,34.96243564878158],[34.131685639314234,34.92370877011741],[34.03752398512693,34.96243564878158],[34.131685639314234,35.00114423306311],[34.131685639314234,35.03983451394499],[34.178766466407886,35.03983451394499],[34.178766466407886,34.96243564878158]]],[[[34.03752398512693,35.27159132763031],[34.03752398512693,35.19441242445248],[33.99044315803328,35.23301105439745],[33.84920067675234,35.23301105439745],[33.80211984965868,35.19441242445248],[33.56671571419042,35.19441242445248],[33.56671571419042,35.27159132763031],[33.51963488709677,35.310153235397],[33.37839240581582,35.310153235397],[33.33131157872217,35.27159132763031],[33.28423075162852,35.310153235397],[33.14298827034757,35.310153235397],[33.00174578906662,35.23301105439745],[32.86050330778566,35.23301105439745],[32.907584134879315,35.27159132763031],[32.907584134879315,35.42572867892111],[32.954664961972966,35.46421703803118],[33.04882661616026,35.46421703803118],[33.09590744325392,35.42572867892111],[33.660877368377726,35.42572867892111],[33.84920067675234,35.50268698846598],[33.99044315803328,35.50268698846598],[34.08460481222058,35.54113852169572],[34.22584729350153,35.65638253341554],[34.32000894768884,35.65638253341554],[34.55541308315709,35.7714604867917],[34.696655564438046,35.73311963383298],[34.696655564438046,35.694760313272056],[34.602493910250736,35.61798630260718],[34.55541308315709,35.61798630260718],[34.367089774782485,35.46421703803118],[34.32000894768884,35.46421703803118],[34.131685639314234,35.310153235397],[34.03752398512693,35.27159132763031]]],[[[26.363349168861866,41.90996266990596],[26.03378337920631,41.76917286849764],[26.03378337920631,41.628073402840364],[26.127945033393612,41.486664449433],[25.986702552112657,41.41584397214323],[25.93962172501901,41.451263875057094],[25.84546007083171,41.451263875057094],[25.798379243738054,41.41584397214323],[25.5629751082698,41.41584397214323],[25.421732626988856,41.344946192694024],[25.327570972801546,41.344946192694024],[25.1863284915206,41.451263875057094],[25.092166837333295,41.451263875057094],[24.998005183145995,41.5220456923118],[24.90384352895869,41.5220456923118],[24.85676270186504,41.486664449433],[24.76260104767774,41.5220456923118],[24.621358566396786,41.66337729076074],[24.527196912209487,41.66337729076074],[24.433035258022183,41.628073402840364],[24.385954430928532,41.66337729076074],[24.24471194964758,41.66337729076074],[24.19763112255393,41.628073402840364],[24.10346946836663,41.628073402840364],[24.009307814179326,41.55740760076543],[23.820984505804727,41.55740760076543],[23.679742024523772,41.486664449433],[23.585580370336473,41.486664449433],[23.53849954324282,41.5220456923118],[23.35017623486822,41.5220456923118],[23.16185292649362,41.41584397214323],[23.114772099399964,41.41584397214323],[23.114772099399964,41.628073402840364],[23.16185292649362,41.66337729076074],[23.16185292649362,41.804399356594175],[23.067691272306313,41.87479425993301],[23.067691272306313,41.94511171528609],[23.02061044521266,41.98024139351529],[23.02061044521266,42.08551420017384],[22.926448791025365,42.15559918999812],[22.78520630974441,42.15559918999812],[22.69104465555711,42.19061261330816],[22.596883001369807,42.295536568777166],[22.596883001369807,42.33047244149687],[22.69104465555711,42.40028600488838],[22.69104465555711,42.57448041777234],[22.596883001369807,42.64402234111583],[22.643963828463455,42.678764185826815],[22.643963828463455,42.81753740700129],[22.78520630974441,42.81753740700129],[23.02061044521266,42.99056694200572],[23.02061044521266,43.02511456605915],[23.16185292649362,43.16311073113296],[23.16185292649362,43.23199219325693],[22.926448791025365,43.40385561168161],[22.87936796393171,43.40385561168161],[22.87936796393171,43.47246485549777],[22.832287136838058,43.50674030287445],[22.69104465555711,43.54099629891655],[22.69104465555711,43.60944993222724],[22.549802174276156,43.78024353666113],[22.549802174276156,43.9505506390906],[22.78520630974441,44.05250133117201],[22.78520630974441,44.15427681918985],[22.926448791025365,44.08644596197143],[22.832287136838058,43.984553668940386],[22.832287136838058,43.84842476468537],[22.926448791025365,43.78024353666113],[23.16185292649362,43.78024353666113],[23.208933753587267,43.81434388122803],[23.585580370336473,43.81434388122803],[23.632661197430124,43.78024353666113],[23.868065332898375,43.78024353666113],[23.915146159992027,43.74612373195775],[24.05638864127298,43.74612373195775],[24.10346946836663,43.711984468119134],[24.480116085115835,43.711984468119134],[24.527196912209487,43.74612373195775],[24.621358566396786,43.74612373195775],[24.76260104767774,43.677825746174676],[25.233409318614246,43.677825746174676],[25.421732626988856,43.57523284242452],[25.657136762457103,43.60944993222724],[25.93962172501901,43.711984468119134],[25.986702552112657,43.78024353666113],[26.269187514674563,43.984553668940386],[26.410429995955514,43.984553668940386],[26.457510823049166,44.0185372332359],[26.64583413142377,44.0185372332359],[26.692914958517417,44.05250133117201],[26.83415743979837,44.05250133117201],[27.022480748172974,44.12037112488464],[27.116642402360274,44.12037112488464],[27.210804056547577,44.08644596197143],[27.39912736492218,43.9505506390906],[27.681612327484086,43.9505506390906],[27.728693154577734,43.88248618608818],[27.822854808765037,43.88248618608818],[27.91701646295234,43.91652814451956],[27.91701646295234,43.88248618608818],[28.105339771326946,43.74612373195775],[28.199501425514242,43.74612373195775],[28.246582252607894,43.711984468119134],[28.387824733888845,43.711984468119134],[28.434905560982497,43.677825746174676],[28.67030969645075,43.677825746174676],[28.7173905235444,43.711984468119134],[28.7173905235444,43.50674030287445],[28.576148042263448,43.36952181778403],[28.246582252607894,43.36952181778403],[28.15242059842059,43.30079589257949],[28.15242059842059,43.23199219325693],[28.058258944233287,43.16311073113296],[28.058258944233287,43.094151517986276],[28.01117811713964,43.05964275858698],[28.01117811713964,42.713486616652595],[27.964097290045988,42.678764185826815],[27.869935635858692,42.678764185826815],[27.775773981671385,42.60926108444575],[27.775773981671385,42.50486086238715],[27.91701646295234,42.36538892093213],[27.91701646295234,42.295536568777166],[27.964097290045988,42.22560665241302],[28.105339771326946,42.12056638482816],[28.15242059842059,42.050442638441034],[28.105339771326946,42.08551420017384],[27.964097290045988,42.08551420017384],[27.91701646295234,42.12056638482816],[27.822854808765037,42.12056638482816],[27.634531500390437,42.050442638441034],[27.54036984620313,42.050442638441034],[27.44620819201583,42.15559918999812],[27.352046537828528,42.19061261330816],[27.069561575266626,42.19061261330816],[26.881238266892023,42.08551420017384],[26.64583413142377,42.08551420017384],[26.504591650142817,41.98024139351529],[26.504591650142817,41.90996266990596],[26.363349168861866,41.90996266990596]]],[[[22.455640520088853,44.82830142975131],[22.267317211714257,44.69411971521949],[22.2202363846206,44.62691199705352],[22.2202363846206,44.66052559434726],[22.078993903339647,44.76124952669726],[21.984832249152344,44.79478521686894],[21.796508940777745,44.79478521686894],[21.70234728659044,44.86179816519445],[21.70234728659044,44.962171505790025],[21.608185632403142,45.02898967744306],[21.655266459496794,45.09572993800612],[21.655266459496794,45.19569424653637],[21.51402397821584,45.295483259212034],[21.41986232402854,45.295483259212034],[21.325700669841236,45.328707309646525],[21.278619842747585,45.395096981266754],[21.137377361466633,45.395096981266754],[20.996134880185682,45.49453542004624],[20.996134880185682,45.56073033754738],[20.94905405309203,45.59379858499702],[20.94905405309203,45.824731084794706],[20.854892398904727,45.857643558236454],[20.619488263436473,46.02191390354827],[20.572407436342825,46.02191390354827],[20.478245782155525,46.08748577858103],[20.572407436342825,46.12024252004512],[20.619488263436473,46.08748577858103],[20.80781157181108,46.08748577858103],[20.94905405309203,46.18569761515839],[21.184458188560285,46.18569761515839],[21.325700669841236,46.25107486586183],[21.325700669841236,46.348994800293],[21.41986232402854,46.38159586467251],[21.466943151122187,46.446739629084036],[21.466943151122187,46.5443093814072],[21.655266459496794,46.67413009746044],[21.655266459496794,46.77129146257625],[21.749428113684093,46.83596850093034],[21.843589767871396,46.96508933551786],[21.843589767871396,47.02953315503015],[21.984832249152344,47.126053171276226],[22.031913076246003,47.28653140381027],[22.17315555752695,47.38258534047656],[22.17315555752695,47.51038551827382],[22.2202363846206,47.51038551827382],[22.361478865901553,47.60603191315191],[22.4085596929952,47.66969918690985],[22.502721347182504,47.66969918690985],[22.549802174276156,47.701503732876795],[22.69104465555711,47.701503732876795],[22.78520630974441,47.733288887593716],[23.256014580680915,48.018483018956104],[23.35017623486822,47.98687229068045],[23.39725706196187,47.92359271584586],[23.585580370336473,47.92359271584586],[23.679742024523772,47.9552421903858],[23.868065332898375,47.891923864856565],[24.10346946836663,47.891923864856565],[24.24471194964758,47.828528024825445],[24.338873603834884,47.828528024825445],[24.433035258022183,47.891923864856565],[24.621358566396786,47.891923864856565],[24.621358566396786,47.86023563523621],[24.76260104767774,47.76505465310742],[24.85676270186504,47.733288887593716],[24.90384352895869,47.66969918690985],[25.092166837333295,47.66969918690985],[25.1863284915206,47.701503732876795],[25.327570972801546,47.79680103148735],[25.374651799895197,47.86023563523621],[25.657136762457103,47.86023563523621],[25.704217589550755,47.891923864856565],[25.986702552112657,47.891923864856565],[26.03378337920631,47.92359271584586],[26.22210668758091,47.92359271584586],[26.410429995955514,48.05007437746131],[26.504591650142817,48.176246159524034],[26.598753304330117,48.20774070368001],[26.73999578561107,48.20774070368001],[27.022480748172974,48.0816463684668],[27.022480748172974,48.018483018956104],[27.116642402360274,47.9552421903858],[27.210804056547577,47.828528024825445],[27.210804056547577,47.733288887593716],[27.30496571073488,47.63787524766872],[27.352046537828528,47.63787524766872],[27.352046537828528,47.57416918138065],[27.39912736492218,47.51038551827382],[27.54036984620313,47.41456449604908],[27.54036984620313,47.35058677443887],[27.728693154577734,47.222398370079844],[27.775773981671385,47.126053171276226],[28.01117811713964,46.96508933551786],[28.058258944233287,46.96508933551786],[28.058258944233287,46.86827786270455],[28.105339771326946,46.83596850093034],[28.105339771326946,46.77129146257625],[28.199501425514242,46.67413009746044],[28.199501425514242,46.60925863355447],[28.15242059842059,46.57679373162742],[28.15242059842059,46.47928233130153],[28.199501425514242,46.446739629084036],[28.058258944233287,46.283734301906705],[28.058258944233287,45.824731084794706],[28.105339771326946,45.79179914163462],[28.105339771326946,45.72587684365835],[28.058258944233287,45.69288648765506],[28.058258944233287,45.56073033754738],[28.15242059842059,45.428262603022674],[28.246582252607894,45.395096981266754],[28.246582252607894,45.36191188357407],[28.387824733888845,45.26223973202449],[28.576148042263448,45.19569424653637],[28.67030969645075,45.19569424653637],[28.7173905235444,45.16239228787419],[28.811552177731706,45.16239228787419],[28.952794659012653,45.228976727863895],[29.046956313199956,45.228976727863895],[29.188198794480908,45.328707309646525],[29.282360448668207,45.36191188357407],[29.37652210285551,45.36191188357407],[29.423602929949162,45.395096981266754],[29.61192623832376,45.328707309646525],[29.61192623832376,45.19569424653637],[29.659007065417416,45.16239228787419],[29.753168719604716,45.16239228787419],[29.800249546698364,45.19569424653637],[29.800249546698364,45.129070851735854],[29.753168719604716,45.09572993800612],[29.753168719604716,44.86179816519445],[29.61192623832376,44.76124952669726],[29.564845411230113,44.79478521686894],[29.282360448668207,44.79478521686894],[29.046956313199956,44.62691199705352],[28.99987548610631,44.52595434962045],[28.76447135063805,44.32351323826991],[28.76447135063805,43.9505506390906],[28.7173905235444,43.91652814451956],[28.7173905235444,43.81434388122803],[28.67030969645075,43.84842476468537],[28.293663079701545,43.84842476468537],[28.105339771326946,43.9505506390906],[28.105339771326946,44.0185372332359],[28.01117811713964,44.08644596197143],[27.869935635858692,44.08644596197143],[27.822854808765037,44.05250133117201],[27.728693154577734,44.12037112488464],[27.44620819201583,44.12037112488464],[27.44620819201583,44.15427681918985],[27.352046537828528,44.22202979922765],[27.210804056547577,44.22202979922765],[27.163723229453925,44.255877083654944],[26.92831909398567,44.255877083654944],[26.73999578561107,44.188163044193004],[26.598753304330117,44.188163044193004],[26.55167247723647,44.15427681918985],[26.363349168861866,44.15427681918985],[26.316268341768215,44.12037112488464],[26.22210668758091,44.12037112488464],[26.127945033393612,44.08644596197143],[25.84546007083171,43.88248618608818],[25.84546007083171,43.84842476468537],[25.657136762457103,43.78024353666113],[25.515894281176152,43.78024353666113],[25.4688134540825,43.74612373195775],[25.327570972801546,43.81434388122803],[25.139247664426943,43.81434388122803],[25.092166837333295,43.84842476468537],[24.71552022058409,43.84842476468537],[24.574277739303138,43.91652814451956],[24.480116085115835,43.91652814451956],[24.385954430928532,43.84842476468537],[24.15055029546028,43.84842476468537],[24.10346946836663,43.88248618608818],[23.962226987085675,43.88248618608818],[23.820984505804727,43.9505506390906],[23.632661197430124,43.9505506390906],[23.585580370336473,43.984553668940386],[23.303095407774567,43.984553668940386],[23.256014580680915,43.9505506390906],[23.067691272306313,43.9505506390906],[23.208933753587267,44.05250133117201],[23.208933753587267,44.12037112488464],[23.114772099399964,44.188163044193004],[22.973529618119013,44.22202979922765],[22.73812548265076,44.4248214262483],[22.69104465555711,44.4248214262483],[22.69104465555711,44.492262849753104],[22.832287136838058,44.492262849753104],[22.926448791025365,44.55962637436536],[22.926448791025365,44.62691199705352],[22.78520630974441,44.72769435941295],[22.73812548265076,44.72769435941295],[22.549802174276156,44.82830142975131],[22.455640520088853,44.82830142975131]]],[[[28.905713831919,46.511805581691306],[28.858633004825354,46.446739629084036],[28.858633004825354,46.38159586467251],[28.905713831919,46.348994800293],[28.905713831919,46.218395970598166],[28.952794659012653,46.18569761515839],[28.905713831919,46.15297979860995],[28.905713831919,46.08748577858103],[28.7173905235444,46.02191390354827],[28.67030969645075,45.956264166947854],[28.67030969645075,45.890536562616866],[28.434905560982497,45.72587684365835],[28.434905560982497,45.59379858499702],[28.387824733888845,45.62684735884146],[28.293663079701545,45.62684735884146],[28.293663079701545,45.956264166947854],[28.246582252607894,45.98909876833861],[28.246582252607894,46.08748577858103],[28.293663079701545,46.12024252004512],[28.293663079701545,46.25107486586183],[28.387824733888845,46.38159586467251],[28.387824733888845,46.70653666196552],[28.293663079701545,46.83596850093034],[28.293663079701545,46.93283827854335],[28.246582252607894,46.96508933551786],[28.246582252607894,47.02953315503015],[28.15242059842059,47.126053171276226],[28.058258944233287,47.126053171276226],[27.964097290045988,47.19030272525201],[27.91701646295234,47.28653140381027],[27.728693154577734,47.41456449604908],[27.728693154577734,47.51038551827382],[27.493289019109483,47.66969918690985],[27.44620819201583,47.66969918690985],[27.44620819201583,47.79680103148735],[27.352046537828528,47.92359271584586],[27.352046537828528,48.018483018956104],[27.210804056547577,48.113198994265446],[27.210804056547577,48.176246159524034],[27.069561575266626,48.27067172695004],[27.069561575266626,48.30210821089171],[27.30496571073488,48.30210821089171],[27.39912736492218,48.36492313562103],[27.493289019109483,48.36492313562103],[27.54036984620313,48.39630158136705],[27.822854808765037,48.39630158136705],[27.91701646295234,48.30210821089171],[28.058258944233287,48.27067172695004],[28.058258944233287,48.20774070368001],[28.105339771326946,48.176246159524034],[28.199501425514242,48.176246159524034],[28.387824733888845,48.05007437746131],[28.481986388076145,48.018483018956104],[28.576148042263448,48.018483018956104],[28.67030969645075,48.0816463684668],[28.76447135063805,48.0816463684668],[28.811552177731706,47.98687229068045],[28.952794659012653,47.891923864856565],[29.141117967387252,47.891923864856565],[29.141117967387252,47.66969918690985],[29.094037140293604,47.63787524766872],[29.094037140293604,47.44652424297472],[29.23527962157456,47.35058677443887],[29.329441275761862,47.31856879614078],[29.329441275761862,47.28653140381027],[29.423602929949162,47.222398370079844],[29.47068375704281,47.222398370079844],[29.423602929949162,47.158187659536004],[29.423602929949162,47.09389925884054],[29.517764584136465,47.02953315503015],[29.517764584136465,46.900567788094534],[29.89441120088567,46.77129146257625],[29.89441120088567,46.511805581691306],[29.800249546698364,46.57679373162742],[29.706087892511068,46.57679373162742],[29.659007065417416,46.511805581691306],[29.564845411230113,46.57679373162742],[29.47068375704281,46.57679373162742],[29.423602929949162,46.5443093814072],[29.282360448668207,46.60925863355447],[29.094037140293604,46.60925863355447],[28.905713831919,46.511805581691306]]],[[[28.576148042263448,45.46140874916587],[28.67030969645075,45.527642616039564],[28.67030969645075,45.69288648765506],[28.858633004825354,45.79179914163462],[28.905713831919,45.857643558236454],[28.905713831919,45.92341009861816],[29.094037140293604,45.98909876833861],[29.094037140293604,46.08748577858103],[29.141117967387252,46.12024252004512],[29.141117967387252,46.25107486586183],[29.094037140293604,46.283734301906705],[29.094037140293604,46.446739629084036],[29.141117967387252,46.446739629084036],[29.141117967387252,46.348994800293],[29.188198794480908,46.31637427971485],[29.329441275761862,46.31637427971485],[29.517764584136465,46.38159586467251],[29.61192623832376,46.31637427971485],[29.706087892511068,46.31637427971485],[29.753168719604716,46.348994800293],[29.84733037379202,46.283734301906705],[29.94149202797932,46.283734301906705],[29.988572855072967,46.31637427971485],[30.12981533635392,46.31637427971485],[30.271057817634873,46.414177473909355],[30.271057817634873,46.47928233130153],[30.176896163447577,46.5443093814072],[30.12981533635392,46.5443093814072],[30.08273450926027,46.60925863355447],[30.08273450926027,46.86827786270455],[29.988572855072967,46.93283827854335],[29.89441120088567,46.96508933551786],[29.800249546698364,46.96508933551786],[29.753168719604716,46.99732096050868],[29.753168719604716,47.126053171276226],[29.706087892511068,47.158187659536004],[29.706087892511068,47.38258534047656],[29.61192623832376,47.44652424297472],[29.517764584136465,47.44652424297472],[29.47068375704281,47.41456449604908],[29.329441275761862,47.542287050399004],[29.282360448668207,47.542287050399004],[29.329441275761862,47.60603191315191],[29.329441275761862,47.66969918690985],[29.37652210285551,47.701503732876795],[29.37652210285551,47.92359271584586],[29.188198794480908,48.0816463684668],[29.094037140293604,48.0816463684668],[28.99987548610631,48.05007437746131],[28.952794659012653,48.14473225717218],[28.858633004825354,48.20774070368001],[28.76447135063805,48.20774070368001],[28.7173905235444,48.23921589202105],[28.576148042263448,48.23921589202105],[28.434905560982497,48.333525346292596],[28.3407439067952,48.333525346292596],[28.293663079701545,48.36492313562103],[28.199501425514242,48.36492313562103],[28.105339771326946,48.39630158136705],[27.964097290045988,48.49032088233603],[27.91701646295234,48.49032088233603],[27.869935635858692,48.55290374502762],[27.728693154577734,48.55290374502762],[27.681612327484086,48.584166182781],[27.587450673296782,48.584166182781],[27.493289019109483,48.52162197908577],[27.352046537828528,48.52162197908577],[27.25788488364123,48.4590004521804],[27.163723229453925,48.49032088233603],[27.069561575266626,48.49032088233603],[26.975399921079326,48.4590004521804],[26.92831909398567,48.49032088233603],[26.83415743979837,48.49032088233603],[26.64583413142377,48.39630158136705],[26.598753304330117,48.333525346292596],[26.504591650142817,48.333525346292596],[26.457510823049166,48.30210821089171],[26.316268341768215,48.30210821089171],[26.269187514674563,48.27067172695004],[26.269187514674563,48.176246159524034],[26.22210668758091,48.113198994265446],[26.127945033393612,48.05007437746131],[25.892540897925358,48.05007437746131],[25.84546007083171,48.018483018956104],[25.5629751082698,48.018483018956104],[25.515894281176152,47.98687229068045],[25.280490145707898,47.98687229068045],[25.092166837333295,47.828528024825445],[24.998005183145995,47.79680103148735],[24.998005183145995,47.828528024825445],[24.80968187477139,47.92359271584586],[24.80968187477139,47.9552421903858],[24.668439393490438,48.05007437746131],[24.433035258022183,48.05007437746131],[24.338873603834884,47.98687229068045],[24.291792776741232,47.98687229068045],[24.15055029546028,48.05007437746131],[23.726822851617424,48.0816463684668],[23.679742024523772,48.113198994265446],[23.585580370336473,48.113198994265446],[23.49141871614917,48.0816463684668],[23.303095407774567,48.176246159524034],[23.16185292649362,48.176246159524034],[23.067691272306313,48.113198994265446],[23.02061044521266,48.113198994265446],[22.87936796393171,48.20774070368001],[22.73812548265076,48.20774070368001],[22.596883001369807,48.333525346292596],[22.502721347182504,48.333525346292596],[22.455640520088853,48.42766068604238],[22.3143980388079,48.52162197908577],[22.3143980388079,48.55290374502762],[22.502721347182504,48.67783755342559],[22.502721347182504,48.74018854189722],[22.549802174276156,48.77133506672359],[22.549802174276156,48.864658796847905],[22.69104465555711,48.98882023902926],[22.78520630974441,48.98882023902926],[22.832287136838058,48.95780881967948],[22.973529618119013,48.95780881967948],[23.02061044521266,48.98882023902926],[23.02061044521266,49.14358805546222],[22.87936796393171,49.236217428616214],[22.926448791025365,49.2670553517831],[22.926448791025365,49.35945356103389],[22.832287136838058,49.48238165061379],[22.832287136838058,49.574375688140506],[23.02061044521266,49.69676520043312],[23.114772099399964,49.81884724745498],[23.208933753587267,49.87977303990161],[23.208933753587267,49.9102071405198],[23.49141871614917,50.09240882864022],[23.49141871614917,50.15298931921113],[23.444337889055518,50.18325081734685],[23.35017623486822,50.18325081734685],[23.067691272306313,50.00139430223342],[23.067691272306313,49.971017768138154],[22.926448791025365,49.87977303990161],[22.926448791025365,49.84931974337965],[22.69104465555711,49.66619665569449],[22.643963828463455,49.605001902899744],[22.643963828463455,49.42095609845289],[22.69104465555711,49.39021445450399],[22.69104465555711,49.236217428616214],[22.643963828463455,49.17448378352541],[22.502721347182504,49.17448378352541],[22.3143980388079,49.2670553517831],[22.2202363846206,49.2670553517831],[22.17315555752695,49.32867341486114],[21.937751422058696,49.48238165061379],[21.843589767871396,49.48238165061379],[21.796508940777745,49.51306556528941],[21.41986232402854,49.51306556528941],[21.372781496934888,49.543730243371016],[21.278619842747585,49.543730243371016],[21.231539015653937,49.51306556528941],[21.137377361466633,49.51306556528941],[20.996134880185682,49.39021445450399],[20.80781157181108,49.48238165061379],[20.384084127968222,49.48238165061379],[20.289922473780923,49.42095609845289],[20.195760819593616,49.42095609845289],[20.101599165406316,49.35945356103389],[20.101599165406316,49.32867341486114],[20.00743751121902,49.32867341486114],[19.960356684125365,49.35945356103389],[19.960356684125365,49.451678496082245],[19.913275857031714,49.48238165061379],[19.772033375750762,49.48238165061379],[19.67787172156346,49.63560889097052],[19.58371006737616,49.69676520043312],[19.489548413188857,49.69676520043312],[19.207063450626954,49.543730243371016],[19.207063450626954,49.51306556528941],[19.159982623533303,49.51306556528941],[19.01874014225235,49.605001902899744],[19.01874014225235,49.66619665569449],[18.9716593151587,49.72731452856766],[18.783336006784097,49.7883555486481],[18.783336006784097,49.9102071405198],[18.689174352596797,50.00139430223342],[18.35960856294124,50.031751654615064],[18.171285254566637,50.12270865753312],[18.030042773285686,50.12270865753312],[17.982961946192038,50.06208982887896],[17.888800292004735,50.15298931921113],[17.935881119098383,50.21349315563188],[17.935881119098383,50.33427098476277],[17.841719464911083,50.394545037600544],[17.747557810723784,50.394545037600544],[17.70047698363013,50.36441757983314],[17.512153675255526,50.36441757983314],[17.417992021068226,50.42465336188884],[17.370911193974575,50.42465336188884],[17.32383036688093,50.484812625417064],[17.182587885599972,50.484812625417064],[17.135507058506324,50.51486357239808],[16.94718375013172,50.51486357239808],[16.90010292303807,50.484812625417064],[16.90010292303807,50.33427098476277],[16.94718375013172,50.30410524858433],[16.805941268850766,50.243716337776895],[16.758860441757115,50.18325081734685],[16.711779614663467,50.273920367511515],[16.570537133382512,50.36441757983314],[16.523456306288864,50.4547425565406],[16.617617960476164,50.51486357239808],[16.617617960476164,50.63487621961434],[16.476375479195212,50.72468511799196],[16.38221382500791,50.754583231704856],[16.28805217082061,50.754583231704856],[16.240971343726958,50.72468511799196],[16.099728862446007,50.78446225927192],[15.958486381165054,50.78446225927192],[15.911405554071402,50.844163072241386],[15.676001418603152,50.844163072241386],[15.487678110228545,50.903787589627356],[15.487678110228545,50.96333584444566],[15.393516456041244,51.052515307288054],[15.205193147666641,51.111873052014765],[15.205193147666641,51.34854292773919],[15.158112320572993,51.378041109633195],[15.158112320572993,51.46642169073705],[14.969789012198387,51.5839967149112],[14.922708185104739,51.5839967149112],[14.922708185104739,51.70126828907443],[14.828546530917437,51.78902300681841],[14.875627358011087,51.93490226430628],[14.922708185104739,51.964021367271584],[14.922708185104739,52.28308481996578],[14.828546530917437,52.340851093341904],[14.781465703823786,52.340851093341904],[14.781465703823786,52.45615757827281],[14.828546530917437,52.484937132468836],[14.828546530917437,52.62855275367017],[14.40481908707458,52.88587745643285],[14.357738259980929,52.88587745643285],[14.357738259980929,52.942854400001174],[14.546061568355531,53.02817932421334],[14.593142395449183,53.084969008336536],[14.593142395449183,53.19832393276022],[14.640223222542835,53.22661593622873],[14.593142395449183,53.42413722136829],[14.546061568355531,53.45227993676362],[14.546061568355531,53.536596288259936],[14.498980741261882,53.56466449247341],[14.498980741261882,53.76062105155913],[14.45189991416823,53.788540503671626],[14.45189991416823,53.87218747256023],[14.40481908707458,53.90003268554431],[14.40481908707458,53.955667481195874],[14.875627358011087,54.09443023140506],[14.969789012198387,54.09443023140506],[15.111031493479341,54.14980575869795],[15.346435628947596,54.177465780266836],[15.393516456041244,54.205107314997555],[15.534758937322197,54.205107314997555],[15.58183976441585,54.232730368816846],[15.7230822456968,54.232730368816846],[15.864324726977753,54.28792105749421],[16.19389051663331,54.31548870427176],[16.38221382500791,54.42557478064608],[16.38221382500791,54.45305020211569],[16.523456306288864,54.56276767882869],[16.711779614663467,54.61751597680148],[16.90010292303807,54.61751597680148],[16.99426457722537,54.64486253706011],[17.135507058506324,54.726791936567516],[17.417992021068226,54.80855604364061],[17.65339615653648,54.80855604364061],[17.70047698363013,54.835774043233656],[17.841719464911083,54.835774043233656],[17.888800292004735,54.862973701802744],[17.982961946192038,54.862973701802744],[18.030042773285686,54.89015502558145],[18.453770217128543,54.89015502558145],[18.83041683387775,54.726791936567516],[18.8774976609714,54.726791936567516],[18.9716593151587,54.64486253706011],[18.9716593151587,54.59015102609803],[18.783336006784097,54.59015102609803],[18.736255179690446,54.56276767882869],[18.736255179690446,54.48050719660508],[18.924578488065052,54.39808092615186],[19.348305931907912,54.39808092615186],[19.395386759001557,54.42557478064608],[19.489548413188857,54.42557478064608],[19.58371006737616,54.45305020211569],[19.67787172156346,54.39808092615186],[20.05451833831267,54.39808092615186],[20.101599165406316,54.37056863260158],[20.94905405309203,54.37056863260158],[20.996134880185682,54.34303789397672],[21.843589767871396,54.34303789397672],[21.890670594965044,54.31548870427176],[22.69104465555711,54.31548870427176],[22.73812548265076,54.28792105749421],[22.832287136838058,54.28792105749421],[22.87936796393171,54.31548870427176],[23.02061044521266,54.31548870427176],[23.067691272306313,54.26033494766468],[23.16185292649362,54.26033494766468],[23.256014580680915,54.232730368816846],[23.444337889055518,54.122127244377424],[23.444337889055518,53.92785935315874],[23.49141871614917,53.90003268554431],[23.49141871614917,53.76062105155913],[23.53849954324282,53.73268302532084],[23.53849954324282,53.64875744482238],[23.632661197430124,53.536596288259936],[23.632661197430124,53.480404015995525],[23.679742024523772,53.45227993676362],[23.679742024523772,53.39597586425471],[23.726822851617424,53.367795859882364],[23.726822851617424,53.31137988727112],[23.773903678711072,53.28314390802319],[23.773903678711072,53.22661593622873],[23.820984505804727,53.19832393276022],[23.820984505804727,53.05658352258133],[23.868065332898375,53.02817932421334],[23.868065332898375,52.743106977103885],[23.773903678711072,52.68586742737365],[23.679742024523772,52.68586742737365],[23.49141871614917,52.62855275367017],[23.35017623486822,52.542439795676394],[23.256014580680915,52.42735920228347],[23.16185292649362,52.3697059648236],[23.16185292649362,52.25417340815535],[23.303095407774567,52.16732601307375],[23.35017623486822,52.16732601307375],[23.444337889055518,52.10933340099753],[23.632661197430124,52.051265264556896],[23.632661197430124,51.993121565117626],[23.585580370336473,51.964021367271584],[23.585580370336473,51.81823670638564],[23.49141871614917,51.73053880281071],[23.49141871614917,51.5839967149112],[23.632661197430124,51.43698048668794],[23.632661197430124,51.28948955512655],[23.820984505804727,51.141523367957056],[23.915146159992027,50.96333584444566],[24.009307814179326,50.903787589627356],[23.962226987085675,50.87398486582558],[23.962226987085675,50.754583231704856],[24.05638864127298,50.69476791408771],[24.05638864127298,50.574908116286096],[23.962226987085675,50.51486357239808],[23.962226987085675,50.484812625417064],[23.820984505804727,50.484812625417064],[23.726822851617424,50.4547425565406],[23.49141871614917,50.273920367511515],[23.49141871614917,50.21349315563188],[23.53849954324282,50.18325081734685],[23.632661197430124,50.18325081734685],[23.820984505804727,50.30410524858433],[23.820984505804727,50.33427098476277],[24.009307814179326,50.33427098476277],[24.10346946836663,50.36441757983314],[24.19763112255393,50.484812625417064],[24.291792776741232,50.54489540138209],[24.291792776741232,50.66483161596484],[24.19763112255393,50.78446225927192],[24.291792776741232,50.844163072241386],[24.291792776741232,50.903787589627356],[24.10346946836663,51.02280786999962],[24.009307814179326,51.20076690839213],[23.868065332898375,51.28948955512655],[23.820984505804727,51.34854292773919],[23.868065332898375,51.378041109633195],[23.868065332898375,51.46642169073705],[23.773903678711072,51.5839967149112],[23.915146159992027,51.5839967149112],[23.962226987085675,51.52524715222867],[24.05638864127298,51.52524715222867],[24.15055029546028,51.5839967149112],[24.15055029546028,51.61334304551295],[24.24471194964758,51.61334304551295],[24.433035258022183,51.73053880281071],[24.433035258022183,51.78902300681841],[24.527196912209487,51.847431477220155],[24.998005183145995,51.847431477220155],[25.1863284915206,51.905764251466024],[25.280490145707898,51.905764251466024],[25.327570972801546,51.876607324011566],[25.93962172501901,51.876607324011566],[25.986702552112657,51.847431477220155],[26.127945033393612,51.847431477220155],[26.17502586048726,51.81823670638564],[26.363349168861866,51.81823670638564],[26.457510823049166,51.759790373845526],[26.73999578561107,51.759790373845526],[26.881238266892023,51.70126828907443],[27.163723229453925,51.70126828907443],[27.163723229453925,51.6426704150231],[27.210804056547577,51.5839967149112],[27.30496571073488,51.52524715222867],[27.493289019109483,51.52524715222867],[27.54036984620313,51.55463141866256],[27.634531500390437,51.55463141866256],[27.634531500390437,51.46642169073705],[27.728693154577734,51.40752029447092],[27.822854808765037,51.40752029447092],[27.964097290045988,51.52524715222867],[28.058258944233287,51.49584391108825],[28.15242059842059,51.49584391108825],[28.246582252607894,51.55463141866256],[28.3407439067952,51.49584391108825],[28.481986388076145,51.49584391108825],[28.576148042263448,51.52524715222867],[28.576148042263448,51.46642169073705],[28.67030969645075,51.378041109633195],[28.858633004825354,51.378041109633195],[28.905713831919,51.40752029447092],[28.905713831919,51.49584391108825],[29.141117967387252,51.55463141866256],[29.23527962157456,51.378041109633195],[29.329441275761862,51.31902574437064],[29.517764584136465,51.31902574437064],[29.706087892511068,51.43698048668794],[29.800249546698364,51.378041109633195],[29.94149202797932,51.378041109633195],[30.035653682166622,51.43698048668794],[30.176896163447577,51.43698048668794],[30.271057817634873,51.378041109633195],[30.271057817634873,51.31902574437064],[30.459381126009475,51.20076690839213],[30.647704434384078,51.20076690839213],[30.788946915665033,51.34854292773919],[30.788946915665033,51.49584391108825],[30.694785261477733,51.5839967149112],[30.694785261477733,51.6426704150231],[30.788946915665033,51.73053880281071],[30.788946915665033,51.78902300681841],[30.83602774275868,51.847431477220155],[30.930189396945984,51.876607324011566],[30.930189396945984,51.905764251466024],[31.07143187822694,51.993121565117626],[31.07143187822694,52.02220286261655],[31.30683601369519,51.993121565117626],[31.495159322069792,52.0803087757435],[31.542240149163447,52.051265264556896],[31.824725111725346,52.051265264556896],[31.871805938818998,51.993121565117626],[32.20137172847455,51.993121565117626],[32.436775863942806,52.10933340099753],[32.48385669103646,52.25417340815535],[32.62509917231741,52.25417340815535],[32.71926082650471,52.196294009619386],[33.00174578906662,52.196294009619386],[33.23714992453487,52.31197738004462],[33.33131157872217,52.31197738004462],[33.47255406000313,52.25417340815535],[33.61379654128408,52.25417340815535],[33.70795819547138,52.31197738004462],[33.80211984965868,52.31197738004462],[33.80211984965868,52.28308481996578],[33.99044315803328,52.16732601307375],[33.99044315803328,52.02220286261655],[34.03752398512693,51.964021367271584],[34.178766466407886,51.876607324011566],[34.22584729350153,51.81823670638564],[34.32000894768884,51.81823670638564],[34.32000894768884,51.78902300681841],[34.22584729350153,51.759790373845526],[34.131685639314234,51.759790373845526],[34.03752398512693,51.70126828907443],[34.03752398512693,51.61334304551295],[34.131685639314234,51.55463141866256],[34.131685639314234,51.378041109633195],[34.178766466407886,51.34854292773919],[34.178766466407886,51.23036014149478],[34.27292812059518,51.17115465198413],[34.367089774782485,51.17115465198413],[34.46125142896979,51.20076690839213],[34.50833225606344,51.17115465198413],[34.602493910250736,51.17115465198413],[34.696655564438046,51.111873052014765],[35.0262213540936,51.141523367957056],[35.073302181187245,51.111873052014765],[35.073302181187245,51.052515307288054],[35.167463835374555,50.993081383788024],[35.2145446624682,50.993081383788024],[35.2145446624682,50.93357124778272],[35.355787143749154,50.754583231704856],[35.355787143749154,50.69476791408771],[35.3087063166555,50.66483161596484],[35.3087063166555,50.574908116286096],[35.355787143749154,50.54489540138209],[35.355787143749154,50.484812625417064],[35.591191279217405,50.30410524858433],[35.779514587592004,50.30410524858433],[35.87367624177932,50.36441757983314],[36.109080377247565,50.36441757983314],[36.25032285852851,50.243716337776895],[36.43864616690312,50.243716337776895],[36.579888648184074,50.15298931921113],[36.67405030237137,50.15298931921113],[37.521505190057084,49.605001902899744],[37.568586017150736,49.605001902899744],[38.274798423555495,49.14358805546222],[38.32187925064915,49.14358805546222],[39.35765744670946,48.4590004521804],[39.35765744670946,48.42766068604238],[39.734304063458666,48.176246159524034],[39.734304063458666,48.113198994265446],[39.68722323636503,48.0816463684668],[39.68722323636503,47.92359271584586],[39.12225331124121,47.92359271584586],[39.075172484147565,47.9552421903858],[38.83976834867931,47.9552421903858],[38.69852586739835,47.86023563523621],[38.69852586739835,47.79680103148735],[38.604364213211056,47.76505465310742],[38.604364213211056,47.733288887593716],[38.51020255902375,47.701503732876795],[38.3689600777428,47.701503732876795],[38.22771759646185,47.63787524766872],[38.18063676936819,47.57416918138065],[38.18063676936819,47.41456449604908],[38.13355594227455,47.38258534047656],[38.13355594227455,47.09389925884054],[38.22771759646185,47.061725920620226],[38.13355594227455,46.99732096050868],[38.039394288087244,47.061725920620226],[37.61566684424439,47.061725920620226],[37.33318188168248,46.83596850093034],[37.28610105458883,46.86827786270455],[37.09777774621423,46.86827786270455],[36.95653526493328,46.77129146257625],[36.90945443783963,46.67413009746044],[36.815292783652325,46.60925863355447],[36.72113112946502,46.64170408841516],[36.72113112946502,46.70653666196552],[36.67405030237137,46.73892378322967],[36.53280782109042,46.73892378322967],[36.20324203143487,46.47928233130153],[36.109080377247565,46.47928233130153],[36.061999550153914,46.511805581691306],[36.109080377247565,46.5443093814072],[36.109080377247565,46.60925863355447],[36.061999550153914,46.64170408841516],[35.96783789596661,46.64170408841516],[35.87367624177932,46.60925863355447],[35.402867970842806,46.31637427971485],[35.26162548956185,46.12024252004512],[34.97914052699995,46.02191390354827],[34.97914052699995,45.92341009861816],[35.0262213540936,45.890536562616866],[35.0262213540936,45.824731084794706],[34.9320596999063,45.857643558236454],[34.9320596999063,45.92341009861816],[34.884978872812646,45.98909876833861],[34.79081721862534,46.05470957335975],[34.50833225606344,46.05470957335975],[34.50833225606344,46.08748577858103],[34.41417060187614,46.15297979860995],[34.32000894768884,46.18569761515839],[34.131685639314234,46.18569761515839],[33.943362330939635,46.283734301906705],[33.660877368377726,46.283734301906705],[33.56671571419042,46.18569761515839],[33.56671571419042,46.12024252004512],[33.61379654128408,46.08748577858103],[33.70795819547138,46.08748577858103],[33.80211984965868,46.15297979860995],[33.84920067675234,46.15297979860995],[34.03752398512693,46.05470957335975],[34.22584729350153,46.05470957335975],[34.32000894768884,46.02191390354827],[34.41417060187614,45.92341009861816],[34.696655564438046,45.92341009861816],[34.696655564438046,45.857643558236454],[34.74373639153169,45.79179914163462],[34.837898045718994,45.72587684365835],[34.9320596999063,45.69288648765506],[35.120383008280896,45.69288648765506],[35.26162548956185,45.59379858499702],[35.355787143749154,45.46140874916587],[35.49702962503011,45.36191188357407],[35.63827210631106,45.36191188357407],[35.779514587592004,45.46140874916587],[35.82659541468566,45.527642616039564],[35.92075706887296,45.527642616039564],[35.96783789596661,45.49453542004624],[36.061999550153914,45.49453542004624],[36.109080377247565,45.527642616039564],[36.48572699399677,45.527642616039564],[36.53280782109042,45.49453542004624],[36.95653526493328,45.49453542004624],[37.19193940040154,45.395096981266754],[37.42734353586979,45.395096981266754],[37.568586017150736,45.49453542004624],[37.568586017150736,45.69288648765506],[37.85107097971264,45.857643558236454],[37.85107097971264,45.956264166947854],[37.8981518068063,45.98909876833861],[37.8981518068063,46.05470957335975],[38.086475115180896,46.12024252004512],[38.22771759646185,46.218395970598166],[38.22771759646185,46.283734301906705],[38.13355594227455,46.348994800293],[37.94523263389994,46.348994800293],[37.85107097971264,46.414177473909355],[37.80399015261899,46.47928233130153],[37.80399015261899,46.5443093814072],[37.662747671338046,46.73892378322967],[37.80399015261899,46.73892378322967],[37.85107097971264,46.70653666196552],[38.039394288087244,46.70653666196552],[38.22771759646185,46.77129146257625],[38.32187925064915,46.83596850093034],[38.3689600777428,46.83596850093034],[38.4631217319301,46.93283827854335],[38.745606694492004,46.93283827854335],[38.88684917577295,47.02953315503015],[38.98101082996026,47.02953315503015],[39.028091657053906,47.09389925884054],[39.12225331124121,47.09389925884054],[39.16933413833486,47.126053171276226],[39.16933413833486,47.19030272525201],[39.12225331124121,47.222398370079844],[39.028091657053906,47.222398370079844],[38.98101082996026,47.158187659536004],[38.792687521585655,47.158187659536004],[38.604364213211056,47.09389925884054],[38.51020255902375,47.09389925884054],[38.4631217319301,47.126053171276226],[38.32187925064915,47.126053171276226],[38.32187925064915,47.19030272525201],[38.41604090483645,47.254474595698504],[38.41604090483645,47.31856879614078],[38.3689600777428,47.35058677443887],[38.3689600777428,47.51038551827382],[38.4631217319301,47.57416918138065],[38.604364213211056,47.57416918138065],[38.6514450403047,47.60603191315191],[38.745606694492004,47.60603191315191],[38.88684917577295,47.733288887593716],[38.88684917577295,47.79680103148735],[39.028091657053906,47.79680103148735],[39.075172484147565,47.76505465310742],[39.310576619615816,47.79680103148735],[39.35765744670946,47.76505465310742],[39.781384890552324,47.76505465310742],[39.87554654473962,47.828528024825445],[39.92262737183327,47.98687229068045],[39.969708198926924,47.98687229068045],[39.969708198926924,47.9552421903858],[40.62883977823804,47.51038551827382],[40.62883977823804,47.47846458309484],[41.19380970336184,47.09389925884054],[41.19380970336184,47.061725920620226],[41.38213301173644,46.93283827854335],[41.5233754930174,46.93283827854335],[41.75877962848565,47.061725920620226],[41.85294128267295,47.09389925884054],[41.947102936860254,47.09389925884054],[41.994183763953906,47.126053171276226],[42.22958789942216,47.126053171276226],[42.32374955360946,47.09389925884054],[42.55915368907772,46.93283827854335],[42.60623451617136,46.93283827854335],[42.935800305826916,46.73892378322967],[43.02996196001423,46.60925863355447],[43.02996196001423,46.446739629084036],[43.07704278710787,46.414177473909355],[43.07704278710787,46.15297979860995],[43.02996196001423,46.12024252004512],[43.02996196001423,46.02191390354827],[42.88871947873327,45.890536562616866],[42.88871947873327,45.857643558236454],[42.60623451617136,45.65987665955937],[42.55915368907772,45.65987665955937],[42.46499203489041,45.59379858499702],[42.18250707232852,45.49453542004624],[42.18250707232852,45.428262603022674],[42.135426245234854,45.395096981266754],[42.135426245234854,44.86179816519445],[42.0883454181412,44.82830142975131],[42.0883454181412,44.12037112488464],[42.135426245234854,44.08644596197143],[42.135426245234854,43.9505506390906],[42.18250707232852,43.91652814451956],[42.18250707232852,43.78024353666113],[42.22958789942216,43.74612373195775],[42.653315343265014,43.711984468119134],[42.84163865163962,43.64364756718206],[42.935800305826916,43.64364756718206],[43.17120444129517,43.50674030287445],[43.218285268388826,43.50674030287445],[43.406608576763425,43.36952181778403],[43.54785105804438,43.16311073113296],[43.54785105804438,43.094151517986276],[43.59493188513803,43.05964275858698],[43.59493188513803,42.99056694200572],[43.642012712231676,42.92141340587972],[43.218285268388826,43.02511456605915],[43.07704278710787,43.1286408426832],[43.02996196001423,43.1975611818198],[42.84163865163962,43.26640376398649],[42.55915368907772,43.26640376398649],[42.41791120779676,43.33516857763579],[42.18250707232852,43.33516857763579],[42.135426245234854,43.30079589257949],[41.8058604555793,43.30079589257949],[41.75877962848565,43.33516857763579],[41.57045632011105,43.33516857763579],[41.429213838830094,43.43816995801461],[41.28797135754914,43.43816995801461],[41.240890530455495,43.47246485549777],[41.05256722208089,43.47246485549777],[40.95840556789359,43.54099629891655],[40.81716308661264,43.57523284242452],[40.723001432425335,43.64364756718206],[40.62883977823804,43.64364756718206],[40.58175895114438,43.60944993222724],[40.440516469863425,43.60944993222724],[40.252193161488826,43.677825746174676],[40.11095068020788,43.677825746174676],[39.969708198926924,43.57523284242452],[39.92262737183327,43.50674030287445],[39.92262737183327,43.43816995801461],[39.87554654473962,43.40385561168161],[39.87554654473962,43.43816995801461],[39.54598075508407,43.677825746174676],[39.54598075508407,43.711984468119134],[38.93393000286661,44.15427681918985],[38.88684917577295,44.15427681918985],[38.69852586739835,44.289704896863626],[38.604364213211056,44.32351323826991],[38.51020255902375,44.32351323826991],[38.4631217319301,44.35730210731747],[38.32187925064915,44.35730210731747],[38.13355594227455,44.4248214262483],[38.13355594227455,44.45855187515582],[37.99231346099359,44.55962637436536],[37.94523263389994,44.55962637436536],[37.85107097971264,44.62691199705352],[37.662747671338046,44.62691199705352],[37.61566684424439,44.66052559434726],[37.521505190057084,44.66052559434726],[37.42734353586979,44.69411971521949],[37.28610105458883,44.86179816519445],[37.28610105458883,44.92873320329701],[37.19193940040154,44.995590330510964],[36.90945443783963,45.09572993800612],[36.53280782109042,45.09572993800612],[36.43864616690312,45.02898967744306],[36.297403685622164,45.02898967744306],[36.25032285852851,44.995590330510964],[36.15616120434121,45.02898967744306],[36.061999550153914,45.02898967744306],[36.01491872306026,44.995590330510964],[35.82659541468566,44.995590330510964],[35.68535293340471,45.09572993800612],[35.54411045212375,45.09572993800612],[35.49702962503011,45.062369546596045],[35.49702962503011,44.995590330510964],[35.402867970842806,44.92873320329701],[35.26162548956185,44.89527542307519],[35.120383008280896,44.76124952669726],[35.0262213540936,44.79478521686894],[34.74373639153169,44.79478521686894],[34.649574737344395,44.76124952669726],[34.46125142896979,44.62691199705352],[34.41417060187614,44.52595434962045],[34.22584729350153,44.45855187515582],[34.22584729350153,44.4248214262483],[34.131685639314234,44.39107150347745],[33.84920067675234,44.39107150347745],[33.80211984965868,44.35730210731747],[33.70795819547138,44.39107150347745],[33.56671571419042,44.492262849753104],[33.47255406000313,44.492262849753104],[33.37839240581582,44.55962637436536],[33.37839240581582,44.62691199705352],[33.51963488709677,44.72769435941295],[33.51963488709677,44.86179816519445],[33.56671571419042,44.89527542307519],[33.56671571419042,45.062369546596045],[33.47255406000313,45.16239228787419],[33.37839240581582,45.16239228787419],[33.28423075162852,45.129070851735854],[33.19006909744122,45.16239228787419],[32.954664961972966,45.328707309646525],[32.76634165359837,45.328707309646525],[32.71926082650471,45.295483259212034],[32.62509917231741,45.295483259212034],[32.48385669103646,45.36191188357407],[32.48385669103646,45.46140874916587],[32.62509917231741,45.56073033754738],[32.81342248069201,45.62684735884146],[32.954664961972966,45.72587684365835],[33.09590744325392,45.758847728124586],[33.19006909744122,45.857643558236454],[33.37839240581582,45.857643558236454],[33.47255406000313,45.92341009861816],[33.47255406000313,45.98909876833861],[33.28423075162852,46.08748577858103],[33.19006909744122,46.08748577858103],[33.09590744325392,45.98909876833861],[32.907584134879315,45.98909876833861],[32.86050330778566,46.02191390354827],[32.672179999411064,46.02191390354827],[32.62509917231741,46.05470957335975],[32.48385669103646,46.05470957335975],[32.436775863942806,46.08748577858103],[32.3426142097555,46.08748577858103],[32.29553338266186,46.12024252004512],[32.154290901380904,46.12024252004512],[32.10721007428725,46.15297979860995],[31.9659675930063,46.15297979860995],[31.918886765912653,46.18569761515839],[31.777644284631698,46.18569761515839],[31.73056345753805,46.218395970598166],[31.636401803350743,46.218395970598166],[31.495159322069792,46.31637427971485],[31.495159322069792,46.414177473909355],[31.589320976257095,46.446739629084036],[31.589320976257095,46.511805581691306],[31.495159322069792,46.57679373162742],[31.165593532414235,46.60925863355447],[30.883108569852336,46.511805581691306],[30.883108569852336,46.414177473909355],[30.74186608857138,46.283734301906705],[30.694785261477733,46.18569761515839],[30.60062360729043,46.12024252004512],[30.60062360729043,46.08748577858103],[30.36521947182218,45.92341009861816],[30.36521947182218,45.890536562616866],[30.271057817634873,45.824731084794706],[30.223976990541225,45.824731084794706],[29.94149202797932,45.62684735884146],[29.84733037379202,45.59379858499702],[29.84733037379202,45.527642616039564],[29.89441120088567,45.49453542004624],[29.89441120088567,45.36191188357407],[29.84733037379202,45.328707309646525],[29.84733037379202,45.228976727863895],[29.800249546698364,45.19569424653637],[29.800249546698364,45.395096981266754],[29.659007065417416,45.49453542004624],[29.564845411230113,45.49453542004624],[29.517764584136465,45.527642616039564],[29.23527962157456,45.527642616039564],[29.141117967387252,45.46140874916587],[28.952794659012653,45.395096981266754],[28.905713831919,45.428262603022674],[28.811552177731706,45.428262603022674],[28.7173905235444,45.328707309646525],[28.6232288693571,45.36191188357407],[28.5290672151698,45.36191188357407],[28.434905560982497,45.428262603022674],[28.434905560982497,45.46140874916587],[28.576148042263448,45.46140874916587]]],[[[30.74186608857138,54.781319696802385],[30.883108569852336,54.69950051079051],[30.930189396945984,54.69950051079051],[30.930189396945984,54.64486253706011],[30.977270224039636,54.61751597680148],[31.07143187822694,54.61751597680148],[31.024351051133284,54.56276767882869],[31.024351051133284,54.48050719660508],[31.118512705320587,54.42557478064608],[31.165593532414235,54.42557478064608],[31.25975518660154,54.31548870427176],[31.25975518660154,54.232730368816846],[31.400997667882493,54.14980575869795],[31.683482630444395,54.06671471389405],[31.777644284631698,54.01122814177565],[31.777644284631698,53.92785935315874],[31.73056345753805,53.90003268554431],[31.73056345753805,53.788540503671626],[31.824725111725346,53.73268302532084],[32.154290901380904,53.76062105155913],[32.24845255556821,53.73268302532084],[32.3426142097555,53.67675122764143],[32.3426142097555,53.59271408288537],[32.389695036849155,53.536596288259936],[32.53093751813011,53.480404015995525],[32.57801834522376,53.42413722136829],[32.62509917231741,53.42413722136829],[32.57801834522376,53.39597586425471],[32.48385669103646,53.39597586425471],[32.389695036849155,53.33959720272507],[32.389695036849155,53.28314390802319],[32.154290901380904,53.17001324365384],[31.9659675930063,53.17001324365384],[31.824725111725346,53.25488925949849],[31.73056345753805,53.28314390802319],[31.448078494976144,53.28314390802319],[31.30683601369519,53.19832393276022],[31.30683601369519,53.14168386348515],[31.21267435950789,53.084969008336536],[31.21267435950789,52.999756407881954],[31.30683601369519,52.942854400001174],[31.353916840788838,52.85736087054835],[31.495159322069792,52.800271444275594],[31.448078494976144,52.657219483597395],[31.495159322069792,52.62855275367017],[31.495159322069792,52.484937132468836],[31.542240149163447,52.45615757827281],[31.542240149163447,52.28308481996578],[31.636401803350743,52.22524313967924],[31.636401803350743,52.196294009619386],[31.353916840788838,52.196294009619386],[31.25975518660154,52.138339145156394],[31.21267435950789,52.16732601307375],[31.024351051133284,52.16732601307375],[30.883108569852336,52.10933340099753],[30.788946915665033,51.993121565117626],[30.694785261477733,51.964021367271584],[30.60062360729043,51.847431477220155],[30.60062360729043,51.78902300681841],[30.459381126009475,51.6426704150231],[30.459381126009475,51.5839967149112],[30.506461953103123,51.55463141866256],[30.506461953103123,51.46642169073705],[30.553542780196782,51.43698048668794],[30.553542780196782,51.34854292773919],[30.459381126009475,51.40752029447092],[30.459381126009475,51.43698048668794],[30.223976990541225,51.5839967149112],[30.12981533635392,51.5839967149112],[30.08273450926027,51.55463141866256],[29.89441120088567,51.55463141866256],[29.84733037379202,51.52524715222867],[29.753168719604716,51.5839967149112],[29.659007065417416,51.5839967149112],[29.517764584136465,51.49584391108825],[29.37652210285551,51.49584391108825],[29.37652210285551,51.55463141866256],[29.282360448668207,51.671978828013884],[29.188198794480908,51.73053880281071],[29.094037140293604,51.73053880281071],[28.952794659012653,51.6426704150231],[28.76447135063805,51.5839967149112],[28.67030969645075,51.6426704150231],[28.434905560982497,51.6426704150231],[28.3407439067952,51.73053880281071],[28.199501425514242,51.73053880281071],[28.105339771326946,51.6426704150231],[28.058258944233287,51.6426704150231],[27.964097290045988,51.70126828907443],[27.869935635858692,51.70126828907443],[27.822854808765037,51.671978828013884],[27.681612327484086,51.671978828013884],[27.634531500390437,51.70126828907443],[27.39912736492218,51.70126828907443],[27.352046537828528,51.759790373845526],[27.210804056547577,51.847431477220155],[27.022480748172974,51.847431477220155],[26.975399921079326,51.81823670638564],[26.78707661270472,51.876607324011566],[26.598753304330117,51.876607324011566],[26.504591650142817,51.93490226430628],[26.269187514674563,51.93490226430628],[26.17502586048726,51.993121565117626],[25.93962172501901,51.993121565117626],[25.892540897925358,52.02220286261655],[25.798379243738054,52.02220286261655],[25.751298416644403,51.993121565117626],[25.421732626988856,51.993121565117626],[25.374651799895197,52.02220286261655],[25.139247664426943,52.02220286261655],[24.950924356052347,51.964021367271584],[24.433035258022183,51.964021367271584],[24.291792776741232,51.876607324011566],[24.24471194964758,51.78902300681841],[24.10346946836663,51.70126828907443],[24.10346946836663,51.671978828013884],[24.009307814179326,51.671978828013884],[23.868065332898375,51.73053880281071],[23.726822851617424,51.73053880281071],[23.773903678711072,51.759790373845526],[23.773903678711072,51.876607324011566],[23.820984505804727,51.905764251466024],[23.820984505804727,52.10933340099753],[23.773903678711072,52.16732601307375],[23.679742024523772,52.196294009619386],[23.679742024523772,52.22524313967924],[23.585580370336473,52.28308481996578],[23.35017623486822,52.31197738004462],[23.49141871614917,52.42735920228347],[23.49141871614917,52.45615757827281],[23.632661197430124,52.542439795676394],[23.868065332898375,52.57116291482482],[24.10346946836663,52.71449659015276],[24.10346946836663,53.02817932421334],[24.05638864127298,53.05658352258133],[24.05638864127298,53.19832393276022],[23.915146159992027,53.33959720272507],[23.915146159992027,53.42413722136829],[23.820984505804727,53.50850946463317],[23.773903678711072,53.64875744482238],[23.726822851617424,53.67675122764143],[23.773903678711072,53.70472641924692],[23.773903678711072,53.76062105155913],[23.679742024523772,53.8443237084278],[23.773903678711072,53.87218747256023],[24.10346946836663,53.87218747256023],[24.15055029546028,53.90003268554431],[24.24471194964758,53.90003268554431],[24.291792776741232,53.8443237084278],[24.527196912209487,53.8443237084278],[24.668439393490438,53.92785935315874],[24.90384352895869,53.92785935315874],[24.998005183145995,53.98345707546167],[24.998005183145995,54.09443023140506],[25.045086010239643,54.06671471389405],[25.139247664426943,54.06671471389405],[25.327570972801546,54.177465780266836],[25.327570972801546,54.205107314997555],[25.4688134540825,54.205107314997555],[25.4688134540825,54.14980575869795],[25.657136762457103,54.06671471389405],[25.751298416644403,54.06671471389405],[25.84546007083171,54.09443023140506],[25.93962172501901,54.14980575869795],[25.93962172501901,54.31548870427176],[25.751298416644403,54.42557478064608],[25.798379243738054,54.45305020211569],[25.798379243738054,54.50794577017151],[25.892540897925358,54.56276767882869],[25.892540897925358,54.781319696802385],[25.986702552112657,54.89015502558145],[26.127945033393612,54.89015502558145],[26.316268341768215,54.97158905069528],[26.410429995955514,55.07991144409629],[26.692914958517417,55.07991144409629],[26.78707661270472,55.133962908623616],[26.78707661270472,55.18794128602716],[26.92831909398567,55.24184662728973],[26.92831909398567,55.322567808410795],[26.83415743979837,55.37629078361307],[26.73999578561107,55.37629078361307],[26.64583413142377,55.403124946898906],[26.692914958517417,55.42994090260089],[26.692914958517417,55.510279589103654],[26.73999578561107,55.53702277942766],[26.73999578561107,55.590454641473926],[26.78707661270472,55.64381385571804],[26.92831909398567,55.67046623633176],[27.069561575266626,55.776894402551015],[27.210804056547577,55.776894402551015],[27.25788488364123,55.75031455121344],[27.39912736492218,55.75031455121344],[27.44620819201583,55.776894402551015],[27.493289019109483,55.75031455121344],[27.681612327484086,55.75031455121344],[27.775773981671385,55.82999976456273],[27.775773981671385,55.88303271669393],[27.91701646295234,55.96244649313457],[27.91701646295234,55.98888160492397],[28.105339771326946,56.09444149619904],[28.15242059842059,56.09444149619904],[28.293663079701545,56.015298654390214],[28.6232288693571,56.04169764826285],[28.67030969645075,55.96244649313457],[28.811552177731706,55.88303271669393],[28.905713831919,55.88303271669393],[28.952794659012653,55.93599331230326],[29.046956313199956,55.96244649313457],[29.188198794480908,55.96244649313457],[29.23527962157456,55.93599331230326],[29.329441275761862,55.93599331230326],[29.329441275761862,55.85652528853259],[29.282360448668207,55.82999976456273],[29.282360448668207,55.776894402551015],[29.47068375704281,55.64381385571804],[29.61192623832376,55.64381385571804],[29.659007065417416,55.69710047471844],[29.753168719604716,55.72371657747598],[29.89441120088567,55.72371657747598],[29.988572855072967,55.80345613811999],[30.08273450926027,55.776894402551015],[30.223976990541225,55.776894402551015],[30.271057817634873,55.80345613811999],[30.318138644728524,55.776894402551015],[30.412300298915827,55.776894402551015],[30.459381126009475,55.72371657747598],[30.506461953103123,55.72371657747598],[30.60062360729043,55.617143326290574],[30.647704434384078,55.617143326290574],[30.788946915665033,55.53702277942766],[30.83602774275868,55.53702277942766],[30.83602774275868,55.403124946898906],[30.74186608857138,55.34943840627073],[30.74186608857138,55.26877192535218],[30.83602774275868,55.214903082982225],[30.930189396945984,55.1069463154294],[30.74186608857138,54.91731802081564],[30.74186608857138,54.781319696802385]]],[[[29.046956313199956,59.84863565260446],[29.141117967387252,59.801141845583274],[29.141117967387252,59.68211081802251],[29.188198794480908,59.65825371848163],[29.188198794480908,59.5626554085726],[29.23527962157456,59.53871331349596],[29.23527962157456,59.394702985832616],[29.282360448668207,59.37064156466868],[29.282360448668207,58.93460802759635],[29.329441275761862,58.9102207833645],[29.329441275761862,58.71450202857165],[29.37652210285551,58.68995946841474],[29.37652210285551,58.59161619286679],[29.423602929949162,58.566987076939746],[29.423602929949162,58.492995693936614],[29.47068375704281,58.468297195766255],[29.47068375704281,58.41884809797891],[29.564845411230113,58.34454408370562],[29.564845411230113,58.29492107399252],[29.706087892511068,58.17055860802358],[29.706087892511068,58.12069148669575],[29.94149202797932,57.89542379202514],[29.94149202797932,57.84517158214055],[30.08273450926027,57.71923376073325],[30.08273450926027,57.66873555830404],[30.223976990541225,57.54218185235172],[30.223976990541225,57.49143693608643],[30.506461953103123,57.21107598181734],[30.506461953103123,57.15987098944457],[30.694785261477733,56.954340473263905],[30.788946915665033,56.902779922086424],[31.024351051133284,56.643906799633505],[31.21267435950789,56.51379976667768],[31.21267435950789,56.48772461066969],[31.353916840788838,56.409391519026165],[31.353916840788838,56.38324459091422],[31.495159322069792,56.30469601746967],[31.495159322069792,56.27847720706402],[31.73056345753805,56.14711320278293],[31.73056345753805,56.12078636377521],[32.20137172847455,55.85652528853259],[32.24845255556821,55.85652528853259],[32.436775863942806,55.75031455121344],[32.71926082650471,55.67046623633176],[32.81342248069201,55.67046623633176],[32.954664961972966,55.617143326290574],[33.09590744325392,55.617143326290574],[33.28423075162852,55.563747794703914],[33.425473232909475,55.563747794703914],[33.61379654128408,55.510279589103654],[33.70795819547138,55.510279589103654],[34.08460481222058,55.403124946898906],[34.367089774782485,55.26877192535218],[34.55541308315709,55.214903082982225],[34.97914052699995,54.998697097893675],[34.97914052699995,54.97158905069528],[35.2145446624682,54.80855604364061],[35.44994879793645,54.535365928885085],[35.49702962503011,54.39808092615186],[35.54411045212375,54.37056863260158],[35.54411045212375,54.31548870427176],[35.591191279217405,54.28792105749421],[35.591191279217405,54.232730368816846],[35.63827210631106,54.205107314997555],[35.63827210631106,54.14980575869795],[35.68535293340471,54.122127244377424],[35.68535293340471,54.03898068597093],[35.73243376049836,54.01122814177565],[35.73243376049836,53.90003268554431],[35.779514587592004,53.87218747256023],[35.779514587592004,53.76062105155913],[35.82659541468566,53.73268302532084],[35.82659541468566,53.536596288259936],[35.87367624177932,53.50850946463317],[35.87367624177932,53.02817932421334],[35.82659541468566,52.999756407881954],[35.82659541468566,52.8288255349111],[35.779514587592004,52.800271444275594],[35.779514587592004,52.68586742737365],[35.73243376049836,52.657219483597395],[35.73243376049836,52.57116291482482],[35.68535293340471,52.542439795676394],[35.68535293340471,52.45615757827281],[35.591191279217405,52.340851093341904],[35.591191279217405,52.28308481996578],[35.54411045212375,52.25417340815535],[35.54411045212375,52.196294009619386],[35.49702962503011,52.16732601307375],[35.49702962503011,52.0803087757435],[35.402867970842806,51.964021367271584],[35.402867970842806,51.905764251466024],[35.355787143749154,51.876607324011566],[35.355787143749154,51.81823670638564],[35.3087063166555,51.78902300681841],[35.3087063166555,51.73053880281071],[35.2145446624682,51.6426704150231],[35.167463835374555,51.49584391108825],[35.0262213540936,51.31902574437064],[34.97914052699995,51.31902574437064],[34.884978872812646,51.25993435562333],[34.74373639153169,51.25993435562333],[34.649574737344395,51.31902574437064],[34.50833225606344,51.31902574437064],[34.46125142896979,51.34854292773919],[34.46125142896979,51.40752029447092],[34.367089774782485,51.46642169073705],[34.367089774782485,51.55463141866256],[34.27292812059518,51.6426704150231],[34.41417060187614,51.6426704150231],[34.55541308315709,51.73053880281071],[34.55541308315709,51.81823670638564],[34.50833225606344,51.876607324011566],[34.367089774782485,51.964021367271584],[34.32000894768884,51.964021367271584],[34.22584729350153,52.02220286261655],[34.178766466407886,52.0803087757435],[34.22584729350153,52.10933340099753],[34.22584729350153,52.16732601307375],[34.178766466407886,52.22524313967924],[33.89628150384598,52.42735920228347],[33.80211984965868,52.45615757827281],[33.70795819547138,52.45615757827281],[33.61379654128408,52.398541999471554],[33.425473232909475,52.45615757827281],[33.19006909744122,52.45615757827281],[32.954664961972966,52.340851093341904],[32.71926082650471,52.340851093341904],[32.62509917231741,52.398541999471554],[32.389695036849155,52.398541999471554],[32.29553338266186,52.340851093341904],[32.29553338266186,52.25417340815535],[32.20137172847455,52.138339145156394],[32.01304842009995,52.138339145156394],[31.918886765912653,52.196294009619386],[31.871805938818998,52.196294009619386],[31.824725111725346,52.28308481996578],[31.73056345753805,52.340851093341904],[31.73056345753805,52.51369786991649],[31.777644284631698,52.542439795676394],[31.777644284631698,52.59986723245361],[31.683482630444395,52.657219483597395],[31.683482630444395,52.71449659015276],[31.73056345753805,52.743106977103885],[31.73056345753805,52.800271444275594],[31.448078494976144,53.02817932421334],[31.495159322069792,53.084969008336536],[31.495159322069792,53.14168386348515],[31.73056345753805,53.14168386348515],[31.73056345753805,53.084969008336536],[31.777644284631698,53.05658352258133],[31.871805938818998,53.05658352258133],[31.918886765912653,53.02817932421334],[32.01304842009995,53.02817932421334],[32.06012924719361,53.05658352258133],[32.10721007428725,53.02817932421334],[32.24845255556821,53.02817932421334],[32.57801834522376,53.19832393276022],[32.57801834522376,53.22661593622873],[32.672179999411064,53.28314390802319],[32.81342248069201,53.28314390802319],[32.86050330778566,53.31137988727112],[32.86050330778566,53.480404015995525],[32.71926082650471,53.56466449247341],[32.57801834522376,53.59271408288537],[32.62509917231741,53.73268302532084],[32.53093751813011,53.788540503671626],[32.154290901380904,53.90003268554431],[31.918886765912653,53.87218747256023],[31.9659675930063,53.90003268554431],[31.9659675930063,54.09443023140506],[31.871805938818998,54.14980575869795],[31.542240149163447,54.232730368816846],[31.448078494976144,54.28792105749421],[31.448078494976144,54.37056863260158],[31.353916840788838,54.48050719660508],[31.25975518660154,54.535365928885085],[31.30683601369519,54.59015102609803],[31.30683601369519,54.67219071300768],[30.930189396945984,54.835774043233656],[30.977270224039636,54.862973701802744],[30.977270224039636,54.91731802081564],[31.07143187822694,54.94446269376346],[31.07143187822694,54.97158905069528],[31.165593532414235,55.02578684165339],[31.165593532414235,55.07991144409629],[31.118512705320587,55.1069463154294],[31.118512705320587,55.18794128602716],[30.977270224039636,55.29567898358386],[30.977270224039636,55.322567808410795],[31.07143187822694,55.37629078361307],[31.07143187822694,55.590454641473926],[31.024351051133284,55.64381385571804],[30.930189396945984,55.69710047471844],[30.83602774275868,55.69710047471844],[30.74186608857138,55.72371657747598],[30.74186608857138,55.75031455121344],[30.553542780196782,55.85652528853259],[30.36521947182218,55.909522055722086],[30.08273450926027,55.909522055722086],[30.035653682166622,55.93599331230326],[29.94149202797932,55.93599331230326],[29.800249546698364,55.85652528853259],[29.706087892511068,55.85652528853259],[29.564845411230113,55.776894402551015],[29.517764584136465,55.776894402551015],[29.517764584136465,55.85652528853259],[29.61192623832376,55.88303271669393],[29.61192623832376,55.93599331230326],[29.47068375704281,56.015298654390214],[29.188198794480908,56.09444149619904],[28.99987548610631,56.09444149619904],[28.905713831919,56.04169764826285],[28.858633004825354,56.04169764826285],[28.811552177731706,56.09444149619904],[28.67030969645075,56.17342202000507],[28.481986388076145,56.17342202000507],[28.434905560982497,56.14711320278293],[28.3407439067952,56.14711320278293],[28.3407439067952,56.22598561627683],[28.387824733888845,56.25224040894484],[28.387824733888845,56.30469601746967],[28.3407439067952,56.33089684700749],[28.3407439067952,56.461631522001696],[28.293663079701545,56.48772461066969],[28.293663079701545,56.565896308433935],[28.15242059842059,56.643906799633505],[28.15242059842059,56.69582432743208],[28.058258944233287,56.74767034740224],[28.058258944233287,56.851148088399206],[27.869935635858692,56.954340473263905],[27.869935635858692,57.00582979864644],[27.91701646295234,57.03154776942955],[27.91701646295234,57.10859499964437],[28.01117811713964,57.18548235672136],[28.01117811713964,57.313273204281415],[27.728693154577734,57.46603799860209],[27.681612327484086,57.46603799860209],[27.681612327484086,57.56752784573202],[27.634531500390437,57.592856205691575],[27.54036984620313,57.592856205691575],[27.54036984620313,57.64346005464311],[27.681612327484086,57.71923376073325],[27.681612327484086,57.76966160572141],[27.822854808765037,57.79484916261294],[27.91701646295234,57.84517158214055],[27.91701646295234,57.920523586894184],[27.822854808765037,57.97067059364413],[27.822854808765037,58.04575975802081],[27.775773981671385,58.070754483796605],[27.775773981671385,58.12069148669575],[27.634531500390437,58.27008344637363],[27.681612327484086,58.31974128391652],[27.681612327484086,58.5423406268985],[27.634531500390437,58.566987076939746],[27.634531500390437,58.66539961243516],[27.587450673296782,58.68995946841474],[27.587450673296782,58.81249946468719],[27.634531500390437,58.8613946078404],[27.869935635858692,58.983330867722685],[27.964097290045988,59.08057017191415],[27.964097290045988,59.129086760392674],[28.01117811713964,59.153319315996995],[28.01117811713964,59.225914121968614],[28.058258944233287,59.27422502013139],[28.199501425514242,59.27422502013139],[28.3407439067952,59.346563065379414],[28.3407439067952,59.394702985832616],[28.293663079701545,59.442774625281075],[28.105339771326946,59.5626554085726],[28.105339771326946,59.6104885617507],[28.01117811713964,59.65825371848163],[28.01117811713964,59.75358029674095],[28.105339771326946,59.824897212830145],[28.246582252607894,59.824897212830145],[28.293663079701545,59.801141845583274],[28.387824733888845,59.801141845583274],[28.576148042263448,59.89606178170183],[28.6232288693571,59.89606178170183],[28.7173905235444,59.84863565260446],[29.046956313199956,59.84863565260446]]],[[[24.15055029546028,59.442774625281075],[24.291792776741232,59.442774625281075],[24.385954430928532,59.49077804678228],[24.385954430928532,59.51475419553612],[24.480116085115835,59.53871331349596],[24.480116085115835,59.586580488683076],[24.527196912209487,59.63437963570499],[24.76260104767774,59.6104885617507],[24.80968187477139,59.63437963570499],[24.950924356052347,59.63437963570499],[24.998005183145995,59.68211081802251],[25.092166837333295,59.68211081802251],[25.1863284915206,59.63437963570499],[25.374651799895197,59.586580488683076],[25.4688134540825,59.586580488683076],[25.515894281176152,59.6104885617507],[25.515894281176152,59.68211081802251],[25.657136762457103,59.68211081802251],[25.84546007083171,59.72977409919502],[25.892540897925358,59.72977409919502],[25.93962172501901,59.68211081802251],[26.080864206299964,59.68211081802251],[26.22210668758091,59.63437963570499],[26.363349168861866,59.63437963570499],[26.457510823049166,59.586580488683076],[26.78707661270472,59.586580488683076],[26.975399921079326,59.49077804678228],[27.54036984620313,59.49077804678228],[27.587450673296782,59.46678485933],[27.822854808765037,59.46678485933],[27.869935635858692,59.442774625281075],[27.964097290045988,59.442774625281075],[28.01117811713964,59.46678485933],[28.058258944233287,59.394702985832616],[27.869935635858692,59.32246748009873],[27.822854808765037,59.27422502013139],[27.822854808765037,59.201732988968374],[27.775773981671385,59.17753472291782],[27.775773981671385,59.129086760392674],[27.681612327484086,59.03198489511139],[27.44620819201583,58.9102207833645],[27.39912736492218,58.8613946078404],[27.39912736492218,58.64082245295986],[27.44620819201583,58.616227982323174],[27.44620819201583,58.517676835107004],[27.493289019109483,58.492995693936614],[27.493289019109483,58.36932948092749],[27.44620819201583,58.34454408370562],[27.44620819201583,58.22035590785044],[27.587450673296782,58.095731724192],[27.587450673296782,57.99571782041312],[27.681612327484086,57.89542379202514],[27.493289019109483,57.84517158214055],[27.44620819201583,57.79484916261294],[27.44620819201583,57.74445647422202],[27.352046537828528,57.71923376073325],[27.352046537828528,57.66873555830404],[27.30496571073488,57.618166939551884],[27.116642402360274,57.618166939551884],[27.116642402360274,57.64346005464311],[27.022480748172974,57.6939934578821],[26.881238266892023,57.6939934578821],[26.78707661270472,57.64346005464311],[26.692914958517417,57.64346005464311],[26.64583413142377,57.618166939551884],[26.504591650142817,57.618166939551884],[26.17502586048726,57.82001915228654],[26.17502586048726,57.870306459581734],[26.080864206299964,57.920523586894184],[25.93962172501901,57.920523586894184],[25.84546007083171,57.99571782041312],[25.704217589550755,57.99571782041312],[25.374651799895197,58.14563377880467],[25.139247664426943,58.14563377880467],[25.045086010239643,58.095731724192],[25.045086010239643,58.070754483796605],[24.76260104767774,58.070754483796605],[24.71552022058409,58.02074753938385],[24.574277739303138,58.02074753938385],[24.433035258022183,57.945605851620535],[24.385954430928532,57.945605851620535],[24.433035258022183,57.99571782041312],[24.433035258022183,58.04575975802081],[24.480116085115835,58.070754483796605],[24.480116085115835,58.22035590785044],[24.433035258022183,58.245228393507716],[24.291792776741232,58.245228393507716],[24.24471194964758,58.195465981865254],[24.15055029546028,58.195465981865254],[24.15055029546028,58.22035590785044],[24.009307814179326,58.29492107399252],[23.915146159992027,58.31974128391652],[23.820984505804727,58.31974128391652],[23.726822851617424,58.36932948092749],[23.726822851617424,58.41884809797891],[23.679742024523772,58.44358133298235],[23.679742024523772,58.517676835107004],[23.53849954324282,58.566987076939746],[23.53849954324282,58.763535292145846],[23.444337889055518,58.81249946468719],[23.444337889055518,59.08057017191415],[23.53849954324282,59.129086760392674],[23.53849954324282,59.17753472291782],[23.49141871614917,59.201732988968374],[23.49141871614917,59.2500781297452],[23.39725706196187,59.29835480096707],[23.39725706196187,59.346563065379414],[23.49141871614917,59.346563065379414],[23.585580370336473,59.27422502013139],[23.726822851617424,59.27422502013139],[23.868065332898375,59.346563065379414],[23.915146159992027,59.394702985832616],[24.009307814179326,59.394702985832616],[24.15055029546028,59.442774625281075]]],[[[28.105339771326946,60.08509080009156],[28.15242059842059,60.06152119461894],[28.105339771326946,60.01433143370594],[28.058258944233287,60.01433143370594],[27.964097290045988,59.967074219248744],[27.869935635858692,59.967074219248744],[27.822854808765037,59.99071126218655],[27.822854808765037,60.06152119461894],[28.01117811713964,60.06152119461894],[28.105339771326946,60.08509080009156]]],[[[28.387824733888845,60.01433143370594],[28.387824733888845,60.06152119461894],[28.481986388076145,60.08509080009156],[28.5290672151698,60.03793474183786],[28.434905560982497,59.99071126218655],[28.387824733888845,60.01433143370594]]],[[[34.41417060187614,-11.692752978261405],[34.27292812059518,-11.831508742834352],[34.27292812059518,-11.877745067699504],[34.131685639314234,-12.06261161648976],[34.131685639314234,-12.247350786595625],[34.27292812059518,-12.339672032048384],[34.27292812059518,-12.43196074654576],[34.32000894768884,-12.478092833452761],[34.32000894768884,-12.616439671517231],[34.367089774782485,-12.66253871533795],[34.367089774782485,-12.800785743417908],[34.41417060187614,-12.846851290690573],[34.41417060187614,-13.123066247437773],[34.46125142896979,-13.169072089780906],[34.46125142896979,-13.307037654760721],[34.602493910250736,-13.490869452496197],[34.602493910250736,-13.536805378592502],[34.649574737344395,-13.582732439669629],[34.884978872812646,-13.582732439669629],[35.167463835374555,-13.858107086308516],[35.2145446624682,-13.858107086308516],[35.2145446624682,-13.949826458397455],[35.402867970842806,-14.133155612897532],[35.44994879793645,-14.270555722013167],[35.591191279217405,-14.407872074819313],[35.63827210631106,-14.407872074819313],[35.63827210631106,-14.499369414603848],[35.779514587592004,-14.636544536569861],[35.779514587592004,-14.956285215399383],[35.73243376049836,-15.001923818281458],[35.73243376049836,-15.366679748569354],[35.779514587592004,-15.412229727065677],[35.779514587592004,-15.503299715673437],[35.73243376049836,-15.548819672663205],[35.73243376049836,-15.912614939387355],[35.591191279217405,-16.00346157013382],[35.49702962503011,-15.95804340348625],[35.402867970842806,-15.95804340348625],[35.2145446624682,-16.139654023541386],[35.167463835374555,-16.230397025765924],[35.167463835374555,-16.36643305793991],[35.073302181187245,-16.457071128916727],[35.073302181187245,-16.592948791811107],[35.2145446624682,-16.728730503133562],[35.0262213540936,-16.638220057877227],[34.884978872812646,-16.50237430153535],[34.837898045718994,-16.41175737242594],[34.74373639153169,-16.36643305793991],[34.74373639153169,-16.321098211368],[34.55541308315709,-16.139654023541386],[34.55541308315709,-16.00346157013382],[34.46125142896979,-15.912614939387355],[34.41417060187614,-15.912614939387355],[34.367089774782485,-15.821727223789331],[34.50833225606344,-15.685319076300889],[34.55541308315709,-15.594329569414379],[34.55541308315709,-15.457769724959169],[34.696655564438046,-15.275549956229009],[34.696655564438046,-14.773633941746324],[34.649574737344395,-14.727947042600421],[34.649574737344395,-14.499369414603848],[34.41417060187614,-14.224764955425469],[34.32000894768884,-14.224764955425469],[34.178766466407886,-14.316337182324697],[33.89628150384598,-14.316337182324697],[33.84920067675234,-14.362109309027728],[33.660877368377726,-14.362109309027728],[33.425473232909475,-14.087337091768331],[33.425473232909475,-13.995672487025537],[33.23714992453487,-13.812233798006325],[33.09590744325392,-13.812233798006325],[32.954664961972966,-13.674559855623048],[32.907584134879315,-13.536805378592502],[33.00174578906662,-13.444924689201752],[33.14298827034757,-13.169072089780906],[33.14298827034757,-13.07705179146933],[33.09590744325392,-13.031028749946605],[33.14298827034757,-12.984997150968018],[33.14298827034757,-12.800785743417908],[33.09590744325392,-12.70862942746702],[33.19006909744122,-12.70862942746702],[33.33131157872217,-12.616439671517231],[33.425473232909475,-12.616439671517231],[33.47255406000313,-12.5242167021933],[33.51963488709677,-12.5242167021933],[33.61379654128408,-12.43196074654576],[33.660877368377726,-12.339672032048384],[33.660877368377726,-12.247350786595625],[33.56671571419042,-12.154997238500052],[33.425473232909475,-12.154997238500052],[33.425473232909475,-11.877745067699504],[33.47255406000313,-11.831508742834352],[33.47255406000313,-11.739012669294569],[33.425473232909475,-11.692752978261405],[33.425473232909475,-11.322399561909089],[33.51963488709677,-11.18339249490008],[33.51963488709677,-11.04431872033698],[33.425473232909475,-10.95156619981729],[33.425473232909475,-10.858784615464359],[33.51963488709677,-10.858784615464359],[33.80211984965868,-10.580267823955387],[33.80211984965868,-10.487372330684293],[33.660877368377726,-10.25501210074081],[33.660877368377726,-10.162020030572963],[33.47255406000313,-9.975954945240726],[33.47255406000313,-9.743224267732835],[33.33131157872217,-9.603507653146892],[33.37839240581582,-9.603507653146892],[33.47255406000313,-9.696658520532509],[33.56671571419042,-9.696658520532509],[33.61379654128408,-9.650086305711689],[33.75503902256502,-9.650086305711689],[33.89628150384598,-9.78978351745739],[33.99044315803328,-9.78978351745739],[34.03752398512693,-9.836336239872223],[34.03752398512693,-9.929421983544112],[34.08460481222058,-10.022481260506924],[34.32000894768884,-10.25501210074081],[34.367089774782485,-10.34797687310597],[34.46125142896979,-10.34797687310597],[34.50833225606344,-10.301497913948207],[34.50833225606344,-10.440914111011203],[34.367089774782485,-10.440914111011203],[34.32000894768884,-10.487372330684293],[34.32000894768884,-11.229735634699685],[34.367089774782485,-11.27607133340418],[34.367089774782485,-11.461339135545517],[34.41417060187614,-11.507637192693217],[34.41417060187614,-11.692752978261405]]],[[[38.88684917577295,-10.997946107683275],[38.792687521585655,-11.090684008554062],[38.69852586739835,-11.090684008554062],[38.51020255902375,-11.229735634699685],[38.41604090483645,-11.229735634699685],[38.274798423555495,-11.090684008554062],[38.039394288087244,-11.090684008554062],[37.80399015261899,-11.229735634699685],[37.75690932552534,-11.322399561909089],[37.75690932552534,-11.415033492023484],[37.61566684424439,-11.507637192693217],[37.521505190057084,-11.507637192693217],[37.47442436296343,-11.553927634484106],[37.23902022749518,-11.553927634484106],[37.09777774621423,-11.415033492023484],[36.815292783652325,-11.415033492023484],[36.67405030237137,-11.553927634484106],[36.297403685622164,-11.553927634484106],[36.297403685622164,-11.507637192693217],[36.20324203143487,-11.415033492023484],[36.15616120434121,-11.415033492023484],[36.01491872306026,-11.27607133340418],[35.779514587592004,-11.27607133340418],[35.63827210631106,-11.415033492023484],[35.073302181187245,-11.415033492023484],[35.073302181187245,-11.368720291134165],[34.837898045718994,-11.137041943133978],[34.837898045718994,-11.090684008554062],[34.74373639153169,-10.997946107683275],[34.79081721862534,-10.905179025987087],[34.79081721862534,-10.533823578159174],[34.696655564438046,-10.394448948643127],[34.696655564438046,-10.069000899616752],[34.649574737344395,-10.022481260506924],[34.649574737344395,-9.929421983544112],[34.602493910250736,-9.836336239872223],[34.46125142896979,-9.696658520532509],[34.46125142896979,-9.650086305711689],[34.178766466407886,-9.370518871316582],[34.08460481222058,-9.323902220872649],[33.99044315803328,-9.323902220872649],[33.89628150384598,-9.510331154397086],[33.84920067675234,-9.463733368070486],[33.51963488709677,-9.463733368070486],[33.37839240581582,-9.323902220872649],[33.14298827034757,-9.323902220872649],[33.04882661616026,-9.230650265963861],[32.907584134879315,-9.230650265963861],[32.76634165359837,-9.137373639416706],[32.62509917231741,-9.137373639416706],[32.48385669103646,-8.997412967006436],[32.3426142097555,-8.997412967006436],[32.20137172847455,-8.904075715355734],[32.06012924719361,-8.904075715355734],[32.06012924719361,-8.85739813906934],[31.9659675930063,-8.764025236691896],[31.871805938818998,-8.717329971106484],[31.777644284631698,-8.717329971106484],[31.73056345753805,-8.764025236691896],[31.683482630444395,-8.717329971106484],[31.683482630444395,-8.623921962551927],[31.542240149163447,-8.48376671106675],[31.448078494976144,-8.437036885012521],[31.118512705320587,-8.437036885012521],[31.118512705320587,-8.390301405156812],[31.024351051133284,-8.343560301914632],[31.024351051133284,-8.296813605719613],[30.930189396945984,-8.20330355629816],[30.930189396945984,-8.109771500730458],[30.74186608857138,-7.735428103910241],[30.647704434384078,-7.641789685291111],[30.553542780196782,-7.454451482582466],[30.553542780196782,-7.220166206353079],[30.506461953103123,-7.173294456126811],[30.506461953103123,-6.938863927822855],[30.459381126009475,-6.845058797657161],[30.176896163447577,-6.516597261091998],[29.988572855072967,-6.516597261091998],[29.89441120088567,-6.469656365742246],[29.84733037379202,-6.375761521824192],[29.706087892511068,-6.234887089821466],[29.706087892511068,-6.000012671302573],[29.753168719604716,-5.9060343376332005],[29.84733037379202,-5.9060343376332005],[29.89441120088567,-5.859039174445347],[29.89441120088567,-5.671019276047633],[29.753168719604716,-5.482938088146769],[29.753168719604716,-5.247753473317692],[29.800249546698364,-5.20070578047804],[29.800249546698364,-5.059541728336629],[29.659007065417416,-4.918346876984075],[29.564845411230113,-4.871275229309988],[29.61192623832376,-4.824200285578469],[29.61192623832376,-4.541683173504946],[29.659007065417416,-4.494586041358913],[29.706087892511068,-4.541683173504946],[29.800249546698364,-4.541683173504946],[30.035653682166622,-4.3532765113005025],[30.08273450926027,-4.3532765113005025],[30.12981533635392,-4.259055363047722],[30.318138644728524,-4.070578699013978],[30.318138644728524,-3.976323690407821],[30.36521947182218,-3.882057902442806],[30.459381126009475,-3.882057902442806],[30.553542780196782,-3.7877815890774422],[30.553542780196782,-3.599198402687996],[30.647704434384078,-3.5520464249153982],[30.788946915665033,-3.4105761656930884],[30.788946915665033,-3.3634147434026307],[30.83602774275868,-3.3634147434026307],[30.977270224039636,-3.2219169146602926],[30.977270224039636,-2.938863096688095],[30.788946915665033,-2.79730882948646],[30.694785261477733,-2.79730882948646],[30.60062360729043,-2.750120233429866],[30.694785261477733,-2.6557374724231892],[30.694785261477733,-2.5613474991877254],[30.647704434384078,-2.4669505693638016],[30.83602774275868,-2.4669505693638016],[30.977270224039636,-2.3253426904691543],[30.977270224039636,-2.230929488211307],[31.024351051133284,-2.1837205981593493],[31.024351051133284,-1.947654538906681],[30.977270224039636,-1.9004372293760212],[30.977270224039636,-1.4754271862481834],[30.883108569852336,-1.4281984071368634],[30.883108569852336,-1.3337379690847426],[30.788946915665033,-1.2392739050961863],[30.694785261477733,-1.1920405935758709],[30.694785261477733,-1.144806471817452],[30.74186608857138,-1.144806471817452],[30.83602774275868,-1.0503359259405867],[31.9659675930063,-1.0503359259405867],[31.9659675930063,-1.3337379690847426],[32.01304842009995,-1.3809686573913644],[32.10721007428725,-1.3809686573913644],[32.154290901380904,-1.3337379690847426],[32.24845255556821,-1.3809686573913644],[32.24845255556821,-1.4281984071368634],[32.20137172847455,-1.4754271862481834],[32.10721007428725,-1.4754271862481834],[32.01304842009995,-1.5698817042926574],[32.01304842009995,-1.664331955008241],[31.918886765912653,-1.8059987688535322],[31.918886765912653,-2.089298400220415],[31.9659675930063,-2.1365102248266297],[32.10721007428725,-2.1365102248266297],[32.154290901380904,-2.089298400220415],[32.3426142097555,-2.089298400220415],[32.436775863942806,-2.0420851563528952],[32.53093751813011,-2.1365102248266297],[32.71926082650471,-2.1365102248266297],[32.81342248069201,-1.947654538906681],[32.81342248069201,-1.8532186286799075],[32.76634165359837,-1.7587776819363639],[32.81342248069201,-1.7115553999720359],[33.00174578906662,-1.7115553999720359],[33.09590744325392,-1.664331955008241],[33.14298827034757,-1.7115553999720359],[33.28423075162852,-1.7115553999720359],[33.37839240581582,-1.5698817042926574],[33.56671571419042,-1.5698817042926574],[33.61379654128408,-1.5226549626555657],[33.61379654128408,-1.4281984071368634],[33.660877368377726,-1.3337379690847426],[33.84920067675234,-1.1920405935758709],[33.89628150384598,-1.0975715719088395],[34.08460481222058,-1.0975715719088395],[34.27292812059518,-1.1920405935758709],[34.367089774782485,-1.2865063742932419],[34.602493910250736,-1.3809686573913644],[34.696655564438046,-1.4754271862481834],[35.0262213540936,-1.6171073790966206],[35.120383008280896,-1.7115553999720359],[35.44994879793645,-1.8532186286799075],[35.54411045212375,-1.947654538906681],[35.87367624177932,-2.089298400220415],[35.96783789596661,-2.1837205981593493],[36.20324203143487,-2.278136862980272],[36.297403685622164,-2.372546938686113],[36.62696947527772,-2.5141498878680735],[36.72113112946502,-2.6085433713587878],[37.05069691912058,-2.750120233429866],[37.14485857330788,-2.844495526665248],[37.47442436296343,-2.986043905697967],[37.61566684424439,-3.127574045858205],[37.61566684424439,-3.2219169146602926],[37.521505190057084,-3.3162510395663625],[37.521505190057084,-3.5520464249153982],[37.568586017150736,-3.599198402687996],[37.662747671338046,-3.599198402687996],[37.85107097971264,-3.7877815890774422],[37.94523263389994,-3.7877815890774422],[37.94523263389994,-3.8349210455571603],[38.039394288087244,-3.92919212797614],[38.086475115180896,-3.92919212797614],[38.18063676936819,-4.023452557997511],[38.274798423555495,-4.023452557997511],[38.274798423555495,-4.070578699013978],[38.3689600777428,-4.164822674448497],[38.41604090483645,-4.164822674448497],[38.69852586739835,-4.400382678617276],[38.792687521585655,-4.400382678617276],[38.792687521585655,-4.447485865851578],[38.88684917577295,-4.541683173504946],[39.075172484147565,-4.6358681812272415],[39.16933413833486,-4.730040636151088],[39.310576619615816,-4.730040636151088],[39.21641496542852,-5.20070578047804],[39.12225331124121,-5.294797618114668],[39.075172484147565,-5.388875137810565],[39.075172484147565,-5.482938088146769],[38.88684917577295,-5.812040055392111],[38.88684917577295,-6.046995779262553],[38.93393000286661,-6.093974806314279],[38.93393000286661,-6.281849481111067],[39.12225331124121,-6.375761521824192],[39.21641496542852,-6.516597261091998],[39.310576619615816,-6.56353376389872],[39.35765744670946,-6.704316606291943],[39.40473827380311,-6.751235228232205],[39.498899927990415,-6.751235228232205],[39.64014240927137,-6.938863927822855],[39.64014240927137,-7.079536507539731],[39.59306158217772,-7.173294456126811],[39.498899927990415,-7.220166206353079],[39.498899927990415,-7.40760432674755],[39.45181910089677,-7.40760432674755],[39.35765744670946,-7.501293627115145],[39.35765744670946,-7.5949627592135025],[39.59306158217772,-7.875846687734196],[39.59306158217772,-7.92264234796493],[39.498899927990415,-8.016217683146452],[39.40473827380311,-8.20330355629816],[39.40473827380311,-8.390301405156812],[39.45181910089677,-8.437036885012521],[39.59306158217772,-8.437036885012521],[39.59306158217772,-8.530490852923217],[39.54598075508407,-8.57720928020446],[39.54598075508407,-8.764025236691896],[39.734304063458666,-9.137373639416706],[39.734304063458666,-9.417129263716534],[39.82846571764597,-9.603507653146892],[39.82846571764597,-9.696658520532509],[39.87554654473962,-9.743224267732835],[39.87554654473962,-9.882882405164803],[40.016789026020575,-10.022481260506924],[40.29927398858248,-10.162020030572963],[40.39343564276978,-10.162020030572963],[40.487597296957084,-10.25501210074081],[40.487597296957084,-10.34797687310597],[40.39343564276978,-10.34797687310597],[39.92262737183327,-10.719558256810583],[39.734304063458666,-10.81238299754434],[39.59306158217772,-10.81238299754434],[39.54598075508407,-10.858784615464359],[39.45181910089677,-10.858784615464359],[39.35765744670946,-10.95156619981729],[39.35765744670946,-10.997946107683275],[38.88684917577295,-10.997946107683275]],[[32.76634165359837,-2.278136862980272],[32.81342248069201,-2.3253426904691543],[32.907584134879315,-2.3253426904691543],[32.954664961972966,-2.278136862980272],[32.954664961972966,-2.1837205981593493],[32.907584134879315,-2.1365102248266297],[32.81342248069201,-2.1365102248266297],[32.76634165359837,-2.1837205981593493],[32.76634165359837,-2.278136862980272]]],[[[35.68535293340471,4.5196962162665395],[35.779514587592004,4.5196962162665395],[35.87367624177932,4.566791712921836],[35.87367624177932,4.5196962162665395],[36.01491872306026,4.378391491488797],[36.862373610745976,4.378391491488797],[36.95653526493328,4.331283943755796],[37.09777774621423,4.189943825363819],[37.19193940040154,4.189943825363819],[37.42734353586979,4.001450741672393],[37.47442436296343,4.001450741672393],[37.47442436296343,3.90718780239009],[37.521505190057084,3.8600523444558235],[37.521505190057084,3.7186303985488793],[37.568586017150736,3.671484665115392],[37.568586017150736,3.482877155133521],[37.61566684424439,3.43571929262134],[37.61566684424439,3.294231850280426],[37.662747671338046,3.2470648573817757],[37.662747671338046,3.1055507883729336],[37.70982849843169,3.0583751748489822],[37.70982849843169,2.869652285244112],[37.75690932552534,2.8224666134992566],[37.75690932552534,2.6808982305883244],[37.85107097971264,2.492115054592787],[37.85107097971264,2.35050979203098],[37.94523263389994,2.161680576060314],[37.94523263389994,2.067257030041802],[37.99231346099359,2.0200431345532253],[37.99231346099359,1.9256112587134218],[38.039394288087244,1.8783933424145005],[38.039394288087244,1.7367320644087612],[38.13355594227455,1.5478339888056205],[38.18063676936819,1.2172230945115716],[38.22771759646185,1.1699894007376912],[38.22771759646185,1.0282836762262528],[38.274798423555495,0.9810469939649005],[38.274798423555495,0.839333074260007],[38.32187925064915,0.7920939170547672],[38.32187925064915,0.6503733429977572],[38.3689600777428,0.6031322245267896],[38.3689600777428,0.46140653732085296],[38.41604090483645,0.41416397136897276],[38.41604090483645,-0.011027939107626452],[38.4631217319301,-0.058271875505374035],[38.4631217319301,-0.43621924226577835],[38.51020255902375,-0.4834616657642805],[38.51020255902375,-0.8613865233686875],[38.5572833861174,-0.9086248326208967],[38.5572833861174,-1.3337379690847426],[38.604364213211056,-1.3809686573913644],[38.604364213211056,-3.3634147434026307],[38.6514450403047,-3.4105761656930884],[38.6514450403047,-3.5520464249153982],[38.745606694492004,-3.740639564770678],[38.745606694492004,-3.8349210455571603],[38.792687521585655,-3.882057902442806],[38.792687521585655,-3.976323690407821],[38.83976834867931,-4.023452557997511],[38.83976834867931,-4.117702081735205],[38.88684917577295,-4.164822674448497],[38.88684917577295,-4.306167395555814],[38.83976834867931,-4.306167395555814],[38.83976834867931,-4.259055363047722],[38.745606694492004,-4.164822674448497],[38.69852586739835,-4.164822674448497],[38.41604090483645,-3.92919212797614],[38.32187925064915,-3.92919212797614],[38.32187925064915,-3.882057902442806],[38.22771759646185,-3.7877815890774422],[38.18063676936819,-3.7877815890774422],[38.086475115180896,-3.693495004412577],[37.99231346099359,-3.693495004412577],[37.99231346099359,-3.64634793978743],[37.75690932552534,-3.3634147434026307],[37.80399015261899,-3.3162510395663625],[37.80399015261899,-3.0332226881618745],[37.61566684424439,-2.844495526665248],[36.95653526493328,-2.5141498878680735],[36.862373610745976,-2.4197495756446674],[36.53280782109042,-2.278136862980272],[36.43864616690312,-2.1837205981593493],[36.20324203143487,-2.089298400220415],[36.109080377247565,-1.9948705252410783],[35.779514587592004,-1.8532186286799075],[35.68535293340471,-1.7587776819363639],[35.355787143749154,-1.6171073790966206],[35.26162548956185,-1.5226549626555657],[34.9320596999063,-1.3809686573913644],[34.837898045718994,-1.2865063742932419],[34.602493910250736,-1.1920405935758709],[34.50833225606344,-1.0975715719088395],[34.178766466407886,-0.9558625241999417],[34.03752398512693,-0.766908180255325],[34.03752398512693,-0.3889765221919721],[34.131685639314234,-0.29449032078787235],[34.131685639314234,-0.20000331849916572],[34.08460481222058,-0.15275959732215327],[34.08460481222058,-0.011027939107626452],[34.03752398512693,0.03621600478804966],[34.08460481222058,0.27243471249537027],[34.131685639314234,0.27243471249537027],[34.22584729350153,0.3669211238355811],[34.22584729350153,0.5086487895746139],[34.50833225606344,0.7920939170547672],[34.602493910250736,1.0282836762262528],[34.696655564438046,1.1227549117056408],[34.837898045718994,1.1699894007376912],[34.9320596999063,1.264455960940826],[34.9320596999063,1.4061492753391003],[35.120383008280896,1.689509235508502],[35.120383008280896,2.11446952121565],[35.0262213540936,2.3033048025484555],[35.0262213540936,2.6808982305883244],[34.9320596999063,2.7752790258539544],[34.884978872812646,2.7752790258539544],[34.884978872812646,2.9168360091650336],[34.74373639153169,3.0583751748489822],[34.696655564438046,3.0583751748489822],[34.696655564438046,3.1527242945566853],[34.55541308315709,3.294231850280426],[34.55541308315709,3.7657736107684934],[34.22584729350153,4.048578159540377],[34.22584729350153,4.142824733098463],[34.178766466407886,4.189943825363819],[34.178766466407886,4.284173462376253],[34.50833225606344,4.6138841177356635],[34.79081721862534,4.755142465099973],[35.0262213540936,4.802222186572668],[35.167463835374555,4.896371848636776],[35.3087063166555,4.896371848636776],[35.355787143749154,4.849298658269731],[35.44994879793645,4.849298658269731],[35.591191279217405,4.566791712921836],[35.68535293340471,4.5196962162665395]],[[36.109080377247565,4.048578159540377],[36.01491872306026,4.048578159540377],[35.92075706887296,3.8600523444558235],[35.92075706887296,3.7186303985488793],[36.01491872306026,3.624336442256288],[36.15616120434121,3.624336442256288],[36.20324203143487,3.671484665115392],[36.20324203143487,3.90718780239009],[36.109080377247565,4.048578159540377]],[[36.061999550153914,4.331283943755796],[36.01491872306026,4.284173462376253],[36.01491872306026,4.189943825363819],[36.061999550153914,4.142824733098463],[36.15616120434121,4.142824733098463],[36.20324203143487,4.189943825363819],[36.20324203143487,4.284173462376253],[36.15616120434121,4.331283943755796],[36.061999550153914,4.331283943755796]]],[[[39.781384890552324,10.186812005506953],[39.82846571764597,10.140309410972087],[39.92262737183327,10.140309410972087],[40.016789026020575,10.047283997497088],[40.15803150730153,10.000761237919706],[40.252193161488826,9.907695761656566],[40.534678124050735,9.768048100858387],[40.58175895114438,9.674917043735837],[40.95840556789359,9.302137061880128],[40.95840556789359,9.11559697557101],[41.005486394987244,9.068946644570994],[41.005486394987244,8.882284986885377],[41.05256722208089,8.835604639959426],[41.05256722208089,8.742226238661713],[40.770082259518986,8.4619515557966],[40.487597296957084,8.321737259445376],[40.487597296957084,8.228233117479009],[40.534678124050735,8.181472754558408],[40.534678124050735,8.041158864070942],[40.86424391370629,7.760386225383352],[40.911324740799934,7.760386225383352],[41.14672887626819,7.52626541611272],[41.19380970336184,7.43258146803394],[41.19380970336184,7.292018145952689],[41.240890530455495,7.245153855159842],[41.240890530455495,6.963866844222625],[41.19380970336184,6.916969086430855],[41.19380970336184,6.823159629896354],[40.911324740799934,6.447740471778677],[40.67592060533168,6.4007931894932675],[40.62883977823804,6.353841591407781],[40.534678124050735,6.353841591407781],[40.487597296957084,6.3068857086570365],[39.969708198926924,6.3068857086570365],[39.92262737183327,6.259925572390211],[39.734304063458666,6.259925572390211],[39.68722323636503,6.3068857086570365],[39.498899927990415,6.3068857086570365],[39.45181910089677,6.353841591407781],[39.21641496542852,6.353841591407781],[39.16933413833486,6.4007931894932675],[38.98101082996026,6.4007931894932675],[38.93393000286661,6.447740471778677],[38.83976834867931,6.447740471778677],[38.69852586739835,6.541621964482329],[38.604364213211056,6.541621964482329],[38.5572833861174,6.588556112703595],[38.4631217319301,6.588556112703595],[38.3689600777428,6.635485820731026],[38.274798423555495,6.729331791973142],[38.13355594227455,6.776247993109696],[38.039394288087244,6.870066671331997],[37.8981518068063,6.916969086430855],[37.75690932552534,7.198284690708915],[37.568586017150736,7.43258146803394],[37.521505190057084,7.760386225383352],[37.47442436296343,7.807194873940656],[37.47442436296343,7.947589241023745],[37.42734353586979,7.994376735112406],[37.42734353586979,8.134706904336726],[37.38026270877614,8.181472754558408],[37.38026270877614,8.602114822174382],[37.42734353586979,8.648824429214574],[37.42734353586979,8.788918380467477],[37.521505190057084,8.92895939101267],[37.521505190057084,9.022290250038886],[37.568586017150736,9.068946644570994],[37.568586017150736,9.162241212905338],[37.662747671338046,9.302137061880128],[37.662747671338046,9.395369941327319],[37.80399015261899,9.62834181972908],[37.85107097971264,9.861153104464806],[37.8981518068063,9.907695761656566],[37.8981518068063,10.000761237919706],[38.086475115180896,10.186812005506953],[38.18063676936819,10.233307819034994],[38.32187925064915,10.233307819034994],[38.3689600777428,10.279796821930129],[39.12225331124121,10.279796821930129],[39.16933413833486,10.233307819034994],[39.45181910089677,10.233307819034994],[39.498899927990415,10.186812005506953],[39.781384890552324,10.186812005506953]]],[[[33.660877368377726,8.368480977551172],[33.70795819547138,8.321737259445376],[33.84920067675234,8.321737259445376],[33.89628150384598,8.368480977551172],[34.03752398512693,8.368480977551172],[34.22584729350153,8.555399454022542],[34.22584729350153,9.721485814067341],[34.27292812059518,9.768048100858387],[34.27292812059518,9.861153104464806],[34.367089774782485,10.047283997497088],[34.46125142896979,10.140309410972087],[34.46125142896979,10.372754277428797],[34.41417060187614,10.419222670891894],[34.41417060187614,10.60502666058368],[34.55541308315709,10.790717901419532],[34.602493910250736,10.790717901419532],[34.74373639153169,10.651460114568163],[34.884978872812646,10.651460114568163],[35.0262213540936,10.790717901419532],[35.073302181187245,10.883520653031873],[35.073302181187245,11.115400617197185],[35.120383008280896,11.161754619266008],[35.120383008280896,11.393413071782023],[35.2145446624682,11.578604220006689],[35.2145446624682,11.671153951523861],[35.167463835374555,11.763672812833015],[35.402867970842806,11.94861700178844],[35.68535293340471,12.502684757644799],[35.82659541468566,12.641018370921437],[35.87367624177932,12.641018370921437],[35.87367624177932,9.395369941327319],[35.92075706887296,9.348756623618945],[35.92075706887296,8.92895939101267],[35.96783789596661,8.882284986885377],[35.96783789596661,8.508678355107484],[36.01491872306026,8.4619515557966],[36.01491872306026,8.087935597329645],[36.061999550153914,8.041158864070942],[36.061999550153914,7.619929130331298],[36.109080377247565,7.573099817828384],[36.109080377247565,7.43258146803394],[36.20324203143487,7.245153855159842],[36.20324203143487,7.151410683459231],[36.25032285852851,7.104531864286266],[36.25032285852851,6.963866844222625],[36.34448451271583,6.776247993109696],[36.34448451271583,6.6824110575030735],[36.39156533980947,6.635485820731026],[36.39156533980947,6.541621964482329],[36.43864616690312,6.494683407143636],[36.43864616690312,6.353841591407781],[36.53280782109042,6.165992663976167],[36.53280782109042,6.072043115642228],[36.579888648184074,6.0250621795278345],[36.579888648184074,5.884095098233436],[36.67405030237137,5.696083520380592],[36.67405030237137,5.602054522291642],[36.72113112946502,5.555034330633014],[36.72113112946502,5.460982718912144],[36.76821195655867,5.413951361617564],[36.76821195655867,5.3198777011725005],[36.90945443783963,5.1316874768981835],[36.90945443783963,5.084631166106304],[37.003616092026924,4.9905082592186645],[37.003616092026924,4.943441726130474],[37.09777774621423,4.849298658269731],[37.23902022749518,4.566791712921836],[37.33318188168248,4.472597659388318],[37.38026270877614,4.378391491488797],[37.38026270877614,4.284173462376253],[37.28610105458883,4.331283943755796],[37.09777774621423,4.5196962162665395],[37.003616092026924,4.5196962162665395],[36.95653526493328,4.566791712921836],[36.72113112946502,4.566791712921836],[36.67405030237137,4.6138841177356635],[36.579888648184074,4.6138841177356635],[36.53280782109042,4.566791712921836],[36.39156533980947,4.566791712921836],[36.34448451271583,4.6138841177356635],[36.20324203143487,4.6138841177356635],[36.15616120434121,4.566791712921836],[36.061999550153914,4.6138841177356635],[36.061999550153914,4.708059525416989],[35.87367624177932,4.896371848636776],[35.87367624177932,5.037571416380449],[35.92075706887296,5.084631166106304],[35.92075706887296,5.413951361617564],[35.73243376049836,5.555034330633014],[35.591191279217405,5.555034330633014],[35.54411045212375,5.602054522291642],[35.44994879793645,5.602054522291642],[35.402867970842806,5.555034330633014],[35.355787143749154,5.649070929324915],[35.3087063166555,5.649070929324915],[35.2145446624682,5.743092264119252],[35.2145446624682,5.790097129214404],[35.120383008280896,5.884095098233436],[35.120383008280896,6.0250621795278345],[34.97914052699995,6.3068857086570365],[34.97914052699995,6.4007931894932675],[34.9320596999063,6.447740471778677],[34.9320596999063,6.541621964482329],[34.884978872812646,6.588556112703595],[34.884978872812646,6.6824110575030735],[34.837898045718994,6.776247993109696],[34.649574737344395,6.870066671331997],[34.649574737344395,6.963866844222625],[34.55541308315709,7.057648264081545],[34.46125142896979,7.057648264081545],[34.367089774782485,7.104531864286266],[34.32000894768884,7.245153855159842],[34.22584729350153,7.3388775322443935],[34.178766466407886,7.3388775322443935],[34.178766466407886,7.43258146803394],[34.08460481222058,7.52626541611272],[33.99044315803328,7.52626541611272],[33.99044315803328,7.619929130331298],[33.70795819547138,7.853998279823823],[33.61379654128408,7.853998279823823],[33.56671571419042,7.900796412392473],[33.33131157872217,7.900796412392473],[33.28423075162852,7.947589241023745],[33.14298827034757,7.947589241023745],[33.19006909744122,8.041158864070942],[33.23714992453487,8.041158864070942],[33.33131157872217,8.134706904336726],[33.33131157872217,8.368480977551172],[33.660877368377726,8.368480977551172]]],[[[43.02996196001423,11.763672812833015],[42.88871947873327,11.763672812833015],[42.74747699745232,11.624882930096895],[42.700396170358665,11.53231785017311],[42.55915368907772,11.53231785017311],[42.27666872651581,11.671153951523861],[42.18250707232852,11.763672812833015],[42.04126459104756,11.809920595000118],[42.135426245234854,11.994833394915517],[42.27666872651581,12.133434944829398],[42.37083038070311,12.31812480642581],[42.46499203489041,12.410421134880814],[42.512072861984066,12.410421134880814],[42.60623451617136,12.31812480642581],[42.74747699745232,12.31812480642581],[42.98288113292057,12.594915447145574],[43.07704278710787,12.641018370921437],[43.17120444129517,12.641018370921437],[43.218285268388826,12.687112976233573],[43.406608576763425,12.502684757644799],[43.406608576763425,12.364277044624986],[43.45368940385708,12.31812480642581],[43.45368940385708,12.041041868922502],[43.35952774966978,11.94861700178844],[43.26536609548248,11.94861700178844],[43.12412361420152,11.809920595000118],[43.02996196001423,11.763672812833015]]],[[[37.70982849843169,12.687112976233573],[37.8981518068063,12.502684757644799],[37.8981518068063,12.225796000272073],[37.75690932552534,12.087242395116293],[37.70982849843169,11.994833394915517],[37.568586017150736,11.994833394915517],[37.521505190057084,11.94861700178844],[37.28610105458883,11.94861700178844],[37.23902022749518,11.902392718259906],[37.14485857330788,11.902392718259906],[36.862373610745976,12.041041868922502],[36.76821195655867,12.133434944829398],[36.72113112946502,12.225796000272073],[36.72113112946502,12.502684757644799],[36.76821195655867,12.594915447145574],[36.90945443783963,12.641018370921437],[37.09777774621423,12.77927711818443],[37.38026270877614,12.77927711818443],[37.42734353586979,12.73319923475474],[37.568586017150736,12.73319923475474],[37.61566684424439,12.687112976233573],[37.70982849843169,12.687112976233573]]],[[[41.9000221097666,11.994833394915517],[41.85294128267295,12.087242395116293],[41.85294128267295,12.31812480642581],[41.9000221097666,12.364277044624986],[41.9000221097666,12.502684757644799],[42.04126459104756,12.687112976233573],[42.04126459104756,12.73319923475474],[42.0883454181412,12.73319923475474],[42.22958789942216,12.548804233259872],[42.22958789942216,12.456557048707321],[42.0883454181412,12.271964448795428],[42.0883454181412,12.225796000272073],[41.994183763953906,12.133434944829398],[41.994183763953906,12.087242395116293],[41.9000221097666,11.994833394915517]]],[[[43.07704278710787,12.82534659824895],[42.98288113292057,12.77927711818443],[42.84163865163962,12.77927711818443],[42.74747699745232,12.687112976233573],[42.700396170358665,12.548804233259872],[42.653315343265014,12.548804233259872],[42.512072861984066,12.687112976233573],[42.41791120779676,12.687112976233573],[42.37083038070311,12.641018370921437],[42.37083038070311,12.687112976233573],[42.22958789942216,12.871407646701492],[42.512072861984066,13.009539920324205],[42.60623451617136,13.009539920324205],[42.653315343265014,13.055566960401332],[42.74747699745232,13.055566960401332],[42.84163865163962,12.963504335918348],[43.07704278710787,12.963504335918348],[43.12412361420152,12.91746023532222],[43.07704278710787,12.82534659824895]]],[[[39.263495792522164,15.755041865956738],[39.45181910089677,15.390965919597365],[39.498899927990415,15.16309362644447],[39.54598075508407,15.117489556625467],[39.54598075508407,14.889322624265205],[39.45181910089677,14.752306166018766],[39.263495792522164,14.660913852112081],[39.075172484147565,14.797987947468474],[38.98101082996026,14.797987947468474],[38.88684917577295,14.70661479188358],[38.88684917577295,14.660913852112081],[38.792687521585655,14.615203373783453],[38.6514450403047,14.615203373783453],[38.3689600777428,14.752306166018766],[38.22771759646185,14.889322624265205],[38.22771759646185,14.98061860648312],[38.18063676936819,15.026252019822858],[38.18063676936819,15.709567725395141],[38.13355594227455,15.755041865956738],[38.13355594227455,15.84595958062547],[38.18063676936819,15.891403102083494],[38.18063676936819,16.1638478751106],[38.22771759646185,16.25457975044239],[38.32187925064915,16.29992999906956],[38.604364213211056,16.29992999906956],[38.6514450403047,16.25457975044239],[38.792687521585655,16.25457975044239],[38.88684917577295,16.209219033782265],[39.075172484147565,16.02767200772271],[39.16933413833486,15.84595958062547],[39.263495792522164,15.755041865956738]]],[[[36.297403685622164,23.57732135267896],[36.25032285852851,23.534014140763865],[36.15616120434121,23.620614283641142],[36.20324203143487,23.707157222745497],[36.297403685622164,23.66389291365028],[36.297403685622164,23.57732135267896]]],[[[38.32187925064915,32.72610124931882],[38.32187925064915,32.646576511690206],[38.274798423555495,32.60678759509832],[38.274798423555495,32.52715672298146],[38.22771759646185,32.487314790222776],[38.22771759646185,32.40757798851477],[38.18063676936819,32.367683142567046],[38.18063676936819,32.28784061828276],[38.13355594227455,32.24789296318345],[38.13355594227455,32.167944925458684],[38.086475115180896,32.12794456630651],[38.086475115180896,32.04789122640117],[38.039394288087244,32.007838269357634],[38.039394288087244,31.927679840658744],[37.94523263389994,31.847451472364266],[37.70982849843169,31.807311090974355],[37.662747671338046,31.767153260891387],[37.568586017150736,31.767153260891387],[37.521505190057084,31.726977994266345],[37.38026270877614,31.726977994266345],[37.19193940040154,31.646575200191652],[37.05069691912058,31.646575200191652],[36.95653526493328,31.56610280674954],[36.95653526493328,31.40494961692944],[37.33318188168248,31.08181242725939],[37.42734353586979,31.08181242725939],[37.47442436296343,31.122264993694575],[37.47442436296343,31.203118403573264],[37.19193940040154,31.445263933705622],[37.19193940040154,31.485560912573032],[37.28610105458883,31.525840541063754],[37.42734353586979,31.525840541063754],[37.47442436296343,31.56610280674954],[37.568586017150736,31.56610280674954],[37.61566684424439,31.606347697241816],[37.70982849843169,31.606347697241816],[37.75690932552534,31.646575200191652],[37.85107097971264,31.646575200191652],[37.94523263389994,31.686785303289728],[37.85107097971264,31.525840541063754],[37.85107097971264,31.445263933705622],[37.80399015261899,31.40494961692944],[37.80399015261899,31.122264993694575],[37.75690932552534,31.08181242725939],[37.75690932552534,30.919830051277245],[37.61566684424439,31.041342636914628],[37.521505190057084,31.041342636914628],[37.47442436296343,31.000855635525806],[37.47442436296343,30.919830051277245],[37.70982849843169,30.716965805643234],[37.75690932552534,30.635700268584838],[37.75690932552534,30.51367389489216],[37.568586017150736,30.39149415998092],[37.47442436296343,30.22834991368106],[37.47442436296343,30.146676063912693],[37.33318188168248,30.06493454258375],[37.14485857330788,30.06493454258375],[37.09777774621423,30.024038439571754],[36.90945443783963,30.024038439571754],[36.862373610745976,29.983125460135092],[36.72113112946502,29.983125460135092],[36.62696947527772,29.901248927649526],[36.48572699399677,29.655215750436277],[36.20324203143487,29.408579583567665],[36.20324203143487,29.367415148908247],[36.109080377247565,29.367415148908247],[36.061999550153914,29.326234065133086],[35.82659541468566,29.326234065133086],[35.779514587592004,29.367415148908247],[35.54411045212375,29.367415148908247],[35.49702962503011,29.408579583567665],[35.26162548956185,29.408579583567665],[35.2145446624682,29.44972735460285],[35.0262213540936,29.44972735460285],[35.120383008280896,29.614151513740637],[35.167463835374555,29.901248927649526],[35.2145446624682,29.942195618179152],[35.2145446624682,30.06493454258375],[35.26162548956185,30.105813755305785],[35.26162548956185,30.309955982089733],[35.3087063166555,30.35073356414733],[35.3087063166555,30.595041873130135],[35.44994879793645,30.79816291600328],[35.49702962503011,31.000855635525806],[35.54411045212375,31.041342636914628],[35.54411045212375,31.324269019720898],[35.591191279217405,31.364617974752093],[35.591191279217405,31.646575200191652],[35.68535293340471,31.767153260891387],[35.68535293340471,32.20792772833644],[35.73243376049836,32.24789296318345],[35.73243376049836,32.60678759509832],[35.779514587592004,32.646576511690206],[35.87367624177932,32.646576511690206],[36.061999550153914,32.44745520824015],[36.20324203143487,32.44745520824015],[36.297403685622164,32.367683142567046],[36.48572699399677,32.28784061828276],[36.62696947527772,32.28784061828276],[36.67405030237137,32.24789296318345],[36.90945443783963,32.24789296318345],[36.95653526493328,32.32777068195672],[37.23902022749518,32.44745520824015],[37.33318188168248,32.52715672298146],[37.33318188168248,32.566980995074225],[37.42734353586979,32.566980995074225],[38.039394288087244,32.92460284541151],[38.18063676936819,32.96424989015301],[38.274798423555495,33.043490616830404],[38.32187925064915,33.043490616830404],[38.51020255902375,33.162218135824276],[38.4631217319301,33.083084276859594],[38.4631217319301,33.00387915095025],[38.41604090483645,32.96424989015301],[38.41604090483645,32.88493802773757],[38.3689600777428,32.84525544818198],[38.3689600777428,32.765837047824206],[38.32187925064915,32.72610124931882]]],[[[35.402867970842806,32.646576511690206],[35.167463835374555,32.646576511690206],[34.97914052699995,32.487314790222776],[34.9320596999063,32.40757798851477],[34.9320596999063,32.28784061828276],[34.884978872812646,32.24789296318345],[34.884978872812646,31.847451472364266],[34.97914052699995,31.767153260891387],[34.97914052699995,31.726977994266345],[34.884978872812646,31.686785303289728],[34.884978872812646,31.606347697241816],[34.837898045718994,31.56610280674954],[34.837898045718994,31.324269019720898],[34.884978872812646,31.28390276442288],[35.2145446624682,31.28390276442288],[35.355787143749154,31.364617974752093],[35.355787143749154,31.122264993694575],[35.2145446624682,30.879291494347783],[35.2145446624682,30.79816291600328],[35.120383008280896,30.676341583844046],[35.120383008280896,30.554366410784414],[35.073302181187245,30.51367389489216],[35.073302181187245,30.146676063912693],[34.97914052699995,30.024038439571754],[34.97914052699995,29.860285402531918],[34.9320596999063,29.819305056852215],[34.884978872812646,29.901248927649526],[34.884978872812646,30.06493454258375],[34.837898045718994,30.105813755305785],[34.837898045718994,30.269161427392746],[34.74373639153169,30.309955982089733],[34.74373639153169,30.39149415998092],[34.649574737344395,30.51367389489216],[34.649574737344395,30.635700268584838],[34.602493910250736,30.676341583844046],[34.602493910250736,30.75757292075786],[34.55541308315709,30.79816291600328],[34.55541308315709,30.879291494347783],[34.41417060187614,31.122264993694575],[34.41417060187614,31.243519221484828],[34.50833225606344,31.324269019720898],[34.50833225606344,31.40494961692944],[34.649574737344395,31.525840541063754],[34.649574737344395,31.606347697241816],[34.50833225606344,31.726977994266345],[34.649574737344395,31.887574392949695],[34.696655564438046,32.087926662675635],[34.79081721862534,32.20792772833644],[34.837898045718994,32.487314790222776],[34.884978872812646,32.52715672298146],[34.884978872812646,32.68634773352545],[34.9320596999063,32.72610124931882],[34.9320596999063,32.88493802773757],[35.073302181187245,32.96424989015301],[35.073302181187245,33.043490616830404],[35.167463835374555,33.00387915095025],[35.49702962503011,33.00387915095025],[35.63827210631106,33.122660120142896],[35.63827210631106,33.162218135824276],[35.73243376049836,33.2017583130866],[35.73243376049836,33.122660120142896],[35.779514587592004,33.083084276859594],[35.779514587592004,32.92460284541151],[35.49702962503011,32.72610124931882],[35.49702962503011,32.646576511690206],[35.44994879793645,32.60678759509832],[35.402867970842806,32.646576511690206]]],[[[35.2145446624682,31.485560912573032],[35.0262213540936,31.485560912573032],[35.073302181187245,31.525840541063754],[35.073302181187245,31.646575200191652],[35.26162548956185,31.646575200191652],[35.355787143749154,31.726977994266345],[35.355787143749154,31.807311090974355],[35.2145446624682,31.927679840658744],[35.120383008280896,31.967767803459022],[35.120383008280896,32.28784061828276],[35.167463835374555,32.32777068195672],[35.167463835374555,32.40757798851477],[35.2145446624682,32.44745520824015],[35.3087063166555,32.44745520824015],[35.402867970842806,32.367683142567046],[35.44994879793645,32.367683142567046],[35.49702962503011,32.28784061828276],[35.44994879793645,32.24789296318345],[35.44994879793645,31.726977994266345],[35.402867970842806,31.686785303289728],[35.402867970842806,31.606347697241816],[35.2145446624682,31.485560912573032]]],[[[36.01491872306026,33.91041903477122],[35.92075706887296,33.83196644789434],[35.87367624177932,33.75344179552603],[35.87367624177932,33.55681541398419],[35.82659541468566,33.55681541398419],[35.73243376049836,33.47803917770647],[35.73243376049836,33.4386241689953],[35.63827210631106,33.399191247232146],[35.54411045212375,33.399191247232146],[35.44994879793645,33.32027170677078],[35.44994879793645,33.2017583130866],[35.120383008280896,33.2017583130866],[35.26162548956185,33.4386241689953],[35.26162548956185,33.517436262858816],[35.355787143749154,33.59617662065311],[35.355787143749154,33.674845159096726],[35.44994879793645,33.79271312482164],[35.44994879793645,33.94961827837169],[35.591191279217405,34.02796261567542],[35.591191279217405,34.223507120279145],[35.63827210631106,34.26256171281895],[35.63827210631106,34.34061651138553],[35.82659541468566,34.5354358031612],[35.92075706887296,34.57434512140972],[36.20324203143487,34.57434512140972],[36.34448451271583,34.418598730127734],[36.43864616690312,34.418598730127734],[36.48572699399677,34.223507120279145],[36.34448451271583,34.14534359737571],[36.34448451271583,34.06710768940537],[36.15616120434121,33.98879947534169],[36.061999550153914,33.91041903477122],[36.01491872306026,33.91041903477122]]],[[[45.10151835213485,34.3015981797543],[44.9602758708539,34.49650829221094],[44.9602758708539,34.57434512140972],[44.866114216666595,34.690963825803316],[44.866114216666595,34.76861849329483],[44.7719525624793,34.884963606125346],[44.72487173538565,35.078506482447814],[44.677790908291996,35.11716012962986],[44.677790908291996,35.23301105439745],[44.58362925410469,35.38722191970288],[44.58362925410469,35.50268698846598],[44.53654842701104,35.54113852169572],[44.53654842701104,35.694760313272056],[44.48946759991739,35.73311963383298],[44.48946759991739,36.496417071219376],[44.34822511863644,36.57233806450115],[44.20698263735549,36.57233806450115],[44.01865932898088,36.68607972819763],[43.97157850188724,36.68607972819763],[43.83033602060628,36.79965342242994],[43.78325519351263,36.91305894964887],[43.68909353932533,36.98856911211425],[43.500770230950735,36.98856911211425],[43.45368940385708,36.95082338788559],[43.218285268388826,36.95082338788559],[43.17120444129517,36.91305894964887],[42.98288113292057,36.91305894964887],[42.935800305826916,36.87527580454],[42.700396170358665,36.87527580454],[42.32374955360946,36.72395629936475],[42.22958789942216,36.64818449373253],[41.994183763953906,36.57233806450115],[41.85294128267295,36.45842863182769],[41.85294128267295,36.42042157401796],[41.75877962848565,36.34435163361064],[41.75877962848565,36.30628876633753],[41.66461797429835,36.230107276237746],[41.66461797429835,36.19198866895507],[41.57045632011105,36.115695769059066],[41.57045632011105,36.07752149220987],[41.429213838830094,35.92463905776917],[41.429213838830094,36.00111732439506],[41.3350521846428,36.115695769059066],[41.3350521846428,36.19198866895507],[41.38213301173644,36.230107276237746],[41.38213301173644,36.38239590539762],[41.47629466592375,36.496417071219376],[41.66461797429835,36.496417071219376],[41.71169880139201,36.534386884622045],[41.85294128267295,36.534386884622045],[42.18250707232852,36.79965342242994],[42.18250707232852,36.87527580454],[42.135426245234854,36.91305894964887],[42.04126459104756,36.91305894964887],[41.75877962848565,36.68607972819763],[41.61753714720469,36.68607972819763],[41.57045632011105,36.64818449373253],[41.429213838830094,36.64818449373253],[41.3350521846428,36.610270603358565],[41.240890530455495,36.534386884622045],[41.19380970336184,36.34435163361064],[41.14672887626819,36.30628876633753],[41.14672887626819,36.00111732439506],[41.240890530455495,35.88637215754437],[41.240890530455495,35.73311963383298],[40.95840556789359,35.50268698846598],[40.95840556789359,35.46421703803118],[40.016789026020575,34.690963825803316],[40.016789026020575,34.652109142106966],[39.59306158217772,34.3015981797543],[39.59306158217772,34.26256171281895],[39.16933413833486,33.91041903477122],[39.16933413833486,33.87120175458456],[38.5572833861174,33.359740422962545],[38.274798423555495,33.24128064115161],[38.18063676936819,33.162218135824276],[38.039394288087244,33.122660120142896],[37.521505190057084,32.80555511783457],[37.47442436296343,32.80555511783457],[37.38026270877614,32.72610124931882],[37.33318188168248,32.72610124931882],[37.28610105458883,32.646576511690206],[37.19193940040154,32.646576511690206],[37.09777774621423,32.60678759509832],[36.862373610745976,32.44745520824015],[36.62696947527772,32.44745520824015],[36.579888648184074,32.487314790222776],[36.43864616690312,32.487314790222776],[36.25032285852851,32.646576511690206],[36.15616120434121,32.646576511690206],[36.109080377247565,32.765837047824206],[35.96783789596661,32.84525544818198],[36.01491872306026,32.88493802773757],[36.01491872306026,33.280785109279876],[35.96783789596661,33.32027170677078],[35.96783789596661,33.399191247232146],[36.15616120434121,33.55681541398419],[36.109080377247565,33.75344179552603],[36.20324203143487,33.75344179552603],[36.25032285852851,33.79271312482164],[36.297403685622164,33.75344179552603],[36.39156533980947,33.75344179552603],[36.48572699399677,33.83196644789434],[36.48572699399677,33.91041903477122],[36.43864616690312,33.98879947534169],[36.53280782109042,33.98879947534169],[36.72113112946502,34.184434411872715],[36.72113112946502,34.37961669805112],[36.62696947527772,34.5354358031612],[36.53280782109042,34.57434512140972],[36.579888648184074,34.61323623752336],[36.579888648184074,34.690963825803316],[36.48572699399677,34.76861849329483],[36.39156533980947,34.80741845856499],[36.297403685622164,34.80741845856499],[36.25032285852851,34.76861849329483],[35.92075706887296,34.76861849329483],[35.87367624177932,34.84620016589781],[35.87367624177932,34.92370877011741],[35.82659541468566,34.96243564878158],[35.87367624177932,35.00114423306311],[35.87367624177932,35.19441242445248],[35.92075706887296,35.23301105439745],[35.92075706887296,35.310153235397],[35.87367624177932,35.348696768980915],[35.87367624177932,35.42572867892111],[35.73243376049836,35.54113852169572],[35.68535293340471,35.61798630260718],[35.779514587592004,35.73311963383298],[35.779514587592004,35.88637215754437],[35.82659541468566,35.92463905776917],[35.92075706887296,35.84808675686138],[36.109080377247565,35.7714604867917],[36.20324203143487,35.7714604867917],[36.297403685622164,35.84808675686138],[36.297403685622164,35.88637215754437],[36.34448451271583,35.88637215754437],[36.48572699399677,36.00111732439506],[36.48572699399677,36.115695769059066],[36.53280782109042,36.153851497274275],[36.67405030237137,36.153851497274275],[36.76821195655867,36.230107276237746],[36.76821195655867,36.38239590539762],[36.67405030237137,36.45842863182769],[36.67405030237137,36.610270603358565],[36.76821195655867,36.76181419988106],[36.95653526493328,36.68607972819763],[36.95653526493328,36.610270603358565],[37.003616092026924,36.57233806450115],[37.23902022749518,36.57233806450115],[37.28610105458883,36.610270603358565],[37.33318188168248,36.57233806450115],[37.521505190057084,36.57233806450115],[37.70982849843169,36.68607972819763],[37.94523263389994,36.72395629936475],[38.18063676936819,36.83747395973099],[38.41604090483645,36.83747395973099],[38.745606694492004,36.610270603358565],[39.075172484147565,36.64818449373253],[39.12225331124121,36.610270603358565],[39.40473827380311,36.610270603358565],[39.45181910089677,36.64818449373253],[39.64014240927137,36.64818449373253],[39.68722323636503,36.68607972819763],[39.82846571764597,36.68607972819763],[39.87554654473962,36.72395629936475],[39.969708198926924,36.72395629936475],[40.252193161488826,36.83747395973099],[40.29927398858248,36.91305894964887],[40.534678124050735,36.95082338788559],[40.770082259518986,37.06400439018377],[41.005486394987244,37.06400439018377],[41.05256722208089,37.026296115234935],[41.61753714720469,37.026296115234935],[41.66461797429835,37.06400439018377],[41.8058604555793,37.06400439018377],[41.85294128267295,37.1016939299328],[41.994183763953906,37.1016939299328],[42.18250707232852,37.21465006824044],[42.22958789942216,37.21465006824044],[42.22958789942216,37.1016939299328],[42.18250707232852,37.06400439018377],[42.18250707232852,36.98856911211425],[42.22958789942216,36.95082338788559],[42.32374955360946,36.95082338788559],[42.46499203489041,37.06400439018377],[42.60623451617136,37.1016939299328],[42.700396170358665,37.17701677589932],[42.74747699745232,37.28986035721617],[42.98288113292057,37.252264597628944],[43.02996196001423,37.28986035721617],[43.17120444129517,37.28986035721617],[43.45368940385708,37.17701677589932],[43.68909353932533,37.17701677589932],[43.73617436641899,37.13936472749002],[43.877416847699934,37.13936472749002],[44.01865932898088,37.252264597628944],[44.112820983168184,37.252264597628944],[44.112820983168184,36.98856911211425],[44.20698263735549,36.91305894964887],[44.34822511863644,36.91305894964887],[44.442386772823745,37.026296115234935],[44.630710081198345,37.1016939299328],[44.7719525624793,36.98856911211425],[44.72487173538565,36.79965342242994],[44.913195043760254,36.68607972819763],[44.913195043760254,36.496417071219376],[44.9602758708539,36.42042157401796],[45.05443752504121,36.34435163361064],[45.148599179228505,36.34435163361064],[45.148599179228505,36.268207311295335],[45.19568000632215,36.230107276237746],[45.19568000632215,36.00111732439506],[45.28984166050946,35.92463905776917],[45.52524579597772,35.92463905776917],[45.71356910435231,35.73311963383298],[45.854811585633264,35.73311963383298],[45.901892412726916,35.7714604867917],[45.901892412726916,35.694760313272056],[45.854811585633264,35.65638253341554],[45.854811585633264,35.46421703803118],[45.94897323982057,35.38722191970288],[45.996054066914226,35.38722191970288],[45.996054066914226,35.19441242445248],[45.854811585633264,35.19441242445248],[45.76064993144597,35.11716012962986],[45.76064993144597,35.03983451394499],[45.572326623071355,34.884963606125346],[45.52524579597772,34.80741845856499],[45.52524579597772,34.690963825803316],[45.43108414179041,34.690963825803316],[45.384003314696756,34.652109142106966],[45.384003314696756,34.57434512140972],[45.336922487603104,34.5354358031612],[45.336922487603104,34.34061651138553],[45.43108414179041,34.26256171281895],[45.43108414179041,34.223507120279145],[45.28984166050946,34.06710768940537],[45.28984166050946,33.94961827837169],[45.47816496888406,33.83196644789434],[45.61940745016501,33.55681541398419],[45.66648827725866,33.517436262858816],[45.76064993144597,33.517436262858816],[45.76064993144597,33.47803917770647],[45.854811585633264,33.399191247232146],[45.901892412726916,33.399191247232146],[45.996054066914226,33.32027170677078],[46.04313489400786,33.24128064115161],[45.94897323982057,33.2017583130866],[45.94897323982057,33.00387915095025],[45.854811585633264,33.083084276859594],[45.80773075853961,33.2017583130866],[45.71356910435231,33.280785109279876],[45.66648827725866,33.399191247232146],[45.572326623071355,33.47803917770647],[45.43108414179041,33.75344179552603],[45.336922487603104,33.83196644789434],[45.10151835213485,34.223507120279145],[45.10151835213485,34.3015981797543]]],[[[46.51394316494437,33.00387915095025],[46.32561985656977,33.083084276859594],[46.23145820238247,33.083084276859594],[46.23145820238247,33.32027170677078],[46.13729654819517,33.399191247232146],[45.996054066914226,33.63551987247471],[45.996054066914226,33.71415247020554],[45.94897323982057,33.75344179552603],[45.76064993144597,33.75344179552603],[45.572326623071355,33.98879947534169],[45.61940745016501,34.184434411872715],[45.66648827725866,34.223507120279145],[45.66648827725866,34.34061651138553],[45.572326623071355,34.49650829221094],[45.71356910435231,34.49650829221094],[45.80773075853961,34.57434512140972],[45.76064993144597,34.76861849329483],[45.94897323982057,34.884963606125346],[45.94897323982057,35.00114423306311],[46.090215721101515,35.00114423306311],[46.23145820238247,35.11716012962986],[46.27853902947612,35.19441242445248],[46.27853902947612,35.27159132763031],[46.23145820238247,35.348696768980915],[46.13729654819517,35.42572867892111],[46.090215721101515,35.42572867892111],[46.090215721101515,35.61798630260718],[46.18437737528882,35.65638253341554],[46.27853902947612,35.65638253341554],[46.372700683663425,35.73311963383298],[46.372700683663425,35.88637215754437],[46.32561985656977,35.92463905776917],[46.18437737528882,35.92463905776917],[46.13729654819517,35.96288744941426],[45.76064993144597,35.96288744941426],[45.61940745016501,36.07752149220987],[45.43108414179041,36.153851497274275],[45.384003314696756,36.230107276237746],[45.384003314696756,36.34435163361064],[45.336922487603104,36.38239590539762],[45.336922487603104,36.45842863182769],[45.24276083341581,36.534386884622045],[45.148599179228505,36.534386884622045],[45.10151835213485,36.57233806450115],[45.148599179228505,36.64818449373253],[45.148599179228505,36.72395629936475],[45.00735669794755,36.87527580454],[44.9602758708539,36.87527580454],[44.9602758708539,37.1016939299328],[44.866114216666595,37.17701677589932],[44.866114216666595,37.36499553977094],[44.72487173538565,37.51504036988872],[44.677790908291996,37.51504036988872],[44.677790908291996,37.776894128711156],[44.34822511863644,38.000604679009776],[44.53654842701104,38.29782683088655],[44.53654842701104,38.40897267237193],[44.442386772823745,38.482975086902414],[44.395305945730094,38.482975086902414],[44.395305945730094,38.704526727690904],[44.34822511863644,38.741385500531784],[44.34822511863644,38.88863038975296],[44.25406346444914,38.99886419477268],[44.30114429154279,39.18220609511437],[44.159901810261836,39.32853625111643],[44.34822511863644,39.32853625111643],[44.48946759991739,39.401586764810084],[44.48946759991739,39.4745608503513],[44.53654842701104,39.511019220578405],[44.53654842701104,39.656661441081354],[44.58362925410469,39.69302415784343],[44.677790908291996,39.656661441081354],[44.81903338957295,39.547458469450774],[44.81903338957295,39.4745608503513],[44.866114216666595,39.401586764810084],[45.00735669794755,39.32853625111643],[45.00735669794755,39.25540934809646],[45.10151835213485,39.14557584983628],[45.24276083341581,39.14557584983628],[45.28984166050946,39.035570699418656],[45.43108414179041,38.925394034714685],[45.52524579597772,38.925394034714685],[45.572326623071355,38.88863038975296],[45.80773075853961,38.88863038975296],[45.854811585633264,38.85184770852639],[45.996054066914226,38.85184770852639],[46.04313489400786,38.81504599634532],[46.23145820238247,38.81504599634532],[46.27853902947612,38.85184770852639],[46.41978151075707,38.85184770852639],[46.46686233785073,38.81504599634532],[46.561023992038024,38.81504599634532],[46.70226647331898,38.925394034714685],[46.74934730041262,38.99886419477268],[46.84350895459993,39.035570699418656],[46.89058978169358,39.1089265320737],[46.98475143588088,39.1089265320737],[47.125993917161836,39.218817262869365],[47.17307474425549,39.2919823458246],[47.31431722553644,39.32853625111643],[47.45555970681738,39.4380833635054],[47.59680218809834,39.4745608503513],[47.832206323566595,39.62027958435469],[47.97344880484754,39.62027958435469],[48.067610459034846,39.58387859226591],[48.067610459034846,39.511019220578405],[48.16177211322215,39.4380833635054],[48.1146912861285,39.4380833635054],[48.02052963194121,39.36507105906827],[48.02052963194121,39.18220609511437],[48.16177211322215,39.07225814689906],[48.067610459034846,39.07225814689906],[47.97344880484754,39.035570699418656],[47.87928715066025,38.96213863813531],[47.87928715066025,38.85184770852639],[48.067610459034846,38.704526727690904],[48.1146912861285,38.704526727690904],[48.1146912861285,38.66764894547873],[48.303014594503104,38.51994783306173],[48.35009542159676,38.51994783306173],[48.58549955706501,38.33489439965239],[48.67966121125231,38.33489439965239],[48.726742038345975,38.37194301541149],[48.91506534672057,38.37194301541149],[48.91506534672057,38.14936714280869],[48.96214617381422,38.11220489710307],[48.96214617381422,37.92611002692599],[49.00922700090786,37.88883436729907],[49.00922700090786,37.8142264119283],[49.05630782800152,37.73954298354929],[49.15046948218882,37.66478413283226],[49.19755030928247,37.66478413283226],[49.385873617657076,37.55250455210352],[49.57419692603168,37.55250455210352],[49.62127775312533,37.51504036988872],[49.85668188859358,37.51504036988872],[49.903762715687236,37.55250455210352],[50.04500519696819,37.47755737093116],[50.18624767824913,37.47755737093116],[50.28040933243645,37.36499553977094],[50.28040933243645,37.28986035721617],[50.327490159530086,37.21465006824044],[50.46873264081104,37.1016939299328],[50.65705594918564,37.026296115234935],[50.75121760337296,36.95082338788559],[50.798298430466595,36.95082338788559],[50.8924600846539,36.87527580454],[51.0807833930285,36.79965342242994],[51.22202587430945,36.79965342242994],[51.2691067014031,36.76181419988106],[51.45743000977771,36.76181419988106],[51.739914972339605,36.64818449373253],[52.022399934901514,36.64818449373253],[52.210723243276114,36.72395629936475],[52.304884897463424,36.72395629936475],[52.35196572455707,36.76181419988106],[52.775693168399926,36.79965342242994],[52.964016476774525,36.87527580454],[53.05817813096183,36.87527580454],[53.10525895805548,36.91305894964887],[53.29358226643008,36.91305894964887],[53.34066309352374,36.95082338788559],[53.67022888317929,36.95082338788559],[53.71730971027294,36.98856911211425],[53.8585521915539,36.98856911211425],[53.90563301864754,37.026296115234935],[53.90563301864754,37.1016939299328],[53.8585521915539,37.13936472749002],[53.8585521915539,37.21465006824044],[53.81147136446024,37.28986035721617],[54.0468754999285,37.28986035721617],[54.093956327022156,37.252264597628944],[54.18811798120945,37.252264597628944],[54.47060294377135,37.36499553977094],[54.6118454250523,37.36499553977094],[54.706007079239605,37.402534949219806],[54.84724956052055,37.51504036988872],[54.84724956052055,37.70217298279411],[55.17681535017611,37.92611002692599],[55.459300312738016,38.03782365915064],[55.83594692948722,38.03782365915064],[55.88302775658088,38.000604679009776],[56.02427023786182,38.000604679009776],[56.07135106495548,38.03782365915064],[56.11843189204914,38.000604679009776],[56.21259354623643,38.000604679009776],[56.35383602751739,38.07502373387189],[56.40091685461103,38.186510464988146],[56.77756347136024,38.186510464988146],[56.82464429845389,38.14936714280869],[57.06004843392214,38.14936714280869],[57.10712926101579,38.186510464988146],[57.201290915203096,38.03782365915064],[57.201290915203096,37.963366799554734],[57.24837174229675,37.92611002692599],[57.2954525693904,37.92611002692599],[57.389614223577695,37.851539826884576],[57.53085670485865,37.851539826884576],[57.5779375319523,37.8142264119283],[57.5779375319523,37.28986035721617],[57.53085670485865,37.252264597628944],[57.53085670485865,37.13936472749002],[57.436695050671354,36.98856911211425],[57.436695050671354,36.91305894964887],[57.389614223577695,36.87527580454],[57.389614223577695,36.79965342242994],[57.24837174229675,36.57233806450115],[57.154210088109444,36.496417071219376],[57.154210088109444,36.45842863182769],[56.91880595264119,36.268207311295335],[56.871725125547535,36.268207311295335],[56.77756347136024,36.19198866895507],[56.40091685461103,36.03932867466388],[56.165512719142775,36.00111732439506],[56.11843189204914,35.96288744941426],[56.02427023786182,35.96288744941426],[55.977189410768176,35.92463905776917],[55.88302775658088,35.92463905776917],[55.83594692948722,35.88637215754437],[55.741785275299925,35.88637215754437],[55.69470444820627,35.84808675686138],[55.60054279401897,35.84808675686138],[55.55346196692532,35.80978286387867],[55.459300312738016,35.80978286387867],[55.41221948564437,35.7714604867917],[55.31805783145706,35.7714604867917],[55.03557286889517,35.65638253341554],[54.89433038761421,35.65638253341554],[54.84724956052055,35.61798630260718],[54.753087906333256,35.61798630260718],[54.706007079239605,35.57957162922788],[54.37644128958405,35.54113852169572],[54.3293604624904,35.50268698846598],[54.14103715411579,35.50268698846598],[54.093956327022156,35.46421703803118],[53.8585521915539,35.46421703803118],[53.81147136446024,35.42572867892111],[53.57606722899199,35.42572867892111],[53.52898640189834,35.38722191970288],[53.19942061224278,35.38722191970288],[53.15233978514913,35.348696768980915],[52.728612341306274,35.348696768980915],[52.68153151421262,35.310153235397],[52.16364241618247,35.310153235397],[52.11656158908882,35.27159132763031],[51.45743000977771,35.27159132763031],[51.41034918268405,35.23301105439745],[50.42165181371739,35.23301105439745],[50.37457098662374,35.19441242445248],[49.85668188859358,35.19441242445248],[49.76252023440628,35.11716012962986],[49.76252023440628,35.03983451394499],[49.62127775312533,34.80741845856499],[49.62127775312533,34.72980027929308],[49.52711609893802,34.61323623752336],[49.52711609893802,34.5354358031612],[49.43295444475073,34.418598730127734],[49.43295444475073,34.34061651138553],[49.338792790563424,34.223507120279145],[49.338792790563424,34.14534359737571],[49.19755030928247,33.91041903477122],[49.19755030928247,33.359740422962545],[49.24463113637612,33.32027170677078],[49.24463113637612,33.122660120142896],[49.29171196346977,33.083084276859594],[49.29171196346977,32.84525544818198],[49.338792790563424,32.80555511783457],[49.338792790563424,32.44745520824015],[49.29171196346977,32.40757798851477],[49.29171196346977,32.32777068195672],[49.15046948218882,32.087926662675635],[49.00922700090786,31.967767803459022],[49.00922700090786,31.927679840658744],[48.726742038345975,31.686785303289728],[48.53841872997136,31.606347697241816],[48.44425707578406,31.525840541063754],[48.35009542159676,31.525840541063754],[48.303014594503104,31.485560912573032],[47.92636797775389,31.485560912573032],[47.832206323566595,31.525840541063754],[47.87928715066025,31.726977994266345],[47.92636797775389,31.767153260891387],[47.92636797775389,31.847451472364266],[47.78512549647294,32.007838269357634],[47.78512549647294,32.04789122640117],[47.59680218809834,32.20792772833644],[47.59680218809834,32.28784061828276],[47.50264053391104,32.367683142567046],[47.50264053391104,32.44745520824015],[47.361398052630086,32.566980995074225],[47.26723639844278,32.60678759509832],[47.125993917161836,32.60678759509832],[46.93767060878723,32.72610124931882],[46.84350895459993,32.72610124931882],[46.79642812750628,32.68634773352545],[46.79642812750628,32.60678759509832],[47.03183226297453,32.40757798851477],[47.26723639844278,32.40757798851477],[47.361398052630086,32.24789296318345],[47.361398052630086,32.167944925458684],[47.59680218809834,31.967767803459022],[47.59680218809834,31.927679840658744],[47.69096384228564,31.847451472364266],[47.69096384228564,31.726977994266345],[47.643883015191996,31.686785303289728],[47.643883015191996,31.606347697241816],[47.361398052630086,31.726977994266345],[47.22015557134913,31.847451472364266],[47.03183226297453,31.927679840658744],[46.84350895459993,32.087926662675635],[46.79642812750628,32.087926662675635],[46.46686233785073,32.367683142567046],[46.46686233785073,32.40757798851477],[46.13729654819517,32.72610124931882],[46.04313489400786,32.88493802773757],[45.94897323982057,32.96424989015301],[45.94897323982057,33.00387915095025],[46.090215721101515,32.88493802773757],[46.372700683663425,32.88493802773757],[46.65518564622533,32.68634773352545],[46.74934730041262,32.68634773352545],[46.79642812750628,32.72610124931882],[46.79642812750628,32.80555511783457],[46.65518564622533,32.92460284541151],[46.608104819131675,32.92460284541151],[46.51394316494437,33.00387915095025]]],[[[54.18811798120945,38.85184770852639],[54.235198808303096,38.88863038975296],[54.564764597958664,38.925394034714685],[54.6118454250523,38.96213863813531],[54.84724956052055,38.96213863813531],[54.89433038761421,38.99886419477268],[56.11843189204914,38.99886419477268],[56.165512719142775,38.96213863813531],[56.35383602751739,38.96213863813531],[56.40091685461103,38.925394034714685],[56.54215933589198,38.925394034714685],[56.82464429845389,38.81504599634532],[56.91880595264119,38.741385500531784],[56.96588677973484,38.741385500531784],[57.24837174229675,38.44598336477646],[57.48377587776499,38.03782365915064],[57.389614223577695,38.03782365915064],[57.389614223577695,38.14936714280869],[57.2954525693904,38.29782683088655],[57.201290915203096,38.37194301541149],[57.06004843392214,38.37194301541149],[56.96588677973484,38.29782683088655],[56.91880595264119,38.29782683088655],[56.73048264426659,38.37194301541149],[56.40091685461103,38.37194301541149],[56.30675520042373,38.33489439965239],[56.165512719142775,38.22363485767573],[56.165512719142775,38.186510464988146],[55.83594692948722,38.186510464988146],[55.78886610239357,38.22363485767573],[55.55346196692532,38.22363485767573],[55.50638113983167,38.186510464988146],[55.36513865855072,38.186510464988146],[55.08265369598881,38.07502373387189],[54.84724956052055,37.88883436729907],[54.80016873342691,37.88883436729907],[54.706007079239605,37.8142264119283],[54.65892625214595,37.73954298354929],[54.65892625214595,37.58994991101192],[54.564764597958664,37.55250455210352],[54.47060294377135,37.55250455210352],[54.3293604624904,37.47755737093116],[54.18811798120945,37.47755737093116],[54.14103715411579,37.44005556182996],[53.81147136446024,37.44005556182996],[53.76439053736659,37.51504036988872],[53.76439053736659,37.70217298279411],[53.71730971027294,37.73954298354929],[53.71730971027294,38.11220489710307],[53.76439053736659,38.14936714280869],[53.76439053736659,38.482975086902414],[53.71730971027294,38.51994783306173],[53.71730971027294,38.59383637490072],[53.76439053736659,38.63075215937673],[53.76439053736659,38.704526727690904],[53.8585521915539,38.77822525855423],[53.952713845741194,38.81504599634532],[54.0468754999285,38.81504599634532],[54.093956327022156,38.85184770852639],[54.18811798120945,38.85184770852639]]],[[[43.218285268388826,37.44005556182996],[43.17120444129517,37.47755737093116],[43.02996196001423,37.47755737093116],[42.98288113292057,37.44005556182996],[42.88871947873327,37.44005556182996],[42.84163865163962,37.47755737093116],[42.700396170358665,37.47755737093116],[42.512072861984066,37.28986035721617],[42.512072861984066,37.252264597628944],[42.46499203489041,37.252264597628944],[42.46499203489041,37.28986035721617],[42.27666872651581,37.44005556182996],[42.18250707232852,37.44005556182996],[41.947102936860254,37.252264597628944],[41.75877962848565,37.252264597628944],[41.71169880139201,37.21465006824044],[41.57045632011105,37.21465006824044],[41.5233754930174,37.17701677589932],[41.14672887626819,37.17701677589932],[40.95840556789359,37.252264597628944],[40.86424391370629,37.252264597628944],[40.81716308661264,37.21465006824044],[40.67592060533168,37.21465006824044],[40.29927398858248,37.06400439018377],[40.252193161488826,36.98856911211425],[40.11095068020788,36.98856911211425],[39.87554654473962,36.87527580454],[39.781384890552324,36.87527580454],[39.734304063458666,36.83747395973099],[39.59306158217772,36.83747395973099],[39.54598075508407,36.79965342242994],[39.35765744670946,36.79965342242994],[39.310576619615816,36.76181419988106],[39.21641496542852,36.76181419988106],[39.16933413833486,36.79965342242994],[38.745606694492004,36.79965342242994],[38.5572833861174,36.95082338788559],[38.4631217319301,36.98856911211425],[38.3689600777428,36.98856911211425],[38.32187925064915,37.026296115234935],[38.18063676936819,37.026296115234935],[37.75690932552534,36.83747395973099],[37.61566684424439,36.83747395973099],[37.47442436296343,36.76181419988106],[37.14485857330788,36.76181419988106],[37.003616092026924,36.87527580454],[36.862373610745976,36.87527580454],[36.72113112946502,36.95082338788559],[36.62696947527772,36.95082338788559],[36.48572699399677,36.72395629936475],[36.48572699399677,36.38239590539762],[36.53280782109042,36.34435163361064],[36.34448451271583,36.34435163361064],[36.297403685622164,36.30628876633753],[36.297403685622164,36.115695769059066],[36.109080377247565,36.00111732439506],[36.109080377247565,35.96288744941426],[36.061999550153914,36.03932867466388],[35.92075706887296,36.03932867466388],[35.92075706887296,36.115695769059066],[35.87367624177932,36.19198866895507],[35.779514587592004,36.268207311295335],[35.779514587592004,36.38239590539762],[35.92075706887296,36.534386884622045],[35.96783789596661,36.534386884622045],[36.15616120434121,36.68607972819763],[36.15616120434121,36.83747395973099],[36.109080377247565,36.87527580454],[36.01491872306026,36.87527580454],[35.87367624177932,36.76181419988106],[35.82659541468566,36.76181419988106],[35.73243376049836,36.610270603358565],[35.591191279217405,36.534386884622045],[35.3087063166555,36.534386884622045],[35.073302181187245,36.68607972819763],[34.9320596999063,36.68607972819763],[34.837898045718994,36.76181419988106],[34.649574737344395,36.76181419988106],[34.178766466407886,36.42042157401796],[34.178766466407886,36.34435163361064],[34.03752398512693,36.230107276237746],[34.03752398512693,36.19198866895507],[33.89628150384598,36.19198866895507],[33.75503902256502,36.115695769059066],[33.23714992453487,36.115695769059066],[33.19006909744122,36.07752149220987],[33.00174578906662,36.07752149220987],[32.86050330778566,36.00111732439506],[32.71926082650471,36.00111732439506],[32.53093751813011,36.07752149220987],[32.436775863942806,36.153851497274275],[32.389695036849155,36.153851497274275],[32.24845255556821,36.268207311295335],[32.20137172847455,36.38239590539762],[32.01304842009995,36.534386884622045],[31.918886765912653,36.57233806450115],[31.824725111725346,36.57233806450115],[31.636401803350743,36.64818449373253],[31.542240149163447,36.72395629936475],[31.448078494976144,36.72395629936475],[31.353916840788838,36.79965342242994],[31.165593532414235,36.79965342242994],[31.118512705320587,36.83747395973099],[30.74186608857138,36.83747395973099],[30.694785261477733,36.79965342242994],[30.694785261477733,36.57233806450115],[30.647704434384078,36.534386884622045],[30.647704434384078,36.34435163361064],[30.506461953103123,36.19198866895507],[30.506461953103123,36.153851497274275],[30.412300298915827,36.153851497274275],[30.36521947182218,36.230107276237746],[30.12981533635392,36.230107276237746],[29.89441120088567,36.115695769059066],[29.753168719604716,36.115695769059066],[29.706087892511068,36.07752149220987],[29.61192623832376,36.07752149220987],[29.47068375704281,36.19198866895507],[29.37652210285551,36.19198866895507],[29.188198794480908,36.34435163361064],[29.094037140293604,36.38239590539762],[29.094037140293604,36.496417071219376],[28.99987548610631,36.57233806450115],[28.905713831919,36.57233806450115],[28.811552177731706,36.610270603358565],[28.76447135063805,36.68607972819763],[28.67030969645075,36.68607972819763],[28.576148042263448,36.76181419988106],[28.434905560982497,36.76181419988106],[28.246582252607894,36.64818449373253],[28.199501425514242,36.57233806450115],[28.105339771326946,36.534386884622045],[27.964097290045988,36.534386884622045],[27.91701646295234,36.496417071219376],[27.775773981671385,36.57233806450115],[27.728693154577734,36.64818449373253],[27.44620819201583,36.64818449373253],[27.352046537828528,36.72395629936475],[27.39912736492218,36.76181419988106],[27.39912736492218,36.83747395973099],[27.30496571073488,36.87527580454],[27.30496571073488,36.95082338788559],[27.25788488364123,36.98856911211425],[27.210804056547577,36.98856911211425],[27.210804056547577,37.1016939299328],[27.25788488364123,37.13936472749002],[27.25788488364123,37.21465006824044],[27.069561575266626,37.28986035721617],[27.069561575266626,37.402534949219806],[26.975399921079326,37.44005556182996],[26.975399921079326,37.58994991101192],[26.92831909398567,37.62737644008575],[26.78707661270472,37.62737644008575],[26.73999578561107,37.66478413283226],[26.64583413142377,37.66478413283226],[26.598753304330117,37.70217298279411],[26.598753304330117,37.8142264119283],[26.73999578561107,37.88883436729907],[26.92831909398567,37.88883436729907],[26.975399921079326,37.851539826884576],[27.116642402360274,37.851539826884576],[27.163723229453925,37.88883436729907],[27.163723229453925,37.963366799554734],[27.069561575266626,38.03782365915064],[26.881238266892023,38.03782365915064],[26.83415743979837,38.11220489710307],[26.692914958517417,38.11220489710307],[26.64583413142377,38.07502373387189],[26.55167247723647,38.11220489710307],[26.504591650142817,38.186510464988146],[26.410429995955514,38.22363485767573],[26.22210668758091,38.22363485767573],[26.127945033393612,38.14936714280869],[25.986702552112657,38.14936714280869],[25.892540897925358,38.22363485767573],[25.892540897925358,38.33489439965239],[25.93962172501901,38.37194301541149],[25.93962172501901,38.44598336477646],[25.84546007083171,38.51994783306173],[25.84546007083171,38.63075215937673],[25.93962172501901,38.66764894547873],[26.127945033393612,38.66764894547873],[26.17502586048726,38.63075215937673],[26.316268341768215,38.63075215937673],[26.410429995955514,38.741385500531784],[26.692914958517417,38.741385500531784],[26.83415743979837,38.85184770852639],[26.83415743979837,38.96213863813531],[26.78707661270472,38.99886419477268],[26.64583413142377,38.99886419477268],[26.598753304330117,38.96213863813531],[26.363349168861866,38.96213863813531],[26.316268341768215,38.99886419477268],[26.17502586048726,38.99886419477268],[26.080864206299964,39.07225814689906],[25.93962172501901,39.1089265320737],[25.84546007083171,39.18220609511437],[25.84546007083171,39.2919823458246],[25.93962172501901,39.36507105906827],[26.03378337920631,39.36507105906827],[26.080864206299964,39.401586764810084],[26.080864206299964,39.58387859226591],[26.127945033393612,39.62027958435469],[26.127945033393612,39.72936773007175],[25.986702552112657,39.83828353436022],[25.986702552112657,39.91079826560838],[26.080864206299964,39.947026876538736],[26.080864206299964,39.983236311878976],[26.17502586048726,40.05559763860386],[26.269187514674563,40.200089997774356],[26.269187514674563,40.41625230592788],[26.316268341768215,40.41625230592788],[26.410429995955514,40.48815261883017],[26.410429995955514,40.559975984873105],[26.363349168861866,40.59585880330382],[26.127945033393612,40.59585880330382],[26.080864206299964,40.66756669222893],[26.17502586048726,40.66756669222893],[26.316268341768215,40.77498410047608],[26.363349168861866,40.84649938028473],[26.457510823049166,40.88222811180672],[26.504591650142817,40.95362774061269],[26.504591650142817,41.20291882500618],[26.598753304330117,41.27397113538246],[26.692914958517417,41.27397113538246],[26.78707661270472,41.344946192694024],[26.78707661270472,41.66337729076074],[26.692914958517417,41.7339270263471],[26.598753304330117,41.7339270263471],[26.598753304330117,41.76917286849764],[26.73999578561107,41.90996266990596],[27.022480748172974,41.90996266990596],[27.116642402360274,41.98024139351529],[27.116642402360274,42.01535170206597],[27.163723229453925,41.98024139351529],[27.25788488364123,41.98024139351529],[27.352046537828528,42.01535170206597],[27.39912736492218,41.94511171528609],[27.44620819201583,41.94511171528609],[27.54036984620313,41.87479425993301],[27.681612327484086,41.87479425993301],[27.728693154577734,41.90996266990596],[28.105339771326946,41.90996266990596],[28.15242059842059,41.94511171528609],[28.15242059842059,41.804399356594175],[28.199501425514242,41.76917286849764],[28.199501425514242,41.698661832854036],[28.5290672151698,41.486664449433],[28.7173905235444,41.41584397214323],[28.811552177731706,41.41584397214323],[28.952794659012653,41.344946192694024],[29.37652210285551,41.30946832223293],[29.423602929949162,41.27397113538246],[29.564845411230113,41.27397113538246],[29.61192623832376,41.23845463525796],[29.84733037379202,41.23845463525796],[29.89441120088567,41.20291882500618],[30.176896163447577,41.20291882500618],[30.271057817634873,41.27397113538246],[30.412300298915827,41.27397113538246],[30.60062360729043,41.20291882500618],[30.74186608857138,41.20291882500618],[30.788946915665033,41.16736370780524],[31.25975518660154,41.16736370780524],[31.400997667882493,41.27397113538246],[31.400997667882493,41.3804047436817],[31.9659675930063,41.59275017189694],[32.29553338266186,41.804399356594175],[32.389695036849155,41.804399356594175],[32.62509917231741,41.90996266990596],[32.954664961972966,41.94511171528609],[33.33131157872217,42.08551420017384],[33.56671571419042,42.08551420017384],[33.61379654128408,42.050442638441034],[34.22584729350153,42.050442638441034],[34.27292812059518,42.01535170206597],[34.41417060187614,42.01535170206597],[34.46125142896979,42.050442638441034],[34.55541308315709,42.050442638441034],[34.602493910250736,42.01535170206597],[34.79081721862534,42.01535170206597],[34.9320596999063,42.12056638482816],[34.9320596999063,42.15559918999812],[35.073302181187245,42.15559918999812],[35.120383008280896,42.12056638482816],[35.2145446624682,42.12056638482816],[35.3087063166555,42.050442638441034],[35.26162548956185,41.98024139351529],[35.26162548956185,41.87479425993301],[35.355787143749154,41.76917286849764],[35.44994879793645,41.76917286849764],[35.54411045212375,41.698661832854036],[35.68535293340471,41.698661832854036],[35.96783789596661,41.804399356594175],[36.109080377247565,41.76917286849764],[36.20324203143487,41.66337729076074],[36.20324203143487,41.5220456923118],[36.43864616690312,41.344946192694024],[36.53280782109042,41.344946192694024],[36.62696947527772,41.451263875057094],[36.76821195655867,41.451263875057094],[36.815292783652325,41.41584397214323],[36.90945443783963,41.41584397214323],[37.003616092026924,41.3804047436817],[37.19193940040154,41.20291882500618],[37.61566684424439,41.16736370780524],[37.662747671338046,41.20291882500618],[37.75690932552534,41.20291882500618],[37.85107097971264,41.16736370780524],[37.85107097971264,41.13178928686475],[37.94523263389994,41.0605825467611],[38.039394288087244,41.0605825467611],[38.086475115180896,41.02495023417481],[38.32187925064915,41.02495023417481],[38.3689600777428,40.98929863100283],[38.5572833861174,40.98929863100283],[38.745606694492004,41.0605825467611],[38.83976834867931,41.0605825467611],[38.88684917577295,41.09619556542582],[39.075172484147565,41.09619556542582],[39.12225331124121,41.13178928686475],[39.35765744670946,41.13178928686475],[39.40473827380311,41.16736370780524],[39.498899927990415,41.16736370780524],[39.68722323636503,41.0605825467611],[39.87554654473962,41.0605825467611],[39.92262737183327,41.02495023417481],[40.06386985311422,41.02495023417481],[40.11095068020788,40.98929863100283],[40.205112334395174,40.98929863100283],[40.39343564276978,41.09619556542582],[40.534678124050735,41.09619556542582],[40.723001432425335,41.16736370780524],[40.81716308661264,41.23845463525796],[40.911324740799934,41.23845463525796],[41.09964804917454,41.30946832223293],[41.240890530455495,41.41584397214323],[41.429213838830094,41.486664449433],[41.47629466592375,41.486664449433],[41.57045632011105,41.41584397214323],[41.71169880139201,41.41584397214323],[41.75877962848565,41.3804047436817],[41.9000221097666,41.3804047436817],[41.947102936860254,41.41584397214323],[42.32374955360946,41.41584397214323],[42.37083038070311,41.3804047436817],[42.512072861984066,41.3804047436817],[42.653315343265014,41.5220456923118],[42.700396170358665,41.5220456923118],[42.700396170358665,41.486664449433],[42.79455782454597,41.41584397214323],[42.84163865163962,41.41584397214323],[42.935800305826916,41.344946192694024],[43.02996196001423,41.344946192694024],[43.02996196001423,41.20291882500618],[43.17120444129517,41.13178928686475],[43.31244692257612,41.13178928686475],[43.35952774966978,41.02495023417481],[43.54785105804438,40.917937566403644],[43.54785105804438,40.84649938028473],[43.642012712231676,40.73919755927446],[43.500770230950735,40.59585880330382],[43.500770230950735,40.344275077077874],[43.59493188513803,40.236165085296065],[43.54785105804438,40.200089997774356],[43.54785105804438,40.127882211741245],[43.642012712231676,40.05559763860386],[43.83033602060628,39.983236311878976],[43.924497674793585,39.983236311878976],[43.97157850188724,39.947026876538736],[44.159901810261836,39.947026876538736],[44.20698263735549,39.983236311878976],[44.30114429154279,39.983236311878976],[44.442386772823745,39.91079826560838],[44.48946759991739,39.83828353436022],[44.34822511863644,39.72936773007175],[44.34822511863644,39.656661441081354],[44.30114429154279,39.62027958435469],[44.30114429154279,39.511019220578405],[44.01865932898088,39.511019220578405],[43.924497674793585,39.4380833635054],[43.924497674793585,39.32853625111643],[43.97157850188724,39.2919823458246],[43.97157850188724,39.218817262869365],[44.06574015607454,39.14557584983628],[44.06574015607454,38.925394034714685],[44.159901810261836,38.81504599634532],[44.159901810261836,38.63075215937673],[44.20698263735549,38.59383637490072],[44.20698263735549,38.37194301541149],[44.30114429154279,38.29782683088655],[44.25406346444914,38.260740314940556],[44.25406346444914,38.186510464988146],[44.20698263735549,38.11220489710307],[44.112820983168184,38.03782365915064],[44.112820983168184,37.88883436729907],[44.20698263735549,37.8142264119283],[44.30114429154279,37.8142264119283],[44.30114429154279,37.776894128711156],[44.395305945730094,37.70217298279411],[44.442386772823745,37.70217298279411],[44.442386772823745,37.58994991101192],[44.48946759991739,37.55250455210352],[44.48946759991739,37.402534949219806],[44.630710081198345,37.28986035721617],[44.58362925410469,37.28986035721617],[44.48946759991739,37.252264597628944],[44.34822511863644,37.13936472749002],[44.30114429154279,37.13936472749002],[44.34822511863644,37.17701677589932],[44.34822511863644,37.252264597628944],[44.30114429154279,37.327437340189235],[44.06574015607454,37.44005556182996],[43.97157850188724,37.44005556182996],[43.83033602060628,37.327437340189235],[43.78325519351263,37.327437340189235],[43.73617436641899,37.36499553977094],[43.45368940385708,37.36499553977094],[43.35952774966978,37.44005556182996],[43.218285268388826,37.44005556182996]],[[27.352046537828528,40.66756669222893],[27.30496571073488,40.63172237366202],[27.30496571073488,40.559975984873105],[27.352046537828528,40.52407392212083],[27.44620819201583,40.52407392212083],[27.493289019109483,40.559975984873105],[27.493289019109483,40.63172237366202],[27.44620819201583,40.66756669222893],[27.352046537828528,40.66756669222893]],[[28.6232288693571,40.95362774061269],[28.3407439067952,41.0605825467611],[28.199501425514242,41.0605825467611],[28.058258944233287,40.95362774061269],[27.728693154577734,40.98929863100283],[27.587450673296782,40.917937566403644],[27.54036984620313,40.84649938028473],[27.54036984620313,40.77498410047608],[27.587450673296782,40.73919755927446],[27.775773981671385,40.73919755927446],[27.91701646295234,40.59585880330382],[28.01117811713964,40.59585880330382],[28.105339771326946,40.559975984873105],[28.199501425514242,40.48815261883017],[28.481986388076145,40.48815261883017],[28.576148042263448,40.63172237366202],[28.67030969645075,40.59585880330382],[28.76447135063805,40.59585880330382],[29.094037140293604,40.73919755927446],[29.094037140293604,40.88222811180672],[28.99987548610631,40.95362774061269],[28.6232288693571,40.95362774061269]]],[[[45.61940745016501,39.511019220578405],[45.66648827725866,39.511019220578405],[45.66648827725866,39.36507105906827],[45.80773075853961,39.25540934809646],[45.854811585633264,39.25540934809646],[45.854811585633264,39.14557584983628],[45.94897323982057,38.99886419477268],[45.854811585633264,39.035570699418656],[45.76064993144597,39.035570699418656],[45.71356910435231,39.07225814689906],[45.52524579597772,39.07225814689906],[45.43108414179041,39.25540934809646],[45.336922487603104,39.32853625111643],[45.24276083341581,39.32853625111643],[45.19568000632215,39.36507105906827],[45.19568000632215,39.401586764810084],[45.00735669794755,39.547458469450774],[45.00735669794755,39.62027958435469],[44.9602758708539,39.656661441081354],[45.00735669794755,39.69302415784343],[45.05443752504121,39.656661441081354],[45.05443752504121,39.547458469450774],[45.10151835213485,39.511019220578405],[45.24276083341581,39.511019220578405],[45.384003314696756,39.4380833635054],[45.52524579597772,39.4380833635054],[45.61940745016501,39.511019220578405]]],[[[44.866114216666595,41.13178928686475],[44.866114216666595,41.02495023417481],[45.00735669794755,40.95362774061269],[45.10151835213485,40.95362774061269],[45.148599179228505,40.917937566403644],[45.384003314696756,40.917937566403644],[45.43108414179041,40.84649938028473],[45.28984166050946,40.73919755927446],[45.28984166050946,40.59585880330382],[45.336922487603104,40.52407392212083],[45.52524579597772,40.344275077077874],[45.66648827725866,40.30825762897406],[45.80773075853961,40.200089997774356],[45.854811585633264,40.200089997774356],[45.80773075853961,40.127882211741245],[45.572326623071355,40.127882211741245],[45.47816496888406,40.05559763860386],[45.47816496888406,39.983236311878976],[45.572326623071355,39.91079826560838],[45.71356910435231,39.874550483425395],[45.71356910435231,39.83828353436022],[45.854811585633264,39.72936773007175],[45.901892412726916,39.72936773007175],[46.13729654819517,39.547458469450774],[46.32561985656977,39.547458469450774],[46.27853902947612,39.511019220578405],[46.27853902947612,39.36507105906827],[46.32561985656977,39.2919823458246],[46.27853902947612,39.25540934809646],[46.27853902947612,39.18220609511437],[46.372700683663425,39.1089265320737],[46.372700683663425,39.035570699418656],[46.27853902947612,39.035570699418656],[46.18437737528882,38.99886419477268],[46.13729654819517,39.035570699418656],[46.04313489400786,39.18220609511437],[46.04313489400786,39.32853625111643],[45.901892412726916,39.401586764810084],[45.901892412726916,39.58387859226591],[45.80773075853961,39.656661441081354],[45.572326623071355,39.656661441081354],[45.52524579597772,39.62027958435469],[45.384003314696756,39.62027958435469],[45.28984166050946,39.72936773007175],[45.24276083341581,39.72936773007175],[45.148599179228505,39.80199742281635],[45.10151835213485,39.874550483425395],[44.9602758708539,39.874550483425395],[44.913195043760254,39.83828353436022],[44.81903338957295,39.83828353436022],[44.72487173538565,39.91079826560838],[44.677790908291996,39.91079826560838],[44.677790908291996,39.947026876538736],[44.53654842701104,40.05559763860386],[44.48946759991739,40.05559763860386],[44.34822511863644,40.16399570522016],[44.25406346444914,40.16399570522016],[44.20698263735549,40.127882211741245],[43.924497674793585,40.127882211741245],[43.83033602060628,40.16399570522016],[43.78325519351263,40.236165085296065],[43.78325519351263,40.30825762897406],[43.73617436641899,40.344275077077874],[43.73617436641899,40.48815261883017],[43.83033602060628,40.63172237366202],[43.83033602060628,40.81075137533233],[43.73617436641899,40.917937566403644],[43.73617436641899,40.98929863100283],[43.642012712231676,41.0605825467611],[43.97157850188724,41.09619556542582],[44.01865932898088,41.13178928686475],[44.58362925410469,41.13178928686475],[44.630710081198345,41.16736370780524],[44.866114216666595,41.16736370780524],[44.913195043760254,41.20291882500618],[44.866114216666595,41.13178928686475]]],[[[46.18437737528882,41.13178928686475],[46.41978151075707,40.98929863100283],[46.51394316494437,40.98929863100283],[46.70226647331898,41.09619556542582],[46.70226647331898,41.16736370780524],[46.79642812750628,41.23845463525796],[46.79642812750628,41.344946192694024],[46.608104819131675,41.486664449433],[46.46686233785073,41.5220456923118],[46.372700683663425,41.59275017189694],[46.372700683663425,41.66337729076074],[46.32561985656977,41.698661832854036],[46.41978151075707,41.76917286849764],[46.51394316494437,41.7339270263471],[46.608104819131675,41.7339270263471],[46.65518564622533,41.76917286849764],[46.79642812750628,41.66337729076074],[46.84350895459993,41.66337729076074],[46.89058978169358,41.55740760076543],[46.98475143588088,41.486664449433],[47.07891309006819,41.486664449433],[47.125993917161836,41.41584397214323],[47.125993917161836,41.344946192694024],[47.31431722553644,41.20291882500618],[47.40847887972374,41.20291882500618],[47.45555970681738,41.16736370780524],[47.643883015191996,41.16736370780524],[47.69096384228564,41.13178928686475],[47.832206323566595,41.13178928686475],[47.97344880484754,41.20291882500618],[47.97344880484754,41.27397113538246],[48.02052963194121,41.30946832223293],[48.16177211322215,41.30946832223293],[48.35009542159676,41.20291882500618],[48.39717624869041,41.20291882500618],[48.63258038415866,40.98929863100283],[48.77382286543961,40.77498410047608],[48.77382286543961,40.52407392212083],[48.726742038345975,40.48815261883017],[48.726742038345975,40.380273304044124],[48.77382286543961,40.344275077077874],[48.77382286543961,40.236165085296065],[48.820903692533264,40.200089997774356],[48.820903692533264,40.05559763860386],[48.867984519626916,40.01942656732456],[48.867984519626916,39.83828353436022],[48.91506534672057,39.80199742281635],[48.91506534672057,39.58387859226591],[49.103388655095166,39.511019220578405],[49.29171196346977,39.36507105906827],[49.29171196346977,39.18220609511437],[49.24463113637612,39.14557584983628],[49.24463113637612,39.035570699418656],[49.19755030928247,38.96213863813531],[49.103388655095166,38.925394034714685],[48.96214617381422,38.925394034714685],[48.91506534672057,38.88863038975296],[48.91506534672057,38.51994783306173],[48.820903692533264,38.55690159760085],[48.67966121125231,38.55690159760085],[48.63258038415866,38.51994783306173],[48.53841872997136,38.59383637490072],[48.44425707578406,38.741385500531784],[48.303014594503104,38.741385500531784],[48.303014594503104,38.77822525855423],[48.2088529403158,38.85184770852639],[48.1146912861285,38.88863038975296],[48.16177211322215,38.925394034714685],[48.303014594503104,38.925394034714685],[48.39717624869041,38.99886419477268],[48.39717624869041,39.1089265320737],[48.2088529403158,39.25540934809646],[48.2088529403158,39.2919823458246],[48.303014594503104,39.2919823458246],[48.39717624869041,39.36507105906827],[48.39717624869041,39.4745608503513],[48.2088529403158,39.62027958435469],[48.16177211322215,39.62027958435469],[48.16177211322215,39.69302415784343],[48.02052963194121,39.80199742281635],[47.78512549647294,39.80199742281635],[47.50264053391104,39.62027958435469],[47.361398052630086,39.58387859226591],[47.17307474425549,39.4380833635054],[47.03183226297453,39.401586764810084],[46.93767060878723,39.2919823458246],[46.84350895459993,39.2919823458246],[46.608104819131675,39.1089265320737],[46.561023992038024,39.1089265320737],[46.561023992038024,39.14557584983628],[46.65518564622533,39.18220609511437],[46.65518564622533,39.2919823458246],[46.51394316494437,39.4380833635054],[46.608104819131675,39.511019220578405],[46.608104819131675,39.62027958435469],[46.51394316494437,39.69302415784343],[46.41978151075707,39.69302415784343],[46.372700683663425,39.72936773007175],[46.18437737528882,39.72936773007175],[45.854811585633264,39.947026876538736],[45.996054066914226,40.05559763860386],[46.04313489400786,40.127882211741245],[46.04313489400786,40.30825762897406],[45.94897323982057,40.380273304044124],[45.854811585633264,40.380273304044124],[45.572326623071355,40.52407392212083],[45.61940745016501,40.59585880330382],[45.61940745016501,40.73919755927446],[45.66648827725866,40.77498410047608],[45.66648827725866,40.917937566403644],[45.52524579597772,41.02495023417481],[45.52524579597772,41.09619556542582],[45.47816496888406,41.13178928686475],[45.336922487603104,41.13178928686475],[45.28984166050946,41.09619556542582],[45.28984166050946,41.20291882500618],[45.19568000632215,41.27397113538246],[45.148599179228505,41.27397113538246],[45.148599179228505,41.30946832223293],[45.24276083341581,41.3804047436817],[45.336922487603104,41.3804047436817],[45.384003314696756,41.344946192694024],[45.52524579597772,41.344946192694024],[45.66648827725866,41.20291882500618],[45.94897323982057,41.09619556542582],[46.18437737528882,41.13178928686475]]],[[[47.50264053391104,42.40028600488838],[47.59680218809834,42.33047244149687],[47.69096384228564,42.19061261330816],[47.69096384228564,42.12056638482816],[47.73804466937929,42.08551420017384],[47.73804466937929,41.98024139351529],[47.78512549647294,41.94511171528609],[47.78512549647294,41.698661832854036],[47.832206323566595,41.66337729076074],[47.832206323566595,41.59275017189694],[47.78512549647294,41.55740760076543],[47.78512549647294,41.30946832223293],[47.69096384228564,41.30946832223293],[47.643883015191996,41.344946192694024],[47.40847887972374,41.344946192694024],[47.31431722553644,41.41584397214323],[47.31431722553644,41.486664449433],[47.22015557134913,41.628073402840364],[47.17307474425549,41.66337729076074],[47.07891309006819,41.66337729076074],[47.03183226297453,41.7339270263471],[46.89058978169358,41.839606487955976],[46.84350895459993,41.839606487955976],[46.84350895459993,41.87479425993301],[46.74934730041262,41.94511171528609],[46.608104819131675,41.94511171528609],[46.46686233785073,42.01535170206597],[46.372700683663425,42.01535170206597],[46.18437737528882,42.12056638482816],[45.94897323982057,42.15559918999812],[45.854811585633264,42.22560665241302],[45.80773075853961,42.22560665241302],[45.76064993144597,42.260581304997636],[45.76064993144597,42.36538892093213],[45.80773075853961,42.40028600488838],[45.80773075853961,42.57448041777234],[46.51394316494437,42.57448041777234],[46.561023992038024,42.64402234111583],[46.74934730041262,42.78287322909203],[46.84350895459993,42.81753740700129],[47.03183226297453,42.81753740700129],[47.50264053391104,42.43516369120105],[47.50264053391104,42.40028600488838]]],[[[41.09964804917454,43.30079589257949],[41.14672887626819,43.33516857763579],[41.240890530455495,43.26640376398649],[41.3350521846428,43.26640376398649],[41.429213838830094,43.23199219325693],[41.5233754930174,43.16311073113296],[41.75877962848565,43.16311073113296],[41.8058604555793,43.1286408426832],[42.135426245234854,43.1286408426832],[42.18250707232852,43.16311073113296],[42.41791120779676,43.16311073113296],[42.55915368907772,43.094151517986276],[42.700396170358665,43.094151517986276],[42.74747699745232,43.1286408426832],[42.84163865163962,43.094151517986276],[43.12412361420152,42.886807497159],[43.218285268388826,42.852182163616455],[43.35952774966978,42.852182163616455],[43.406608576763425,42.81753740700129],[43.500770230950735,42.81753740700129],[43.59493188513803,42.748189631696654],[43.642012712231676,42.748189631696654],[43.642012712231676,42.60926108444575],[43.73617436641899,42.53968034308108],[43.83033602060628,42.53968034308108],[43.877416847699934,42.50486086238715],[44.01865932898088,42.50486086238715],[44.112820983168184,42.57448041777234],[44.20698263735549,42.57448041777234],[44.25406346444914,42.60926108444575],[44.395305945730094,42.60926108444575],[44.442386772823745,42.57448041777234],[44.58362925410469,42.57448041777234],[44.630710081198345,42.53968034308108],[44.7719525624793,42.53968034308108],[44.81903338957295,42.50486086238715],[45.24276083341581,42.50486086238715],[45.28984166050946,42.47002197773553],[45.61940745016501,42.47002197773553],[45.572326623071355,42.40028600488838],[45.572326623071355,42.33047244149687],[45.52524579597772,42.295536568777166],[45.52524579597772,42.19061261330816],[45.71356910435231,42.08551420017384],[45.76064993144597,42.08551420017384],[45.94897323982057,41.94511171528609],[46.04313489400786,41.94511171528609],[46.090215721101515,41.90996266990596],[46.23145820238247,41.90996266990596],[46.27853902947612,41.87479425993301],[46.18437737528882,41.87479425993301],[46.090215721101515,41.804399356594175],[46.090215721101515,41.59275017189694],[46.561023992038024,41.27397113538246],[46.51394316494437,41.20291882500618],[46.372700683663425,41.20291882500618],[46.23145820238247,41.30946832223293],[45.901892412726916,41.27397113538246],[45.80773075853961,41.30946832223293],[45.80773075853961,41.3804047436817],[45.71356910435231,41.451263875057094],[45.61940745016501,41.451263875057094],[45.47816496888406,41.55740760076543],[45.19568000632215,41.55740760076543],[45.148599179228505,41.486664449433],[45.10151835213485,41.486664449433],[44.9602758708539,41.3804047436817],[44.7719525624793,41.3804047436817],[44.72487173538565,41.30946832223293],[44.630710081198345,41.344946192694024],[44.53654842701104,41.344946192694024],[44.48946759991739,41.30946832223293],[44.30114429154279,41.30946832223293],[44.25406346444914,41.344946192694024],[44.159901810261836,41.344946192694024],[43.97157850188724,41.27397113538246],[43.877416847699934,41.27397113538246],[43.83033602060628,41.23845463525796],[43.73617436641899,41.23845463525796],[43.68909353932533,41.20291882500618],[43.642012712231676,41.23845463525796],[43.500770230950735,41.23845463525796],[43.406608576763425,41.30946832223293],[43.26536609548248,41.30946832223293],[43.26536609548248,41.344946192694024],[43.17120444129517,41.41584397214323],[43.07704278710787,41.41584397214323],[43.02996196001423,41.5220456923118],[42.84163865163962,41.66337729076074],[42.74747699745232,41.698661832854036],[42.60623451617136,41.698661832854036],[42.41791120779676,41.55740760076543],[42.32374955360946,41.59275017189694],[42.22958789942216,41.59275017189694],[42.18250707232852,41.628073402840364],[42.0883454181412,41.628073402840364],[42.04126459104756,41.59275017189694],[41.9000221097666,41.59275017189694],[41.85294128267295,41.55740760076543],[41.75877962848565,41.59275017189694],[41.57045632011105,41.59275017189694],[41.5233754930174,41.66337729076074],[41.71169880139201,41.804399356594175],[41.71169880139201,42.01535170206597],[41.57045632011105,42.19061261330816],[41.57045632011105,42.33047244149687],[41.47629466592375,42.43516369120105],[41.47629466592375,42.60926108444575],[41.429213838830094,42.678764185826815],[41.240890530455495,42.78287322909203],[41.14672887626819,42.78287322909203],[41.05256722208089,42.852182163616455],[41.05256722208089,42.92141340587972],[40.95840556789359,42.95599988805881],[40.81716308661264,43.05964275858698],[40.58175895114438,43.05964275858698],[40.487597296957084,43.1286408426832],[40.29927398858248,43.1286408426832],[40.252193161488826,43.16311073113296],[40.252193161488826,43.23199219325693],[40.11095068020788,43.33516857763579],[40.11095068020788,43.47246485549777],[40.15803150730153,43.50674030287445],[40.34635481567613,43.50674030287445],[40.487597296957084,43.43816995801461],[40.58175895114438,43.43816995801461],[40.67592060533168,43.47246485549777],[40.86424391370629,43.40385561168161],[41.005486394987244,43.30079589257949],[41.09964804917454,43.30079589257949]]],[[[35.591191279217405,50.54489540138209],[35.54411045212375,50.54489540138209],[35.54411045212375,50.66483161596484],[35.591191279217405,50.69476791408771],[35.591191279217405,50.78446225927192],[35.44994879793645,50.93357124778272],[35.44994879793645,50.993081383788024],[35.63827210631106,50.87398486582558],[35.63827210631106,50.844163072241386],[36.061999550153914,50.574908116286096],[36.109080377247565,50.51486357239808],[35.87367624177932,50.51486357239808],[35.68535293340471,50.4547425565406],[35.68535293340471,50.484812625417064],[35.591191279217405,50.54489540138209]]]]}}
