{"type":"Feature","properties":{"id":"steinadler","sourceUrl":"https://commons.wikimedia.org/wiki/File:AquilaChrysaetosIUCNver2018_2.png","author":"Alexander K\u00fcrthy","license":"CC BY-SA 3.0","licenseUrl":"https://creativecommons.org/licenses/by-sa/3.0","sourceImageSha256":"e6777b04fe8e99e6b99223a76ee6fd16e7f110b40a823bab2c4036694e0faa7c","registration":{"status":"candidate","projection":"merc","proj_string":"+proj=merc +R=1 +lon_0=0","image_width":3355,"image_height":1008,"parameters_1000px":[159.08836395882184,-159.0863009012847,499.4836834045469,296.7680601100908],"pixel_transform_native":[533.7414610818473,-533.7345395238101,1675.767757822255,995.6568416693545],"transform_definition":"pixel_x=sx*projected_x+tx; pixel_y=sy*projected_y+ty; inverse: lonlat = pyproj.Proj(proj_string)((px-tx)/sx,(py-ty)/sy,inverse=True)","coast_count":14125,"coast_median_px_at1000":0.3090311288833618,"coast_p90_px_at1000":3.252244472503662,"coast_rmse_px_at1000":2.4206717014312744,"coast_rmse_capped15_px_at1000":2.4007537364959717,"sift_matches":207,"sift_inliers":125,"sift_inlier_median_px":0.5291649267684355,"sift_affine_initialization":[[0.5294085696784379,-0.00033522720068271037,436.71806103808854],[0.00033522720068271037,0.5294085696784379,-33.74108874863972]],"independent_border_validation":{"method":"Natural Earth international boundaries >0.22 degrees away from coast; not used in fitting; nearest pale raster boundary pixels; only unsaturated grey base regions sampled","count":5258,"median_px_at1000":0.3352864384651184,"p90_px_at1000":0.7708204388618469,"rmse_px_at1000":0.47942087054252625},"inverse_roundtrip_checks":[{"name":"Gibraltar","lonlat":[-5.6,36],"pixel_native":[1623.6007010606677,635.7727301060085],"roundtrip_degree_error":1.3322676295501878e-14},{"name":"Lindesnes","lonlat":[7.05,57.98],"pixel_native":[1741.4423560667528,329.2881571106003],"roundtrip_degree_error":1.3322676295501878e-14},{"name":"CapeComorin","lonlat":[77.55,8.08],"pixel_native":[2398.1883385117335,920.1374771066924],"roundtrip_degree_error":1.4210854715202004e-14},{"name":"Tokyo","lonlat":[139.7,35.7],"pixel_native":[2977.1495131068473,639.22054154751],"roundtrip_degree_error":0.0},{"name":"Cairo","lonlat":[31.2,30.0],"pixel_native":[1966.4127883510973,702.4731796656183],"roundtrip_degree_error":7.105427357601002e-15}]},"includedColors":["#00FF00","#008000","#007FFF"],"adaptation":"Hue-based extraction of current seasonal colors; inverse Mercator registration; 3px closing of printed border gaps; 0.45px contour simplification; components smaller than 4 source pixels omitted; antimeridian split."},"geometry":{"type":"MultiPolygon","coordinates":[[[[-11.78328780582572,18.2194620396343],[-11.78328780582572,18.52509294180596],[-11.568592925660521,18.728544398699956],[-11.353898045495328,18.830178529683675],[-11.139203165330127,18.830178529683675],[-11.031855725247528,18.931751218282404],[-10.280423644669337,18.931751218282404],[-10.173076204586739,19.033262182617797],[-9.958381324421541,19.033262182617797],[-9.528991564091145,18.728544398699956],[-9.528991564091145,18.52509294180596],[-9.743686444256344,18.2194620396343],[-9.958381324421541,18.11746522641902],[-10.173076204586739,18.11746522641902],[-10.280423644669337,18.0154089702204],[-11.568592925660521,18.0154089702204],[-11.78328780582572,18.2194620396343]]],[[[-14.574321247973288,20.145729324859577],[-15.218405888468881,20.145729324859577],[-15.325753328551478,20.246477958877527],[-15.218405888468881,20.548330979217454],[-14.681668688055888,21.050093756508183],[-13.393499407064704,21.050093756508183],[-13.286151966982104,21.15024509812786],[-13.286151966982104,21.350344478022922],[-12.856762206651707,21.350344478022922],[-12.64206732648651,21.64998141302629],[-12.105330126073516,21.64998141302629],[-11.890635245908319,21.350344478022922],[-11.890635245908319,20.949874994025702],[-12.212677566156115,20.64881680078603],[-12.427372446321312,20.64881680078603],[-12.534719886403911,20.548330979217454],[-12.964109646734306,20.548330979217454],[-13.608194287229898,20.246477958877527],[-14.466973807890687,20.246477958877527],[-14.574321247973288,20.145729324859577]]],[[[-12.320025006238714,22.743287893026835],[-12.105330126073516,22.941148267109693],[-12.105330126073516,23.03997028141869],[-11.78328780582572,23.237396759281964],[-11.568592925660521,23.237396759281964],[-11.353898045495328,22.941148267109693],[-11.461245485577923,22.743287893026835],[-11.461245485577923,22.54514067745794],[-11.675940365743122,22.34670857781929],[-11.890635245908319,22.34670857781929],[-11.997982685990918,22.247386312672052],[-12.320025006238714,22.445960115164723],[-12.320025006238714,22.743287893026835]]],[[[-13.178804526899503,22.743287893026835],[-12.74941476656911,22.54514067745794],[-12.74941476656911,22.247386312672052],[-12.964109646734306,22.247386312672052],[-13.178804526899503,22.048530593102235],[-13.393499407064704,22.048530593102235],[-13.608194287229898,22.147993567999468],[-13.715541727312498,22.34670857781929],[-13.822889167395097,22.34670857781929],[-13.822889167395097,22.842254056947603],[-14.252278927725492,23.03997028141869],[-14.252278927725492,23.631372827817543],[-13.822889167395097,24.12217931371678],[-13.178804526899503,24.12217931371678],[-13.286151966982104,24.024167134611236],[-13.286151966982104,23.827918636481314],[-13.071457086816904,23.72968277973952],[-13.071457086816904,23.237396759281964],[-13.178804526899503,23.13871985881631],[-13.178804526899503,22.743287893026835]]],[[[-11.139203165330127,23.72968277973952],[-11.568592925660521,23.72968277973952],[-11.675940365743122,23.827918636481314],[-11.675940365743122,24.220116473079493],[-11.246550605412727,24.708669012754726],[-11.139203165330127,24.903556973781935],[-11.139203165330127,25.098137662821333],[-10.709813404999734,25.389428724491406],[-10.387771084751936,25.292409323729984],[-10.280423644669337,25.098137662821333],[-10.280423644669337,24.903556973781935],[-10.495118524834535,24.611110358684737],[-10.495118524834535,24.024167134611236],[-10.709813404999734,23.827918636481314],[-10.709813404999734,23.72968277973952],[-11.031855725247528,23.631372827817543],[-11.139203165330127,23.72968277973952]]],[[[-12.964109646734306,24.415764819583597],[-12.964109646734306,24.708669012754726],[-12.64206732648651,24.903556973781935],[-12.427372446321312,24.903556973781935],[-12.320025006238714,24.708669012754726],[-12.105330126073516,24.708669012754726],[-12.105330126073516,24.12217931371678],[-12.74941476656911,24.12217931371678],[-12.74941476656911,24.317978384187665],[-12.964109646734306,24.415764819583597]]],[[[-11.568592925660521,26.931000192377894],[-11.353898045495328,26.835252486630775],[-11.246550605412727,26.643514225296617],[-10.92450828516493,26.643514225296617],[-10.81716084508233,26.451453501149125],[-11.031855725247528,26.162761344273637],[-11.246550605412727,26.162761344273637],[-11.353898045495328,26.355302720910906],[-11.568592925660521,26.355302720910906],[-11.675940365743122,26.162761344273637],[-12.534719886403911,26.162761344273637],[-12.856762206651707,25.776725106816485],[-13.071457086816904,25.680018621667664],[-13.500846847147299,26.06637115915798],[-13.500846847147299,26.25907193358379],[-13.608194287229898,26.355302720910906],[-13.608194287229898,26.643514225296617],[-13.178804526899503,26.931000192377894],[-12.964109646734306,26.835252486630775],[-12.64206732648651,26.835252486630775],[-12.427372446321312,27.026666682931776],[-12.212677566156115,27.026666682931776],[-12.105330126073516,26.931000192377894],[-11.568592925660521,26.931000192377894]]],[[[2.493921725159915,32.15789542458963],[2.3865742850773164,32.24872994820336],[1.957184524746921,32.24872994820336],[1.5277947644165262,31.975954632965344],[1.5277947644165262,31.884848643589123],[1.3130998842513288,31.702366182183635],[0.9910575640035325,31.702366182183635],[0.8837101239209336,31.610989995104607],[0.13227804334274235,31.610989995104607],[-0.08241683682245517,31.244588911287696],[-0.18976427690505393,31.244588911287696],[-0.5118065971528503,30.968851068591913],[-1.2632386777310416,30.968851068591913],[-1.3705861178136403,30.876760770430327],[-1.6926284380614365,30.876760770430327],[-1.7999758781440354,31.060852625592524],[-1.7999758781440354,31.519524028832986],[-1.4779335578962394,31.793652446012555],[-1.048543797565844,31.793652446012555],[-0.9411963574832454,31.884848643589123],[-0.8338489174006465,32.520688380493],[-0.6191540372354489,32.4301265623242],[-0.6191540372354489,32.24872994820336],[-0.5118065971528503,32.15789542458963],[-0.2971117169876527,32.15789542458963],[0.13227804334274235,32.520688380493],[0.13227804334274235,32.61115902625336],[0.6690152437557362,32.61115902625336],[0.8837101239209336,32.79182626737811],[1.3130998842513288,32.79182626737811],[1.7424896445817237,33.06214003106419],[2.493921725159915,33.06214003106419],[2.6012691652425137,33.152060874243155],[2.8159640454077115,33.152060874243155],[3.030658925572909,33.33162617811586],[4.104133326398896,33.152060874243155],[4.533523086729291,32.882022598765936],[4.533523086729291,32.70153836605162],[4.211480766481495,32.4301265623242],[3.9967858863162977,32.33947370634587],[3.7820910061511,32.33947370634587],[3.6747435660685017,32.24872994820336],[3.352701245820705,32.24872994820336],[3.245353805738106,32.15789542458963],[2.493921725159915,32.15789542458963]]],[[[-1.6926284380614365,32.520688380493],[-1.3705861178136403,32.520688380493],[-1.2632386777310416,32.4301265623242],[-1.2632386777310416,32.24872994820336],[-1.3705861178136403,32.15789542458963],[-1.9073233182266343,32.15789542458963],[-1.9073233182266343,32.33947370634587],[-1.6926284380614365,32.520688380493]]],[[[1.4204473243339273,40.93634106943207],[1.3130998842513288,40.85519590853],[0.9910575640035325,40.85519590853],[0.6690152437557362,41.01738667655179],[0.4543203635905387,41.01738667655179],[0.23962548342534112,40.85519590853],[0.23962548342534112,40.69260708890572],[0.34697292350793985,40.61116351407393],[0.5616678036731374,40.61116351407393],[0.776362683838335,40.44797825050503],[0.776362683838335,40.366236650795464],[0.5616678036731374,40.12041653224588],[0.23962548342534112,40.12041653224588],[-0.18976427690505393,39.79126909476386],[-0.18976427690505393,39.62610173452914],[-0.2971117169876527,39.54336982806356],[-0.2971117169876527,39.12823024185877],[-0.18976427690505393,39.04490671459681],[0.02493060326014359,39.04490671459681],[0.4543203635905387,38.71062922965364],[0.4543203635905387,38.54290133585468],[0.23962548342534112,38.374781362475],[-0.18976427690505393,38.20626984385122],[-0.4044591570702515,37.86807438217152],[-0.4044591570702515,37.52831952234705],[-0.6191540372354489,37.35785881227011],[-1.1558912376484427,37.35785881227011],[-1.5852809979788378,37.01577395225742],[-1.5852809979788378,36.93001082427084],[-1.6926284380614365,36.93001082427084],[-2.014670758309233,36.672142177443384],[-2.444060518639628,36.49974788139689],[-4.161619559961208,36.49974788139689],[-4.591009320291603,36.24043539206523],[-4.9130516405394,36.24043539206523],[-5.127746520704597,36.06708075266529],[-5.127746520704597,35.89334325682506],[-5.020399080621998,35.8063311732052],[-5.020399080621998,35.5447227334129],[-4.698356760374202,35.28225807621148],[-4.483661880209004,35.19458005498219],[-4.054272119878609,35.19458005498219],[-3.9469246797960107,35.28225807621148],[-3.0881451591352205,35.28225807621148],[-2.8734502789700227,35.45732951678698],[-2.7661028388874245,35.45732951678698],[-2.5514079587222267,35.10680730326771],[-1.9073233182266343,35.10680730326771],[-1.4779335578962394,34.84292170878618],[-1.3705861178136403,34.6665262574832],[-1.3705861178136403,34.31260713365097],[-1.4779335578962394,34.2238929550305],[-1.6926284380614365,34.2238929550305],[-1.7999758781440354,34.04618411469159],[-2.444060518639628,34.04618411469159],[-3.195492599217819,33.689647756481605],[-3.3028400393004183,33.51082213536464],[-3.3028400393004183,33.33162617811586],[-3.410187479383017,33.24188963201788],[-3.410187479383017,32.79182626737811],[-3.3028400393004183,32.61115902625336],[-3.410187479383017,32.520688380493],[-3.410187479383017,32.066970273246405],[-3.732229799630813,31.610989995104607],[-3.732229799630813,31.42796842848256],[-3.8395772397134116,31.244588911287696],[-3.9469246797960107,31.244588911287696],[-4.268967000043807,30.968851068591913],[-4.376314440126407,30.968851068591913],[-4.698356760374202,30.692314561823256],[-5.020399080621998,30.599958959636748],[-5.557136281034992,30.043980254124985],[-5.664483721117591,30.043980254124985],[-5.879178601282788,29.857954960083028],[-6.5232632417783805,29.578266132035054],[-7.060000442191375,29.578266132035054],[-7.167347882273973,29.484863617408198],[-7.489390202521769,29.484863617408198],[-7.596737642604369,29.39137493017932],[-7.596737642604369,29.20413971751256],[-7.489390202521769,29.110393534556607],[-7.274695322356572,29.110393534556607],[-8.133474843017362,28.546127321464198],[-8.133474843017362,27.97882181488867],[-8.34816972318256,27.69404162915025],[-8.455517163265158,27.789051375171947],[-8.670212043430357,27.789051375171947],[-8.884906923595553,27.598949117310145],[-8.884906923595553,27.313176892890397],[-9.528991564091145,27.026666682931776],[-9.958381324421541,27.026666682931776],[-10.173076204586739,26.931000192377894],[-10.602465964917133,27.1222517607006],[-11.031855725247528,27.1222517607006],[-11.139203165330127,27.217755229167416],[-11.353898045495328,27.217755229167416],[-11.568592925660521,27.313176892890397],[-11.675940365743122,27.50377402971472],[-12.105330126073516,27.883978166388317],[-11.997982685990918,28.073582133838563],[-11.461245485577923,28.262852041130635],[-11.353898045495328,28.451786415114285],[-11.031855725247528,28.734555670992535],[-10.709813404999734,28.828642756643113],[-10.06572876450414,29.39137493017932],[-9.958381324421541,29.671582305501712],[-9.528991564091145,30.13686223093314],[-8.777559483512954,30.13686223093314],[-8.34816972318256,30.41498353813185],[-8.34816972318256,30.507515232808796],[-7.811432522769566,30.968851068591913],[-7.811432522769566,31.975954632965344],[-7.704085082686968,32.066970273246405],[-7.704085082686968,32.882022598765936],[-8.026127402934764,33.152060874243155],[-8.026127402934764,33.42127038729951],[-6.952653002108776,33.86810206844883],[-6.737958121943579,34.04618411469159],[-6.630610681860979,34.31260713365097],[-6.415915801695784,34.489754438041246],[-6.308568361613183,34.6665262574832],[-6.308568361613183,34.84292170878618],[-6.2012209215305845,34.93097802481002],[-6.2012209215305845,35.10680730326771],[-6.093873481447987,35.19458005498219],[-6.093873481447987,35.369841264099165],[-5.986526041365387,35.45732951678698],[-5.986526041365387,35.6320208141094],[-5.77183116120019,35.8063311732052],[-5.557136281034992,35.8063311732052],[-5.449788840952394,35.89334325682506],[-5.449788840952394,36.06708075266529],[-5.557136281034992,36.15380597602237],[-5.77183116120019,36.15380597602237],[-5.879178601282788,36.24043539206523],[-5.879178601282788,36.49974788139689],[-5.449788840952394,36.75819485216455],[-5.342441400869794,36.75819485216455],[-5.127746520704597,36.93001082427084],[-4.9130516405394,37.01577395225742],[-4.591009320291603,37.01577395225742],[-4.483661880209004,37.10144039687032],[-4.483661880209004,37.52831952234705],[-4.591009320291603,37.613404171875324],[-5.235093960787196,37.613404171875324],[-5.342441400869794,37.52831952234705],[-5.557136281034992,37.52831952234705],[-5.879178601282788,37.27248290774042],[-6.093873481447987,37.27248290774042],[-6.2012209215305845,37.18701007581168],[-7.060000442191375,37.18701007581168],[-7.167347882273973,37.35785881227011],[-7.167347882273973,37.52831952234705],[-7.060000442191375,37.698391581962284],[-6.952653002108776,37.698391581962284],[-6.630610681860979,37.952769623825226],[-6.630610681860979,38.12186742609129],[-6.5232632417783805,38.20626984385122],[-6.093873481447987,38.374781362475],[-6.093873481447987,38.54290133585468],[-6.2012209215305845,38.62681432552263],[-6.2012209215305845,38.87796452423702],[-5.77183116120019,39.29458186080299],[-5.77183116120019,39.54336982806356],[-5.879178601282788,39.62610173452914],[-6.2012209215305845,39.62610173452914],[-6.630610681860979,39.46053917649785],[-6.952653002108776,39.21145531027617],[-6.8453055620261765,39.62610173452914],[-6.952653002108776,39.70873484132367],[-7.489390202521769,39.70873484132367],[-7.060000442191375,39.87370444205166],[-6.737958121943579,39.87370444205166],[-6.630610681860979,39.95604083127171],[-6.630610681860979,40.20245574456054],[-7.274695322356572,40.44797825050503],[-7.274695322356572,40.69260708890572],[-7.596737642604369,40.85519590853],[-7.596737642604369,41.17917907100006],[-7.704085082686968,41.25992578121537],[-8.026127402934764,41.25992578121537],[-8.240822283099961,41.42112004114412],[-8.240822283099961,41.66216299538393],[-8.133474843017362,41.58191518150745],[-7.060000442191375,41.58191518150745],[-6.952653002108776,41.66216299538393],[-6.630610681860979,41.66216299538393],[-6.5232632417783805,41.501567518772426],[-6.308568361613183,41.501567518772426],[-6.2012209215305845,41.58191518150745],[-6.2012209215305845,41.82235894482845],[-6.5232632417783805,42.06190320078757],[-7.060000442191375,42.06190320078757],[-7.274695322356572,41.90230701658623],[-7.382042762439171,41.90230701658623],[-7.596737642604369,42.221099244224966],[-8.133474843017362,42.221099244224966],[-8.34816972318256,42.14155125432201],[-8.455517163265158,42.221099244224966],[-8.455517163265158,42.53829003096801],[-8.34816972318256,42.61733730731169],[-7.918779962852164,42.61733730731169],[-7.704085082686968,42.45914256186136],[-7.382042762439171,42.45914256186136],[-6.952653002108776,42.85387774938338],[-6.5232632417783805,43.011070005049405],[-6.308568361613183,43.167860975294346],[-6.093873481447987,43.24610593205002],[-5.77183116120019,43.24610593205002],[-5.664483721117591,43.324250513397324],[-5.449788840952394,43.324250513397324],[-5.127746520704597,43.48023848499155],[-4.698356760374202,43.48023848499155],[-4.591009320291603,43.40229470292579],[-3.732229799630813,43.40229470292579],[-3.0881451591352205,43.167860975294346],[-1.7999758781440354,43.167860975294346],[-1.6926284380614365,43.011070005049405],[-1.4779335578962394,43.011070005049405],[-1.4779335578962394,42.85387774938338],[-1.3705861178136403,42.775131188767375],[-0.6191540372354489,42.69628436745891],[-0.5118065971528503,42.53829003096801],[-0.08241683682245517,42.53829003096801],[0.34697292350793985,42.37989492421928],[0.6690152437557362,42.37989492421928],[1.098405004086131,42.53829003096801],[1.3130998842513288,42.45914256186136],[1.3130998842513288,42.37989492421928],[1.5277947644165262,42.221099244224966],[2.493921725159915,42.14155125432201],[1.8498370846643226,41.66216299538393],[1.5277947644165262,41.66216299538393],[1.4204473243339273,41.58191518150745],[1.4204473243339273,41.42112004114412],[1.635142204499125,41.17917907100006],[1.635142204499125,40.93634106943207],[1.4204473243339273,40.93634106943207]],[[-1.7999758781440354,34.754771083719405],[-1.9073233182266343,34.6665262574832],[-1.9073233182266343,34.401227665632334],[-1.7999758781440354,34.31260713365097],[-1.5852809979788378,34.31260713365097],[-1.4779335578962394,34.401227665632334],[-1.4779335578962394,34.6665262574832],[-1.5852809979788378,34.754771083719405],[-1.7999758781440354,34.754771083719405]],[[-3.0881451591352205,38.79434598375222],[-2.7661028388874245,38.79434598375222],[-2.444060518639628,38.961484788438575],[-2.014670758309233,38.961484788438575],[-1.9073233182266343,39.04490671459681],[-1.9073233182266343,39.21145531027617],[-2.2293656384744303,39.46053917649785],[-2.7661028388874245,40.366236650795464],[-2.980797719052622,40.529620553245785],[-3.195492599217819,40.529620553245785],[-3.410187479383017,40.366236650795464],[-3.3028400393004183,39.79126909476386],[-3.410187479383017,39.70873484132367],[-3.410187479383017,39.21145531027617],[-3.3028400393004183,39.12823024185877],[-3.3028400393004183,38.961484788438575],[-3.0881451591352205,38.79434598375222]],[[-6.630610681860979,41.09833269006698],[-6.8453055620261765,41.09833269006698],[-6.952653002108776,41.01738667655179],[-6.952653002108776,40.69260708890572],[-6.8453055620261765,40.61116351407393],[-6.630610681860979,40.61116351407393],[-6.5232632417783805,40.69260708890572],[-6.5232632417783805,41.01738667655179],[-6.630610681860979,41.09833269006698]],[[-6.737958121943579,41.17917907100006],[-6.737958121943579,41.3405727834166],[-6.8453055620261765,41.42112004114412],[-7.167347882273973,41.42112004114412],[-7.274695322356572,41.3405727834166],[-7.274695322356572,41.17917907100006],[-7.167347882273973,41.09833269006698],[-6.8453055620261765,41.09833269006698],[-6.737958121943579,41.17917907100006]],[[-5.664483721117591,41.742310927262785],[-5.557136281034992,41.66216299538393],[-5.557136281034992,41.25992578121537],[-5.664483721117591,41.17917907100006],[-5.664483721117591,41.01738667655179],[-5.557136281034992,40.93634106943207],[-4.8057042004568,40.93634106943207],[-4.698356760374202,41.01738667655179],[-4.376314440126407,41.01738667655179],[-4.268967000043807,41.09833269006698],[-4.054272119878609,41.09833269006698],[-3.8395772397134116,41.17917907100006],[-3.517534919465615,41.42112004114412],[-3.517534919465615,41.58191518150745],[-3.8395772397134116,41.82235894482845],[-3.9469246797960107,41.82235894482845],[-4.054272119878609,41.98215511185959],[-4.054272119878609,42.14155125432201],[-4.376314440126407,42.30054714306595],[-4.8057042004568,42.30054714306595],[-4.9130516405394,42.221099244224966],[-5.235093960787196,42.221099244224966],[-5.449788840952394,42.14155125432201],[-5.664483721117591,41.98215511185959],[-5.664483721117591,41.742310927262785]]],[[[0.9910575640035325,34.93097802481002],[0.776362683838335,34.93097802481002],[0.6690152437557362,34.84292170878618],[0.4543203635905387,34.84292170878618],[0.34697292350793985,34.754771083719405],[0.13227804334274235,34.754771083719405],[0.02493060326014359,34.6665262574832],[-0.18976427690505393,34.6665262574832],[-0.2971117169876527,34.578187338959665],[-0.6191540372354489,34.578187338959665],[-1.2632386777310416,35.19458005498219],[-1.2632386777310416,35.369841264099165],[-1.1558912376484427,35.5447227334129],[-0.9411963574832454,35.71922366000156],[-0.6191540372354489,35.71922366000156],[-0.4044591570702515,35.89334325682506],[0.02493060326014359,35.89334325682506],[0.6690152437557362,36.32696890881425],[0.8837101239209336,36.32696890881425],[1.20575244416873,36.49974788139689],[1.635142204499125,36.49974788139689],[1.7424896445817237,36.585993158149776],[2.7086166053251124,36.585993158149776],[3.030658925572909,36.06708075266529],[3.030658925572909,35.6320208141094],[2.7086166053251124,35.369841264099165],[2.493921725159915,35.369841264099165],[2.1718794049121186,35.19458005498219],[1.8498370846643226,35.19458005498219],[1.7424896445817237,35.10680730326771],[1.4204473243339273,35.10680730326771],[0.9910575640035325,34.93097802481002]]],[[[-7.382042762439171,39.29458186080299],[-7.382042762439171,39.12823024185877],[-7.596737642604369,39.21145531027617],[-7.596737642604369,39.46053917649785],[-7.382042762439171,39.29458186080299]]],[[[-156.59498447725147,56.663799530547124],[-156.59498447725147,56.48640271199461],[-156.80967935741663,56.367675361523325],[-157.23906911774702,56.367675361523325],[-157.34641655782963,56.30817260164944],[-157.34641655782963,56.18888851000377],[-157.45376399791223,56.12910701801206],[-157.66845887807744,56.12910701801206],[-157.88315375824263,55.94920380192265],[-157.99050119832523,55.94920380192265],[-158.31254351857302,55.768460817077575],[-158.31254351857302,55.708026174302915],[-158.52723839873823,55.64749791125178],[-158.849280718986,55.64749791125178],[-159.27867047931642,55.46535062820545],[-159.27867047931642,55.28235799531661],[-159.1713230392338,55.221172240800264],[-159.1713230392338,55.0985179645872],[-158.9566281590686,55.037049293376135],[-158.9566281590686,54.913828513351724],[-158.849280718986,54.8520762569476],[-158.9566281590686,54.728287644822046],[-159.1713230392338,54.666251143474184],[-159.1713230392338,54.604119748738945],[-159.4933653594816,54.604119748738945],[-159.81540767972942,54.728287644822046],[-160.1374499999772,54.728287644822046],[-160.1374499999772,54.913828513351724],[-160.2447974400598,54.97548616761677],[-160.5668397603076,54.97548616761677],[-160.6741872003902,55.037049293376135],[-161.10357696072057,55.037049293376135],[-161.21092440080318,54.913828513351724],[-161.74766160121618,54.8520762569476],[-161.85500904129879,54.79022932509724],[-161.85500904129879,54.54189338863701],[-162.069703921464,54.47957199152673],[-162.069703921464,54.22933461211832],[-162.28439880162918,54.1665369673231],[-162.3917462417118,54.22933461211832],[-162.71378856195957,54.22933461211832],[-162.71378856195957,54.41715548610648],[-162.82113600204218,54.47957199152673],[-163.78726296278555,54.47957199152673],[-164.21665272311597,54.22933461211832],[-164.43134760328115,54.1665369673231],[-164.43134760328115,54.04065522960934],[-164.64604248344637,53.91439110143009],[-165.61216944418973,53.851115469898126],[-165.71951688427234,53.7877440362525],[-165.71951688427234,53.6607134933589],[-166.47094896485052,53.277315680036324],[-166.79299128509834,53.277315680036324],[-167.22238104542873,53.08431631449263],[-167.8664656859243,53.08431631449263],[-168.1885080061721,52.825631332115904],[-168.8325926466677,52.63060104606269],[-169.6913721673285,52.63060104606269],[-169.79871960741107,52.56539699629568],[-170.1207619276589,52.56539699629568],[-170.44280424790668,52.36920214381426],[-170.7648465681545,52.36920214381426],[-170.87219400823707,52.30360942804774],[-171.08688888840229,52.30360942804774],[-171.1942363284849,52.4346976045446],[-170.97954144831968,52.56539699629568],[-170.7648465681545,52.56539699629568],[-170.44280424790668,52.69570807828102],[-170.1207619276589,52.69570807828102],[-169.90606704749368,52.89044767577636],[-169.6913721673285,52.95516724597097],[-169.6913721673285,53.01979010473228],[-169.3693298470807,53.01979010473228],[-169.1546349669155,52.89044767577636],[-168.8325926466677,52.89044767577636],[-168.7252452065851,52.95516724597097],[-168.7252452065851,53.08431631449263],[-168.2958554462547,53.277315680036324],[-168.2958554462547,53.40549984108654],[-167.97381312600692,53.533298937923],[-167.6517708057591,53.533298937923],[-167.5444233656765,53.46944748999824],[-167.11503360534613,53.46944748999824],[-167.00768616526352,53.533298937923],[-167.00768616526352,53.851115469898126],[-166.79299128509834,53.977570998621616],[-166.04155920452013,53.977570998621616],[-165.93421176443752,54.04065522960934],[-165.93421176443752,54.1665369673231],[-165.71951688427234,54.22933461211832],[-165.50482200410713,54.22933461211832],[-165.39747456402452,54.292036866843475],[-165.29012712394197,54.292036866843475],[-165.07543224377676,54.1665369673231],[-164.86073736361155,54.1665369673231],[-164.75338992352897,54.22933461211832],[-164.75338992352897,54.354643801416955],[-164.86073736361155,54.47957199152673],[-164.75338992352897,54.604119748738945],[-164.64604248344637,54.604119748738945],[-164.43134760328115,54.728287644822046],[-164.43134760328115,54.8520762569476],[-164.32400016319855,54.913828513351724],[-164.00195784295076,54.913828513351724],[-163.67991552270297,55.037049293376135],[-163.25052576237255,55.037049293376135],[-163.0358308822074,55.15989225552906],[-163.0358308822074,55.343449594308844],[-162.9284834421248,55.40444711332046],[-162.4990936817944,55.40444711332046],[-161.74766160121618,55.82880191724643],[-161.31827184088579,55.94920380192265],[-161.10357696072057,55.94920380192265],[-160.996229520638,56.009264743238155],[-160.459492320225,56.009264743238155],[-160.2447974400598,56.2485770112259],[-160.0301025598946,56.367675361523325],[-159.922755119812,56.367675361523325],[-159.27867047931642,56.663799530547124],[-159.1713230392338,56.663799530547124],[-158.52723839873823,56.95761512927702],[-158.31254351857302,57.19101237483916],[-157.99050119832523,57.36509827022348],[-157.77580631816002,57.42294410704886],[-157.77580631816002,57.48069868808136],[-157.56111143799484,57.59593442448904],[-157.56111143799484,57.939460421224496],[-157.45376399791223,57.99639756961955],[-157.45376399791223,58.44864804217248],[-157.56111143799484,58.504774837544204],[-157.77580631816002,58.504774837544204],[-157.88315375824263,58.44864804217248],[-158.20519607849045,58.44864804217248],[-158.63458583882084,58.2232431231921],[-159.0639755991512,58.392431562050945],[-159.27867047931642,58.61675973145561],[-159.4933653594816,58.61675973145561],[-159.7080602396468,58.44864804217248],[-160.1374499999772,58.44864804217248],[-160.2447974400598,58.504774837544204],[-160.459492320225,58.504774837544204],[-160.6741872003902,58.392431562050945],[-160.88888208055545,58.392431562050945],[-160.996229520638,58.44864804217248],[-161.31827184088579,58.44864804217248],[-161.532966721051,58.392431562050945],[-161.9623564813814,58.504774837544204],[-162.069703921464,58.61675973145561],[-161.74766160121618,58.728386960614245],[-161.74766160121618,58.95057130767929],[-161.9623564813814,59.116276075171285],[-161.9623564813814,59.226302766787946],[-161.74766160121618,59.390679907724376],[-161.74766160121618,59.55426378481362],[-161.9623564813814,59.77114597991183],[-161.9623564813814,60.307240349409405],[-162.069703921464,60.3603722175984],[-162.069703921464,60.93913799859317],[-162.17705136154657,60.99123876717593],[-162.17705136154657,61.19878981773233],[-162.28439880162918,61.250465059593175],[-162.28439880162918,61.404982292093706],[-162.71378856195957,61.81331650047983],[-163.14317832228997,62.015470798249076],[-163.14317832228997,62.06580077342205],[-164.43134760328115,62.66329601653432],[-164.43134760328115,62.712551602311784],[-164.64604248344637,62.8108170334137],[-164.64604248344637,62.95760233266672],[-164.53869504336376,63.05505180514628],[-164.10930528303336,63.24897662617665],[-163.67991552270297,63.24897662617665],[-163.25052576237255,63.10365462487307],[-162.82113600204218,63.10365462487307],[-162.3917462417118,63.2972554766307],[-162.3917462417118,63.393571057979656],[-162.60644112187697,63.44160799088825],[-162.60644112187697,63.53744064664124],[-162.3917462417118,63.63295236358347],[-162.17705136154657,63.63295236358347],[-161.85500904129879,63.48956448672542],[-161.64031416113357,63.44160799088825],[-161.21092440080318,63.44160799088825],[-160.6741872003902,63.68058812318079],[-160.6741872003902,63.82301622298554],[-160.7815346404728,63.870332868133254],[-160.7815346404728,63.9647276855227],[-160.88888208055545,64.01180606101602],[-161.21092440080318,64.01180606101602],[-161.10357696072057,64.24601167536716],[-161.21092440080318,64.29261625831272],[-161.4256192809684,64.29261625831272],[-161.4256192809684,64.52446207939134],[-161.532966721051,64.57059653909398],[-161.74766160121618,64.57059653909398],[-162.4990936817944,64.19932838159734],[-162.60644112187697,64.19932838159734],[-162.82113600204218,64.29261625831272],[-163.0358308822074,64.29261625831272],[-163.35787320245515,64.43195876166413],[-164.10930528303336,64.43195876166413],[-164.64604248344637,64.29261625831272],[-165.18277968385937,64.33914223236235],[-165.29012712394197,64.38558969948002],[-165.82686432435497,64.38558969948002],[-165.93421176443752,64.33914223236235],[-166.14890664460273,64.43195876166413],[-166.36360152476797,64.61665300218004],[-166.36360152476797,64.80010093186594],[-166.79299128509834,65.02766818649816],[-166.79299128509834,65.20833584570578],[-166.90033872518094,65.25331109373784],[-167.11503360534613,65.25331109373784],[-167.32972848551134,65.29820987994597],[-167.5444233656765,65.38777847677217],[-167.97381312600692,65.47704245606988],[-167.97381312600692,65.65465984246234],[-167.8664656859243,65.69887508461483],[-167.22238104542873,65.83106860114236],[-166.68564384501573,66.0498899156839],[-166.57829640493313,66.0498899156839],[-166.36360152476797,66.13689540998948],[-165.50482200410713,66.31001428542714],[-164.75338992352897,66.31001428542714],[-164.32400016319855,66.22360325979113],[-163.89461040286815,66.22360325979113],[-163.78726296278555,66.2668458243624],[-163.57256808262036,66.2668458243624],[-163.35787320245515,66.09342991967408],[-163.14317832228997,66.09342991967408],[-163.0358308822074,66.0498899156839],[-162.4990936817944,66.09342991967408],[-162.3917462417118,66.0498899156839],[-161.85500904129879,66.0498899156839],[-161.74766160121618,66.09342991967408],[-161.85500904129879,66.31001428542714],[-161.74766160121618,66.35310874551129],[-161.74766160121618,66.4390760728002],[-162.17705136154657,66.61012722574449],[-162.3917462417118,66.65270654890035],[-162.4990936817944,66.73764575422304],[-162.4990936817944,66.82229305429743],[-162.71378856195957,66.90664926817593],[-163.25052576237255,66.94871847366743],[-163.35787320245515,66.99071521462257],[-163.57256808262036,66.99071521462257],[-163.67991552270297,67.07449171208789],[-163.67991552270297,67.28267198441975],[-163.89461040286815,67.44792594637018],[-164.86073736361155,67.81558984275198],[-164.96808480369415,67.81558984275198],[-165.39747456402452,67.97716324123057],[-165.61216944418973,67.97716324123057],[-166.25625408468534,68.21742791202195],[-166.57829640493313,68.21742791202195],[-166.68564384501573,68.33662324051451],[-166.36360152476797,68.37621687625956],[-166.14890664460273,68.4551975442206],[-166.14890664460273,68.80722159211753],[-166.04155920452013,68.84599507336563],[-164.86073736361155,68.84599507336563],[-164.75338992352897,68.88470086346231],[-164.43134760328115,68.88470086346231],[-164.32400016319855,68.92333906295059],[-164.00195784295076,68.92333906295059],[-163.78726296278555,68.96190977232092],[-163.25052576237255,69.19192235677492],[-163.0358308822074,69.34392697877578],[-163.0358308822074,69.45723301754477],[-162.9284834421248,69.4948693860344],[-161.9623564813814,69.41953055998025],[-161.85500904129879,69.45723301754477],[-161.10357696072057,69.45723301754477],[-160.996229520638,69.4948693860344],[-160.2447974400598,69.4948693860344],[-160.1374499999772,69.53243976508614],[-159.81540767972942,69.53243976508614],[-159.7080602396468,69.569944254276],[-159.386017919399,69.569944254276],[-159.27867047931642,69.60738295311829],[-158.9566281590686,69.60738295311829],[-158.52723839873823,69.68206337750651],[-156.70233191733402,69.68206337750651],[-156.59498447725147,69.64475596106524],[-156.16559471692105,69.64475596106524],[-156.05824727683847,69.60738295311829],[-155.62885751650805,69.60738295311829],[-155.19946775617765,69.53243976508614],[-154.87742543592987,69.53243976508614],[-154.77007799584726,69.4948693860344],[-154.55538311568205,69.4948693860344],[-154.44803567559947,69.45723301754477],[-154.12599335535168,69.45723301754477],[-154.01864591526908,69.41953055998025],[-152.40843431403007,69.41953055998025],[-152.3010868739475,69.38176191364316],[-151.7643496735345,69.38176191364316],[-151.65700223345195,69.34392697877578],[-151.0129175929563,69.34392697877578],[-150.9055701528737,69.38176191364316],[-150.4761803925433,69.38176191364316],[-150.3688329524607,69.41953055998025],[-149.93944319213034,69.41953055998025],[-149.83209575204774,69.45723301754477],[-149.40270599171734,69.45723301754477],[-149.29535855163473,69.4948693860344],[-148.97331623138695,69.4948693860344],[-148.86596879130434,69.53243976508614],[-148.43657903097395,69.53243976508614],[-148.32923159089134,69.569944254276],[-148.00718927064352,69.569944254276],[-147.89984183056097,69.60738295311829],[-146.93371486981755,69.64475596106524],[-146.82636742973497,69.68206337750651],[-146.39697766940455,69.68206337750651],[-145.96758790907415,69.75648183311452],[-145.75289302890897,69.75648183311452],[-145.43085070866118,69.83063911378864],[-144.67941862808297,69.83063911378864],[-144.5720711880004,69.79359307074309],[-144.25002886775258,69.79359307074309],[-144.14268142766997,69.75648183311452],[-143.9279865475048,69.75648183311452],[-143.82063910742218,69.71930530176863],[-142.42512238634845,69.71930530176863],[-142.3177749462658,69.68206337750651],[-141.458995425605,69.68206337750651],[-141.24430054543984,69.71930530176863],[-140.60021590494424,69.60738295311829],[-140.38552102477902,69.60738295311829],[-140.27817358469645,69.569944254276],[-140.06347870453124,69.569944254276],[-139.95613126444863,69.60738295311829],[-139.52674150411823,69.60738295311829],[-139.41939406403563,69.569944254276],[-139.09735174378787,69.569944254276],[-138.99000430370526,69.60738295311829],[-138.66796198345745,69.60738295311829],[-138.56061454337487,69.569944254276],[-138.56061454337487,69.38176191364316],[-138.23857222312705,69.26805784412194],[-138.02387734296187,69.26805784412194],[-137.91652990287926,69.15375448082362],[-137.70183502271405,69.07721796382961],[-137.59448758263147,69.07721796382961],[-137.37979270246626,69.00041309201073],[-137.05775038221847,69.00041309201073],[-136.62836062188808,68.88470086346231],[-136.19897086155768,68.88470086346231],[-136.09162342147508,68.92333906295059],[-136.09162342147508,69.00041309201073],[-136.19897086155768,69.03884912240379],[-136.19897086155768,69.11551971656306],[-135.7695811012273,69.23002344452425],[-135.66223366114468,69.30602565556083],[-135.66223366114468,69.38176191364316],[-135.7695811012273,69.41953055998025],[-135.66223366114468,69.4948693860344],[-135.44753878097947,69.53243976508614],[-135.3401913408969,69.60738295311829],[-135.01814902064908,69.60738295311829],[-134.80345414048392,69.68206337750651],[-134.3740643801535,69.68206337750651],[-134.15936949998832,69.79359307074309],[-133.9446746198231,69.75648183311452],[-133.9446746198231,69.68206337750651],[-133.72997973965792,69.60738295311829],[-133.62263229957532,69.60738295311829],[-133.19324253924495,69.4948693860344],[-132.9785476590797,69.4948693860344],[-132.8712002189971,69.53243976508614],[-132.8712002189971,69.60738295311829],[-132.7638527789145,69.64475596106524],[-132.54915789874934,69.64475596106524],[-132.44181045866674,69.71930530176863],[-132.22711557850153,69.71930530176863],[-132.11976813841895,69.75648183311452],[-131.79772581817113,69.75648183311452],[-131.69037837808852,69.83063911378864],[-131.58303093800595,69.83063911378864],[-131.26098861775813,69.94138706579197],[-131.04629373759295,69.94138706579197],[-130.72425141734513,70.08814428028914],[-130.50955653717995,70.1246723276028],[-129.86547189668437,70.1246723276028],[-129.54342957643655,70.27014244756798],[-129.32873469627137,70.23387103118363],[-128.89934493594097,69.94138706579197],[-128.36260773552797,69.94138706579197],[-128.25526029544542,69.97817332054082],[-128.25526029544542,70.08814428028914],[-128.04056541528018,70.16113606955936],[-128.04056541528018,70.23387103118363],[-128.1479128553628,70.27014244756798],[-128.1479128553628,70.37857361782912],[-128.25526029544542,70.41458997531997],[-128.25526029544542,70.55802118758307],[-128.04056541528018,70.62935763180971],[-127.93321797519758,70.62935763180971],[-126.96709101445418,70.30634995202767],[-126.64504869420638,70.08814428028914],[-126.64504869420638,70.01489487539324],[-126.43035381404118,69.94138706579197],[-126.43035381404118,69.71930530176863],[-125.7862691735456,69.45723301754477],[-125.46422685329782,69.45723301754477],[-125.35687941321521,69.4948693860344],[-125.2495319731326,69.75648183311452],[-125.14218453305001,69.79359307074309],[-125.14218453305001,69.97817332054082],[-125.03483709296741,70.01489487539324],[-125.03483709296741,70.1246723276028],[-124.92748965288482,70.16113606955936],[-124.49809989255441,70.16113606955936],[-124.39075245247182,70.19753560462185],[-124.1760575723066,70.16113606955936],[-123.96136269214144,70.01489487539324],[-124.06871013222404,69.83063911378864],[-123.96136269214144,69.75648183311452],[-123.53197293181104,69.64475596106524],[-123.63932037189363,69.569944254276],[-123.85401525205883,69.53243976508614],[-123.85401525205883,69.41953055998025],[-123.74666781197624,69.38176191364316],[-123.42462549172843,69.38176191364316],[-123.31727805164583,69.45723301754477],[-123.10258317148063,69.4948693860344],[-123.10258317148063,69.68206337750651],[-122.88788829131543,69.79359307074309],[-121.49237157024166,69.79359307074309],[-120.63359204958086,69.64475596106524],[-119.98950740908526,69.38176191364316],[-119.77481252892007,69.34392697877578],[-119.56011764875488,69.34392697877578],[-119.45277020867229,69.30602565556083],[-119.13072788842449,69.30602565556083],[-119.02338044834188,69.26805784412194],[-118.70133812809408,69.26805784412194],[-118.27194836776368,69.19192235677492],[-118.27194836776368,69.15375448082362],[-118.05725348759849,69.07721796382961],[-117.94990604751588,69.07721796382961],[-117.52051628718552,68.96190977232092],[-117.0911265268551,68.96190977232092],[-116.98377908677251,68.92333906295059],[-116.66173676652471,68.92333906295059],[-116.5543893264421,68.88470086346231],[-116.33969444627691,68.88470086346231],[-116.12499956611171,68.96190977232092],[-115.58826236569871,69.00041309201073],[-115.4809149256161,68.96190977232092],[-115.26622004545094,68.96190977232092],[-114.62213540495533,68.84599507336563],[-114.08539820454233,68.65144874294488],[-113.87070332437713,68.65144874294488],[-113.76335588429455,68.61233529599671],[-113.76335588429455,68.4551975442206],[-113.54866100412934,68.37621687625956],[-113.54866100412934,68.25722885963403],[-113.44131356404675,68.21742791202195],[-113.11927124379895,68.21742791202195],[-113.01192380371634,68.25722885963403],[-112.79722892355115,68.17755765790557],[-112.04579684297296,68.17755765790557],[-111.61640708264257,68.25722885963403],[-111.40171220247737,68.33662324051451],[-111.29436476239479,68.33662324051451],[-111.07966988222957,68.17755765790557],[-111.61640708264257,68.05753004287031],[-111.93844940289036,68.05753004287031],[-112.15314428305557,67.97716324123057],[-112.15314428305557,67.77502094294626],[-112.04579684297296,67.73438161965574],[-111.61640708264257,67.73438161965574],[-111.50905964255998,67.77502094294626],[-111.29436476239479,67.77502094294626],[-111.07966988222957,67.81558984275198],[-110.75762756198179,67.93687501840274],[-110.65028012189917,67.93687501840274],[-110.54293268181657,68.01738154887076],[-110.43558524173399,68.01738154887076],[-110.22089036156879,67.89651677880192],[-109.79150060123838,67.89651677880192],[-109.6841531611558,67.85608842080505],[-109.6841531611558,67.73438161965574],[-109.57680572107319,67.69367177111324],[-109.57680572107319,67.44792594637018],[-109.46945828099058,67.40671956878893],[-109.0400685206602,67.40671956878893],[-108.9327210805776,67.44792594637018],[-108.6106787603298,67.44792594637018],[-108.5033313202472,67.48906108540766],[-108.18128899999941,67.48906108540766],[-107.96659411983421,67.40671956878893],[-107.8592466797516,67.28267198441975],[-107.96659411983421,67.24117963216028],[-107.96659411983421,66.99071521462257],[-108.0739415599168,66.94871847366743],[-108.0739415599168,66.78000584121904],[-108.18128899999941,66.73764575422304],[-108.18128899999941,66.4390760728002],[-107.96659411983421,66.35310874551129],[-107.75189923966902,66.35310874551129],[-107.64455179958641,66.31001428542714],[-107.42985691942121,66.31001428542714],[-107.21516203925604,66.2668458243624],[-106.89311971900823,66.00627529546507],[-106.78577227892562,65.78707936140081],[-106.67842483884304,65.74301489007688],[-106.67842483884304,65.65465984246234],[-106.57107739876042,65.6103690610713],[-106.46372995867782,65.29820987994597],[-106.35638251859523,65.25331109373784],[-106.35638251859523,65.11815555437116],[-106.24903507851262,65.07295030620709],[-106.24903507851262,64.93687292291104],[-106.14168763843004,64.89135957431343],[-106.14168763843004,64.75435543342442],[-106.03434019834744,64.70853234714905],[-106.03434019834744,64.57059653909398],[-105.92699275826483,64.52446207939134],[-105.81964531818224,64.29261625831272],[-105.60495043801704,64.15256627511162],[-105.60495043801704,64.0588052166159],[-105.39025555785183,63.870332868133254],[-104.96086579752145,63.63295236358347],[-104.96086579752145,63.5852365718409],[-104.63882347727365,63.44160799088825],[-104.63882347727365,63.393571057979656],[-104.31678115702584,63.24897662617665],[-104.31678115702584,63.200616934626176],[-103.99473883677805,63.05505180514628],[-103.99473883677805,63.006367741277224],[-103.67269651653028,62.859827079163054],[-103.67269651653028,62.8108170334137],[-102.81391699586948,62.366036017266076],[-102.49187467562167,62.06580077342205],[-102.27717979545648,61.965057482229795],[-101.63309515496088,61.35356119927204],[-101.63309515496088,61.250465059593175],[-101.52574771487829,61.19878981773233],[-101.52574771487829,61.04325423646849],[-101.41840027479569,60.99123876717593],[-101.41840027479569,60.729879998657374],[-101.31105283471308,60.677351285202974],[-101.31105283471308,60.3603722175984],[-101.20370539463049,60.307240349409405],[-101.20370539463049,59.98662834211258],[-101.09635795454788,59.93288865808266],[-101.09635795454788,59.55426378481362],[-100.98901051446529,59.49982381210001],[-100.98901051446529,59.17133367531739],[-100.88166307438269,59.116276075171285],[-100.88166307438269,58.83965724499881],[-100.77431563430008,58.78406667578318],[-100.77431563430008,58.56081203747032],[-100.6669681942175,58.504774837544204],[-100.6669681942175,58.27972919135532],[-100.5596207541349,58.2232431231921],[-100.5596207541349,57.48069868808136],[-100.4522733140523,57.42294410704886],[-98.73471427273071,57.42294410704886],[-98.62736683264811,57.36509827022348],[-98.19797707231773,57.36509827022348],[-97.76858731198732,57.24913248889406],[-97.55389243182212,57.24913248889406],[-97.12450267149174,57.01610212690856],[-97.01715523140913,56.89903620157506],[-97.01715523140913,56.2485770112259],[-97.23185011157433,56.009264743238155],[-97.23185011157433,55.88904955277522],[-97.33919755165694,55.82880191724643],[-97.33919755165694,55.708026174302915],[-97.44654499173954,55.64749791125178],[-97.44654499173954,55.52616021512612],[-97.66123987190473,55.343449594308844],[-97.66123987190473,55.221172240800264],[-97.98328219215254,54.913828513351724],[-97.98328219215254,54.79022932509724],[-98.30532451240032,54.47957199152673],[-98.30532451240032,54.354643801416955],[-98.52001939256553,54.1665369673231],[-98.62736683264811,53.851115469898126],[-98.73471427273071,53.7877440362525],[-103.78004395661286,53.7877440362525],[-103.88739139669546,53.724276733085816],[-104.42412859710845,53.724276733085816],[-104.53147603719106,53.6607134933589],[-104.85351835743884,53.6607134933589],[-105.49760299793444,53.46944748999824],[-105.71229787809963,53.46944748999824],[-106.14168763843004,53.277315680036324],[-106.46372995867782,53.21307903872393],[-107.00046715909082,52.89044767577636],[-107.00046715909082,52.825631332115904],[-107.21516203925604,52.69570807828102],[-107.21516203925604,52.4346976045446],[-107.10781459917342,52.36920214381426],[-106.89311971900823,52.36920214381426],[-106.14168763843004,52.63060104606269],[-105.60495043801704,52.69570807828102],[-105.49760299793444,52.76071815335931],[-105.17556067768663,52.76071815335931],[-104.74617091735625,52.89044767577636],[-104.42412859710845,52.89044767577636],[-104.31678115702584,52.95516724597097],[-102.70656955578687,52.95516724597097],[-102.5992221157043,52.89044767577636],[-102.27717979545648,52.89044767577636],[-101.84779003512607,52.76071815335931],[-101.31105283471308,52.500095868983564],[-101.20370539463049,52.500095868983564],[-100.77431563430008,52.23791939892247],[-100.6669681942175,52.23791939892247],[-99.9155361136393,51.77535961174211],[-99.9155361136393,51.7088890276377],[-99.16410403306111,51.17359840082725],[-98.94940915289591,50.90359704119868],[-98.73471427273071,50.76800594203302],[-98.73471427273071,50.700062617848666],[-98.52001939256553,50.56388018318153],[-98.52001939256553,50.49564097932285],[-98.30532451240032,50.35886636880315],[-98.30532451240032,50.22169652066329],[-98.09062963223512,50.152963271655175],[-98.09062963223512,50.08413108125314],[-97.76858731198732,49.8770404348235],[-97.44654499173954,49.8770404348235],[-97.33919755165694,49.80781205455109],[-96.90980779132654,49.80781205455109],[-96.80246035124394,49.73848452331215],[-96.26572315083095,49.73848452331215],[-96.15837571074834,49.66905780074645],[-95.94368083058315,49.66905780074645],[-95.51429107025275,49.39035820842239],[-95.51429107025275,49.32043494226832],[-95.08490130992236,49.03974729023968],[-94.97755386983978,48.898806212290104],[-94.76285898967456,48.898806212290104],[-94.65551154959196,48.75746659902173],[-94.65551154959196,48.61572818603407],[-94.33346922934416,48.47359071792896],[-94.11877434917898,48.47359071792896],[-93.90407946901378,48.331053948398896],[-93.58203714876598,47.90104550640105],[-93.04529994835299,47.53995407537537],[-92.93795250827039,47.53995407537537],[-92.61591018802258,47.322097381916535],[-92.50856274793999,47.322097381916535],[-91.8644781074444,46.95699796267812],[-91.75713066736179,46.95699796267812],[-91.5424357871966,46.73673451162491],[-91.3277409070314,46.73673451162491],[-91.0056985867836,46.88367716437708],[-90.57630882645321,46.88367716437708],[-90.36161394628803,46.58939034316711],[-90.03957162604021,46.51556765263661],[-89.82487674587503,46.367620988793774],[-89.28813954546203,46.29349698935901],[-89.18079210537942,46.21927252858975],[-88.96609722521423,46.21927252858975],[-88.10731770455344,45.92136985363141],[-87.89262282438824,45.92136985363141],[-87.24853818389265,45.47150036356346],[-87.14119074381004,45.32073952397887],[-87.14119074381004,45.1695764550113],[-86.92649586364485,45.01801113850464],[-86.92649586364485,44.713673746318904],[-87.14119074381004,44.407727427707634],[-87.14119074381004,44.10017244639913],[-87.35588562397527,43.86845078916144],[-87.35588562397527,43.55808184471464],[-87.57058050414045,43.24610593205002],[-87.57058050414045,42.932524028238994],[-87.46323306405785,42.85387774938338],[-87.46323306405785,42.14155125432201],[-87.14119074381004,41.66216299538393],[-86.81914842356225,41.66216299538393],[-86.49710610331447,41.90230701658623],[-86.17506378306666,42.37989492421928],[-86.17506378306666,42.932524028238994],[-86.38975866323186,43.24610593205002],[-86.38975866323186,43.40229470292579],[-86.49710610331447,43.48023848499155],[-86.38975866323186,43.63582476797619],[-86.38975866323186,43.86845078916144],[-86.49710610331447,43.94579184051353],[-86.17506378306666,44.25415099616343],[-86.17506378306666,44.33098948013483],[-85.96036890290146,44.33098948013483],[-85.85302146281886,44.25415099616343],[-85.85302146281886,43.94579184051353],[-85.74567402273628,43.86845078916144],[-85.74567402273628,43.713467241415664],[-85.53097914257106,43.40229470292579],[-84.77954706199287,42.85387774938338],[-84.45750474174507,42.775131188767375],[-83.81342010124949,42.30054714306595],[-83.81342010124949,42.221099244224966],[-83.27668290083652,41.742310927262785],[-82.9546405805887,41.66216299538393],[-82.5252508202583,41.42112004114412],[-81.55912385951491,41.501567518772426],[-81.23708153926711,41.742310927262785],[-80.80769177893673,41.90230701658623],[-80.59299689877153,41.90230701658623],[-80.48564945868893,41.98215511185959],[-80.27095457852373,41.98215511185959],[-79.62686993802814,42.221099244224966],[-79.41217505786294,42.37989492421928],[-78.66074297728477,42.61733730731169],[-78.23135321695435,42.45914256186136],[-78.01665833678915,42.45914256186136],[-77.69461601654136,42.30054714306595],[-76.94318393596316,42.221099244224966],[-76.83583649588056,42.14155125432201],[-76.40644673555018,42.14155125432201],[-76.29909929546757,42.06190320078757],[-75.97705697521978,42.06190320078757],[-75.86970953513718,41.98215511185959],[-75.54766721488939,41.98215511185959],[-75.44031977480678,41.90230701658623],[-75.11827745455899,41.90230701658623],[-74.90358257439378,41.82235894482845],[-74.581540254146,41.58191518150745],[-74.3668453739808,41.501567518772426],[-74.1521504938156,41.501567518772426],[-74.04480305373302,41.42112004114412],[-73.50806585332002,41.42112004114412],[-73.40071841323741,41.501567518772426],[-73.18602353307222,41.501567518772426],[-73.07867609298961,41.58191518150745],[-72.86398121282441,41.58191518150745],[-72.64928633265922,41.66216299538393],[-72.21989657232882,41.98215511185959],[-72.21989657232882,42.06190320078757],[-72.00520169216362,42.221099244224966],[-71.79050681199843,42.53829003096801],[-71.68315937191582,42.932524028238994],[-71.57581193183323,43.011070005049405],[-71.57581193183323,43.167860975294346],[-71.46846449175062,43.24610593205002],[-71.46846449175062,43.48023848499155],[-71.03907473142026,44.10017244639913],[-70.82437985125503,44.25415099616343],[-70.82437985125503,44.33098948013483],[-70.18029521075945,44.78990893746685],[-70.07294777067685,44.78990893746685],[-69.85825289051165,44.94207763480928],[-69.32151569009865,45.01801113850464],[-69.21416825001604,45.093844078398824],[-68.99947336985086,45.093844078398824],[-68.35538872935527,44.713673746318904],[-68.14069384919006,44.407727427707634],[-68.14069384919006,44.17721198245368],[-68.03334640910748,44.10017244639913],[-68.03334640910748,43.94579184051353],[-68.24804128927266,43.94579184051353],[-68.35538872935527,44.02303239612954],[-68.67743104960306,44.02303239612954],[-68.99947336985086,43.713467241415664],[-69.21416825001604,43.713467241415664],[-69.64355801034645,43.48023848499155],[-69.85825289051165,43.48023848499155],[-70.07294777067685,43.324250513397324],[-70.07294777067685,43.24610593205002],[-70.39499009092464,42.932524028238994],[-70.39499009092464,42.69628436745891],[-70.28764265084203,42.61733730731169],[-70.28764265084203,42.45914256186136],[-70.39499009092464,42.37989492421928],[-70.39499009092464,42.14155125432201],[-70.28764265084203,42.06190320078757],[-69.85825289051165,42.06190320078757],[-69.64355801034645,41.90230701658623],[-69.64355801034645,41.42112004114412],[-69.75090545042904,41.3405727834166],[-69.96560033059426,41.42112004114412],[-70.18029521075945,41.42112004114412],[-70.28764265084203,41.3405727834166],[-70.71703241117244,41.3405727834166],[-70.82437985125503,41.25992578121537],[-71.14642217150283,41.25992578121537],[-71.46846449175062,41.09833269006698],[-72.00520169216362,41.09833269006698],[-72.11254913224623,41.01738667655179],[-72.75663377274181,41.01738667655179],[-72.86398121282441,40.93634106943207],[-73.07867609298961,40.93634106943207],[-73.29337097315481,40.85519590853],[-73.6154132934026,40.529620553245785],[-73.6154132934026,40.20245574456054],[-73.7227607334852,40.12041653224588],[-73.7227607334852,39.70873484132367],[-73.9374556136504,39.377609835293114],[-74.2594979338982,39.12823024185877],[-74.4741928140634,38.79434598375222],[-74.68888769422858,38.62681432552263],[-74.68888769422858,38.290574512346254],[-75.01093001447639,37.952769623825226],[-75.655014654972,36.93001082427084],[-75.86970953513718,36.93001082427084],[-76.08440441530237,36.75819485216455],[-76.29909929546757,36.8441510961673],[-76.51379417563278,36.8441510961673],[-76.62114161571537,36.93001082427084],[-77.05053137604577,36.93001082427084],[-77.15787881612836,37.01577395225742],[-77.47992113637616,37.01577395225742],[-77.58726857645877,37.10144039687032],[-77.90931089670654,37.10144039687032],[-78.01665833678915,37.18701007581168],[-78.33870065703695,37.18701007581168],[-78.44604809711954,37.27248290774042],[-78.76809041736735,37.27248290774042],[-78.87543785744995,37.35785881227011],[-79.19748017769774,37.35785881227011],[-79.30482761778033,37.44313770996685],[-79.73421737811074,37.44313770996685],[-79.84156481819333,37.52831952234705],[-80.48564945868893,37.52831952234705],[-80.59299689877153,37.613404171875324],[-81.88116617976272,37.613404171875324],[-81.9885136198453,37.52831952234705],[-83.0619880206713,37.52831952234705],[-83.1693354607539,37.44313770996685],[-83.70607266116689,37.44313770996685],[-83.81342010124949,37.35785881227011],[-84.35015730166249,37.35785881227011],[-84.45750474174507,37.27248290774042],[-84.88689450207548,37.27248290774042],[-84.99424194215807,37.18701007581168],[-85.42363170248848,37.18701007581168],[-85.53097914257106,37.10144039687032],[-85.85302146281886,37.10144039687032],[-85.96036890290146,37.01577395225742],[-86.28241122314927,37.01577395225742],[-86.38975866323186,36.93001082427084],[-86.71180098347965,36.93001082427084],[-86.81914842356225,36.8441510961673],[-87.14119074381004,36.8441510961673],[-87.57058050414045,36.672142177443384],[-87.78527538430563,36.672142177443384],[-87.89262282438824,36.585993158149776],[-88.21466514463604,36.585993158149776],[-88.64405490496644,36.41340643526715],[-88.85874978513162,36.41340643526715],[-88.96609722521423,36.32696890881425],[-89.18079210537942,36.32696890881425],[-89.28813954546203,36.24043539206523],[-89.50283442562723,36.24043539206523],[-89.61018186570982,36.15380597602237],[-89.82487674587503,36.15380597602237],[-89.93222418595761,36.06708075266529],[-90.1469190661228,36.06708075266529],[-91.0056985867836,35.71922366000156],[-91.22039346694879,35.71922366000156],[-94.22612178926155,34.489754438041246],[-94.65551154959196,34.135085243721136],[-94.87020642975716,33.778921386279684],[-95.08490130992236,33.600281299139155],[-95.08490130992236,33.51082213536464],[-95.29959619008756,33.33162617811586],[-95.40694363017015,33.33162617811586],[-95.62163851033534,33.152060874243155],[-96.05102827066575,32.972127229789685],[-96.26572315083095,32.972127229789685],[-96.48041803099613,32.882022598765936],[-96.80246035124394,32.61115902625336],[-96.80246035124394,31.793652446012555],[-96.90980779132654,31.702366182183635],[-96.90980779132654,31.519524028832986],[-97.55389243182212,30.968851068591913],[-97.98328219215254,30.78458188364166],[-98.19797707231773,30.78458188364166],[-98.30532451240032,30.692314561823256],[-98.52001939256553,30.692314561823256],[-98.62736683264811,30.599958959636748],[-98.8420617128133,30.599958959636748],[-98.94940915289591,30.507515232808796],[-99.27145147314371,30.507515232808796],[-99.7008412334741,30.322364033464854],[-100.0228835537219,30.322364033464854],[-100.4522733140523,30.13686223093314],[-100.77431563430008,30.13686223093314],[-101.20370539463049,29.951011109441147],[-101.41840027479569,29.951011109441147],[-101.52574771487829,29.857954960083028],[-101.84779003512607,29.857954960083028],[-101.95513747520867,29.951011109441147],[-102.16983235537387,29.951011109441147],[-102.27717979545648,29.857954960083028],[-102.49187467562167,29.857954960083028],[-102.70656955578687,29.671582305501712],[-103.02861187603466,29.110393534556607],[-103.24330675619986,29.20413971751256],[-103.45800163636505,29.20413971751256],[-103.56534907644766,29.110393534556607],[-103.56534907644766,28.922644879658538],[-103.24330675619986,28.734555670992535],[-102.81391699586948,28.734555670992535],[-102.49187467562167,29.01656186396325],[-102.38452723553907,29.20413971751256],[-102.38452723553907,29.39137493017932],[-102.27717979545648,29.484863617408198],[-101.63309515496088,29.484863617408198],[-101.52574771487829,29.20413971751256],[-101.31105283471308,29.01656186396325],[-101.20370539463049,28.734555670992535],[-100.98901051446529,28.546127321464198],[-100.6669681942175,27.97882181488867],[-100.4522733140523,27.789051375171947],[-100.2375784338871,27.789051375171947],[-99.8081886735567,27.598949117310145],[-99.48614635330891,27.313176892890397],[-99.48614635330891,26.931000192377894],[-99.16410403306111,26.547524070264718],[-98.94940915289591,26.547524070264718],[-98.8420617128133,26.643514225296617],[-98.73471427273071,26.547524070264718],[-98.73471427273071,26.451453501149125],[-98.94940915289591,26.451453501149125],[-99.05675659297853,26.355302720910906],[-99.05675659297853,26.162761344273637],[-98.62736683264811,25.969901585485452],[-98.62736683264811,25.680018621667664],[-98.52001939256553,25.583233587655904],[-98.52001939256553,22.941148267109693],[-99.7008412334741,20.749236253229157],[-100.2375784338871,20.548330979217454],[-100.6669681942175,20.246477958877527],[-101.31105283471308,20.246477958877527],[-101.41840027479569,20.347161291363605],[-101.74044259504349,20.347161291363605],[-101.84779003512607,20.447779053941165],[-102.16983235537387,20.447779053941165],[-102.27717979545648,20.548330979217454],[-102.70656955578687,20.548330979217454],[-102.81391699586948,20.64881680078603],[-103.13595931611727,20.64881680078603],[-103.24330675619986,20.749236253229157],[-103.56534907644766,20.749236253229157],[-104.63882347727365,21.250328758445193],[-104.74617091735625,21.450291998428316],[-104.74617091735625,21.74972279539479],[-104.85351835743884,21.849394954946884],[-104.85351835743884,22.147993567999468],[-105.17556067768663,22.54514067745794],[-105.28290811776924,22.842254056947603],[-106.14168763843004,23.631372827817543],[-106.24903507851262,23.631372827817543],[-107.8592466797516,25.098137662821333],[-108.6106787603298,25.389428724491406],[-108.9327210805776,25.776725106816485],[-108.9327210805776,25.969901585485452],[-109.2547634008254,26.547524070264718],[-109.6841531611558,26.931000192377894],[-110.43558524173399,27.217755229167416],[-110.54293268181657,27.313176892890397],[-110.54293268181657,27.50377402971472],[-110.97232244214698,27.69404162915025],[-111.29436476239479,27.97882181488867],[-111.29436476239479,28.073582133838563],[-111.61640708264257,28.262852041130635],[-111.61640708264257,28.35736126118528],[-112.04579684297296,28.734555670992535],[-112.15314428305557,29.01656186396325],[-112.36783916322076,29.20413971751256],[-112.36783916322076,29.39137493017932],[-112.47518660330336,29.578266132035054],[-112.68988148346855,29.76481197032236],[-112.68988148346855,30.13686223093314],[-113.01192380371634,30.507515232808796],[-113.01192380371634,30.968851068591913],[-113.11927124379895,31.060852625592524],[-113.44131356404675,31.060852625592524],[-113.65600844421195,31.244588911287696],[-114.40744052479013,31.33632334022438],[-114.51478796487274,31.244588911287696],[-114.51478796487274,30.968851068591913],[-114.30009308470756,30.599958959636748],[-114.30009308470756,30.043980254124985],[-113.65600844421195,29.484863617408198],[-113.44131356404675,29.39137493017932],[-113.22661868388155,29.01656186396325],[-113.01192380371634,28.828642756643113],[-112.90457636363375,28.828642756643113],[-112.79722892355115,28.546127321464198],[-112.47518660330336,28.35736126118528],[-112.47518660330336,27.883978166388317],[-111.93844940289036,27.408516557503113],[-111.83110196280776,27.217755229167416],[-111.72375452272516,27.217755229167416],[-111.61640708264257,26.931000192377894],[-111.40171220247737,26.835252486630775],[-111.07966988222957,26.547524070264718],[-111.07966988222957,26.25907193358379],[-110.97232244214698,26.162761344273637],[-110.97232244214698,25.776725106816485],[-110.86497500206437,25.583233587655904],[-110.54293268181657,25.292409323729984],[-110.32823780165138,25.195312230886753],[-110.32823780165138,24.903556973781935],[-110.00619548140358,24.513475552864715],[-110.00619548140358,24.415764819583597],[-109.57680572107319,24.024167134611236],[-109.46945828099058,24.024167134611236],[-109.46945828099058,23.827918636481314],[-109.0400685206602,23.434531574532674],[-109.0400685206602,23.13871985881631],[-109.2547634008254,22.842254056947603],[-109.362110840908,22.842254056947603],[-109.57680572107319,22.64425001847634],[-109.89884804132099,22.64425001847634],[-110.11354292148619,23.03997028141869],[-110.11354292148619,23.237396759281964],[-110.32823780165138,23.434531574532674],[-110.43558524173399,23.434531574532674],[-111.07966988222957,24.024167134611236],[-111.83110196280776,24.220116473079493],[-112.15314428305557,24.513475552864715],[-112.26049172313816,24.708669012754726],[-112.04579684297296,25.098137662821333],[-112.04579684297296,25.680018621667664],[-112.15314428305557,25.87335283157524],[-112.58253404338596,26.162761344273637],[-112.68988148346855,26.162761344273637],[-113.01192380371634,26.451453501149125],[-113.44131356404675,26.451453501149125],[-114.08539820454233,26.931000192377894],[-114.30009308470756,26.931000192377894],[-114.40744052479013,27.1222517607006],[-114.94417772520313,27.598949117310145],[-115.15887260536833,27.69404162915025],[-115.05152516528574,27.883978166388317],[-114.30009308470756,27.789051375171947],[-113.97805076445974,28.16825893747984],[-113.97805076445974,28.35736126118528],[-114.19274564462494,28.451786415114285],[-114.19274564462494,28.546127321464198],[-114.94417772520313,29.20413971751256],[-115.37356748553354,29.39137493017932],[-115.58826236569871,29.578266132035054],[-115.69560980578132,29.76481197032236],[-115.69560980578132,30.043980254124985],[-115.91030468594651,30.229656877733944],[-115.91030468594651,30.507515232808796],[-116.23234700619432,30.78458188364166],[-116.23234700619432,30.968851068591913],[-116.5543893264421,31.33632334022438],[-116.5543893264421,31.519524028832986],[-116.98377908677251,32.15789542458963],[-116.98377908677251,32.24872994820336],[-116.5543893264421,32.24872994820336],[-116.44704188635951,32.33947370634587],[-116.44704188635951,32.520688380493],[-116.5543893264421,32.61115902625336],[-116.98377908677251,32.61115902625336],[-117.0911265268551,32.4301265623242],[-117.19847396693771,32.520688380493],[-117.19847396693771,32.882022598765936],[-117.3058214070203,33.06214003106419],[-117.62786372726808,33.33162617811586],[-117.73521116735068,33.33162617811586],[-117.94990604751588,33.51082213536464],[-118.27194836776368,33.51082213536464],[-118.27194836776368,33.600281299139155],[-118.48664324792888,33.778921386279684],[-119.02338044834188,33.86810206844883],[-119.23807532850708,34.135085243721136],[-119.45277020867229,34.2238929550305],[-120.31154972933307,34.2238929550305],[-120.52624460949826,34.401227665632334],[-120.52624460949826,34.754771083719405],[-120.63359204958086,34.93097802481002],[-121.06298180991126,35.369841264099165],[-121.06298180991126,35.45732951678698],[-121.38502413015907,35.71922366000156],[-121.38502413015907,35.8063311732052],[-121.81441389048946,36.15380597602237],[-121.81441389048946,36.32696890881425],[-121.92176133057204,36.41340643526715],[-121.92176133057204,36.672142177443384],[-122.24380365081983,36.93001082427084],[-122.35115109090243,37.10144039687032],[-122.35115109090243,37.27248290774042],[-122.45849853098504,37.35785881227011],[-122.45849853098504,37.613404171875324],[-122.67319341115024,37.783281676962346],[-122.88788829131543,37.783281676962346],[-122.88788829131543,38.037367329096],[-122.99523573139804,38.20626984385122],[-123.63932037189363,38.71062922965364],[-123.63932037189363,39.04490671459681],[-123.74666781197624,39.12823024185877],[-123.74666781197624,39.62610173452914],[-123.85401525205883,39.79126909476386],[-124.28340501238921,40.12041653224588],[-124.28340501238921,40.529620553245785],[-124.06871013222404,40.77395123451486],[-124.06871013222404,41.501567518772426],[-124.1760575723066,41.58191518150745],[-124.1760575723066,41.82235894482845],[-124.28340501238921,41.90230701658623],[-124.28340501238921,42.06190320078757],[-124.39075245247182,42.14155125432201],[-124.39075245247182,42.61733730731169],[-124.49809989255441,42.775131188767375],[-124.28340501238921,43.08951566031014],[-124.1760575723066,43.63582476797619],[-124.06871013222404,43.713467241415664],[-124.06871013222404,44.33098948013483],[-123.96136269214144,44.407727427707634],[-123.96136269214144,45.01801113850464],[-123.85401525205883,45.093844078398824],[-123.85401525205883,45.99599626735031],[-123.96136269214144,46.07052217801639],[-123.96136269214144,46.58939034316711],[-124.06871013222404,46.66311262460235],[-124.06871013222404,47.030218431703744],[-124.28340501238921,47.2492780449923],[-124.28340501238921,47.53995407537537],[-124.60544733263701,47.75690925300668],[-124.60544733263701,48.40237226087875],[-125.2495319731326,48.75746659902173],[-125.46422685329782,48.75746659902173],[-125.89361661362821,49.03974729023968],[-126.00096405371082,49.180290106185325],[-126.32300637395859,49.180290106185325],[-126.53770125412379,49.39035820842239],[-126.53770125412379,49.59953184701818],[-126.64504869420638,49.66905780074645],[-126.96709101445418,49.66905780074645],[-127.28913333470199,49.8770404348235],[-127.61117565494979,49.8770404348235],[-127.82587053511499,49.94616970501132],[-127.82587053511499,50.152963271655175],[-127.93321797519758,50.290330871727456],[-128.25526029544542,50.49564097932285],[-128.36260773552797,50.700062617848666],[-128.04056541528018,50.83585073384839],[-127.50382821486718,50.83585073384839],[-126.43035381404118,50.49564097932285],[-126.10831149379341,50.49564097932285],[-125.67892173346301,50.35886636880315],[-125.2495319731326,50.35886636880315],[-125.03483709296741,50.22169652066329],[-125.03483709296741,50.08413108125314],[-124.92748965288482,49.94616970501132],[-124.60544733263701,49.73848452331215],[-124.49809989255441,49.52990662281859],[-124.1760575723066,49.32043494226832],[-123.96136269214144,49.32043494226832],[-123.74666781197624,49.250412253733444],[-123.42462549172843,49.03974729023968],[-123.42462549172843,48.898806212290104],[-123.20993061156324,48.75746659902173],[-123.20993061156324,48.40237226087875],[-122.99523573139804,48.11649958774512],[-122.56584597106763,48.11649958774512],[-122.45849853098504,48.18811764031537],[-122.45849853098504,48.47359071792896],[-122.67319341115024,48.75746659902173],[-103.67269651653028,48.75746659902173],[-103.56534907644766,48.82818623930576],[-103.56534907644766,48.969326551305464],[-103.67269651653028,49.03974729023968],[-122.78054085123283,49.03974729023968],[-123.10258317148063,49.250412253733444],[-123.10258317148063,49.39035820842239],[-122.45849853098504,49.59953184701818],[-121.70706645040686,50.015199906515456],[-121.70706645040686,50.22169652066329],[-121.92176133057204,50.49564097932285],[-121.92176133057204,50.700062617848666],[-122.13645621073724,50.971244912469345],[-122.13645621073724,51.17359840082725],[-122.24380365081983,51.24085302117429],[-122.67319341115024,51.24085302117429],[-123.10258317148063,51.375067752027775],[-123.31727805164583,51.375067752027775],[-123.42462549172843,51.44202796543737],[-123.63932037189363,51.44202796543737],[-124.49809989255441,52.040264854554955],[-124.7127947727196,52.30360942804774],[-125.2495319731326,52.69570807828102],[-125.35687941321521,52.825631332115904],[-125.35687941321521,52.95516724597097],[-125.46422685329782,53.01979010473228],[-125.46422685329782,53.14874593808168],[-125.57157429338041,53.21307903872393],[-125.57157429338041,53.34145592602572],[-125.67892173346301,53.40549984108654],[-125.67892173346301,53.533298937923],[-125.7862691735456,53.597054250403154],[-125.7862691735456,53.851115469898126],[-125.89361661362821,53.91439110143009],[-125.89361661362821,54.103643862891026],[-126.00096405371082,54.1665369673231],[-126.00096405371082,54.47957199152673],[-126.10831149379341,54.54189338863701],[-126.10831149379341,54.8520762569476],[-126.21565893387601,54.913828513351724],[-126.21565893387601,55.28235799531661],[-126.32300637395859,55.343449594308844],[-126.32300637395859,55.64749791125178],[-126.43035381404118,55.708026174302915],[-126.43035381404118,55.88904955277522],[-127.28913333470199,56.42708537137225],[-127.39648077478458,56.42708537137225],[-127.71852309503238,56.604759710108915],[-127.82587053511499,56.604759710108915],[-128.25526029544542,56.84036526063502],[-128.36260773552797,56.84036526063502],[-129.11403981610616,57.24913248889406],[-129.11403981610616,57.3071610924705],[-129.54342957643655,57.538362098692595],[-129.54342957643655,57.59593442448904],[-130.50955653717995,58.05324432627344],[-130.50955653717995,58.110000778818986],[-131.36833605784074,58.56081203747032],[-131.36833605784074,58.61675973145561],[-132.11976813841895,59.061129874759075],[-132.11976813841895,59.116276075171285],[-133.08589509916231,59.66288023532123],[-133.19324253924495,59.66288023532123],[-133.4079374194101,59.77114597991183],[-134.4814118202361,59.77114597991183],[-134.5887592603187,59.71705689922596],[-134.5887592603187,59.60861589489641],[-133.9446746198231,59.226302766787946],[-133.8373271797405,59.061129874759075],[-133.4079374194101,58.78406667578318],[-132.98129828703566,58.33756807705441],[-133.08589509916231,58.392431562050945],[-133.3005899793275,58.392431562050945],[-133.4079374194101,58.33612530807777],[-133.4079374194101,58.2232431231921],[-133.3005899793275,58.16666701510455],[-133.08589509916231,58.16666701510455],[-132.9785476590797,58.2232431231921],[-132.9785476590797,58.334689411140396],[-132.7638527789145,58.110000778818986],[-132.7638527789145,57.99639756961955],[-132.9785476590797,57.939460421224496],[-132.9785476590797,57.82531459976866],[-132.7638527789145,57.71080616522634],[-132.44181045866674,57.36509827022348],[-132.44181045866674,57.19101237483916],[-132.33446301858413,57.132800665893654],[-132.33446301858413,56.663799530547124],[-132.22711557850153,56.604759710108915],[-132.22711557850153,56.42708537137225],[-132.33446301858413,56.367675361523325],[-132.7638527789145,56.367675361523325],[-132.8712002189971,56.30817260164944],[-133.4079374194101,56.30817260164944],[-133.5152848594927,56.2485770112259],[-133.5152848594927,55.708026174302915],[-133.9446746198231,55.708026174302915],[-134.0520220599057,55.64749791125178],[-134.26671694007092,55.768460817077575],[-134.26671694007092,55.94920380192265],[-134.4814118202361,56.009264743238155],[-134.80345414048392,56.18888851000377],[-134.9108015805665,56.30817260164944],[-134.9108015805665,56.42708537137225],[-135.44753878097947,56.72274700764712],[-135.55488622106208,56.84036526063502],[-135.7695811012273,56.89903620157506],[-135.7695811012273,57.3071610924705],[-136.19897086155768,57.59593442448904],[-136.19897086155768,57.65341575131015],[-136.52101318180547,57.82531459976866],[-136.4136657417229,57.88243279367289],[-136.4136657417229,57.99639756961955],[-136.95040294213592,58.27972919135532],[-137.05775038221847,58.27972919135532],[-137.37979270246626,58.44864804217248],[-137.59448758263147,58.504774837544204],[-137.59448758263147,58.56081203747032],[-137.80918246279666,58.67261800920349],[-137.80918246279666,58.78406667578318],[-138.02387734296187,58.89515875874101],[-139.31204662395302,59.226302766787946],[-139.74143638428345,59.44529588394948],[-139.84878382436602,59.55426378481362],[-140.49286846486163,59.55426378481362],[-140.60021590494424,59.60861589489641],[-140.81491078510945,59.60861589489641],[-141.24430054543984,59.71705689922596],[-141.458995425605,59.82514757084166],[-141.995732626018,59.879061765638255],[-142.1030800661006,59.93288865808266],[-143.069207026844,59.93288865808266],[-143.1765544669266,59.879061765638255],[-143.605944227257,59.879061765638255],[-143.71329166733958,59.82514757084166],[-144.0353339875874,59.82514757084166],[-144.25002886775258,59.66288023532123],[-144.35737630783518,59.66288023532123],[-144.4647237479178,59.71705689922596],[-144.4647237479178,59.82514757084166],[-144.35737630783518,59.879061765638255],[-144.35737630783518,59.98662834211258],[-144.5720711880004,60.09384646145253],[-145.1088083884134,60.09384646145253],[-145.21615582849597,60.14732508540592],[-145.43085070866118,60.14732508540592],[-145.6455455888264,60.254021934615196],[-145.86024046899155,60.254021934615196],[-146.07493534915676,60.20071687822821],[-146.28963022932197,60.09384646145253],[-146.71901998965237,60.09384646145253],[-147.04106230990016,59.93288865808266],[-147.04106230990016,59.77114597991183],[-147.57779951031316,59.60861589489641],[-147.79249439047837,59.66288023532123],[-147.89984183056097,59.77114597991183],[-148.97331623138695,59.77114597991183],[-149.18801111155213,59.66288023532123],[-149.40270599171734,59.44529588394948],[-149.51005343179995,59.49982381210001],[-149.72474831196513,59.49982381210001],[-149.83209575204774,59.44529588394948],[-150.04679063221295,59.226302766787946],[-150.2614855123781,59.226302766787946],[-150.4761803925433,59.17133367531739],[-150.6908752727085,59.061129874759075],[-151.0129175929563,59.061129874759075],[-151.2276124731215,58.95057130767929],[-151.5496547933693,58.95057130767929],[-151.65700223345195,58.89515875874101],[-151.65700223345195,58.78406667578318],[-151.9790445536997,58.67261800920349],[-151.9790445536997,58.44864804217248],[-151.5496547933693,58.2232431231921],[-151.4423073532867,58.2232431231921],[-151.4423073532867,58.110000778818986],[-151.5496547933693,58.05324432627344],[-151.7643496735345,58.05324432627344],[-151.9790445536997,57.939460421224496],[-151.9790445536997,57.768105752537004],[-151.7643496735345,57.538362098692595],[-151.9790445536997,57.36509827022348],[-151.9790445536997,57.24913248889406],[-152.19373943386495,57.24913248889406],[-152.51578175411268,57.07449727789026],[-152.6231291941953,56.95761512927702],[-152.7304766342779,56.95761512927702],[-152.94517151444308,56.84036526063502],[-153.1598663946083,56.84036526063502],[-153.2672138346909,56.72274700764712],[-153.48190871485608,56.663799530547124],[-153.58925615493868,56.54562746446035],[-153.58925615493868,56.367675361523325],[-153.8039510351039,56.367675361523325],[-153.91129847518647,56.30817260164944],[-154.3406882355169,56.30817260164944],[-154.44803567559947,56.2485770112259],[-154.66273055576465,56.30817260164944],[-154.66273055576465,56.42708537137225],[-154.2333407954343,56.663799530547124],[-154.2333407954343,56.78160222354425],[-154.44803567559947,56.89903620157506],[-154.44803567559947,57.07449727789026],[-154.66273055576465,57.132800665893654],[-154.66273055576465,57.3071610924705],[-154.55538311568205,57.42294410704886],[-154.12599335535168,57.65341575131015],[-153.91129847518647,57.65341575131015],[-153.8039510351039,57.71080616522634],[-153.8039510351039,57.88243279367289],[-153.91129847518647,57.939460421224496],[-154.12599335535168,57.939460421224496],[-154.2333407954343,57.88243279367289],[-154.44803567559947,57.88243279367289],[-154.66273055576465,57.82531459976866],[-154.98477287601247,57.65341575131015],[-155.09212031609505,57.538362098692595],[-155.19946775617765,57.538362098692595],[-155.52151007642547,57.36509827022348],[-155.62885751650805,57.36509827022348],[-155.95089983675587,57.19101237483916],[-155.95089983675587,57.07449727789026],[-156.16559471692105,56.84036526063502],[-156.38028959708626,56.84036526063502],[-156.59498447725147,56.663799530547124]],[[-103.99473883677805,29.578266132035054],[-104.20943371694325,29.578266132035054],[-104.31678115702584,29.484863617408198],[-104.31678115702584,29.297800239979384],[-104.20943371694325,29.20413971751256],[-103.99473883677805,29.20413971751256],[-103.88739139669546,29.297800239979384],[-103.88739139669546,29.484863617408198],[-103.99473883677805,29.578266132035054]],[[-104.53147603719106,30.507515232808796],[-104.74617091735625,30.507515232808796],[-104.85351835743884,30.41498353813185],[-104.85351835743884,30.229656877733944],[-104.63882347727365,29.951011109441147],[-104.42412859710845,29.951011109441147],[-104.31678115702584,30.043980254124985],[-104.31678115702584,30.229656877733944],[-104.53147603719106,30.507515232808796]],[[-104.96086579752145,30.876760770430327],[-105.17556067768663,30.876760770430327],[-105.28290811776924,30.78458188364166],[-105.28290811776924,30.599958959636748],[-105.17556067768663,30.507515232808796],[-104.96086579752145,30.507515232808796],[-104.85351835743884,30.599958959636748],[-104.85351835743884,30.78458188364166],[-104.96086579752145,30.876760770430327]],[[-110.75762756198179,31.42796842848256],[-110.97232244214698,31.42796842848256],[-111.07966988222957,31.33632334022438],[-111.07966988222957,31.15276528996092],[-110.97232244214698,31.060852625592524],[-110.75762756198179,31.060852625592524],[-110.65028012189917,31.15276528996092],[-110.65028012189917,31.33632334022438],[-110.75762756198179,31.42796842848256]],[[-114.30009308470756,32.70153836605162],[-114.40744052479013,32.79182626737811],[-114.62213540495533,32.79182626737811],[-114.83683028512054,32.61115902625336],[-114.83683028512054,32.4301265623242],[-114.62213540495533,32.24872994820336],[-114.40744052479013,32.24872994820336],[-114.30009308470756,32.33947370634587],[-114.30009308470756,32.70153836605162]],[[-162.3917462417118,54.728287644822046],[-162.60644112187697,54.728287644822046],[-162.71378856195957,54.666251143474184],[-162.71378856195957,54.54189338863701],[-162.60644112187697,54.47957199152673],[-162.3917462417118,54.47957199152673],[-162.28439880162918,54.54189338863701],[-162.28439880162918,54.666251143474184],[-162.3917462417118,54.728287644822046]],[[-137.05775038221847,59.005894982670895],[-137.37979270246626,59.005894982670895],[-137.48714014254887,58.95057130767929],[-137.48714014254887,58.78406667578318],[-137.37979270246626,58.728386960614245],[-137.16509782230105,58.728386960614245],[-136.95040294213592,58.83965724499881],[-136.95040294213592,58.95057130767929],[-137.05775038221847,59.005894982670895]],[[-136.4136657417229,59.17133367531739],[-136.62836062188808,59.17133367531739],[-136.73570806197068,59.116276075171285],[-136.73570806197068,59.005894982670895],[-136.62836062188808,58.95057130767929],[-136.4136657417229,58.95057130767929],[-136.3063183016403,59.005894982670895],[-136.3063183016403,59.116276075171285],[-136.4136657417229,59.17133367531739]],[[-108.9327210805776,59.33597579095718],[-109.0400685206602,59.390679907724376],[-109.2547634008254,59.390679907724376],[-109.46945828099058,59.281183441352354],[-109.46945828099058,59.17133367531739],[-109.362110840908,59.116276075171285],[-109.0400685206602,59.116276075171285],[-108.9327210805776,59.17133367531739],[-108.9327210805776,59.33597579095718]],[[-134.5887592603187,59.49982381210001],[-134.69610670040132,59.55426378481362],[-134.9108015805665,59.55426378481362],[-135.01814902064908,59.49982381210001],[-135.01814902064908,59.281183441352354],[-134.9108015805665,59.226302766787946],[-134.69610670040132,59.226302766787946],[-134.5887592603187,59.281183441352354],[-134.5887592603187,59.49982381210001]],[[-135.8769285413099,59.49982381210001],[-135.98427598139247,59.55426378481362],[-136.19897086155768,59.55426378481362],[-136.4136657417229,59.44529588394948],[-136.4136657417229,59.33597579095718],[-136.3063183016403,59.281183441352354],[-136.09162342147508,59.281183441352354],[-135.8769285413099,59.390679907724376],[-135.8769285413099,59.49982381210001]],[[-138.99000430370526,60.09384646145253],[-138.77530942354005,60.09384646145253],[-138.66796198345745,60.14732508540592],[-138.66796198345745,60.307240349409405],[-138.77530942354005,60.3603722175984],[-139.41939406403563,60.3603722175984],[-139.52674150411823,60.307240349409405],[-139.52674150411823,60.20071687822821],[-139.41939406403563,60.14732508540592],[-139.09735174378787,60.14732508540592],[-138.99000430370526,60.09384646145253]],[[-146.61167254956976,60.3603722175984],[-146.50432510948716,60.413417634313284],[-146.50432510948716,60.519249494552525],[-146.61167254956976,60.57203612904188],[-146.61167254956976,60.677351285202974],[-146.71901998965237,60.729879998657374],[-146.93371486981755,60.729879998657374],[-147.04106230990016,60.677351285202974],[-147.04106230990016,60.413417634313284],[-146.93371486981755,60.3603722175984],[-146.61167254956976,60.3603722175984]],[[-115.37356748553354,61.30205548762482],[-115.58826236569871,61.09518450332296],[-115.91030468594651,60.99123876717593],[-115.91030468594651,60.88695183399114],[-115.80295724586391,60.83468017676543],[-115.05152516528574,60.83468017676543],[-114.94417772520313,60.88695183399114],[-114.51478796487274,60.88695183399114],[-113.65600844421195,61.09518450332296],[-113.65600844421195,61.250465059593175],[-113.33396612396415,61.404982292093706],[-113.33396612396415,61.55873883487366],[-113.65600844421195,61.76256883294328],[-113.87070332437713,61.76256883294328],[-113.76335588429455,61.863980432110715],[-113.76335588429455,62.015470798249076],[-113.97805076445974,62.11604750675188],[-114.19274564462494,62.11604750675188],[-114.30009308470756,62.2162916443562],[-114.51478796487274,62.2162916443562],[-114.62213540495533,62.166211097334305],[-114.62213540495533,62.06580077342205],[-114.40744052479013,62.015470798249076],[-114.40744052479013,61.91456072645498],[-114.30009308470756,61.863980432110715],[-114.30009308470756,61.60982243021098],[-114.40744052479013,61.55873883487366],[-114.51478796487274,61.60982243021098],[-114.72948284503794,61.60982243021098],[-114.83683028512054,61.55873883487366],[-115.15887260536833,61.55873883487366],[-115.37356748553354,61.45631886376126],[-115.37356748553354,61.30205548762482]],[[-120.84828692974607,66.73764575422304],[-121.17032924999386,66.61012722574449],[-121.49237157024166,66.56747461901428],[-121.70706645040686,66.48194914501269],[-121.92176133057204,66.48194914501269],[-122.02910877065463,66.4390760728002],[-122.02910877065463,66.2668458243624],[-121.92176133057204,66.22360325979113],[-121.59971901032426,66.22360325979113],[-121.27767669007646,66.09342991967408],[-121.06298180991126,66.09342991967408],[-120.95563436982866,66.0498899156839],[-120.95563436982866,65.87498271185967],[-121.27767669007646,65.78707936140081],[-121.70706645040686,65.78707936140081],[-121.81441389048946,65.74301489007688],[-121.81441389048946,65.65465984246234],[-121.92176133057204,65.56600263789885],[-122.45849853098504,65.38777847677217],[-122.45849853098504,65.16328403339642],[-122.56584597106763,65.11815555437116],[-122.56584597106763,65.02766818649816],[-122.45849853098504,64.982309092856],[-121.70706645040686,64.982309092856],[-121.59971901032426,65.02766818649816],[-121.59971901032426,65.16328403339642],[-121.49237157024166,65.20833584570578],[-121.49237157024166,65.34303230679743],[-120.63359204958086,65.6103690610713],[-120.41889716941566,65.56600263789885],[-119.98950740908526,65.56600263789885],[-119.66746508883749,65.65465984246234],[-119.66746508883749,65.74301489007688],[-119.45277020867229,65.78707936140081],[-118.70133812809408,65.78707936140081],[-118.59399068801149,65.74301489007688],[-118.37929580784629,65.74301489007688],[-118.16460092768108,65.83106860114236],[-117.94990604751588,66.00627529546507],[-117.94990604751588,66.18028648918006],[-118.05725348759849,66.22360325979113],[-118.37929580784629,66.22360325979113],[-118.48664324792888,66.18028648918006],[-119.77481252892007,66.18028648918006],[-119.88215996900266,66.22360325979113],[-120.20420228925046,66.22360325979113],[-120.41889716941566,66.31001428542714],[-120.41889716941566,66.39612930713272],[-119.88215996900266,66.69521269091906],[-119.88215996900266,66.78000584121904],[-119.98950740908526,66.82229305429743],[-120.52624460949826,66.78000584121904],[-120.63359204958086,66.73764575422304],[-120.84828692974607,66.73764575422304]],[[-114.19274564462494,68.09760882473718],[-114.40744052479013,68.09760882473718],[-114.51478796487274,68.05753004287031],[-114.51478796487274,67.97716324123057],[-114.40744052479013,67.93687501840274],[-114.19274564462494,67.93687501840274],[-114.08539820454233,67.97716324123057],[-114.08539820454233,68.05753004287031],[-114.19274564462494,68.09760882473718]],[[-106.46372995867782,31.884848643589123],[-107.21516203925604,31.884848643589123],[-107.3225094793386,31.793652446012555],[-107.42985691942121,31.884848643589123],[-108.0739415599168,31.884848643589123],[-108.18128899999941,31.793652446012555],[-108.18128899999941,31.519524028832986],[-108.0739415599168,31.42796842848256],[-107.8592466797516,31.42796842848256],[-107.75189923966902,31.519524028832986],[-107.42985691942121,31.519524028832986],[-107.3225094793386,31.610989995104607],[-107.21516203925604,31.519524028832986],[-106.46372995867782,31.519524028832986],[-106.35638251859523,31.42796842848256],[-106.14168763843004,31.42796842848256],[-106.03434019834744,31.519524028832986],[-106.03434019834744,31.702366182183635],[-106.14168763843004,31.793652446012555],[-106.35638251859523,31.793652446012555],[-106.46372995867782,31.884848643589123]]],[[[-64.16883856613391,50.08413108125314],[-65.6717027272903,50.08413108125314],[-65.7790501673729,50.015199906515456],[-66.10109248762069,50.015199906515456],[-66.53048224795108,49.8770404348235],[-66.85252456819889,49.59953184701818],[-66.95987200828151,49.11006846353501],[-66.85252456819889,49.03974729023968],[-66.63782968803369,49.03974729023968],[-66.20843992770328,49.180290106185325],[-65.8863976074555,49.180290106185325],[-65.7790501673729,49.250412253733444],[-64.9202706467121,49.250412253733444],[-64.81292320662952,49.180290106185325],[-64.59822832646431,49.180290106185325],[-64.16883856613391,49.03974729023968],[-63.84679624588611,48.75746659902173],[-63.84679624588611,48.331053948398896],[-64.27618600621652,48.18811764031537],[-64.9202706467121,47.8290274166459],[-65.3496604070425,47.8290274166459],[-65.5643552872077,47.68469099084147],[-65.5643552872077,47.612372606109766],[-65.7790501673729,47.612372606109766],[-66.31578736778589,47.39481648519173],[-67.49660920869448,47.39481648519173],[-67.60395664877707,47.467435375809124],[-67.92599896902487,47.467435375809124],[-68.03334640910748,47.53995407537537],[-68.24804128927266,47.53995407537537],[-68.35538872935527,47.612372606109766],[-68.67743104960306,47.612372606109766],[-68.78477848968566,47.68469099084147],[-68.99947336985086,47.68469099084147],[-68.99947336985086,47.75690925300668],[-69.21416825001604,47.90104550640105],[-69.21416825001604,48.18811764031537],[-69.42886313018127,48.25963575113587],[-69.53621057026385,48.40237226087875],[-69.42886313018127,48.75746659902173],[-69.32151569009865,48.82818623930576],[-69.32151569009865,48.969326551305464],[-68.78477848968566,49.39035820842239],[-68.78477848968566,49.46018208936878],[-68.03334640910748,49.8770404348235],[-67.81865152894227,50.152963271655175],[-67.60395664877707,50.290330871727456],[-67.60395664877707,50.35886636880315],[-67.28191432852928,50.56388018318153],[-67.17456688844668,50.700062617848666],[-67.17456688844668,50.83585073384839],[-66.95987200828151,51.10624554270598],[-66.74517712811628,51.24085302117429],[-66.63782968803369,51.575654348938926],[-66.31578736778589,51.84173243141162],[-66.31578736778589,51.90800754149963],[-65.7790501673729,52.23791939892247],[-65.5643552872077,52.30360942804774],[-65.3496604070425,52.30360942804774],[-65.2423129669599,52.36920214381426],[-64.81292320662952,52.36920214381426],[-64.06149112605131,51.974184997302075],[-63.95414368596871,51.84173243141162],[-63.95414368596871,51.7088890276377],[-63.84679624588611,51.64232062469016],[-63.84679624588611,50.63202071387575],[-63.95414368596871,50.56388018318153],[-63.95414368596871,50.22169652066329],[-64.16883856613391,50.08413108125314]],[[-67.38926176861187,49.11006846353501],[-67.71130408885968,49.11006846353501],[-67.92599896902487,48.969326551305464],[-67.92599896902487,48.82818623930576],[-67.81865152894227,48.75746659902173],[-67.60395664877707,48.75746659902173],[-67.28191432852928,48.898806212290104],[-67.28191432852928,49.03974729023968],[-67.38926176861187,49.11006846353501]]],[[[-172.58975304955865,52.1062471694317],[-172.37505816939347,52.36920214381426],[-172.05301584914565,52.36920214381426],[-171.94566840906305,52.30360942804774],[-171.94566840906305,52.172131998540635],[-172.05301584914565,52.1062471694317],[-172.48240560947605,52.1062471694317],[-172.69710048964126,51.90800754149963],[-173.66322745038465,51.84173243141162],[-173.87792233054986,51.974184997302075],[-173.87792233054986,52.1062471694317],[-172.58975304955865,52.1062471694317]]],[[[-3.195492599217819,54.47957199152673],[-3.0881451591352205,54.54189338863701],[-2.7661028388874245,54.54189338863701],[-2.5514079587222267,54.41715548610648],[-2.5514079587222267,54.292036866843475],[-2.6587553988048254,54.22933461211832],[-2.980797719052622,54.1665369673231],[-3.195492599217819,54.22933461211832],[-3.195492599217819,54.47957199152673]]],[[[-86.92649586364485,55.88904955277522],[-86.60445354339704,55.88904955277522],[-85.85302146281886,55.64749791125178],[-85.63832658265366,55.64749791125178],[-85.42363170248848,55.58687595055081],[-84.56485218182767,55.15989225552906],[-84.45750474174507,55.037049293376135],[-84.45750474174507,54.8520762569476],[-84.35015730166249,54.79022932509724],[-84.35015730166249,54.666251143474184],[-84.45750474174507,54.604119748738945],[-84.45750474174507,54.41715548610648],[-84.77954706199287,54.1665369673231],[-84.77954706199287,54.103643862891026],[-84.99424194215807,53.977570998621616],[-85.31628426240587,53.977570998621616],[-85.42363170248848,53.91439110143009],[-86.28241122314927,53.91439110143009],[-86.38975866323186,53.851115469898126],[-87.57058050414045,53.851115469898126],[-87.99997026447083,53.977570998621616],[-88.21466514463604,53.977570998621616],[-89.28813954546203,54.292036866843475],[-89.61018186570982,54.47957199152673],[-89.82487674587503,54.54189338863701],[-89.93222418595761,54.8520762569476],[-90.03957162604021,54.913828513351724],[-90.03957162604021,55.0985179645872],[-90.1469190661228,55.15989225552906],[-90.1469190661228,55.708026174302915],[-90.03957162604021,55.768460817077575],[-90.03957162604021,55.88904955277522],[-89.39548698554462,56.2485770112259],[-88.85874978513162,56.367675361523325],[-88.42936002480124,56.54562746446035],[-87.99997026447083,56.54562746446035],[-87.57058050414045,56.367675361523325],[-87.35588562397527,56.069232455559785],[-87.14119074381004,55.94920380192265],[-86.92649586364485,55.88904955277522]]],[[[-155.19946775617765,55.64749791125178],[-155.30681519626026,55.58687595055081],[-155.62885751650805,55.64749791125178],[-155.62885751650805,55.768460817077575],[-155.41416263634287,55.88904955277522],[-155.19946775617765,55.82880191724643],[-155.19946775617765,55.64749791125178]]],[[[-156.48763703716887,56.18888851000377],[-156.27294215700365,56.009264743238155],[-156.27294215700365,55.94920380192265],[-156.48763703716887,55.82880191724643],[-156.70233191733402,56.009264743238155],[-156.70233191733402,56.18888851000377],[-156.48763703716887,56.18888851000377]]],[[[-5.449788840952394,57.939460421224496],[-5.342441400869794,58.2232431231921],[-5.127746520704597,58.33612530807777],[-5.127746520704597,58.44864804217248],[-4.9130516405394,58.61675973145561],[-4.698356760374202,58.61675973145561],[-4.591009320291603,58.56081203747032],[-3.410187479383017,58.56081203747032],[-3.0881451591352205,58.2232431231921],[-3.3028400393004183,57.99639756961955],[-3.410187479383017,57.99639756961955],[-3.8395772397134116,57.768105752537004],[-3.8395772397134116,57.538362098692595],[-3.732229799630813,57.48069868808136],[-3.410187479383017,57.48069868808136],[-3.3028400393004183,57.538362098692595],[-2.7661028388874245,57.538362098692595],[-2.444060518639628,57.36509827022348],[-2.444060518639628,57.3071610924705],[-2.1220181983918316,57.07449727789026],[-2.1220181983918316,56.95761512927702],[-2.336713078557029,56.78160222354425],[-2.7661028388874245,56.663799530547124],[-2.980797719052622,56.663799530547124],[-3.517534919465615,56.30817260164944],[-4.268967000043807,56.12910701801206],[-4.698356760374202,55.88904955277522],[-4.698356760374202,55.64749791125178],[-4.8057042004568,55.58687595055081],[-4.8057042004568,55.46535062820545],[-4.698356760374202,55.40444711332046],[-4.376314440126407,55.40444711332046],[-4.054272119878609,55.221172240800264],[-3.8395772397134116,55.221172240800264],[-3.732229799630813,55.037049293376135],[-4.054272119878609,54.8520762569476],[-4.268967000043807,54.79022932509724],[-4.268967000043807,54.728287644822046],[-4.698356760374202,54.728287644822046],[-4.8057042004568,54.79022932509724],[-4.8057042004568,55.221172240800264],[-4.9130516405394,55.28235799531661],[-5.235093960787196,55.28235799531661],[-5.449788840952394,55.0985179645872],[-5.557136281034992,55.15989225552906],[-5.77183116120019,55.15989225552906],[-5.77183116120019,55.40444711332046],[-5.879178601282788,55.46535062820545],[-6.093873481447987,55.46535062820545],[-6.2012209215305845,55.40444711332046],[-6.5232632417783805,55.58687595055081],[-6.5232632417783805,55.708026174302915],[-6.415915801695784,55.82880191724643],[-6.2012209215305845,55.94920380192265],[-6.2012209215305845,56.069232455559785],[-6.5232632417783805,56.30817260164944],[-6.8453055620261765,56.30817260164944],[-6.952653002108776,56.367675361523325],[-6.952653002108776,56.48640271199461],[-6.737958121943579,56.54562746446035],[-6.415915801695784,56.72274700764712],[-6.415915801695784,56.84036526063502],[-6.5232632417783805,56.89903620157506],[-6.5232632417783805,57.132800665893654],[-6.630610681860979,57.19101237483916],[-6.8453055620261765,57.19101237483916],[-6.952653002108776,57.132800665893654],[-6.952653002108776,56.95761512927702],[-7.274695322356572,56.78160222354425],[-7.274695322356572,56.72274700764712],[-7.489390202521769,56.604759710108915],[-7.596737642604369,56.663799530547124],[-7.596737642604369,56.89903620157506],[-7.382042762439171,57.01610212690856],[-7.382042762439171,57.3071610924705],[-7.596737642604369,57.36509827022348],[-7.596737642604369,57.48069868808136],[-7.489390202521769,57.59593442448904],[-7.167347882273973,57.768105752537004],[-7.167347882273973,58.05324432627344],[-6.952653002108776,58.2232431231921],[-6.5232632417783805,58.33612530807777],[-6.2012209215305845,58.504774837544204],[-6.093873481447987,58.504774837544204],[-5.879178601282788,58.392431562050945],[-5.879178601282788,58.110000778818986],[-6.093873481447987,57.99639756961955],[-6.093873481447987,57.88243279367289],[-5.986526041365387,57.82531459976866],[-5.77183116120019,57.82531459976866],[-5.449788840952394,57.939460421224496]]],[[[-75.11827745455899,62.316204004913445],[-75.01093001447639,62.26628924709419],[-74.2594979338982,62.26628924709419],[-74.04480305373302,62.316204004913445],[-73.7227607334852,62.465452203807374],[-73.40071841323741,62.465452203807374],[-73.07867609298961,62.316204004913445],[-72.86398121282441,62.26628924709419],[-72.75663377274181,62.166211097334305],[-72.32724401241143,62.06580077342205],[-72.11254913224623,61.863980432110715],[-71.89785425208103,61.863980432110715],[-71.89785425208103,61.81331650047983],[-71.57581193183323,61.66082189617619],[-71.25376961158544,61.60982243021098],[-71.25376961158544,61.250465059593175],[-71.03907473142026,61.147029664712996],[-70.82437985125503,61.147029664712996],[-70.50233753100724,61.04325423646849],[-69.96560033059426,61.09518450332296],[-69.85825289051165,61.04325423646849],[-69.21416825001604,61.04325423646849],[-68.99947336985086,60.83468017676543],[-68.99947336985086,60.729879998657374],[-69.32151569009865,60.57203612904188],[-69.32151569009865,59.82514757084166],[-69.21416825001604,59.77114597991183],[-69.21416825001604,59.390679907724376],[-68.89212592976827,59.226302766787946],[-68.89212592976827,59.061129874759075],[-68.67743104960306,58.89515875874101],[-68.35538872935527,58.89515875874101],[-68.03334640910748,58.728386960614245],[-68.03334640910748,58.61675973145561],[-67.92599896902487,58.56081203747032],[-67.71130408885968,58.56081203747032],[-67.28191432852928,58.33612530807777],[-67.06721944836407,58.33612530807777],[-66.85252456819889,58.504774837544204],[-66.63782968803369,58.504774837544204],[-66.4231348078685,58.67261800920349],[-66.4231348078685,58.78406667578318],[-66.31578736778589,58.83965724499881],[-65.99374504753808,58.83965724499881],[-65.6717027272903,59.005894982670895],[-65.6717027272903,59.226302766787946],[-65.4570078471251,59.33597579095718],[-65.4570078471251,59.71705689922596],[-65.1349655268773,59.879061765638255],[-64.9202706467121,60.09384646145253],[-64.9202706467121,60.20071687822821],[-64.70557576654691,60.3603722175984],[-64.49088088638172,60.3603722175984],[-64.27618600621652,60.307240349409405],[-64.06149112605131,60.20071687822821],[-64.06149112605131,60.09384646145253],[-63.84679624588611,59.98662834211258],[-63.84679624588611,59.879061765638255],[-63.63210136572093,59.71705689922596],[-63.63210136572093,59.60861589489641],[-63.41740648555572,59.49982381210001],[-63.41740648555572,59.390679907724376],[-63.09536416530793,59.226302766787946],[-63.09536416530793,59.116276075171285],[-62.88066928514272,59.005894982670895],[-62.88066928514272,58.95057130767929],[-62.55862696489494,58.728386960614245],[-62.55862696489494,58.56081203747032],[-62.23658464464714,58.392431562050945],[-62.23658464464714,58.16666701510455],[-61.914542324399335,57.939460421224496],[-61.807194884316736,57.939460421224496],[-61.59250000415155,57.82531459976866],[-61.59250000415155,57.36509827022348],[-61.27045768390375,57.132800665893654],[-61.05576280373855,57.07449727789026],[-61.05576280373855,56.84036526063502],[-61.37780512398635,56.72274700764712],[-61.37780512398635,56.30817260164944],[-61.16311024382115,56.18888851000377],[-61.05576280373855,56.18888851000377],[-60.948415363655954,55.88904955277522],[-61.16311024382115,55.768460817077575],[-61.48515256406895,55.768460817077575],[-61.59250000415155,55.708026174302915],[-62.23658464464714,55.708026174302915],[-62.34393208472974,55.64749791125178],[-63.09536416530793,55.64749791125178],[-63.202711605390526,55.708026174302915],[-64.06149112605131,55.708026174302915],[-64.16883856613391,55.768460817077575],[-64.9202706467121,55.768460817077575],[-65.0276180867947,55.82880191724643],[-66.74517712811628,55.82880191724643],[-66.85252456819889,55.768460817077575],[-67.38926176861187,55.768460817077575],[-68.03334640910748,55.58687595055081],[-68.24804128927266,55.58687595055081],[-68.67743104960306,55.40444711332046],[-68.78477848968566,55.40444711332046],[-71.14642217150283,54.22933461211832],[-71.36111705166803,54.1665369673231],[-71.57581193183323,54.1665369673231],[-71.89785425208103,54.04065522960934],[-72.11254913224623,54.04065522960934],[-72.43459145249402,53.91439110143009],[-72.64928633265922,53.91439110143009],[-72.97132865290702,53.7877440362525],[-73.40071841323741,53.7877440362525],[-73.50806585332002,53.724276733085816],[-74.4741928140634,53.724276733085816],[-74.581540254146,53.7877440362525],[-75.01093001447639,53.7877440362525],[-75.11827745455899,53.851115469898126],[-75.76236209505457,53.851115469898126],[-75.86970953513718,53.7877440362525],[-76.19175185538498,53.7877440362525],[-76.29909929546757,53.724276733085816],[-76.72848905579798,53.724276733085816],[-76.83583649588056,53.6607134933589],[-77.26522625621097,53.6607134933589],[-77.37257369629356,53.597054250403154],[-77.69461601654136,53.597054250403154],[-77.80196345662397,53.533298937923],[-78.66074297728477,53.533298937923],[-78.76809041736735,53.46944748999824],[-79.09013273761514,53.597054250403154],[-79.09013273761514,53.91439110143009],[-79.30482761778033,54.04065522960934],[-79.41217505786294,54.1665369673231],[-79.41217505786294,54.292036866843475],[-79.73421737811074,54.54189338863701],[-79.73421737811074,54.604119748738945],[-79.62686993802814,54.604119748738945],[-79.41217505786294,54.728287644822046],[-79.19748017769774,54.728287644822046],[-78.33870065703695,54.97548616761677],[-78.01665833678915,55.15989225552906],[-77.90931089670654,55.15989225552906],[-77.15787881612836,55.58687595055081],[-77.15787881612836,55.64749791125178],[-76.83583649588056,55.82880191724643],[-76.83583649588056,55.88904955277522],[-76.62114161571537,56.009264743238155],[-76.62114161571537,56.18888851000377],[-76.51379417563278,56.2485770112259],[-76.51379417563278,57.07449727789026],[-76.62114161571537,57.132800665893654],[-76.62114161571537,57.3071610924705],[-76.83583649588056,57.48069868808136],[-76.83583649588056,57.59593442448904],[-77.05053137604577,57.82531459976866],[-77.69461601654136,58.16666701510455],[-77.80196345662397,58.16666701510455],[-78.23135321695435,58.392431562050945],[-78.33870065703695,58.392431562050945],[-78.55339553720215,58.56081203747032],[-78.55339553720215,58.89515875874101],[-78.44604809711954,58.89515875874101],[-78.23135321695435,59.005894982670895],[-78.12400577687177,59.17133367531739],[-77.90931089670654,59.281183441352354],[-77.90931089670654,59.390679907724376],[-77.80196345662397,59.44529588394948],[-77.80196345662397,59.66288023532123],[-77.47992113637616,59.77114597991183],[-77.47992113637616,59.879061765638255],[-77.58726857645877,59.93288865808266],[-77.58726857645877,60.20071687822821],[-77.69461601654136,60.254021934615196],[-77.69461601654136,60.46637669482693],[-77.90931089670654,60.62473669398391],[-78.01665833678915,60.62473669398391],[-78.23135321695435,60.729879998657374],[-77.69461601654136,61.147029664712996],[-77.69461601654136,61.250465059593175],[-77.80196345662397,61.30205548762482],[-77.80196345662397,61.50757101205719],[-78.01665833678915,61.66082189617619],[-78.01665833678915,61.81331650047983],[-78.12400577687177,61.863980432110715],[-78.12400577687177,62.26628924709419],[-77.37257369629356,62.564538604025365],[-77.15787881612836,62.564538604025365],[-77.05053137604577,62.51503657732353],[-76.51379417563278,62.51503657732353],[-76.29909929546757,62.41578538368998],[-75.76236209505457,62.366036017266076],[-75.655014654972,62.316204004913445],[-75.11827745455899,62.316204004913445]]],[[[-132.9785476590797,58.334689411140396],[-132.98129828703566,58.33756807705441],[-132.9785476590797,58.33612530807777],[-132.9785476590797,58.334689411140396]]],[[[-146.18228278923937,59.281183441352354],[-146.28963022932197,59.390679907724376],[-146.07493534915676,59.44529588394948],[-145.96758790907415,59.390679907724376],[-145.96758790907415,59.281183441352354],[-146.18228278923937,59.281183441352354]]],[[[-167.97381312600692,64.93687292291104],[-167.8664656859243,64.982309092856],[-167.6517708057591,64.93687292291104],[-167.7591182458417,64.84576894473413],[-167.97381312600692,64.84576894473413],[-167.97381312600692,64.93687292291104]]],[[[-175.38078649170623,67.73438161965574],[-175.27343905162363,67.73438161965574],[-174.95139673137584,67.61204009103284],[-174.84404929129323,67.48906108540766],[-174.41465953096284,67.32409268987836],[-174.30731209088023,67.11627167312652],[-174.19996465079763,67.07449171208789],[-173.12649024997165,67.07449171208789],[-173.01914280988905,67.03263959333766],[-172.48240560947605,67.03263959333766],[-172.37505816939347,66.99071521462257],[-172.05301584914565,66.99071521462257],[-171.94566840906305,66.94871847366743],[-171.51627864873268,66.94871847366743],[-171.3015837685675,66.90664926817593],[-171.3015837685675,66.82229305429743],[-170.97954144831968,66.69521269091906],[-170.97954144831968,66.65270654890035],[-170.01341448757628,66.2668458243624],[-169.90606704749368,66.2668458243624],[-169.58402472724595,66.13689540998948],[-169.3693298470807,66.13689540998948],[-169.2619824069981,66.00627529546507],[-169.4766772871633,65.87498271185967],[-169.90606704749368,65.87498271185967],[-170.1207619276589,65.78707936140081],[-170.1207619276589,65.56600263789885],[-170.33545680782407,65.47704245606988],[-170.55015168798928,65.47704245606988],[-170.7648465681545,65.34303230679743],[-170.97954144831968,65.38777847677217],[-171.40893120865007,65.38777847677217],[-171.83832096898047,65.29820987994597],[-171.83832096898047,65.11815555437116],[-171.7309735288979,65.07295030620709],[-171.7309735288979,64.982309092856],[-172.05301584914565,64.80010093186594],[-172.16036328922826,64.80010093186594],[-172.37505816939347,64.70853234714905],[-172.37505816939347,64.61665300218004],[-172.05301584914565,64.47824952094652],[-171.94566840906305,64.38558969948002],[-171.94566840906305,64.29261625831272],[-172.16036328922826,64.29261625831272],[-172.80444792972386,64.10572525405611],[-173.23383769005426,64.19932838159734],[-173.44853257021947,64.19932838159734],[-173.66322745038465,64.24601167536716],[-174.30731209088023,64.57059653909398],[-174.41465953096284,64.57059653909398],[-174.62935441112802,64.66263157080414],[-175.16609161154102,64.66263157080414],[-175.70282881195402,64.89135957431343],[-175.70282881195402,65.16328403339642],[-175.81017625203663,65.25331109373784],[-176.13221857228447,65.38777847677217],[-176.3469134524496,65.38777847677217],[-176.5616083326148,65.47704245606988],[-176.77630321278,65.47704245606988],[-176.8836506528626,65.38777847677217],[-177.0983455330278,65.34303230679743],[-178.27916737393645,65.34303230679743],[-178.386514814019,65.43244849236207],[-178.386514814019,65.6103690610713],[-178.70855713426678,65.78707936140081],[-178.70855713426678,65.96258595646087],[-178.8159045743494,66.00627529546507],[-179.24529433467978,66.00627529546507],[-179.3526417747624,65.96258595646087],[-179.3526417747624,65.74301489007688],[-178.923252014432,65.56600263789885],[-178.923252014432,65.38777847677217],[-179.13794689459718,65.29820987994597],[-179.13794689459718,65.16328403339642],[-179.24529433467978,65.07295030620709],[-179.56733665492757,64.93687292291104],[-179.84606493813916,64.93687292291104],[-179.84606493813916,64.89135957431343],[-179.9534123782217,64.89135957431343],[-180.0,64.87154013849243],[-180.0,68.17755765790557],[-179.8893789751754,68.17755765790557],[-179.84606493813916,68.17755765790557],[-178.386514814019,68.17755765790557],[-178.27916737393645,68.13761799593962],[-176.8836506528626,68.13761799593962],[-176.77630321278,68.09760882473718],[-176.5616083326148,68.09760882473718],[-176.13221857228447,67.93687501840274],[-175.48813393178884,67.81558984275198],[-175.38078649170623,67.73438161965574]],[[-174.19996465079763,66.86450749583136],[-174.30731209088023,66.82229305429743],[-174.30731209088023,66.61012722574449],[-174.19996465079763,66.56747461901428],[-173.98526977063247,66.56747461901428],[-173.87792233054986,66.61012722574449],[-173.87792233054986,66.82229305429743],[-173.98526977063247,66.86450749583136],[-174.19996465079763,66.86450749583136]]],[[[2.7086166053251124,18.0154089702204],[2.493921725159915,17.91329356038111],[1.4204473243339273,17.91329356038111],[0.9910575640035325,18.2194620396343],[0.776362683838335,18.626849108153184],[0.776362683838335,18.830178529683675],[0.6690152437557362,18.931751218282404],[0.6690152437557362,19.337421925475553],[0.5616678036731374,19.438683192947572],[0.5616678036731374,19.641016093534642],[0.776362683838335,19.94403723063933],[0.776362683838335,20.145729324859577],[0.9910575640035325,20.347161291363605],[1.5277947644165262,20.347161291363605],[1.8498370846643226,19.94403723063933],[2.3865742850773164,19.843094312087526],[2.8159640454077115,19.438683192947572],[3.030658925572909,19.033262182617797],[3.030658925572909,18.52509294180596],[2.7086166053251124,18.11746522641902],[2.7086166053251124,18.0154089702204]]],[[[12.047843892511205,19.539881341019477],[12.047843892511205,19.236097815720672],[11.72580157226341,18.931751218282404],[11.511106692098211,18.52509294180596],[11.189064371850414,18.2194620396343],[10.974369491685218,18.11746522641902],[10.759674611520019,18.11746522641902],[10.008242530941828,17.708886441743395],[8.827420690033243,17.708886441743395],[8.720073249950643,17.811119287162903],[8.290683489620248,17.811119287162903],[7.431903968959459,18.42327618435853],[7.431903968959459,18.626849108153184],[7.32455652887686,18.728544398699956],[7.32455652887686,19.033262182617797],[7.2172090887942595,19.134711141758032],[7.2172090887942595,19.742087175299755],[7.32455652887686,19.843094312087526],[7.32455652887686,20.145729324859577],[7.539251409042056,20.347161291363605],[7.646598849124655,20.347161291363605],[7.968641169372452,20.64881680078603],[8.07598860945505,20.64881680078603],[8.398030929702847,20.949874994025702],[8.934768130115842,21.050093756508183],[9.256810450363636,21.250328758445193],[11.081716931767817,21.250328758445193],[11.296411811933012,21.050093756508183],[11.403759252015613,21.050093756508183],[11.833149012346006,20.749236253229157],[11.833149012346006,20.64881680078603],[12.155191332593803,20.347161291363605],[12.262538772676402,20.145729324859577],[12.155191332593803,19.641016093534642],[12.047843892511205,19.539881341019477]]],[[[4.318828206564094,22.247386312672052],[5.070260287142285,22.247386312672052],[5.284955167307483,22.048530593102235],[5.284955167307483,21.849394954946884],[4.640870526811891,21.15024509812786],[4.426175646646693,21.050093756508183],[3.7820910061511,21.550171062235243],[3.7820910061511,21.64998141302629],[4.318828206564094,22.247386312672052]]],[[[4.74821796689449,23.237396759281964],[4.74821796689449,23.631372827817543],[5.070260287142285,23.827918636481314],[5.284955167307483,23.827918636481314],[5.606997487555279,23.631372827817543],[5.714344927637878,23.434531574532674],[5.606997487555279,23.237396759281964],[5.392302607390082,23.13871985881631],[4.855565406977088,23.13871985881631],[4.74821796689449,23.237396759281964]]],[[[2.8159640454077115,23.827918636481314],[2.493921725159915,24.12217931371678],[2.493921725159915,24.317978384187665],[2.8159640454077115,24.611110358684737],[3.352701245820705,24.611110358684737],[3.6747435660685017,24.317978384187665],[3.6747435660685017,23.827918636481314],[3.460048685903304,23.631372827817543],[3.245353805738106,23.631372827817543],[3.1380063656555084,23.532989014478684],[2.92331148549031,23.631372827817543],[2.8159640454077115,23.827918636481314]]],[[[3.245353805738106,25.389428724491406],[3.5673961259859026,25.776725106816485],[3.9967858863162977,25.776725106816485],[4.211480766481495,25.486370217376354],[4.211480766481495,25.195312230886753],[3.889438446233699,25.000885837457414],[3.5673961259859026,25.000885837457414],[3.352701245820705,25.195312230886753],[3.245353805738106,25.389428724491406]]],[[[10.867022051602618,33.24188963201788],[11.081716931767817,33.24188963201788],[11.403759252015613,33.06214003106419],[11.403759252015613,32.33947370634587],[10.867022051602618,32.15789542458963],[10.65232717143742,32.24872994820336],[10.544979731354822,32.4301265623242],[10.544979731354822,32.972127229789685],[10.65232717143742,33.152060874243155],[10.867022051602618,33.24188963201788]]],[[[10.437632291272223,37.01577395225742],[10.437632291272223,36.93001082427084],[10.65232717143742,36.75819485216455],[10.65232717143742,36.49974788139689],[10.437632291272223,36.24043539206523],[10.437632291272223,36.06708075266529],[10.544979731354822,35.98025981495283],[9.79354765077663,35.369841264099165],[9.79354765077663,35.28225807621148],[9.578852770611434,35.10680730326771],[9.578852770611434,34.6665262574832],[9.79354765077663,34.578187338959665],[9.79354765077663,34.04618411469159],[10.008242530941828,33.86810206844883],[10.008242530941828,33.51082213536464],[10.115589971024427,33.42127038729951],[10.115589971024427,33.24188963201788],[10.008242530941828,33.152060874243155],[9.686200210694034,33.152060874243155],[9.578852770611434,33.24188963201788],[9.256810450363636,33.24188963201788],[8.827420690033243,33.42127038729951],[8.612725809868044,33.42127038729951],[8.18333604953765,33.778921386279684],[7.968641169372452,33.86810206844883],[7.968641169372452,34.135085243721136],[7.753946289207254,34.2238929550305],[7.753946289207254,34.401227665632334],[7.968641169372452,34.578187338959665],[8.505378369785445,34.489754438041246],[8.612725809868044,34.578187338959665],[8.612725809868044,34.93097802481002],[8.720073249950643,35.018939924924325],[8.720073249950643,35.19458005498219],[8.612725809868044,35.28225807621148],[8.398030929702847,35.28225807621148],[8.290683489620248,35.19458005498219],[8.07598860945505,35.369841264099165],[8.07598860945505,35.89334325682506],[7.968641169372452,35.98025981495283],[8.07598860945505,35.98025981495283],[8.18333604953765,36.06708075266529],[8.290683489620248,35.98025981495283],[8.505378369785445,35.98025981495283],[8.612725809868044,36.06708075266529],[8.827420690033243,36.06708075266529],[9.04211557019844,36.24043539206523],[8.934768130115842,36.672142177443384],[9.04211557019844,36.75819485216455],[9.04211557019844,36.93001082427084],[9.256810450363636,37.10144039687032],[9.471505330528835,37.01577395225742],[9.90089509085923,37.01577395225742],[10.008242530941828,37.10144039687032],[10.330284851189624,37.10144039687032],[10.437632291272223,37.01577395225742]]],[[[5.392302607390082,36.24043539206523],[4.962912847059687,35.89334325682506],[4.211480766481495,35.6320208141094],[3.9967858863162977,35.71922366000156],[3.889438446233699,36.15380597602237],[3.5673961259859026,36.672142177443384],[3.6747435660685017,36.8441510961673],[3.889438446233699,36.93001082427084],[4.855565406977088,36.93001082427084],[5.284955167307483,36.75819485216455],[5.284955167307483,36.585993158149776],[5.392302607390082,36.49974788139689],[5.392302607390082,36.24043539206523]]],[[[6.680471888381267,37.10144039687032],[6.8951667685464635,36.93001082427084],[7.109861648711662,36.93001082427084],[7.32455652887686,37.10144039687032],[7.539251409042056,37.10144039687032],[7.753946289207254,36.93001082427084],[7.753946289207254,36.06708075266529],[7.861293729289853,35.98025981495283],[7.646598849124655,35.98025981495283],[7.539251409042056,35.89334325682506],[7.002514208629063,35.89334325682506],[6.787819328463867,36.06708075266529],[6.46577700821607,36.06708075266529],[6.2510821280508715,35.98025981495283],[5.9290398078030755,36.15380597602237],[5.9290398078030755,36.41340643526715],[6.036387247885674,36.49974788139689],[6.036387247885674,36.672142177443384],[6.143734687968273,36.8441510961673],[6.46577700821607,37.10144039687032],[6.680471888381267,37.10144039687032]]],[[[15.697656855319561,37.86807438217152],[15.375614535071767,37.35785881227011],[14.838877334658774,37.35785881227011],[14.731529894576173,37.27248290774042],[13.872750373915382,37.27248290774042],[13.013970853254595,37.613404171875324],[12.691928533006797,37.86807438217152],[12.691928533006797,38.12186742609129],[12.799275973089395,38.20626984385122],[13.550708053667588,38.20626984385122],[13.765402933832787,38.037367329096],[14.624182454493573,38.037367329096],[14.94622477474137,38.20626984385122],[15.482961975154364,38.20626984385122],[15.697656855319561,38.037367329096],[15.697656855319561,37.86807438217152]]],[[[9.686200210694034,39.04490671459681],[9.149463010281037,39.04490671459681],[8.398030929702847,39.54336982806356],[8.398030929702847,40.0382782113889],[8.827420690033243,40.366236650795464],[8.934768130115842,40.529620553245785],[8.934768130115842,40.69260708890572],[9.04211557019844,40.77395123451486],[9.471505330528835,40.77395123451486],[9.686200210694034,40.69260708890572],[10.008242530941828,40.366236650795464],[10.008242530941828,39.79126909476386],[9.90089509085923,39.70873484132367],[9.90089509085923,39.21145531027617],[9.686200210694034,39.04490671459681]]],[[[10.974369491685218,44.48436483295215],[11.833149012346006,44.17721198245368],[12.047843892511205,44.17721198245368],[12.4772336528416,43.94579184051353],[12.584581092924198,43.79100925242813],[12.799275973089395,43.79100925242813],[13.336013173502389,43.40229470292579],[13.658055493750187,42.932524028238994],[13.980097813997983,42.69628436745891],[13.980097813997983,42.61733730731169],[14.409487574328377,42.37989492421928],[14.409487574328377,42.30054714306595],[14.838877334658774,41.98215511185959],[14.838877334658774,41.90230701658623],[15.268267094989167,41.58191518150745],[15.482961975154364,41.501567518772426],[15.482961975154364,41.42112004114412],[15.805004295402162,41.17917907100006],[15.91235173548476,41.01738667655179],[15.91235173548476,40.85519590853],[16.019699175567357,40.77395123451486],[16.019699175567357,40.61116351407393],[16.12704661564996,40.529620553245785],[16.12704661564996,40.284395799923466],[16.341741495815153,40.12041653224588],[16.341741495815153,39.95604083127171],[16.98582613631075,39.54336982806356],[16.98582613631075,39.377609835293114],[16.77113125614555,39.29458186080299],[16.77113125614555,39.12823024185877],[16.449088935897755,38.87796452423702],[16.234394055732555,38.87796452423702],[16.019699175567357,39.04490671459681],[16.019699175567357,39.29458186080299],[15.805004295402162,39.46053917649785],[15.805004295402162,39.70873484132367],[15.697656855319561,39.79126909476386],[15.375614535071767,39.79126909476386],[15.160919654906568,39.95604083127171],[15.053572214823971,39.95604083127171],[14.94622477474137,40.0382782113889],[14.94622477474137,40.284395799923466],[14.838877334658774,40.366236650795464],[14.516835014410976,40.366236650795464],[14.302140134245779,40.44797825050503],[14.302140134245779,40.93634106943207],[14.087445254080581,41.09833269006698],[13.550708053667588,41.09833269006698],[13.44336061358499,41.17917907100006],[13.013970853254595,41.17917907100006],[12.691928533006797,41.42112004114412],[12.799275973089395,41.98215511185959],[12.584581092924198,42.221099244224966],[12.584581092924198,42.45914256186136],[12.369886212759,42.775131188767375],[12.047843892511205,43.011070005049405],[11.61845413218081,43.167860975294346],[11.189064371850414,43.48023848499155],[10.867022051602618,43.55808184471464],[10.65232717143742,43.713467241415664],[10.330284851189624,43.713467241415664],[9.90089509085923,43.86845078916144],[9.79354765077663,44.02303239612954],[9.471505330528835,44.25415099616343],[9.04211557019844,44.407727427707634],[9.04211557019844,44.78990893746685],[9.364157890446236,44.94207763480928],[9.79354765077663,44.94207763480928],[9.90089509085923,44.86604356749865],[10.115589971024427,44.86604356749865],[10.330284851189624,44.713673746318904],[10.544979731354822,44.713673746318904],[10.759674611520019,44.63733799637365],[10.974369491685218,44.48436483295215]]],[[[8.720073249950643,41.742310927262785],[8.612725809868044,41.82235894482845],[8.612725809868044,42.14155125432201],[8.505378369785445,42.30054714306595],[8.827420690033243,42.61733730731169],[9.04211557019844,42.61733730731169],[9.364157890446236,42.85387774938338],[9.471505330528835,43.011070005049405],[9.578852770611434,43.011070005049405],[9.79354765077663,42.775131188767375],[9.79354765077663,41.90230701658623],[9.686200210694034,41.82235894482845],[9.686200210694034,41.501567518772426],[9.471505330528835,41.17917907100006],[9.256810450363636,41.17917907100006],[8.827420690033243,41.3405727834166],[8.720073249950643,41.742310927262785]]],[[[3.460048685903304,42.379844852463656],[3.5673961259859026,42.30054714306595],[3.5673961259859026,42.14155125432201],[3.460048685903304,42.06190320078757],[3.1380063656555084,42.06190320078757],[2.92331148549031,42.14155125432201],[3.352701245820705,42.14155125432201],[3.460048685903304,42.221099244224966],[3.460048685903304,42.379844852463656]]],[[[3.460048685903304,42.379844852463656],[3.352701245820705,42.45914256186136],[3.460048685903304,42.37989492421928],[3.460048685903304,42.379844852463656]]],[[[16.663783816062953,43.55808184471464],[16.234394055732555,43.55808184471464],[16.019699175567357,43.713467241415664],[16.019699175567357,43.86845078916144],[16.12704661564996,44.02303239612954],[16.341741495815153,44.02303239612954],[16.341741495815153,43.86845078916144],[16.449088935897755,43.79100925242813],[16.663783816062953,43.79100925242813],[16.663783816062953,43.55808184471464]]],[[[16.663783816062953,43.79100925242813],[16.77113125614555,43.94579184051353],[16.87847869622815,43.86845078916144],[16.663783816062953,43.79100925242813]]],[[[15.053572214823971,44.78990893746685],[15.053572214823971,45.24520826956407],[15.268267094989167,45.1695764550113],[15.482961975154364,45.1695764550113],[15.697656855319561,45.32073952397887],[15.697656855319561,45.54672995605021],[15.91235173548476,45.54672995605021],[16.12704661564996,45.39617022087439],[16.12704661564996,45.24520826956407],[15.91235173548476,45.24520826956407],[15.697656855319561,45.093844078398824],[15.697656855319561,44.78990893746685],[15.590309415236964,44.713673746318904],[15.160919654906568,44.713673746318904],[15.053572214823971,44.78990893746685]]],[[[14.19479269416318,45.093844078398824],[13.980097813997983,45.1695764550113],[14.19479269416318,45.24520826956407],[14.624182454493573,45.24520826956407],[14.731529894576173,45.32073952397887],[14.409487574328377,45.093844078398824],[14.19479269416318,45.093844078398824]]],[[[9.364157890446236,46.51556765263661],[9.149463010281037,46.367620988793774],[9.149463010281037,46.14494759506308],[9.256810450363636,46.07052217801639],[10.008242530941828,46.07052217801639],[10.115589971024427,45.99599626735031],[10.330284851189624,45.99599626735031],[10.437632291272223,46.07052217801639],[10.437632291272223,46.29349698935901],[10.544979731354822,46.29349698935901],[10.759674611520019,46.44164453897456],[10.759674611520019,46.58939034316711],[10.867022051602618,46.51556765263661],[11.189064371850414,46.51556765263661],[11.296411811933012,46.58939034316711],[11.296411811933012,46.73673451162491],[11.189064371850414,46.810256019560896],[10.974369491685218,46.810256019560896],[10.759674611520019,46.88367716437708],[10.65232717143742,47.030218431703744],[10.437632291272223,47.030218431703744],[10.759674611520019,47.2492780449923],[10.759674611520019,47.322097381916535],[11.081716931767817,47.17635845404607],[11.511106692098211,47.17635845404607],[11.833149012346006,47.322097381916535],[12.369886212759,47.39481648519173],[12.4772336528416,47.467435375809124],[12.584581092924198,47.39481648519173],[12.799275973089395,47.39481648519173],[13.013970853254595,47.2492780449923],[13.22866573341979,47.2492780449923],[13.336013173502389,47.322097381916535],[13.336013173502389,47.68469099084147],[13.22866573341979,47.75690925300668],[12.906623413171994,47.75690925300668],[12.691928533006797,47.68469099084147],[12.584581092924198,47.75690925300668],[12.262538772676402,47.75690925300668],[11.940496452428606,47.612372606109766],[11.61845413218081,47.612372606109766],[11.403759252015613,47.467435375809124],[10.867022051602618,47.53995407537537],[10.759674611520019,47.612372606109766],[10.544979731354822,47.612372606109766],[10.330284851189624,47.467435375809124],[10.115589971024427,47.612372606109766],[9.578852770611434,47.612372606109766],[9.686200210694034,47.68469099084147],[10.008242530941828,47.68469099084147],[10.115589971024427,47.75690925300668],[11.189064371850414,47.75690925300668],[12.047843892511205,48.044781565817566],[12.691928533006797,48.044781565817566],[12.799275973089395,47.90104550640105],[13.013970853254595,47.90104550640105],[13.44336061358499,48.11649958774512],[15.697656855319561,48.11649958774512],[16.019699175567357,47.97296354751276],[16.019699175567357,47.8290274166459],[16.12704661564996,47.75690925300668],[16.12704661564996,47.53995407537537],[16.019699175567357,47.39481648519173],[15.697656855319561,47.17635845404607],[15.482961975154364,47.103338589325915],[15.268267094989167,47.103338589325915],[15.160919654906568,47.030218431703744],[15.160919654906568,46.810256019560896],[15.375614535071767,46.73673451162491],[15.375614535071767,46.66311262460235],[14.94622477474137,46.66311262460235],[14.838877334658774,46.51556765263661],[14.516835014410976,46.51556765263661],[14.409487574328377,46.44164453897456],[13.980097813997983,46.58939034316711],[13.336013173502389,46.58939034316711],[13.22866573341979,46.51556765263661],[13.22866573341979,46.44164453897456],[13.22866573341979,46.367620988793774],[13.336013173502389,46.29349698935901],[13.013970853254595,46.07052217801639],[12.155191332593803,46.07052217801639],[11.833149012346006,45.92136985363141],[11.511106692098211,45.92136985363141],[11.403759252015613,45.84664292809512],[11.189064371850414,45.84664292809512],[10.437632291272223,45.54672995605021],[9.686200210694034,45.54672995605021],[9.578852770611434,45.62185900302726],[9.256810450363636,45.62185900302726],[9.04211557019844,45.62185900302726],[8.290683489620248,45.62185900302726],[8.18333604953765,45.54672995605021],[7.968641169372452,45.54672995605021],[7.753946289207254,45.32073952397887],[7.753946289207254,45.093844078398824],[7.646598849124655,45.01801113850464],[7.646598849124655,44.86604356749865],[7.753946289207254,44.78990893746685],[7.968641169372452,44.78990893746685],[8.18333604953765,44.713673746318904],[8.398030929702847,44.56090169066647],[8.398030929702847,44.48436483295215],[8.720073249950643,44.17721198245368],[8.720073249950643,44.10017244639913],[8.398030929702847,43.86845078916144],[8.398030929702847,43.79100925242813],[8.18333604953765,43.63582476797619],[7.861293729289853,43.63582476797619],[7.753946289207254,43.55808184471464],[7.968641169372452,43.86845078916144],[7.968641169372452,44.10017244639913],[7.861293729289853,44.17721198245368],[7.431903968959459,44.17721198245368],[7.32455652887686,44.10017244639913],[7.32455652887686,43.94579184051353],[7.539251409042056,43.86845078916144],[7.32455652887686,43.713467241415664],[7.32455652887686,43.55808184471464],[7.431903968959459,43.48023848499155],[7.2172090887942595,43.324250513397324],[6.46577700821607,43.324250513397324],[5.9290398078030755,43.08951566031014],[5.714344927637878,43.08951566031014],[5.49965004747268,43.011070005049405],[5.177607727224884,43.167860975294346],[5.177607727224884,43.40229470292579],[5.070260287142285,43.48023848499155],[5.070260287142285,43.63582476797619],[4.74821796689449,43.79100925242813],[4.74821796689449,43.86845078916144],[4.533523086729291,44.02303239612954],[4.318828206564094,44.02303239612954],[4.211480766481495,43.86845078916144],[3.6747435660685017,43.48023848499155],[3.1380063656555084,43.324250513397324],[2.8159640454077115,43.08951566031014],[2.8159640454077115,42.69628436745891],[3.030658925572909,42.53829003096801],[3.352701245820705,42.45914256186136],[2.8159640454077115,42.45914256186136],[2.6012691652425137,42.37989492421928],[1.7424896445817237,42.69628436745891],[1.5277947644165262,42.69628436745891],[1.20575244416873,42.85387774938338],[0.776362683838335,42.85387774938338],[0.6690152437557362,42.775131188767375],[0.13227804334274235,42.775131188767375],[0.02493060326014359,42.85387774938338],[-0.5118065971528503,42.85387774938338],[-0.6191540372354489,43.011070005049405],[-0.8338489174006465,43.011070005049405],[-1.048543797565844,43.08951566031014],[-1.048543797565844,43.167860975294346],[-1.2632386777310416,43.324250513397324],[-1.3705861178136403,43.324250513397324],[-1.3705861178136403,43.40229470292579],[-1.1558912376484427,43.48023848499155],[-0.9411963574832454,43.48023848499155],[-0.4044591570702515,43.167860975294346],[-0.18976427690505393,43.08951566031014],[0.02493060326014359,43.08951566031014],[0.34697292350793985,42.932524028238994],[1.20575244416873,42.932524028238994],[1.3130998842513288,43.011070005049405],[1.635142204499125,43.011070005049405],[1.7424896445817237,43.08951566031014],[2.06453196482952,43.08951566031014],[2.3865742850773164,43.324250513397324],[2.493921725159915,43.713467241415664],[2.7086166053251124,43.86845078916144],[2.92331148549031,43.86845078916144],[3.030658925572909,43.94579184051353],[3.030658925572909,44.33098948013483],[3.460048685903304,44.713673746318904],[3.7820910061511,44.713673746318904],[3.9967858863162977,44.63733799637365],[4.318828206564094,44.33098948013483],[4.640870526811891,44.33098948013483],[4.74821796689449,44.407727427707634],[4.74821796689449,44.713673746318904],[5.070260287142285,45.01801113850464],[5.070260287142285,45.24520826956407],[5.177607727224884,45.39617022087439],[5.49965004747268,45.62185900302726],[5.606997487555279,45.84664292809512],[5.9290398078030755,45.99599626735031],[6.036387247885674,45.92136985363141],[6.35842956813347,45.92136985363141],[6.680471888381267,46.21927252858975],[6.680471888381267,46.07052217801639],[6.8951667685464635,45.84664292809512],[6.787819328463867,45.77181548264847],[6.787819328463867,45.54672995605021],[7.002514208629063,45.32073952397887],[7.002514208629063,45.1695764550113],[6.787819328463867,45.1695764550113],[6.680471888381267,45.093844078398824],[6.680471888381267,44.78990893746685],[6.8951667685464635,44.713673746318904],[6.8951667685464635,44.56090169066647],[6.787819328463867,44.48436483295215],[6.787819328463867,44.25415099616343],[6.8951667685464635,44.17721198245368],[7.109861648711662,44.17721198245368],[7.2172090887942595,44.25415099616343],[7.2172090887942595,44.48436483295215],[7.32455652887686,44.56090169066647],[7.32455652887686,44.78990893746685],[7.109861648711662,44.86604356749865],[7.109861648711662,45.01801113850464],[7.32455652887686,45.01801113850464],[7.431903968959459,45.093844078398824],[7.431903968959459,45.39617022087439],[7.2172090887942595,45.62185900302726],[7.431903968959459,45.696887509872944],[7.431903968959459,45.77181548264847],[7.431903968959459,45.84664292809512],[7.109861648711662,46.14494759506308],[7.109861648711662,46.367620988793774],[7.002514208629063,46.44164453897456],[7.002514208629063,46.58939034316711],[7.109861648711662,46.73673451162491],[7.646598849124655,46.88367716437708],[8.07598860945505,47.103338589325915],[8.934768130115842,47.103338589325915],[9.149463010281037,47.39481648519173],[9.471505330528835,47.39481648519173],[9.578852770611434,47.322097381916535],[9.471505330528835,47.2492780449923],[9.471505330528835,46.88367716437708],[9.90089509085923,46.73673451162491],[10.115589971024427,46.73673451162491],[10.115589971024427,46.58939034316711],[9.90089509085923,46.367620988793774],[9.79354765077663,46.367620988793774],[9.578852770611434,46.51556765263661],[9.364157890446236,46.51556765263661]],[[8.290683489620248,46.07052217801639],[8.612725809868044,46.07052217801639],[8.720073249950643,46.14494759506308],[8.720073249950643,46.367620988793774],[8.612725809868044,46.44164453897456],[8.398030929702847,46.44164453897456],[8.18333604953765,46.29349698935901],[8.18333604953765,46.14494759506308],[8.290683489620248,46.07052217801639]],[[12.369886212759,47.103338589325915],[12.155191332593803,47.103338589325915],[12.047843892511205,47.030218431703744],[12.047843892511205,46.95699796267812],[12.047843892511205,46.810256019560896],[12.155191332593803,46.73673451162491],[12.369886212759,46.73673451162491],[12.4772336528416,46.810256019560896],[12.4772336528416,47.030218431703744],[12.369886212759,47.103338589325915]]],[[[14.94622477474137,46.21927252858975],[14.731529894576173,46.07052217801639],[14.731529894576173,45.92136985363141],[14.94622477474137,45.62185900302726],[14.516835014410976,45.62185900302726],[14.409487574328377,45.54672995605021],[14.19479269416318,45.54672995605021],[14.19479269416318,45.62185900302726],[13.980097813997983,45.77181548264847],[13.980097813997983,46.14494759506308],[13.765402933832787,46.21927252858975],[13.980097813997983,46.29349698935901],[14.087445254080581,46.21927252858975],[14.302140134245779,46.21927252858975],[14.409487574328377,46.29349698935901],[14.409487574328377,46.21927252858975],[14.516835014410976,46.14494759506308],[14.731529894576173,46.14494759506308],[14.94622477474137,46.21927252858975]]],[[[15.375614535071767,46.367620988793774],[14.94622477474137,46.21927252858975],[15.053572214823971,46.367620988793774],[15.375614535071767,46.367620988793774]]],[[[9.90089509085923,47.103338589325915],[9.90089509085923,47.2492780449923],[10.008242530941828,47.2492780449923],[10.008242530941828,47.17635845404607],[10.222937411107026,47.030218431703744],[10.437632291272223,47.030218431703744],[10.222937411107026,46.88367716437708],[10.115589971024427,47.030218431703744],[9.90089509085923,47.103338589325915]]],[[[11.61845413218081,54.97548616761677],[11.081716931767817,54.97548616761677],[10.867022051602618,54.79022932509724],[10.437632291272223,54.79022932509724],[10.222937411107026,54.8520762569476],[10.008242530941828,54.97548616761677],[10.008242530941828,55.0985179645872],[10.222937411107026,55.221172240800264],[10.330284851189624,55.40444711332046],[10.974369491685218,55.708026174302915],[11.403759252015613,55.82880191724643],[11.61845413218081,55.82880191724643],[11.833149012346006,55.708026174302915],[11.833149012346006,55.46535062820545],[12.047843892511205,55.343449594308844],[12.155191332593803,55.343449594308844],[12.155191332593803,54.97548616761677],[11.833149012346006,54.8520762569476],[11.61845413218081,54.97548616761677]]],[[[12.906623413172046,66.86450749583136],[12.906623413172046,66.94871847366743],[13.121318293337245,66.82229305429743],[12.906623413172046,66.86450749583136]]],[[[33.624679349113556,28.640383799857528],[33.51733190903096,28.734555670992535],[33.51733190903096,28.828642756643113],[33.732026789196155,29.01656186396325],[34.05406910944395,29.01656186396325],[34.26876398960915,28.922644879658538],[34.26876398960915,28.640383799857528],[34.16141654952655,28.451786415114285],[33.94672166936135,28.35736126118528],[33.732026789196155,28.35736126118528],[33.624679349113556,28.451786415114285],[33.624679349113556,28.640383799857528]]],[[[36.63040767142632,31.702366182183635],[36.73775511150892,31.884848643589123],[36.845102551591516,31.884848643589123],[37.27449231192191,32.24872994820336],[37.38183975200451,32.24872994820336],[37.811229512334904,32.520688380493],[37.703882072252306,32.33947370634587],[37.703882072252306,32.15789542458963],[38.1332718325827,31.884848643589123],[38.1332718325827,31.610989995104607],[38.3479667127479,31.519524028832986],[38.1332718325827,31.33632334022438],[37.38183975200451,31.33632334022438],[37.27449231192191,31.519524028832986],[37.059797431756714,31.519524028832986],[36.95244999167413,31.42796842848256],[36.95244999167413,31.244588911287696],[37.16714487183931,31.15276528996092],[37.16714487183931,31.060852625592524],[37.703882072252306,30.599958959636748],[37.91857695241751,30.229656877733944],[38.2406192726653,30.229656877733944],[38.3479667127479,30.322364033464854],[38.3479667127479,30.507515232808796],[38.88470391316089,30.876760770430327],[39.314093673491286,30.876760770430327],[39.52878855365649,30.78458188364166],[39.63613599373909,30.507515232808796],[39.958178313986885,30.229656877733944],[40.06552575406948,29.951011109441147],[40.81695783464767,29.20413971751256],[40.924305274730266,29.20413971751256],[41.13900015489547,29.01656186396325],[41.89043223547366,29.01656186396325],[42.10512711563886,28.922644879658538],[42.10512711563886,28.640383799857528],[42.21247455572146,28.546127321464198],[42.21247455572146,28.35736126118528],[42.427169435886654,28.073582133838563],[42.427169435886654,27.217755229167416],[42.319821995804055,27.1222517607006],[42.319821995804055,26.7394237643568],[42.10512711563886,26.355302720910906],[41.461042475143266,25.87335283157524],[41.24634759497807,25.776725106816485],[41.03165271481287,25.776725106816485],[40.709610394565075,25.583233587655904],[40.17287319415208,25.680018621667664],[40.06552575406948,25.776725106816485],[39.85083087390428,25.776725106816485],[39.20674623340869,26.451453501149125],[38.3479667127479,27.97882181488867],[38.2406192726653,28.451786415114285],[38.1332718325827,28.546127321464198],[38.1332718325827,28.922644879658538],[38.2406192726653,29.01656186396325],[38.2406192726653,29.297800239979384],[38.3479667127479,29.39137493017932],[38.3479667127479,29.76481197032236],[38.2406192726653,29.857954960083028],[38.02592439250011,29.857954960083028],[37.703882072252306,29.578266132035054],[37.489187192087115,29.484863617408198],[37.27449231192191,29.484863617408198],[37.16714487183931,29.578266132035054],[37.16714487183931,29.857954960083028],[36.95244999167413,29.951011109441147],[36.73775511150892,30.322364033464854],[36.73775511150892,30.507515232808796],[36.63040767142632,30.599958959636748],[36.63040767142632,30.968851068591913],[36.52306023134372,31.060852625592524],[36.30836535117852,31.060852625592524],[36.093670471013326,30.78458188364166],[36.093670471013326,30.599958959636748],[35.55693327060033,30.229656877733944],[35.449585830517734,29.951011109441147],[35.449585830517734,30.229656877733944],[35.342238390435135,30.322364033464854],[35.12754351026994,30.322364033464854],[35.02019607018734,30.229656877733944],[35.02019607018734,29.857954960083028],[34.80550119002214,29.76481197032236],[34.80550119002214,29.297800239979384],[34.91284863010474,29.20413971751256],[34.590806309856944,29.20413971751256],[34.37611142969175,29.39137493017932],[34.37611142969175,29.671582305501712],[33.94672166936135,29.951011109441147],[33.94672166936135,30.507515232808796],[33.839374229278754,30.599958959636748],[33.839374229278754,31.060852625592524],[33.94672166936135,31.15276528996092],[34.16141654952655,31.15276528996092],[34.16141654952655,30.968851068591913],[34.26876398960915,30.876760770430327],[34.483458869774346,30.876760770430327],[34.590806309856944,30.968851068591913],[34.590806309856944,31.15276528996092],[34.80550119002214,31.33632334022438],[34.80550119002214,31.15276528996092],[34.91284863010474,31.060852625592524],[35.342238390435135,31.060852625592524],[35.449585830517734,30.876760770430327],[35.66428071068293,30.876760770430327],[35.77162815076553,30.968851068591913],[35.77162815076553,31.519524028832986],[35.878975590848135,31.610989995104607],[35.878975590848135,32.4301265623242],[36.201017911095924,32.15789542458963],[36.30836535117852,31.975954632965344],[36.30836535117852,31.793652446012555],[36.41571279126113,31.702366182183635],[36.63040767142632,31.702366182183635]],[[34.69815374993954,30.692314561823256],[34.483458869774346,30.692314561823256],[34.37611142969175,30.599958959636748],[34.37611142969175,30.41498353813185],[34.483458869774346,30.322364033464854],[34.69815374993954,30.322364033464854],[34.80550119002214,30.41498353813185],[34.80550119002214,30.599958959636748],[34.69815374993954,30.692314561823256]]],[[[35.342238390435135,29.671582305501712],[35.449585830517734,29.578266132035054],[35.449585830517734,29.39137493017932],[35.234890950352536,29.39137493017932],[35.342238390435135,29.671582305501712]]],[[[34.80550119002214,31.702366182183635],[34.91284863010474,31.793652446012555],[34.91284863010474,31.519524028832986],[34.80550119002214,31.42796842848256],[34.80550119002214,31.702366182183635]]],[[[34.91284863010474,31.975954632965344],[35.02019607018734,31.975954632965344],[34.91284863010474,31.884848643589123],[34.91284863010474,31.975954632965344]]],[[[35.234890950352536,31.975954632965344],[35.342238390435135,32.066970273246405],[35.342238390435135,32.24872994820336],[35.449585830517734,32.15789542458963],[35.449585830517734,31.793652446012555],[35.234890950352536,31.975954632965344]]],[[[20.52829165903651,32.33947370634587],[20.635639099119103,32.33947370634587],[20.8503339792843,32.520688380493],[21.0650288594495,32.520688380493],[21.172376299532097,32.61115902625336],[21.601766059862495,32.61115902625336],[21.816460940027692,32.4301265623242],[21.816460940027692,32.24872994820336],[21.709113499945094,32.15789542458963],[21.387071179697298,32.066970273246405],[20.957681419366903,31.793652446012555],[20.742986539201706,31.793652446012555],[20.420944218953906,31.975954632965344],[20.420944218953906,32.15789542458963],[20.52829165903651,32.33947370634587]]],[[[35.234890950352536,32.61115902625336],[35.77162815076553,32.972127229789685],[35.77162815076553,32.79182626737811],[35.66428071068293,32.61115902625336],[35.234890950352536,32.61115902625336]]],[[[25.788316223083847,35.10680730326771],[25.46627390283605,34.754771083719405],[25.144231582588255,34.754771083719405],[24.929536702423054,34.93097802481002],[24.178104621844863,34.93097802481002],[23.963409741679666,35.018939924924325],[23.963409741679666,35.28225807621148],[24.178104621844863,35.45732951678698],[24.39279950201006,35.45732951678698],[24.714841822257856,35.28225807621148],[25.144231582588255,35.28225807621148],[25.25157902267085,35.369841264099165],[25.46627390283605,35.369841264099165],[25.680968783001248,35.28225807621148],[25.788316223083847,35.10680730326771]]],[[[22.88993534085368,36.8441510961673],[22.567893020605883,36.8441510961673],[22.353198140440686,37.01577395225742],[22.353198140440686,37.44313770996685],[22.24585070035809,37.52831952234705],[21.816460940027692,37.52831952234705],[21.709113499945094,37.613404171875324],[21.601766059862495,37.86807438217152],[21.816460940027692,38.037367329096],[22.13850326027549,38.037367329096],[22.353198140440686,37.86807438217152],[22.353198140440686,37.52831952234705],[22.460545580523284,37.44313770996685],[22.78258790077108,37.44313770996685],[23.104630221018876,37.27248290774042],[23.104630221018876,37.01577395225742],[22.88993534085368,36.8441510961673]]],[[[24.285452061927465,38.12186742609129],[24.070757181762268,38.12186742609129],[23.963409741679666,38.20626984385122],[23.74871486151447,38.20626984385122],[23.426672541266672,38.45889032606184],[23.426672541266672,38.62681432552263],[23.64136742143187,38.79434598375222],[23.74871486151447,38.79434598375222],[23.856062301597067,38.71062922965364],[24.178104621844863,38.71062922965364],[24.50014694209266,38.54290133585468],[24.50014694209266,38.20626984385122],[24.285452061927465,38.12186742609129]]],[[[19.562164698293117,42.53829003096801],[19.562164698293117,42.37989492421928],[19.884207018540913,42.221099244224966],[20.09890189870611,42.221099244224966],[20.52829165903651,41.98215511185959],[20.52829165903651,41.82235894482845],[20.420944218953906,41.742310927262785],[20.420944218953906,41.09833269006698],[20.635639099119103,40.77395123451486],[20.957681419366903,40.529620553245785],[21.172376299532097,40.529620553245785],[21.2797237396147,40.61116351407393],[21.92380838011029,40.61116351407393],[22.03115582019289,40.69260708890572],[22.03115582019289,40.85519590853],[22.353198140440686,40.85519590853],[22.24585070035809,40.77395123451486],[22.24585070035809,40.61116351407393],[22.67524046068848,40.284395799923466],[22.78258790077108,40.284395799923466],[22.88993534085368,40.12041653224588],[22.88993534085368,39.95604083127171],[23.104630221018876,39.70873484132367],[23.104630221018876,39.377609835293114],[22.88993534085368,39.29458186080299],[22.88993534085368,39.12823024185877],[22.78258790077108,39.04490671459681],[22.78258790077108,38.71062922965364],[22.567893020605883,38.54290133585468],[22.24585070035809,38.54290133585468],[22.13850326027549,38.45889032606184],[21.601766059862495,38.45889032606184],[21.387071179697298,38.62681432552263],[21.2797237396147,38.79434598375222],[21.2797237396147,39.12823024185877],[20.8503339792843,39.46053917649785],[20.635639099119103,39.54336982806356],[20.635639099119103,39.79126909476386],[20.8503339792843,39.87370444205166],[20.8503339792843,40.0382782113889],[21.0650288594495,40.12041653224588],[21.0650288594495,40.284395799923466],[20.957681419366903,40.366236650795464],[20.742986539201706,40.366236650795464],[20.635639099119103,40.284395799923466],[20.635639099119103,40.12041653224588],[20.420944218953906,40.0382782113889],[20.420944218953906,39.87370444205166],[20.206249338788712,39.79126909476386],[20.206249338788712,39.70873484132367],[19.991554458623515,39.70873484132367],[19.562164698293117,40.0382782113889],[19.454817258210525,40.0382782113889],[19.24012237804532,40.366236650795464],[19.34746981812792,40.44797825050503],[19.34746981812792,40.77395123451486],[19.454817258210525,40.85519590853],[19.454817258210525,41.17917907100006],[19.34746981812792,41.25992578121537],[19.454817258210525,41.3405727834166],[19.454817258210525,41.58191518150745],[19.132774937962722,41.82235894482845],[19.24012237804532,41.90230701658623],[19.24012237804532,42.14155125432201],[19.24012237804532,42.221099244224966],[19.025427497880123,42.45914256186136],[18.810732617714926,42.45914256186136],[18.810732617714926,42.775131188767375],[18.918080057797525,42.85387774938338],[18.918080057797525,43.011070005049405],[19.24012237804532,43.011070005049405],[19.34746981812792,42.85387774938338],[19.991554458623515,42.85387774938338],[19.991554458623515,42.61733730731169],[19.669512138375715,42.61733730731169],[19.562164698293117,42.53829003096801]]],[[[23.104630221018876,40.69260708890572],[22.99728278093628,40.69260708890572],[22.88993534085368,40.85519590853],[23.104630221018876,41.09833269006698],[23.856062301597067,41.09833269006698],[24.285452061927465,41.25992578121537],[24.50014694209266,41.25992578121537],[24.82218926234046,41.09833269006698],[25.144231582588255,41.09833269006698],[25.25157902267085,41.01738667655179],[26.056783820248818,41.01738667655179],[25.895663663166445,40.93634106943207],[25.25157902267085,40.93634106943207],[25.144231582588255,41.01738667655179],[24.60749438217526,41.01738667655179],[24.50014694209266,40.93634106943207],[24.285452061927465,40.93634106943207],[23.963409741679666,40.44797825050503],[23.74871486151447,40.366236650795464],[23.534019981349278,40.366236650795464],[23.104630221018876,40.69260708890572]]],[[[21.92380838011029,40.93634106943207],[21.387071179697298,40.93634106943207],[21.601766059862495,41.09833269006698],[21.92380838011029,41.09833269006698],[21.92380838011029,40.93634106943207]]],[[[26.21770598341424,41.09833269006698],[26.110358543331643,41.01738667655179],[26.056783820248818,41.01738667655179],[26.21770598341424,41.09833269006698]]],[[[21.601766059862495,41.98215511185959],[21.92380838011029,41.98215511185959],[22.03115582019289,42.06190320078757],[22.353198140440686,42.06190320078757],[22.460545580523284,41.98215511185959],[22.67524046068848,41.98215511185959],[22.78258790077108,42.06190320078757],[22.78258790077108,42.61733730731169],[22.99728278093628,42.69628436745891],[22.99728278093628,42.85387774938338],[22.88993534085368,42.932524028238994],[22.567893020605883,42.932524028238994],[22.353198140440686,42.775131188767375],[22.353198140440686,42.37989492421928],[22.03115582019289,42.37989492421928],[22.03115582019289,42.61733730731169],[21.816460940027692,42.775131188767375],[21.709113499945094,42.775131188767375],[21.494418619779896,42.932524028238994],[21.2797237396147,42.932524028238994],[21.172376299532097,42.85387774938338],[21.172376299532097,42.69628436745891],[21.494418619779896,42.45914256186136],[21.601766059862495,42.45914256186136],[21.601766059862495,42.37989492421928],[21.387071179697298,42.221099244224966],[21.0650288594495,42.221099244224966],[20.8503339792843,42.14155125432201],[20.8503339792843,42.30054714306595],[20.742986539201706,42.37989492421928],[20.52829165903651,42.37989492421928],[20.635639099119103,42.45914256186136],[20.635639099119103,42.61733730731169],[20.957681419366903,42.85387774938338],[20.957681419366903,42.932524028238994],[21.172376299532097,43.011070005049405],[21.172376299532097,43.167860975294346],[21.0650288594495,43.24610593205002],[20.742986539201706,43.24610593205002],[20.420944218953906,42.932524028238994],[20.206249338788712,43.011070005049405],[20.09890189870611,43.167860975294346],[19.776859578458314,43.24610593205002],[19.776859578458314,43.40229470292579],[19.884207018540913,43.48023848499155],[20.313596778871307,43.48023848499155],[20.420944218953906,43.40229470292579],[20.635639099119103,43.40229470292579],[20.742986539201706,43.48023848499155],[21.0650288594495,43.48023848499155],[21.387071179697298,43.324250513397324],[21.601766059862495,43.324250513397324],[21.709113499945094,43.40229470292579],[21.709113499945094,43.55808184471464],[21.387071179697298,43.94579184051353],[21.387071179697298,44.10017244639913],[21.601766059862495,44.407727427707634],[22.03115582019289,44.407727427707634],[22.13850326027549,44.33098948013483],[22.460545580523284,44.33098948013483],[22.567893020605883,44.10017244639913],[22.460545580523284,44.02303239612954],[22.460545580523284,43.86845078916144],[22.567893020605883,43.79100925242813],[22.78258790077108,43.79100925242813],[22.88993534085368,43.63582476797619],[23.534019981349278,43.63582476797619],[23.963409741679666,43.40229470292579],[24.60749438217526,43.40229470292579],[24.929536702423054,43.167860975294346],[25.036884142505656,43.011070005049405],[25.573621342918653,43.011070005049405],[25.788316223083847,43.24610593205002],[25.788316223083847,43.40229470292579],[26.003011103249044,43.55808184471464],[26.003011103249044,43.713467241415664],[25.895663663166445,43.79100925242813],[25.680968783001248,43.79100925242813],[25.680968783001248,43.94579184051353],[25.895663663166445,44.17721198245368],[26.325053423496843,44.17721198245368],[26.539748303662037,43.86845078916144],[26.861790623909833,43.86845078916144],[27.291180384240228,43.63582476797619],[27.61322270448803,43.63582476797619],[27.93526502473582,43.48023848499155],[28.14995990490102,43.48023848499155],[28.36465478506622,43.40229470292579],[28.36465478506622,43.167860975294346],[28.14995990490102,43.011070005049405],[28.14995990490102,42.61733730731169],[28.04261246481842,42.53829003096801],[28.04261246481842,42.221099244224966],[28.257307344983616,41.98215511185959],[28.14995990490102,42.06190320078757],[27.82791758465322,42.06190320078757],[27.720570144570623,41.98215511185959],[27.505875264405425,41.98215511185959],[27.398527824322827,42.14155125432201],[27.076485504075034,42.14155125432201],[26.647095743744636,41.98215511185959],[26.43240086357944,41.82235894482845],[26.110358543331643,41.742310927262785],[26.003011103249044,41.66216299538393],[26.003011103249044,41.42112004114412],[25.788316223083847,41.3405727834166],[25.358926462753452,41.3405727834166],[25.25157902267085,41.42112004114412],[24.929536702423054,41.42112004114412],[24.714841822257856,41.58191518150745],[24.070757181762268,41.58191518150745],[23.74871486151447,41.42112004114412],[23.211977661101475,41.42112004114412],[22.99728278093628,41.42112004114412],[22.88993534085368,41.42112004114412],[22.78258790077108,41.3405727834166],[22.78258790077108,41.501567518772426],[22.67524046068848,41.58191518150745],[22.03115582019289,41.58191518150745],[21.816460940027692,41.742310927262785],[21.172376299532097,41.742310927262785],[21.0650288594495,41.90230701658623],[21.494418619779896,41.90230701658623],[21.601766059862495,41.98215511185959]],[[26.21770598341424,41.98215511185959],[26.325053423496843,42.06190320078757],[26.325053423496843,42.221099244224966],[26.21770598341424,42.30054714306595],[25.46627390283605,42.37989492421928],[25.358926462753452,42.30054714306595],[25.358926462753452,42.14155125432201],[25.46627390283605,42.06190320078757],[26.21770598341424,41.98215511185959]],[[22.88993534085368,43.167860975294346],[22.99728278093628,43.24610593205002],[22.99728278093628,43.40229470292579],[22.88993534085368,43.48023848499155],[22.67524046068848,43.48023848499155],[22.567893020605883,43.40229470292579],[22.567893020605883,43.24610593205002],[22.67524046068848,43.167860975294346],[22.88993534085368,43.167860975294346]]],[[[18.918080057797525,43.48023848499155],[18.48869029746713,43.48023848499155],[18.38134285738453,43.40229470292579],[18.38134285738453,43.167860975294346],[18.166647977219338,43.011070005049405],[17.844605656971538,43.011070005049405],[17.62991077680634,43.167860975294346],[17.62991077680634,43.40229470292579],[17.844605656971538,43.55808184471464],[17.844605656971538,43.86845078916144],[18.38134285738453,44.25415099616343],[18.59603773754973,44.25415099616343],[18.703385177632327,44.17721198245368],[19.132774937962722,44.17721198245368],[19.24012237804532,44.02303239612954],[19.34746981812792,44.02303239612954],[19.24012237804532,43.94579184051353],[19.24012237804532,43.79100925242813],[19.34746981812792,43.63582476797619],[19.132774937962722,43.63582476797619],[18.918080057797525,43.48023848499155]]],[[[16.98582613631075,44.713673746318904],[17.200521016475946,44.86604356749865],[17.73725821688894,44.86604356749865],[17.844605656971538,44.78990893746685],[17.844605656971538,44.56090169066647],[17.62991077680634,44.407727427707634],[17.62991077680634,44.33098948013483],[17.415215896641143,44.25415099616343],[17.200521016475946,44.25415099616343],[16.98582613631075,44.407727427707634],[16.98582613631075,44.713673746318904]]],[[[29.8675189462226,45.01801113850464],[29.76017150614,45.01801113850464],[29.974866386305195,45.093844078398824],[29.8675189462226,45.01801113850464]]],[[[21.601766059862495,48.25963575113587],[21.816460940027692,48.11649958774512],[21.816460940027692,48.044781565817566],[21.494418619779896,47.90104550640105],[21.2797237396147,47.90104550640105],[21.0650288594495,48.044781565817566],[21.0650288594495,48.25963575113587],[21.601766059862495,48.25963575113587]]],[[[20.206249338788712,49.32043494226832],[20.206249338788712,49.250412253733444],[20.09890189870611,49.250412253733444],[20.09890189870611,49.32043494226832],[20.313596778871307,49.59953184701818],[20.52829165903651,49.66905780074645],[20.957681419366903,49.66905780074645],[21.172376299532097,49.46018208936878],[20.957681419366903,49.39035820842239],[20.8503339792843,49.46018208936878],[20.420944218953906,49.46018208936878],[20.206249338788712,49.32043494226832]]],[[[19.776859578458314,49.52990662281859],[19.776859578458314,49.46018208936878],[19.669588502101522,49.59943271781047],[19.776859578458314,49.52990662281859]]],[[[19.132774937962722,49.59953184701818],[19.34746981812792,49.66905780074645],[19.562164698293117,49.66905780074645],[19.669435556695774,49.59953184701818],[19.454817258210525,49.59953184701818],[19.34746981812792,49.46018208936878],[19.24012237804532,49.46018208936878],[19.132774937962722,49.59953184701818]]],[[[19.669512138375715,49.59953184701818],[19.669588502101522,49.59943271781047],[19.669435556695774,49.59953184701818],[19.669512138375715,49.59953184701818]]],[[[17.307868456558545,54.728287644822046],[17.415215896641143,54.728287644822046],[17.62991077680634,54.604119748738945],[17.62991077680634,54.41715548610648],[17.522563336723742,54.292036866843475],[17.307868456558545,54.22933461211832],[16.87847869622815,54.22933461211832],[16.77113125614555,54.292036866843475],[16.77113125614555,54.47957199152673],[17.307868456558545,54.728287644822046]]],[[[18.273995417301933,56.95761512927702],[17.951953097054137,57.19101237483916],[18.059300537136735,57.24913248889406],[18.059300537136735,57.42294410704886],[18.38134285738453,57.65341575131015],[18.38134285738453,57.71080616522634],[18.703385177632327,57.88243279367289],[18.918080057797525,57.88243279367289],[19.132774937962722,57.768105752537004],[19.24012237804532,57.768105752537004],[19.24012237804532,57.59593442448904],[19.132774937962722,57.538362098692595],[19.132774937962722,57.42294410704886],[19.24012237804532,57.3071610924705],[18.703385177632327,56.95761512927702],[18.273995417301933,56.95761512927702]]],[[[40.924305274730266,6.604117805345057],[40.81695783464767,6.390799297100225],[40.60226295448248,6.177391796246917],[40.17287319415208,6.177391796246917],[39.958178313986885,6.2841064880974615],[39.74348343382168,6.710742774946279],[39.74348343382168,7.456443637634351],[39.85083087390428,7.669273534481797],[40.17287319415208,7.988317971239523],[40.60226295448248,7.988317971239523],[40.924305274730266,7.669273534481797],[40.924305274730266,7.243510220862421],[41.03165271481287,7.137005595978341],[41.03165271481287,6.923922323971794],[40.924305274730266,6.817344402430241],[40.924305274730266,6.604117805345057]]],[[[56.8117264069549,18.728544398699956],[56.382336646624495,18.728544398699956],[56.06029432637669,18.931751218282404],[55.8455994462115,18.931751218282404],[55.6309045660463,19.033262182617797],[55.41620968588111,19.236097815720672],[55.41620968588111,19.539881341019477],[55.5235571259637,19.641016093534642],[55.6309045660463,20.145729324859577],[55.8455994462115,20.548330979217454],[56.382336646624495,21.050093756508183],[56.704378966872284,21.64998141302629],[56.91907384703749,21.849394954946884],[56.91907384703749,21.948997638303485],[57.56315848753308,22.247386312672052],[57.88520080778088,22.147993567999468],[58.31459056811127,21.74972279539479],[58.31459056811127,21.250328758445193],[57.88520080778088,20.548330979217454],[57.88520080778088,20.347161291363605],[57.34846360736788,19.337421925475553],[57.34846360736788,19.134711141758032],[57.241116167285284,18.931751218282404],[56.8117264069549,18.728544398699956]]],[[[51.766396723072745,20.347161291363605],[51.659049282990146,20.548330979217454],[51.766396723072745,20.64881680078603],[51.766396723072745,20.849589072120143],[52.08843904332054,21.15024509812786],[52.625176243733534,21.15024509812786],[52.83987112389873,21.050093756508183],[52.94721856398133,20.849589072120143],[52.94721856398133,20.548330979217454],[52.73252368381614,20.246477958877527],[52.517828803650936,20.145729324859577],[52.19578648340315,20.145729324859577],[51.766396723072745,20.347161291363605]]],[[[39.85083087390428,21.74972279539479],[40.17287319415208,22.048530593102235],[40.709610394565075,22.048530593102235],[40.81695783464767,21.948997638303485],[40.81695783464767,21.550171062235243],[40.60226295448248,21.15024509812786],[40.38756807431727,21.050093756508183],[39.958178313986885,21.050093756508183],[39.85083087390428,21.15024509812786],[39.85083087390428,21.74972279539479]]],[[[98.6772280391684,23.237396759281964],[98.784575479251,23.13871985881631],[97.92579595859021,23.532989014478684],[97.92579595859021,23.631372827817543],[98.1404908387554,23.827918636481314],[98.1404908387554,23.926080165327377],[98.247838278838,23.827918636481314],[98.5698805990858,23.827918636481314],[98.5698805990858,23.631372827817543],[98.6772280391684,23.532989014478684],[98.6772280391684,23.237396759281964]]],[[[63.14522537182822,27.408516557503113],[63.25257281191082,27.313176892890397],[63.03787793174562,27.313176892890397],[63.14522537182822,27.408516557503113]]],[[[60.890822350786536,32.066970273246405],[60.78358169001104,32.066970273246405],[60.67623424992844,32.15789542458963],[60.890822350786536,32.066970273246405]]],[[[60.49205973631236,32.85637853037247],[60.461539369763244,32.882022598765936],[60.461539369763244,32.972127229789685],[60.49205973631236,32.85637853037247]]],[[[133.4577986259304,36.32696890881425],[133.565146066013,36.24043539206523],[133.565146066013,36.06708075266529],[133.4577986259304,35.98025981495283],[133.1357563056826,35.98025981495283],[133.1357563056826,36.24043539206523],[133.2431037457652,36.32696890881425],[133.4577986259304,36.32696890881425]]],[[[74.30935914041848,37.10144039687032],[74.30935914041848,36.93001082427084],[73.8799693800881,36.93001082427084],[74.30935914041848,37.10144039687032]]],[[[142.1529412726209,39.21145531027617],[142.1529412726209,39.04490671459681],[142.0455938325383,38.87796452423702],[141.7235515122905,38.62681432552263],[141.7235515122905,38.12186742609129],[141.50885663212532,38.037367329096],[141.2941617519601,38.037367329096],[141.1868143118775,37.952769623825226],[141.1868143118775,36.8441510961673],[140.97211943171231,36.672142177443384],[140.75742455154713,36.32696890881425],[140.75742455154713,36.06708075266529],[140.86477199162977,35.98025981495283],[140.86477199162977,35.8063311732052],[141.0794668717949,35.6320208141094],[141.0794668717949,35.5447227334129],[140.75742455154713,35.45732951678698],[140.54272967138192,35.28225807621148],[140.54272967138192,35.018939924924325],[140.43538223129931,34.93097802481002],[140.32803479121677,34.93097802481002],[140.00599247096892,34.6665262574832],[139.8986450308863,34.6665262574832],[139.68395015072113,34.84292170878618],[139.46925527055592,34.84292170878618],[139.03986551022552,34.401227665632334],[138.50312830981255,34.489754438041246],[138.39578086972995,34.401227665632334],[137.10761158873876,34.401227665632334],[136.78556926849095,34.578187338959665],[136.46352694824319,34.578187338959665],[136.35617950816058,34.6665262574832],[136.14148462799537,34.6665262574832],[136.0341371879128,34.578187338959665],[134.2092307065086,34.578187338959665],[134.101883266426,34.6665262574832],[133.8871883862608,34.6665262574832],[133.2431037457652,35.10680730326771],[132.7063665453522,35.10680730326771],[132.5990191052696,35.19458005498219],[132.5990191052696,35.369841264099165],[132.7063665453522,35.45732951678698],[133.1357563056826,35.6320208141094],[133.2431037457652,35.5447227334129],[134.3165781465912,35.5447227334129],[134.4239255866738,35.6320208141094],[134.9606627870868,35.6320208141094],[135.06801022716937,35.71922366000156],[135.39005254741718,35.71922366000156],[135.4973999874998,35.6320208141094],[135.81944230774758,35.6320208141094],[135.92678974783018,35.71922366000156],[135.92678974783018,35.98025981495283],[136.0341371879128,36.15380597602237],[136.5708743883258,36.585993158149776],[136.67822182840837,36.75819485216455],[136.67822182840837,36.93001082427084],[136.5708743883258,37.10144039687032],[136.67822182840837,37.27248290774042],[137.21495902882134,37.52831952234705],[137.42965390898655,37.52831952234705],[137.53700134906916,37.44313770996685],[137.53700134906916,37.10144039687032],[137.64434878915176,37.01577395225742],[137.85904366931695,37.01577395225742],[138.28843342964734,37.18701007581168],[138.61047574989516,37.44313770996685],[138.71782318997776,37.698391581962284],[139.3619078304733,38.12186742609129],[139.3619078304733,38.374781362475],[139.79129759080374,38.87796452423702],[139.79129759080374,39.12823024185877],[140.00599247096892,39.377609835293114],[140.00599247096892,39.54336982806356],[139.57660271063853,39.79126909476386],[139.57660271063853,39.87370444205166],[139.8986450308863,40.0382782113889],[139.8986450308863,40.366236650795464],[139.79129759080374,40.44797825050503],[139.79129759080374,40.61116351407393],[140.54272967138192,40.93634106943207],[141.1868143118775,40.93634106943207],[141.4015091920427,41.01738667655179],[141.6162040722079,40.85519590853],[141.6162040722079,40.61116351407393],[141.9382463924557,40.366236650795464],[142.0455938325383,40.20245574456054],[142.1529412726209,39.62610173452914],[142.2602887127035,39.54336982806356],[142.2602887127035,39.29458186080299],[142.1529412726209,39.21145531027617]]],[[[70.33750385736235,39.87370444205166],[70.33750385736235,39.70873484132367],[70.44485129744493,39.62610173452914],[69.58607177678414,39.62610173452914],[69.80076665694935,39.79126909476386],[69.80076665694935,39.87370444205166],[70.01546153711453,39.95604083127171],[70.12280897719712,39.87370444205166],[70.33750385736235,39.87370444205166]]],[[[45.00350799786902,39.79126909476386],[44.89616055778642,39.87370444205166],[44.574118237538634,39.87370444205166],[44.574118237538634,40.0382782113889],[44.46677079745603,40.12041653224588],[44.681465677621226,40.12041653224588],[45.00350799786902,39.87370444205166],[45.00350799786902,39.79126909476386]]],[[[44.14472847720823,40.12041653224588],[44.03738103712564,40.0382782113889],[44.03738103712564,39.95604083127171],[43.930033597043035,40.366236650795464],[44.03738103712564,40.44797825050503],[44.03738103712564,40.20245574456054],[44.14472847720823,40.12041653224588]]],[[[72.5918000990969,40.69260708890572],[72.6991475391795,40.61116351407393],[72.3771052189317,40.61116351407393],[72.0550628986839,40.366236650795464],[72.0550628986839,40.284395799923466],[71.62567313835352,40.284395799923466],[71.51832569827091,40.366236650795464],[71.19628337802311,40.366236650795464],[71.08893593794052,40.284395799923466],[70.76689361769273,40.284395799923466],[70.76689361769273,40.44797825050503],[70.98158849785791,40.529620553245785],[70.98158849785791,40.85519590853],[70.87424105777534,40.93634106943207],[71.08893593794052,40.93634106943207],[71.19628337802311,40.85519590853],[71.51832569827091,40.85519590853],[71.73302057843611,41.01738667655179],[71.73302057843611,41.09833269006698],[71.94771545860132,40.93634106943207],[72.0550628986839,40.93634106943207],[72.1624103387665,40.77395123451486],[72.48445265901431,40.77395123451486],[72.5918000990969,40.85519590853],[72.5918000990969,40.69260708890572]]],[[[44.14472847720823,40.69260708890572],[44.14472847720823,40.529620553245785],[44.03738103712564,40.44797825050503],[44.03738103712564,40.69260708890572],[43.930033597043035,40.85519590853],[44.03738103712564,40.93634106943207],[44.03738103712564,40.77395123451486],[44.14472847720823,40.69260708890572]]],[[[109.41197204742828,42.45914256186136],[109.51931948751088,42.53829003096801],[109.51938747609411,42.53829003096801],[109.41197204742828,42.45914256186136]]],[[[28.04261246481842,48.40237226087875],[27.93526502473582,48.47359071792896],[27.398527824322827,48.47359071792896],[27.291180384240228,48.40237226087875],[26.754443183827235,48.40237226087875],[26.539748303662037,48.25963575113587],[26.325053423496843,48.25963575113587],[26.21770598341424,48.18811764031537],[26.21770598341424,48.044781565817566],[26.003011103249044,47.97296354751276],[25.680968783001248,47.97296354751276],[25.573621342918653,47.90104550640105],[25.573621342918653,47.75690925300668],[25.680968783001248,47.68469099084147],[26.003011103249044,47.68469099084147],[26.43240086357944,47.8290274166459],[26.43240086357944,47.97296354751276],[26.754443183827235,48.044781565817566],[26.539748303662037,47.97296354751276],[26.539748303662037,47.8290274166459],[27.076485504075034,47.2492780449923],[27.076485504075034,47.030218431703744],[27.18383294415763,46.95699796267812],[27.18383294415763,46.66311262460235],[27.291180384240228,46.58939034316711],[27.291180384240228,46.367620988793774],[27.398527824322827,46.29349698935901],[27.398527824322827,46.14494759506308],[27.291180384240228,46.07052217801639],[27.291180384240228,45.77181548264847],[27.076485504075034,45.47150036356346],[26.861790623909833,45.32073952397887],[26.861790623909833,45.24520826956407],[26.325053423496843,44.94207763480928],[26.110358543331643,44.94207763480928],[25.788316223083847,44.78990893746685],[25.573621342918653,44.78990893746685],[25.46627390283605,44.713673746318904],[25.036884142505656,44.713673746318904],[24.929536702423054,44.63733799637365],[24.60749438217526,44.63733799637365],[24.50014694209266,44.56090169066647],[24.178104621844863,44.56090169066647],[24.070757181762268,44.48436483295215],[23.74871486151447,44.48436483295215],[23.426672541266672,44.33098948013483],[23.211977661101475,44.33098948013483],[22.99728278093628,44.17721198245368],[22.88993534085368,44.33098948013483],[22.99728278093628,44.407727427707634],[22.99728278093628,44.56090169066647],[22.78258790077108,44.713673746318904],[22.353198140440686,44.713673746318904],[22.24585070035809,44.63733799637365],[22.13850326027549,44.713673746318904],[21.92380838011029,44.713673746318904],[21.816460940027692,44.78990893746685],[21.816460940027692,45.093844078398824],[21.709113499945094,45.1695764550113],[21.494418619779896,45.1695764550113],[21.387071179697298,45.32073952397887],[21.172376299532097,45.32073952397887],[21.0650288594495,45.24520826956407],[21.0650288594495,45.093844078398824],[21.172376299532097,45.01801113850464],[21.387071179697298,45.01801113850464],[21.2797237396147,44.86604356749865],[21.172376299532097,44.86604356749865],[20.8503339792843,45.24520826956407],[21.0650288594495,45.32073952397887],[21.0650288594495,45.62185900302726],[21.2797237396147,45.77181548264847],[21.601766059862495,45.77181548264847],[21.816460940027692,45.99599626735031],[21.816460940027692,46.14494759506308],[21.92380838011029,46.21927252858975],[21.92380838011029,46.44164453897456],[22.03115582019289,46.58939034316711],[22.567893020605883,46.95699796267812],[22.99728278093628,46.95699796267812],[23.426672541266672,47.103338589325915],[23.426672541266672,47.39481648519173],[23.319325101184074,47.467435375809124],[23.426672541266672,47.53995407537537],[23.426672541266672,47.75690925300668],[23.74871486151447,47.75690925300668],[23.856062301597067,47.68469099084147],[24.714841822257856,47.68469099084147],[24.82218926234046,47.75690925300668],[24.82218926234046,47.90104550640105],[24.714841822257856,47.97296354751276],[24.070757181762268,47.97296354751276],[23.963409741679666,48.044781565817566],[23.534019981349278,48.044781565817566],[23.426672541266672,48.11649958774512],[23.211977661101475,48.11649958774512],[23.104630221018876,48.044781565817566],[22.460545580523284,48.40237226087875],[22.353198140440686,48.54470934947951],[22.13850326027549,48.54470934947951],[22.03115582019289,48.47359071792896],[21.92380838011029,48.54470934947951],[21.494418619779896,48.54470934947951],[21.601766059862495,48.61572818603407],[21.601766059862495,48.75746659902173],[21.494418619779896,48.82818623930576],[21.2797237396147,48.82818623930576],[21.172376299532097,48.68664725866723],[20.957681419366903,48.68664725866723],[20.8503339792843,48.61572818603407],[20.635639099119103,48.61572818603407],[20.52829165903651,48.68664725866723],[20.09890189870611,48.68664725866723],[19.776859578458314,48.54470934947951],[19.562164698293117,48.54470934947951],[19.454817258210525,48.61572818603407],[19.025427497880123,48.61572818603407],[18.918080057797525,48.54470934947951],[18.59603773754973,48.54470934947951],[18.38134285738453,48.75746659902173],[18.38134285738453,49.03974729023968],[18.703385177632327,49.180290106185325],[18.703385177632327,49.250412253733444],[18.918080057797525,49.250412253733444],[19.025427497880123,49.180290106185325],[19.34746981812792,49.180290106185325],[19.454817258210525,49.32043494226832],[19.562164698293117,49.32043494226832],[19.669512138375715,49.11006846353501],[19.884207018540913,48.969326551305464],[20.313596778871307,48.969326551305464],[20.420944218953906,49.11006846353501],[21.387071179697298,49.11006846353501],[21.494418619779896,49.180290106185325],[22.03115582019289,49.11006846353501],[22.13850326027549,49.180290106185325],[22.13850326027549,49.32043494226832],[21.92380838011029,49.46018208936878],[21.387071179697298,49.46018208936878],[21.601766059862495,49.59953184701818],[22.03115582019289,49.59953184701818],[22.13850326027549,49.52990662281859],[22.353198140440686,49.52990662281859],[23.319325101184074,50.08413108125314],[23.426672541266672,50.015199906515456],[23.74871486151447,50.015199906515456],[23.856062301597067,50.152963271655175],[24.070757181762268,50.152963271655175],[24.39279950201006,50.35886636880315],[24.39279950201006,50.83585073384839],[24.285452061927465,50.90359704119868],[24.070757181762268,50.90359704119868],[23.963409741679666,50.83585073384839],[23.963409741679666,50.90359704119868],[23.74871486151447,51.03879439652485],[23.963409741679666,51.10624554270598],[23.963409741679666,51.375067752027775],[24.178104621844863,51.375067752027775],[24.285452061927465,51.44202796543737],[24.285452061927465,51.575654348938926],[24.178104621844863,51.64232062469016],[23.963409741679666,51.64232062469016],[23.963409741679666,52.040264854554955],[23.64136742143187,52.23791939892247],[23.426672541266672,52.23791939892247],[23.319325101184074,52.172131998540635],[23.319325101184074,52.040264854554955],[23.534019981349278,51.90800754149963],[23.534019981349278,51.64232062469016],[23.426672541266672,51.50889014687379],[23.319325101184074,51.575654348938926],[23.319325101184074,51.7088890276377],[23.426672541266672,51.77535961174211],[23.426672541266672,51.90800754149963],[22.99728278093628,52.040264854554955],[22.88993534085368,52.172131998540635],[22.88993534085368,52.500095868983564],[22.99728278093628,52.63060104606269],[23.104630221018876,52.63060104606269],[23.319325101184074,52.76071815335931],[23.211977661101475,53.34145592602572],[23.104630221018876,53.40549984108654],[22.78258790077108,53.40549984108654],[22.353198140440686,53.21307903872393],[21.92380838011029,53.21307903872393],[21.816460940027692,53.277315680036324],[21.816460940027692,53.597054250403154],[21.92380838011029,53.724276733085816],[22.24585070035809,53.91439110143009],[22.460545580523284,53.977570998621616],[22.460545580523284,54.103643862891026],[22.353198140440686,54.1665369673231],[21.92380838011029,54.1665369673231],[21.172376299532097,54.1665369673231],[20.957681419366903,54.1665369673231],[20.8503339792843,54.22933461211832],[20.206249338788712,54.22933461211832],[20.206249338788712,54.354643801416955],[19.776859578458314,54.47957199152673],[19.776859578458314,54.54189338863701],[19.991554458623515,54.79022932509724],[19.991554458623515,54.913828513351724],[20.420944218953906,54.913828513351724],[20.635639099119103,54.97548616761677],[21.0650288594495,55.343449594308844],[21.0650288594495,56.069232455559785],[20.957681419366903,56.12910701801206],[20.957681419366903,56.48640271199461],[21.0650288594495,56.54562746446035],[21.0650288594495,56.78160222354425],[21.387071179697298,56.95761512927702],[21.387071179697298,57.24913248889406],[21.601766059862495,57.36509827022348],[21.709113499945094,57.538362098692595],[22.13850326027549,57.65341575131015],[22.13850326027549,57.768105752537004],[22.03115582019289,57.82531459976866],[22.03115582019289,58.05324432627344],[21.816460940027692,58.16666701510455],[21.816460940027692,58.44864804217248],[22.03115582019289,58.504774837544204],[22.24585070035809,58.504774837544204],[22.353198140440686,58.56081203747032],[22.353198140440686,58.67261800920349],[22.03115582019289,58.83965724499881],[22.24585070035809,58.95057130767929],[22.460545580523284,58.95057130767929],[22.78258790077108,59.061129874759075],[22.88993534085368,59.005894982670895],[23.319325101184074,59.005894982670895],[23.426672541266672,59.061129874759075],[23.426672541266672,59.281183441352354],[23.856062301597067,59.281183441352354],[24.285452061927465,59.390679907724376],[24.50014694209266,59.49982381210001],[24.50014694209266,59.55426378481362],[24.929536702423054,59.55426378481362],[25.036884142505656,59.60861589489641],[25.680968783001248,59.60861589489641],[25.788316223083847,59.66288023532123],[26.003011103249044,59.66288023532123],[26.325053423496843,59.55426378481362],[26.754443183827235,59.55426378481362],[27.076485504075034,59.44529588394948],[27.505875264405425,59.44529588394948],[27.61322270448803,59.390679907724376],[27.93526502473582,59.390679907724376],[28.04261246481842,59.44529588394948],[28.04261246481842,59.71705689922596],[28.36465478506622,59.71705689922596],[28.579349665231412,59.82514757084166],[28.901391985479208,59.82514757084166],[29.11608686564441,59.93288865808266],[29.11608686564441,60.04028091182058],[28.901391985479208,60.14732508540592],[28.686697105314014,60.14732508540592],[28.579349665231412,60.20071687822821],[28.579349665231412,60.307240349409405],[28.36465478506622,60.413417634313284],[27.82791758465322,60.413417634313284],[27.82791758465322,60.519249494552525],[27.93526502473582,60.46637669482693],[28.14995990490102,60.46637669482693],[28.36465478506622,60.57203612904188],[28.36465478506622,60.729879998657374],[28.257307344983616,60.782322930437715],[28.579349665231412,60.93913799859317],[28.686697105314014,60.83468017676543],[28.901391985479208,60.83468017676543],[29.11608686564441,61.04325423646849],[29.330781745809606,61.04325423646849],[29.5454766259748,61.147029664712996],[29.5454766259748,61.250465059593175],[29.652824066057402,61.250465059593175],[29.974866386305195,61.404982292093706],[30.189561266470395,61.60982243021098],[30.404256146635596,61.71173733098158],[30.404256146635596,61.76256883294328],[30.72629846688339,61.91456072645498],[30.72629846688339,62.015470798249076],[30.833645906965987,62.015470798249076],[31.263035667296382,62.2162916443562],[31.263035667296382,62.26628924709419],[31.585077987544175,62.41578538368998],[31.585077987544175,62.51503657732353],[31.692425427626777,62.564538604025365],[31.692425427626777,62.761725241213064],[31.477730547461583,62.8108170334137],[31.477730547461583,62.859827079163054],[31.692425427626777,62.90875547878302],[31.692425427626777,63.006367741277224],[31.585077987544175,63.10365462487307],[30.833645906965987,63.44160799088825],[30.72629846688339,63.44160799088825],[30.404256146635596,63.5852365718409],[30.404256146635596,63.72814395199624],[30.189561266470395,63.7756199514435],[30.189561266470395,64.01180606101602],[30.296908706552994,64.0588052166159],[30.296908706552994,64.15256627511162],[30.511603586718188,64.19932838159734],[30.511603586718188,64.29261625831272],[30.296908706552994,64.43195876166413],[30.296908706552994,64.52446207939134],[30.082213826387793,64.57059653909398],[30.296908706552994,64.57059653909398],[30.404256146635596,64.61665300218004],[30.404256146635596,64.70853234714905],[30.189561266470395,64.80010093186594],[29.974866386305195,64.80010093186594],[29.8675189462226,64.93687292291104],[29.974866386305195,64.93687292291104],[30.189561266470395,65.02766818649816],[30.189561266470395,65.11815555437116],[29.8675189462226,65.25331109373784],[29.652824066057402,65.25331109373784],[29.5454766259748,65.20833584570578],[29.5454766259748,65.11815555437116],[29.652824066057402,65.07295030620709],[29.652824066057402,64.982309092856],[29.5454766259748,64.982309092856],[29.5454766259748,65.02766818649816],[29.223434305727007,65.16328403339642],[29.223434305727007,65.20833584570578],[28.901391985479208,65.34303230679743],[28.472002225148813,65.43244849236207],[28.257307344983616,65.43244849236207],[27.291180384240228,65.02766818649816],[27.18383294415763,64.93687292291104],[27.18383294415763,64.84576894473413],[26.539748303662037,64.33914223236235],[26.539748303662037,64.24601167536716],[26.21770598341424,63.9647276855227],[25.788316223083847,63.72814395199624],[25.358926462753452,63.2972554766307],[25.144231582588255,63.24897662617665],[24.714841822257856,63.05505180514628],[24.50014694209266,63.006367741277224],[24.285452061927465,63.006367741277224],[24.070757181762268,63.05505180514628],[23.74871486151447,63.200616934626176],[23.64136742143187,63.2972554766307],[23.64136742143187,63.44160799088825],[23.74871486151447,63.48956448672542],[23.74871486151447,63.5852365718409],[23.963409741679666,63.7756199514435],[24.714841822257856,64.15256627511162],[24.714841822257856,64.19932838159734],[25.036884142505656,64.33914223236235],[25.036884142505656,64.38558969948002],[25.680968783001248,64.66263157080414],[25.680968783001248,64.89135957431343],[25.788316223083847,64.93687292291104],[25.788316223083847,65.52156047040826],[25.036884142505656,65.83106860114236],[25.036884142505656,65.87498271185967],[24.82218926234046,65.96258595646087],[24.60749438217526,65.96258595646087],[24.50014694209266,65.91882179611241],[24.50014694209266,65.78707936140081],[24.60749438217526,65.74301489007688],[24.50014694209266,65.69887508461483],[24.50014694209266,65.6103690610713],[24.50014694209266,65.56600263789885],[24.39279950201006,65.56600263789885],[24.285452061927465,65.56600263789885],[23.963409741679666,65.43244849236207],[23.856062301597067,65.43244849236207],[23.64136742143187,65.6103690610713],[23.426672541266672,65.6103690610713],[22.67524046068848,65.25331109373784],[22.353198140440686,65.25331109373784],[22.13850326027549,65.16328403339642],[22.13850326027549,65.07295030620709],[22.03115582019289,65.07295030620709],[21.816460940027692,64.982309092856],[21.816460940027692,64.93687292291104],[21.494418619779896,64.80010093186594],[21.494418619779896,64.61665300218004],[21.709113499945094,64.57059653909398],[21.816460940027692,64.47824952094652],[21.816460940027692,64.29261625831272],[21.172376299532097,64.01180606101602],[21.172376299532097,63.5852365718409],[21.0650288594495,63.48956448672542],[20.313596778871307,63.53744064664124],[19.884207018540913,63.2972554766307],[19.669512138375715,63.2972554766307],[19.34746981812792,63.152176301122964],[19.24012237804532,63.05505180514628],[19.132774937962722,63.05505180514628],[18.918080057797525,62.95760233266672],[18.918080057797525,62.859827079163054],[18.38134285738453,62.613958383780194],[18.38134285738453,62.51503657732353],[18.059300537136735,62.366036017266076],[17.951953097054137,62.26628924709419],[17.951953097054137,62.06580077342205],[17.73725821688894,62.015470798249076],[17.73725821688894,61.71173733098158],[17.844605656971538,61.60982243021098],[17.73725821688894,61.55873883487366],[17.73725821688894,61.45631886376126],[17.522563336723742,61.35356119927204],[17.522563336723742,61.147029664712996],[17.62991077680634,61.09518450332296],[17.522563336723742,61.04325423646849],[17.522563336723742,60.83468017676543],[17.62991077680634,60.729879998657374],[17.951953097054137,60.57203612904188],[18.273995417301933,60.57203612904188],[18.703385177632327,60.46637669482693],[18.703385177632327,60.3603722175984],[18.918080057797525,60.254021934615196],[19.132774937962722,60.04028091182058],[19.132774937962722,59.93288865808266],[19.454817258210525,59.77114597991183],[19.454817258210525,59.55426378481362],[19.24012237804532,59.390679907724376],[19.24012237804532,59.226302766787946],[19.025427497880123,59.005894982670895],[18.918080057797525,59.005894982670895],[18.810732617714926,58.89515875874101],[18.703385177632327,58.89515875874101],[18.38134285738453,58.728386960614245],[17.73725821688894,58.56081203747032],[17.415215896641143,58.56081203747032],[17.200521016475946,58.44864804217248],[17.200521016475946,58.2232431231921],[17.307868456558545,58.16666701510455],[17.093173576393344,57.99639756961955],[17.093173576393344,57.768105752537004],[16.98582613631075,57.71080616522634],[16.98582613631075,57.42294410704886],[17.415215896641143,57.3071610924705],[17.415215896641143,57.19101237483916],[17.200521016475946,56.95761512927702],[17.200521016475946,56.84036526063502],[17.093173576393344,56.78160222354425],[17.093173576393344,56.663799530547124],[16.98582613631075,56.604759710108915],[16.98582613631075,56.48640271199461],[16.87847869622815,56.42708537137225],[16.87847869622815,56.2485770112259],[16.663783816062953,56.069232455559785],[16.341741495815153,56.069232455559785],[16.019699175567357,55.88904955277522],[15.805004295402162,55.88904955277522],[15.697656855319561,55.94920380192265],[15.160919654906568,55.94920380192265],[15.053572214823971,55.82880191724643],[14.624182454493573,55.82880191724643],[14.516835014410976,55.768460817077575],[14.516835014410976,55.58687595055081],[14.624182454493573,55.52616021512612],[14.624182454493573,55.40444711332046],[14.409487574328377,55.221172240800264],[13.658055493750187,55.221172240800264],[13.550708053667588,55.15989225552906],[13.336013173502389,55.15989225552906],[13.22866573341979,55.221172240800264],[12.906623413171994,55.221172240800264],[12.799275973089395,55.28235799531661],[12.906623413171994,55.40444711332046],[12.906623413171994,55.708026174302915],[12.4772336528416,56.12910701801206],[12.584581092924198,56.42708537137225],[12.691928533006797,56.48640271199461],[12.691928533006797,56.604759710108915],[12.369886212759,56.78160222354425],[12.155191332593803,57.01610212690856],[12.155191332593803,57.132800665893654],[11.940496452428606,57.24913248889406],[11.940496452428606,57.36509827022348],[11.833149012346006,57.48069868808136],[11.61845413218081,57.59593442448904],[11.61845413218081,57.82531459976866],[11.403759252015613,57.99639756961955],[11.403759252015613,58.16666701510455],[11.189064371850414,58.2232431231921],[11.189064371850414,58.61675973145561],[10.867022051602618,58.89515875874101],[10.437632291272223,58.89515875874101],[10.330284851189624,58.83965724499881],[10.008242530941828,58.83965724499881],[9.79354765077663,58.728386960614245],[9.578852770611434,58.78406667578318],[9.364157890446236,58.78406667578318],[8.934768130115842,58.56081203747032],[8.827420690033243,58.56081203747032],[8.612725809868044,58.44864804217248],[8.505378369785445,58.44864804217248],[8.07598860945505,58.27972919135532],[7.2172090887942595,58.27972919135532],[6.787819328463867,58.392431562050945],[6.5731244482986675,58.392431562050945],[6.46577700821607,58.44864804217248],[6.2510821280508715,58.44864804217248],[5.821692367720477,58.728386960614245],[5.49965004747268,58.78406667578318],[5.49965004747268,58.89515875874101],[5.177607727224884,59.061129874759075],[5.177607727224884,59.116276075171285],[4.855565406977088,59.226302766787946],[4.855565406977088,59.281183441352354],[5.070260287142285,59.33597579095718],[5.177607727224884,59.44529588394948],[5.177607727224884,59.55426378481362],[5.070260287142285,59.60861589489641],[5.070260287142285,60.09384646145253],[4.962912847059687,60.14732508540592],[4.962912847059687,60.3603722175984],[4.74821796689449,60.519249494552525],[4.74821796689449,60.83468017676543],[4.640870526811891,60.88695183399114],[4.640870526811941,60.99123876717593],[4.748217966894541,61.04325423646849],[4.748217966894541,61.147029664712996],[4.640870526811941,61.250465059593175],[4.748217966894541,61.30205548762482],[4.748217966894541,61.55873883487366],[4.8555654069771395,61.60982243021098],[4.8555654069771395,61.81331650047983],[5.070260287142336,62.015470798249076],[5.070260287142336,62.11604750675188],[5.4996500474727315,62.26628924709419],[5.4996500474727315,62.316204004913445],[5.714344927637929,62.41578538368998],[5.929039807803126,62.41578538368998],[6.036387247885725,62.465452203807374],[6.143734687968324,62.613958383780194],[6.465777008216121,62.761725241213064],[6.787819328463917,62.8108170334137],[7.217209088794311,63.006367741277224],[7.431903968959509,63.006367741277224],[7.861293729289905,63.152176301122964],[7.861293729289905,63.393571057979656],[8.290683489620298,63.48956448672542],[8.290683489620298,63.63295236358347],[8.720073249950694,63.7756199514435],[8.720073249950694,63.82301622298554],[8.934768130115891,63.82301622298554],[9.149463010281089,63.9647276855227],[9.364157890446288,63.9647276855227],[9.364157890446288,63.870332868133254],[9.471505330528887,63.82301622298554],[9.686200210694084,63.82301622298554],[9.900895090859281,63.91756998844448],[10.00824253094188,64.15256627511162],[10.115589971024479,64.15256627511162],[10.330284851189674,64.24601167536716],[10.330284851189674,64.29261625831272],[10.86702205160267,64.57059653909398],[10.86702205160267,64.70853234714905],[10.652327171437472,64.80010093186594],[10.75967461152007,64.93687292291104],[11.189064371850465,65.02766818649816],[11.511106692098263,65.02766818649816],[11.72580157226346,65.11815555437116],[11.940496452428658,65.11815555437116],[12.047843892511256,65.16328403339642],[12.047843892511256,65.43244849236207],[11.833149012346057,65.47704245606988],[11.72580157226346,65.6103690610713],[12.047843892511256,65.74301489007688],[12.155191332593855,65.83106860114236],[12.047843892511256,66.0498899156839],[12.262538772676452,66.09342991967408],[12.262538772676452,66.22360325979113],[12.36988621275905,66.2668458243624],[12.36988621275905,66.35310874551129],[12.262538772676452,66.39612930713272],[12.047843892511256,66.39612930713272],[12.047843892511256,66.48194914501269],[12.477233652841651,66.48194914501269],[13.121318293337245,66.69521269091906],[13.121318293337245,66.82229305429743],[13.33601317350244,66.82229305429743],[13.44336061358504,66.86450749583136],[13.765402933832837,67.11627167312652],[13.980097813998034,67.1996155309677],[13.980097813998034,67.28267198441975],[13.872750373915434,67.36544185064189],[13.980097813998034,67.40671956878893],[14.516835014411027,67.40671956878893],[14.731529894576225,67.48906108540766],[14.624182454493624,67.77502094294626],[14.946224774741422,67.89651677880192],[14.946224774741422,68.01738154887076],[14.838877334658825,68.05753004287031],[14.194792694163231,68.05753004287031],[13.872750373915434,67.97716324123057],[13.658055493750236,67.97716324123057],[13.013970853254644,67.69367177111324],[13.013970853254644,67.61204009103284],[12.906623413172046,67.53012508789402],[12.477233652841651,67.53012508789402],[12.155191332593855,67.36544185064189],[11.940496452428658,67.36544185064189],[11.940496452428658,67.44792594637018],[12.58458109292425,67.57111805579183],[12.58458109292425,67.6528912955173],[12.799275973089447,67.73438161965574],[12.799275973089447,67.85608842080505],[12.906623413172046,67.89651677880192],[12.906623413172046,67.97716324123057],[13.013970853254644,68.05753004287031],[13.228665733419842,68.09760882473718],[13.55070805366764,68.21742791202195],[13.55070805366764,68.25722885963403],[13.980097813998034,68.33662324051451],[14.409487574328427,68.33662324051451],[14.516835014411027,68.37621687625956],[14.516835014411027,68.4551975442206],[14.30214013424583,68.53390341476582],[14.409487574328427,68.61233529599671],[14.409487574328427,68.7294711537359],[14.838877334658825,68.84599507336563],[14.838877334658825,68.88470086346231],[15.160919654906618,69.00041309201073],[15.482961975154415,69.00041309201073],[15.805004295402211,69.15375448082362],[15.805004295402211,69.19192235677492],[16.127046615650013,69.30602565556083],[16.449088935897805,69.26805784412194],[16.449088935897805,69.11551971656306],[16.556436375980404,69.07721796382961],[16.7711312561456,69.07721796382961],[16.878478696228203,69.11551971656306],[16.878478696228203,69.34392697877578],[17.200521016475996,69.41953055998025],[17.200521016475996,69.45723301754477],[17.522563336723792,69.569944254276],[17.84460565697159,69.569944254276],[18.059300537136785,69.64475596106524],[18.059300537136785,69.71930530176863],[18.48869029746718,69.83063911378864],[18.48869029746718,70.05155182908628],[18.810732617714976,70.1246723276028],[18.810732617714976,70.16113606955936],[19.025427497880173,70.16113606955936],[19.132774937962775,70.23387103118363],[19.562164698293167,70.23387103118363],[19.66951213837577,70.27014244756798],[20.206249338788766,70.27014244756798],[20.313596778871357,70.30634995202767],[20.528291659036558,70.23387103118363],[20.850333979284354,70.23387103118363],[20.957681419366956,70.19753560462185],[21.17237629953215,70.19753560462185],[21.38707117969735,70.27014244756798],[21.38707117969735,70.34249364274457],[21.601766059862545,70.37857361782912],[21.923808380110344,70.37857361782912],[22.03115582019294,70.41458997531997],[22.03115582019294,70.52225832153113],[21.923808380110344,70.55802118758307],[21.923808380110344,70.62935763180971],[22.24585070035814,70.62935763180971],[22.460545580523338,70.70044234248668],[22.675240460688535,70.70044234248668],[22.88993534085373,70.73589054131989],[23.104630221018926,70.84185967914323],[23.64136742143192,70.84185967914323],[23.96340974167972,71.05211712506993],[24.178104621844916,71.08694327711864],[24.28545206192752,71.05211712506993],[24.60749438217531,71.05211712506993],[24.71484182225791,71.08694327711864],[25.03688414250571,71.08694327711864],[25.144231582588304,71.01722920397606],[25.466273902836104,70.98227941723934],[25.573621342918702,70.91219386005065],[25.573621342918702,70.84185967914323],[25.680968783001298,70.80659911246488],[25.680968783001298,70.52225832153113],[26.21770598341429,70.37857361782912],[26.53974830366209,70.37857361782912],[26.96913806399248,70.45054281318356],[27.50587526440548,70.45054281318356],[28.14995990490107,70.34249364274457],[28.579349665231465,70.34249364274457],[29.00873942556186,70.41458997531997],[29.652824066057452,70.41458997531997],[30.082213826387846,70.52225832153113],[30.83364590696604,70.52225832153113],[30.83364590696604,70.4864322293137],[31.048340787131234,70.41458997531997],[31.155688227213833,70.41458997531997],[31.370383107379034,70.34249364274457],[31.263035667296432,70.27014244756798],[31.263035667296432,70.19753560462185],[31.155688227213833,70.16113606955936],[30.83364590696604,70.16113606955936],[30.296908706553047,69.97817332054082],[30.296908706553047,69.9045360123423],[30.61895102680084,69.79359307074309],[30.83364590696604,69.79359307074309],[30.83364590696604,69.569944254276],[30.61895102680084,69.569944254276],[30.404256146635646,69.64475596106524],[30.189561266470445,69.64475596106524],[30.082213826387846,69.60738295311829],[30.082213826387846,69.41953055998025],[29.867518946222653,69.34392697877578],[29.545476625974853,69.30602565556083],[29.43812918589225,69.34392697877578],[29.223434305727057,69.34392697877578],[29.00873942556186,69.26805784412194],[29.00873942556186,69.19192235677492],[29.223434305727057,69.15375448082362],[29.223434305727057,69.07721796382961],[29.33078174580966,69.03884912240379],[30.83364590696604,69.03884912240379],[30.94099334704864,69.07721796382961],[33.732026789196205,69.07721796382961],[34.3761114296918,69.23002344452425],[34.91284863010479,69.23002344452425],[35.02019607018739,69.19192235677492],[35.234890950352586,69.19192235677492],[35.44958583051778,69.23002344452425],[36.093670471013375,69.11551971656306],[36.30836535117858,69.11551971656306],[37.05979743175676,68.88470086346231],[37.16714487183936,68.88470086346231],[38.13327183258275,68.57315355356853],[38.13327183258275,68.53390341476582],[38.67000903299574,68.33662324051451],[38.88470391316095,68.33662324051451],[39.099398793326145,68.25722885963403],[39.20674623340874,68.25722885963403],[39.20674623340874,68.21742791202195],[39.52878855365654,68.09760882473718],[39.74348343382173,68.09760882473718],[39.95817831398694,68.13761799593962],[40.17287319415213,67.97716324123057],[40.602262954482526,67.85608842080505],[40.602262954482526,67.77502094294626],[40.709610394565125,67.73438161965574],[40.92430527473032,67.73438161965574],[41.24634759497812,67.6528912955173],[41.24634759497812,67.40671956878893],[41.35369503506072,67.36544185064189],[41.35369503506072,67.24117963216028],[41.568389915225914,67.15797957868408],[41.568389915225914,66.90664926817593],[41.46104247514332,66.86450749583136],[41.46104247514332,66.73764575422304],[41.13900015489552,66.61012722574449],[40.92430527473032,66.4390760728002],[40.709610394565125,66.35310874551129],[40.709610394565125,66.31001428542714],[40.602262954482526,66.31001428542714],[40.17287319415213,66.13689540998948],[39.95817831398694,66.13689540998948],[39.42144111357395,66.00627529546507],[38.88470391316095,65.96258595646087],[38.77735647307834,65.91882179611241],[38.56266159291315,65.91882179611241],[38.45531415283056,65.96258595646087],[37.91857695241757,65.96258595646087],[37.489187192087165,66.0498899156839],[37.27449231192196,66.13689540998948],[37.05979743175676,66.13689540998948],[36.95244999167418,66.18028648918006],[36.415712791261186,66.18028648918006],[36.30836535117858,66.22360325979113],[35.98632303093078,66.22360325979113],[35.87897559084819,66.2668458243624],[35.55693327060038,66.2668458243624],[35.02019607018739,66.4390760728002],[34.483458869774395,66.4390760728002],[34.268763989609205,66.56747461901428],[33.9467216693614,66.56747461901428],[33.83937422927881,66.52474862625846],[33.83937422927881,66.4390760728002],[34.1614165495266,66.2668458243624],[34.1614165495266,66.22360325979113],[34.3761114296918,66.18028648918006],[34.91284863010479,65.96258595646087],[34.91284863010479,65.87498271185967],[35.234890950352586,65.74301489007688],[35.234890950352586,65.6103690610713],[35.02019607018739,65.52156047040826],[35.02019607018739,65.43244849236207],[34.8055011900222,65.34303230679743],[34.91284863010479,65.02766818649816],[35.12754351026999,64.93687292291104],[35.34223839043519,64.93687292291104],[35.44958583051778,64.982309092856],[35.44958583051778,65.07295030620709],[35.77162815076558,65.16328403339642],[36.30836535117858,65.16328403339642],[36.415712791261186,65.11815555437116],[36.73775511150897,65.11815555437116],[36.95244999167418,65.20833584570578],[37.16714487183936,65.11815555437116],[37.381839752004566,65.11815555437116],[37.81122951233496,65.02766818649816],[38.13327183258275,64.84576894473413],[38.347966712747954,64.80010093186594],[38.56266159291315,64.80010093186594],[38.67000903299574,64.75435543342442],[38.88470391316095,64.75435543342442],[39.314093673491335,64.66263157080414],[39.52878855365654,64.57059653909398],[39.74348343382173,64.57059653909398],[39.850830873904336,64.66263157080414],[40.17287319415213,64.80010093186594],[40.17287319415213,64.93687292291104],[39.74348343382173,65.25331109373784],[39.74348343382173,65.52156047040826],[40.602262954482526,65.83106860114236],[40.709610394565125,65.91882179611241],[41.24634759497812,65.91882179611241],[41.35369503506072,65.87498271185967],[41.89043223547371,65.87498271185967],[41.997779675556316,65.83106860114236],[42.319821995804105,65.83106860114236],[42.7492117561345,65.74301489007688],[42.963906636299704,65.74301489007688],[43.071254076382296,65.69887508461483],[43.28594895654749,65.69887508461483],[43.60799127679529,65.6103690610713],[44.14472847720828,65.56600263789885],[44.25207591729088,65.52156047040826],[44.466770797456086,65.52156047040826],[44.57411823753869,65.47704245606988],[45.110855437951685,65.47704245606988],[45.21820287803427,65.43244849236207],[46.291677278860256,65.43244849236207],[46.399024718942854,65.38777847677217],[47.47249911976885,65.38777847677217],[47.579846559851454,65.34303230679743],[48.43862608051223,65.34303230679743],[48.545973520594835,65.38777847677217],[49.61944792142083,65.38777847677217],[49.72679536150342,65.43244849236207],[50.15618512183382,65.43244849236207],[51.444354402825,65.69887508461483],[51.98109160323799,65.74301489007688],[52.0884390433206,65.78707936140081],[52.517828803650985,65.78707936140081],[52.62517624373359,65.83106860114236],[53.05456600406398,65.83106860114236],[53.161913444146585,65.87498271185967],[55.308862245798565,65.87498271185967],[55.41620968588116,65.83106860114236],[55.84559944621155,65.83106860114236],[55.95294688629415,65.78707936140081],[56.16764176645935,65.78707936140081],[57.24111616728534,65.56600263789885],[57.45581104745053,65.56600263789885],[58.099895687946116,65.43244849236207],[58.31459056811132,65.43244849236207],[59.17337008877211,65.25331109373784],[59.38806496893731,65.25331109373784],[59.7101072891851,65.16328403339642],[59.92480216935031,65.16328403339642],[60.032149609432906,65.11815555437116],[60.890929130093696,65.11815555437116],[60.998276570176294,65.07295030620709],[61.53501377058928,65.11815555437116],[61.64236121067188,65.16328403339642],[61.857056090837084,65.16328403339642],[61.96440353091968,65.20833584570578],[62.17909841108488,65.20833584570578],[62.28644585116747,65.25331109373784],[62.50114073133267,65.25331109373784],[62.60848817141527,65.29820987994597],[62.82318305158047,65.29820987994597],[62.93053049166307,65.34303230679743],[63.252572811910866,65.34303230679743],[63.35992025199347,65.38777847677217],[63.78931001232386,65.38777847677217],[63.89665745240646,65.43244849236207],[64.32604721273685,65.43244849236207],[64.43339465281946,65.47704245606988],[64.86278441314984,65.47704245606988],[64.97013185323244,65.52156047040826],[67.43912297513222,65.52156047040826],[67.54647041521481,65.47704245606988],[68.834639696206,65.47704245606988],[68.94198713628859,65.43244849236207],[69.90811409703198,65.43244849236207],[70.01546153711458,65.38777847677217],[70.44485129744498,65.38777847677217],[70.55219873752758,65.34303230679743],[70.8742410577754,65.34303230679743],[70.98158849785797,65.29820987994597],[71.30363081810577,65.29820987994597],[71.41097825818836,65.25331109373784],[71.84036801851877,65.25331109373784],[71.94771545860137,65.20833584570578],[72.80649497926217,65.20833584570578],[72.91384241934476,65.25331109373784],[74.09466426025334,65.25331109373784],[74.20201170033594,65.29820987994597],[74.73874890074893,65.29820987994597],[75.16813866107933,65.38777847677217],[75.38283354124452,65.38777847677217],[75.49018098132711,65.43244849236207],[75.70487586149231,65.43244849236207],[75.81222330157492,65.47704245606988],[76.13426562182272,65.47704245606988],[76.5636553821531,65.56600263789885],[76.77835026231831,65.56600263789885],[76.88569770240092,65.6103690610713],[77.1003925825661,65.6103690610713],[77.20774002264871,65.65465984246234],[77.42243490281392,65.65465984246234],[78.60325674372248,65.91882179611241],[78.81795162388768,65.91882179611241],[79.67673114454847,66.09342991967408],[79.99877346479627,66.22360325979113],[80.10612090487886,66.22360325979113],[80.42816322512667,66.35310874551129],[80.53551066520927,66.35310874551129],[81.17959530570485,66.56747461901428],[81.28694274578746,66.56747461901428],[81.93102738628305,66.78000584121904],[82.68245946686125,66.90664926817593],[82.89715434702644,66.99071521462257],[83.64858642760464,67.11627167312652],[83.86328130776982,67.1996155309677],[84.72206082843061,67.36544185064189],[84.93675570859581,67.36544185064189],[85.47349290900881,67.48906108540766],[85.68818778917401,67.48906108540766],[86.224924989587,67.61204009103284],[86.43961986975219,67.61204009103284],[86.9763570701652,67.73438161965574],[87.1910519503304,67.73438161965574],[87.51309427057818,67.81558984275198],[87.83513659082598,67.81558984275198],[87.94248403090857,67.85608842080505],[88.47922123132157,67.85608842080505],[88.58656867140418,67.89651677880192],[89.23065331189977,67.89651677880192],[89.33800075198236,67.93687501840274],[89.66004307223017,67.93687501840274],[89.76739051231276,67.97716324123057],[90.51882259289096,67.97716324123057],[90.62617003297355,68.01738154887076],[91.16290723338655,68.01738154887076],[91.27025467346915,68.05753004287031],[91.80699187388213,68.05753004287031],[91.91433931396473,68.09760882473718],[92.23638163421253,68.09760882473718],[92.34372907429513,68.05753004287031],[93.30985603503852,68.05753004287031],[93.41720347512111,68.01738154887076],[94.4906778759471,68.01738154887076],[94.5980253160297,67.97716324123057],[95.56415227677309,67.97716324123057],[95.67149971685569,67.93687501840274],[96.31558435735128,67.93687501840274],[96.74497411768169,67.85608842080505],[97.06701643792947,67.85608842080505],[97.49640619825986,67.77502094294626],[97.71110107842507,67.77502094294626],[97.81844851850768,67.73438161965574],[98.14049083875545,67.73438161965574],[98.56988059908585,67.6528912955173],[98.89192291933367,67.6528912955173],[99.32131267966405,67.57111805579183],[99.64335499991184,67.57111805579183],[100.07274476024224,67.48906108540766],[100.39478708049003,67.48906108540766],[100.50213452057262,67.44792594637018],[100.71682940073784,67.44792594637018],[100.82417684082044,67.40671956878893],[101.14621916106823,67.40671956878893],[101.25356660115082,67.36544185064189],[101.57560892139861,67.36544185064189],[102.00499868172902,67.28267198441975],[102.32704100197682,67.28267198441975],[102.43438844205943,67.24117963216028],[102.6490833222246,67.24117963216028],[102.7564307623072,67.1996155309677],[103.50786284288542,67.15797957868408],[103.9372526032158,67.07449171208789],[104.25929492346359,67.07449171208789],[104.36664236354619,67.03263959333766],[104.5813372437114,67.03263959333766],[104.68868468379398,66.99071521462257],[105.01072700404178,66.99071521462257],[105.11807444412437,66.94871847366743],[105.97685396478518,66.94871847366743],[106.08420140486777,66.90664926817593],[107.15767580569376,66.90664926817593],[107.26502324577635,66.86450749583136],[108.12380276643714,66.86450749583136],[108.44584508668495,66.94871847366743],[108.66053996685014,66.94871847366743],[109.41197204742834,67.11627167312652],[109.62666692759353,67.11627167312652],[110.16340412800652,67.24117963216028],[110.37809900817172,67.24117963216028],[111.2368785288325,67.40671956878893],[111.8809631693281,67.61204009103284],[112.31035292965849,67.69367177111324],[112.5250478098237,67.77502094294626],[112.6323952499063,67.77502094294626],[112.84709013007149,67.85608842080505],[112.9544375701541,67.85608842080505],[113.1691324503193,67.93687501840274],[113.27647989040189,67.93687501840274],[113.49117477056708,68.01738154887076],[113.59852221064969,68.01738154887076],[113.81321709081487,68.09760882473718],[113.92056453089748,68.09760882473718],[114.13525941106269,68.17755765790557],[114.56464917139307,68.25722885963403],[114.77934405155828,68.25722885963403],[115.96016589246685,68.49458477864634],[116.17486077263206,68.49458477864634],[117.67772493378843,68.76838031912304],[117.99976725403623,68.88470086346231],[118.42915701436662,68.96190977232092],[118.75119933461443,69.07721796382961],[119.18058909494484,69.15375448082362],[119.50263141519261,69.26805784412194],[119.932021175523,69.34392697877578],[120.25406349577081,69.45723301754477],[120.6834532561012,69.53243976508614],[121.32753789659681,69.71930530176863],[123.58183413833137,70.08814428028914],[123.79652901849656,70.16113606955936],[124.87000341932256,70.34249364274457],[125.51408805981815,70.34249364274457],[125.62143549990076,70.37857361782912],[126.37286758047892,70.37857361782912],[126.48021502056153,70.41458997531997],[127.23164710113973,70.41458997531997],[127.33899454122233,70.45054281318356],[128.0904266218005,70.45054281318356],[128.1977740618831,70.4864322293137],[128.7345112622961,70.4864322293137],[128.84185870237872,70.45054281318356],[129.1639010226265,70.45054281318356],[129.2712484627091,70.41458997531997],[129.7006382230395,70.41458997531997],[129.8079856631221,70.37857361782912],[130.1300279833699,70.37857361782912],[130.9888075040307,70.23387103118363],[131.20350238419587,70.16113606955936],[131.74023958460887,70.08814428028914],[131.95493446477408,70.01489487539324],[132.27697678502187,69.97817332054082],[132.49167166518706,69.9045360123423],[132.81371398543484,69.86762006132045],[133.02840886560006,69.79359307074309],[133.35045118584785,69.75648183311452],[133.56514606601306,69.68206337750651],[133.88718838626085,69.64475596106524],[134.10188326642606,69.569944254276],[134.53127302675642,69.569944254276],[135.28270510733464,69.41953055998025],[135.71209486766503,69.41953055998025],[135.81944230774764,69.38176191364316],[136.35617950816064,69.38176191364316],[136.46352694824324,69.34392697877578],[136.8929167085736,69.34392697877578],[137.0002641486562,69.30602565556083],[137.4296539089866,69.30602565556083],[137.53700134906921,69.34392697877578],[139.36190783047337,69.34392697877578],[139.46925527055598,69.38176191364316],[145.26601703501635,69.38176191364316],[145.37336447509892,69.34392697877578],[146.1247965556771,69.34392697877578],[146.2321439957597,69.30602565556083],[146.7688811961727,69.30602565556083],[146.87622863625532,69.26805784412194],[147.41296583666832,69.26805784412194],[147.5203132767509,69.23002344452425],[147.94970303708126,69.23002344452425],[148.05705047716387,69.19192235677492],[148.59378767757687,69.19192235677492],[148.70113511765948,69.15375448082362],[149.23787231807248,69.15375448082362],[149.34521975815508,69.11551971656306],[149.88195695856805,69.11551971656306],[149.98930439865066,69.07721796382961],[151.06277879947666,69.07721796382961],[151.17012623955924,69.11551971656306],[154.2832020019546,69.11551971656306],[154.3905494420372,69.07721796382961],[154.712591762285,69.07721796382961],[154.8199392023676,69.03884912240379],[155.786066163111,69.00041309201073],[155.8934136031936,68.96190977232092],[156.2154559234414,68.96190977232092],[156.32280336352397,68.92333906295059],[157.28893032426737,68.88470086346231],[157.39627776434997,68.84599507336563],[157.71832008459776,68.84599507336563],[157.82566752468037,68.80722159211753],[158.36240472509337,68.80722159211753],[158.46975216517595,68.76838031912304],[159.97261632633237,68.76838031912304],[160.29465864658016,68.69049399525895],[160.93874328707574,68.69049399525895],[161.04609072715834,68.7294711537359],[161.69017536765392,68.7294711537359],[161.79752280773653,68.69049399525895],[162.54895488831474,68.69049399525895],[163.0856920887277,68.57315355356853],[163.3003869688929,68.57315355356853],[163.4077344089755,68.53390341476582],[163.72977672922332,68.53390341476582],[164.1591664895537,68.4157416104524],[164.5885562498841,68.4157416104524],[164.6959036899667,68.37621687625956],[166.30611529120569,68.37621687625956],[166.41346273128826,68.33662324051451],[167.91632689244466,68.33662324051451],[168.02367433252726,68.29696060204486],[169.63388593376624,68.29696060204486],[169.74123337384884,68.25722885963403],[171.35144497508784,68.25722885963403],[171.45879241517042,68.21742791202195],[174.78656305773097,68.21742791202195],[174.89391049781358,68.17755765790557],[180.0,68.17755765790557],[180.0,64.87154013849243],[179.72454530153047,64.75435543342442],[179.72454530153047,64.70853234714905],[179.50985042136531,64.66263157080414],[179.29515554120007,64.66263157080414],[178.54372346062186,64.38558969948002],[178.54372346062186,64.19932838159734],[178.65107090070447,64.15256627511162],[178.65107090070447,64.0588052166159],[178.86576578086968,63.9647276855227],[178.86576578086968,63.68058812318079],[178.9731132209523,63.63295236358347],[178.9731132209523,63.393571057979656],[179.08046066103486,63.2972554766307],[179.61719786144786,63.05505180514628],[179.61719786144786,62.8108170334137],[179.72454530153047,62.761725241213064],[179.72454530153047,62.51503657732353],[179.50985042136531,62.366036017266076],[179.29515554120007,62.316204004913445],[179.29515554120007,62.166211097334305],[178.9731132209523,62.166211097334305],[177.8996388201263,62.41578538368998],[177.1482067395481,62.41578538368998],[176.7188169792177,62.316204004913445],[176.3967746589699,62.166211097334305],[175.7526900184743,62.06580077342205],[175.43064769822652,61.91456072645498],[175.00125793789613,61.81331650047983],[174.78656305773092,61.71173733098158],[174.57186817756573,61.66082189617619],[174.24982585731792,61.66082189617619],[173.92778353707013,61.50757101205719],[173.71308865690492,61.50757101205719],[173.60574121682234,61.404982292093706],[173.4983937767398,61.404982292093706],[173.28369889657455,61.250465059593175],[173.06900401640934,61.19878981773233],[173.06900401640934,61.147029664712996],[172.9616565763268,61.147029664712996],[172.63961425607894,60.99123876717593],[172.53226681599634,60.88695183399114],[172.31757193583115,60.83468017676543],[172.31757193583115,60.782322930437715],[172.10287705566594,60.677351285202974],[171.88818217550076,60.677351285202974],[171.45879241517036,60.46637669482693],[171.13675009492258,60.413417634313284],[170.8147077746748,60.254021934615196],[170.8147077746748,60.20071687822821],[170.60001289450958,60.09384646145253],[170.60001289450958,59.879061765638255],[170.38531801434436,59.77114597991183],[170.06327569409657,59.82514757084166],[169.63388593376618,60.254021934615196],[169.41919105360097,60.3603722175984],[169.2044961734358,60.413417634313284],[168.1310217726098,60.413417634313284],[167.5942845721968,60.254021934615196],[167.3795896920316,60.254021934615196],[167.1648948118664,60.20071687822821],[166.73550505153602,59.93288865808266],[166.73550505153602,59.879061765638255],[166.30611529120563,59.66288023532123],[166.09142041104042,59.66288023532123],[165.9840729709578,59.71705689922596],[165.9840729709578,59.82514757084166],[166.09142041104042,59.879061765638255],[166.09142041104042,60.04028091182058],[165.9840729709578,60.09384646145253],[165.66203065071002,60.09384646145253],[165.33998833046223,59.93288865808266],[165.33998833046223,59.82514757084166],[165.23264089037963,59.71705689922596],[165.01794601021442,59.66288023532123],[164.8032511300493,59.66288023532123],[164.58855624988405,59.77114597991183],[164.37386136971884,59.77114597991183],[164.2665139296363,59.71705689922596],[163.62242928914065,59.71705689922596],[163.51508184905805,59.66288023532123],[163.51508184905805,59.061129874759075],[163.62242928914065,59.005894982670895],[164.05181904947105,59.005894982670895],[164.37386136971884,59.17133367531739],[164.58855624988405,59.226302766787946],[164.8032511300493,59.17133367531739],[164.8032511300493,59.061129874759075],[164.91059857013184,59.005894982670895],[164.91059857013184,58.83965724499881],[164.8032511300493,58.728386960614245],[164.2665139296363,58.67261800920349],[163.62242928914065,58.33612530807777],[163.40773440897544,58.33612530807777],[163.30038696889284,58.44864804217248],[163.62242928914065,58.61675973145561],[163.62242928914065,58.83965724499881],[163.51508184905805,58.89515875874101],[163.30038696889284,58.89515875874101],[162.76364976847987,58.61675973145561],[162.54895488831468,58.56081203747032],[162.22691256806687,58.2232431231921],[162.22691256806687,57.939460421224496],[162.33426000814947,57.88243279367289],[162.54895488831468,57.88243279367289],[162.76364976847987,57.939460421224496],[163.40773440897544,57.768105752537004],[163.40773440897544,57.48069868808136],[163.19303952881026,57.36509827022348],[163.19303952881026,57.3071610924705],[162.97834464864505,57.24913248889406],[162.97834464864505,56.78160222354425],[163.40773440897544,56.663799530547124],[163.40773440897544,56.367675361523325],[163.51508184905805,56.30817260164944],[163.51508184905805,56.069232455559785],[163.19303952881026,55.88904955277522],[162.97834464864505,55.82880191724643],[162.6563023283973,56.009264743238155],[162.33426000814947,56.009264743238155],[162.22691256806687,55.94920380192265],[162.22691256806687,55.82880191724643],[161.90487024781908,55.52616021512612],[161.90487024781908,55.15989225552906],[162.33426000814947,54.728287644822046],[162.22691256806687,54.604119748738945],[161.79752280773647,54.354643801416955],[160.72404840691047,54.354643801416955],[160.4020060866627,54.1665369673231],[160.4020060866627,54.103643862891026],[160.0799637664149,53.91439110143009],[160.0799637664149,53.277315680036324],[160.1873112064975,53.21307903872393],[160.1873112064975,52.95516724597097],[159.4358791259193,53.01979010473228],[159.2211842457541,52.95516724597097],[158.7917944854237,52.69570807828102],[158.7917944854237,52.56539699629568],[158.6844470453411,52.500095868983564],[158.6844470453411,52.1062471694317],[158.4697521651759,51.974184997302075],[158.4697521651759,51.84173243141162],[158.14770984492813,51.64232062469016],[158.04036240484552,51.44202796543737],[157.93301496476292,51.44202796543737],[157.61097264451513,51.24085302117429],[157.61097264451513,51.17359840082725],[157.50362520443252,51.17359840082725],[156.64484568377173,50.63202071387575],[156.64484568377173,50.56388018318153],[156.43015080360652,50.42730305634876],[156.21545592344134,50.56388018318153],[156.21545592344134,50.76800594203302],[156.64484568377173,50.90359704119868],[156.64484568377173,51.03879439652485],[156.43015080360652,51.17359840082725],[156.43015080360652,51.974184997302075],[156.32280336352392,52.040264854554955],[156.32280336352392,52.30360942804774],[156.21545592344134,52.36920214381426],[156.21545592344134,52.500095868983564],[156.10810848335876,52.56539699629568],[156.10810848335876,52.76071815335931],[156.00076104327616,52.825631332115904],[156.00076104327616,53.34145592602572],[155.89341360319355,53.40549984108654],[155.89341360319355,53.7877440362525],[155.78606616311095,53.851115469898126],[155.78606616311095,54.103643862891026],[155.67871872302834,54.1665369673231],[155.67871872302834,54.41715548610648],[155.5713712829458,54.47957199152673],[155.5713712829458,54.8520762569476],[155.46402384286316,54.913828513351724],[155.46402384286316,55.46535062820545],[155.5713712829458,55.52616021512612],[155.5713712829458,55.94920380192265],[155.67871872302834,56.009264743238155],[155.67871872302834,56.18888851000377],[155.78606616311095,56.2485770112259],[155.78606616311095,56.42708537137225],[155.89341360319355,56.48640271199461],[155.89341360319355,56.663799530547124],[156.43015080360652,56.95761512927702],[156.53749824368913,57.07449727789026],[156.7521931238543,57.132800665893654],[156.85954056393692,57.24913248889406],[156.85954056393692,57.538362098692595],[156.7521931238543,57.59593442448904],[156.7521931238543,57.71080616522634],[156.85954056393692,57.82531459976866],[157.39627776434992,57.768105752537004],[157.71832008459774,57.99639756961955],[158.14770984492813,57.99639756961955],[158.6844470453411,58.27972919135532],[158.7917944854237,58.27972919135532],[159.5432265660019,58.728386960614245],[159.7579214461671,59.061129874759075],[160.0799637664149,59.226302766787946],[160.1873112064975,59.33597579095718],[160.4020060866627,59.390679907724376],[160.4020060866627,59.49982381210001],[160.50935352674531,59.55426378481362],[160.72404840691047,59.55426378481362],[160.93874328707568,59.66288023532123],[160.93874328707568,59.71705689922596],[161.15343816724086,59.77114597991183],[161.36813304740608,59.98662834211258],[161.47548048748868,59.98662834211258],[161.79752280773647,60.14732508540592],[161.79752280773647,60.307240349409405],[162.22691256806687,60.519249494552525],[162.44160744823208,60.57203612904188],[162.6563023283973,60.57203612904188],[162.87099720856244,60.729879998657374],[163.08569208872765,60.782322930437715],[163.30038696889284,60.782322930437715],[163.40773440897544,60.83468017676543],[163.40773440897544,60.99123876717593],[163.7297767292233,61.147029664712996],[163.7297767292233,61.45631886376126],[163.62242928914065,61.50757101205719],[163.40773440897544,61.50757101205719],[163.19303952881026,61.404982292093706],[162.97834464864505,61.404982292093706],[162.87099720856244,61.45631886376126],[162.44160744823208,61.45631886376126],[162.33426000814947,61.35356119927204],[161.0460907271583,60.729879998657374],[161.0460907271583,60.677351285202974],[160.83139584699308,60.57203612904188],[160.61670096682786,60.57203612904188],[160.4020060866627,60.46637669482693],[160.0799637664149,60.46637669482693],[160.0799637664149,60.729879998657374],[159.97261632633231,60.782322930437715],[159.7579214461671,60.782322930437715],[159.7579214461671,60.93913799859317],[159.8652688862497,60.99123876717593],[159.8652688862497,61.09518450332296],[159.7579214461671,61.147029664712996],[159.7579214461671,61.250465059593175],[159.97261632633231,61.35356119927204],[159.97261632633231,61.45631886376126],[159.8652688862497,61.50757101205719],[159.5432265660019,61.50757101205719],[159.2211842457541,61.71173733098158],[159.0064893655889,61.71173733098158],[158.8991419255063,61.66082189617619],[158.3624047250933,61.66082189617619],[158.25505728501074,61.60982243021098],[157.61097264451513,61.60982243021098],[157.50362520443252,61.55873883487366],[157.2889303242673,61.55873883487366],[157.07423544410213,61.45631886376126],[157.07423544410213,61.404982292093706],[156.85954056393692,61.35356119927204],[156.85954056393692,61.09518450332296],[156.7521931238543,61.04325423646849],[156.53749824368913,61.04325423646849],[156.43015080360652,60.93913799859317],[156.21545592344134,60.88695183399114],[156.10810848335876,60.782322930437715],[156.10810848335876,60.62473669398391],[155.89341360319355,60.519249494552525],[155.78606616311095,60.519249494552525],[155.24932896269794,60.254021934615196],[155.14198152261534,60.254021934615196],[154.81993920236755,60.09384646145253],[154.71259176228494,59.98662834211258],[154.60524432220234,59.71705689922596],[154.4978968821198,59.66288023532123],[154.4978968821198,59.55426378481362],[154.92728664245016,59.44529588394948],[155.14198152261534,59.44529588394948],[155.35667640278055,59.33597579095718],[155.5713712829458,59.33597579095718],[155.67871872302834,59.281183441352354],[155.67871872302834,59.17133367531739],[155.46402384286316,59.17133367531739],[155.35667640278055,59.061129874759075],[155.14198152261534,59.005894982670895],[154.4978968821198,59.005894982670895],[154.39054944203716,58.95057130767929],[154.17585456187194,58.95057130767929],[153.9611596817068,58.89515875874101],[153.74646480154158,59.005894982670895],[153.53176992137637,59.005894982670895],[153.4244224812938,58.95057130767929],[153.20972760112858,58.95057130767929],[152.99503272096337,58.78406667578318],[152.24360064038518,58.78406667578318],[152.13625320030258,58.728386960614245],[151.492168559807,58.728386960614245],[151.3848211197244,58.67261800920349],[151.0627787994766,58.95057130767929],[150.8480839193114,58.95057130767929],[150.6333890391462,58.83965724499881],[150.418694158981,58.89515875874101],[150.418694158981,59.005894982670895],[150.74073647922881,59.17133367531739],[150.74073647922881,59.281183441352354],[150.5260415990636,59.33597579095718],[150.5260415990636,59.390679907724376],[150.3113467188984,59.49982381210001],[150.0966518387332,59.49982381210001],[149.7746095184854,59.60861589489641],[149.55991463832027,59.60861589489641],[149.34521975815503,59.49982381210001],[149.34521975815503,59.33597579095718],[149.23787231807242,59.281183441352354],[149.23787231807242,59.061129874759075],[149.1305248779898,59.005894982670895],[148.91582999782463,59.005894982670895],[148.70113511765942,59.116276075171285],[148.37909279741163,59.116276075171285],[148.27174535732902,59.226302766787946],[148.0570504771638,59.226302766787946],[147.84235559699863,59.116276075171285],[147.41296583666826,59.116276075171285],[147.09092351642045,59.226302766787946],[146.66153375609005,59.226302766787946],[146.44683887592484,59.061129874759075],[146.23214399575966,59.005894982670895],[146.01744911559445,59.005894982670895],[145.69540679534666,59.226302766787946],[143.76315287385987,59.226302766787946],[143.6558054337773,59.17133367531739],[143.0117207932817,59.17133367531739],[142.5823310329513,59.061129874759075],[142.0455938325383,58.78406667578318],[141.9382463924557,58.61675973145561],[140.86477199162977,58.110000778818986],[140.75742455154713,57.99639756961955],[140.75742455154713,57.88243279367289],[140.65007711146453,57.82531459976866],[140.65007711146453,57.71080616522634],[140.22068735113413,57.59593442448904],[140.00599247096892,57.48069868808136],[140.00599247096892,57.36509827022348],[139.8986450308863,57.36509827022348],[139.46925527055592,57.132800665893654],[139.3619078304733,57.132800665893654],[138.93251807014292,56.84036526063502],[138.71782318997776,56.78160222354425],[138.71782318997776,56.663799530547124],[138.39578086972995,56.48640271199461],[138.39578086972995,56.30817260164944],[138.18108598956476,56.2485770112259],[137.96639110939955,56.12910701801206],[137.96639110939955,56.069232455559785],[137.21495902882134,55.64749791125178],[137.10761158873876,55.64749791125178],[136.89291670857355,55.52616021512612],[136.89291670857355,55.46535062820545],[136.67822182840837,55.46535062820545],[136.46352694824319,55.343449594308844],[136.35617950816058,55.15989225552906],[136.24883206807797,55.15989225552906],[135.60474742758237,54.8520762569476],[135.60474742758237,54.728287644822046],[135.81944230774758,54.604119748738945],[136.5708743883258,54.604119748738945],[136.67822182840837,54.666251143474184],[136.67822182840837,54.79022932509724],[136.5708743883258,54.8520762569476],[137.00026414865616,55.0985179645872],[137.42965390898655,55.0985179645872],[137.53700134906916,55.15989225552906],[137.85904366931695,55.15989225552906],[138.39578086972995,54.913828513351724],[137.96639110939955,54.604119748738945],[138.07373854948216,54.292036866843475],[137.85904366931695,54.1665369673231],[137.85904366931695,53.977570998621616],[138.07373854948216,53.851115469898126],[138.28843342964734,53.851115469898126],[138.71782318997776,54.04065522960934],[138.71782318997776,54.292036866843475],[139.14721295030813,54.1665369673231],[139.46925527055592,54.1665369673231],[139.79129759080374,54.292036866843475],[140.22068735113413,54.04065522960934],[140.32803479121677,54.04065522960934],[140.43538223129931,53.91439110143009],[140.43538223129931,53.7877440362525],[140.97211943171231,53.46944748999824],[141.0794668717949,53.46944748999824],[141.0794668717949,53.40549984108654],[141.2941617519601,53.277315680036324],[141.50885663212532,53.277315680036324],[141.6162040722079,53.14874593808168],[141.6162040722079,53.01979010473228],[141.4015091920427,52.89044767577636],[141.4015091920427,52.30360942804774],[141.6162040722079,52.040264854554955],[141.50885663212532,51.974184997302075],[141.50885663212532,51.77535961174211],[141.0794668717949,51.44202796543737],[141.0794668717949,51.30800945450114],[140.86477199162977,51.17359840082725],[140.86477199162977,50.90359704119868],[140.65007711146453,50.700062617848666],[140.65007711146453,50.152963271655175],[140.86477199162977,50.015199906515456],[140.86477199162977,49.94616970501132],[140.65007711146453,49.80781205455109],[140.65007711146453,49.59953184701818],[140.75742455154713,49.52990662281859],[140.65007711146453,49.46018208936878],[140.65007711146453,49.250412253733444],[140.54272967138192,49.180290106185325],[140.54272967138192,48.75746659902173],[140.32803479121677,48.61572818603407],[140.32803479121677,48.331053948398896],[140.22068735113413,48.18811764031537],[139.3619078304733,47.612372606109766],[139.14721295030813,47.17635845404607],[138.61047574989516,46.810256019560896],[138.61047574989516,46.66311262460235],[138.50312830981255,46.58939034316711],[138.50312830981255,46.367620988793774],[138.28843342964734,46.21927252858975],[138.28843342964734,46.07052217801639],[138.07373854948216,45.92136985363141],[138.07373854948216,45.84664292809512],[137.75169622923434,45.62185900302726],[137.75169622923434,45.54672995605021],[137.64434878915176,45.54672995605021],[137.42965390898655,45.39617022087439],[137.42965390898655,45.32073952397887],[136.35617950816058,44.48436483295215],[136.35617950816058,44.33098948013483],[136.24883206807797,44.33098948013483],[135.81944230774758,44.02303239612954],[135.71209486766497,43.86845078916144],[135.71209486766497,43.713467241415664],[135.39005254741718,43.48023848499155],[135.28270510733458,43.324250513397324],[135.17535766725197,43.324250513397324],[134.53127302675637,42.932524028238994],[134.4239255866738,42.932524028238994],[134.101883266426,42.69628436745891],[133.565146066013,42.61733730731169],[133.2431037457652,42.45914256186136],[133.0284088656,42.45914256186136],[132.8137139854348,42.53829003096801],[132.5990191052696,42.69628436745891],[132.27697678502182,42.69628436745891],[132.16962934493924,42.775131188767375],[131.74023958460882,42.775131188767375],[131.41819726436103,42.53829003096801],[131.31084982427842,42.37989492421928],[131.09615494411327,42.37989492421928],[130.77411262386542,42.06190320078757],[130.55941774370024,42.06190320078757],[130.02268054328727,41.66216299538393],[129.91533310320466,41.501567518772426],[129.91533310320466,41.3405727834166],[130.02268054328727,41.25992578121537],[129.91533310320466,41.17917907100006],[129.91533310320466,40.69260708890572],[129.80798566312205,40.61116351407393],[129.59329078295684,40.61116351407393],[129.27124846270905,40.366236650795464],[129.27124846270905,40.284395799923466],[129.16390102262645,40.284395799923466],[128.73451126229605,39.95604083127171],[128.62716382221345,39.95604083127171],[128.41246894204826,39.79126909476386],[128.09042662180045,39.79126909476386],[127.76838430155267,39.54336982806356],[127.76838430155267,39.12823024185877],[127.98307918171788,39.04490671459681],[127.98307918171788,38.961484788438575],[128.19777406188305,38.79434598375222],[128.41246894204826,38.71062922965364],[128.30512150196566,38.71062922965364],[128.09042662180045,38.54290133585468],[128.09042662180045,38.374781362475],[127.12429966105708,38.374781362475],[126.90960478089188,38.290574512346254],[126.80225734080928,38.12186742609129],[126.48021502056147,37.86807438217152],[126.48021502056147,37.613404171875324],[126.58756246064408,37.52831952234705],[126.80225734080928,37.52831952234705],[127.33899454122228,38.037367329096],[127.66103686147008,38.037367329096],[127.76838430155267,37.952769623825226],[127.98307918171788,37.952769623825226],[128.09042662180045,38.037367329096],[128.30512150196566,38.037367329096],[128.51981638213084,38.20626984385122],[128.62716382221345,38.45889032606184],[128.73451126229605,38.290574512346254],[128.73451126229605,38.12186742609129],[129.16390102262645,37.698391581962284],[129.27124846270905,37.44313770996685],[129.59329078295684,37.10144039687032],[129.59329078295684,36.75819485216455],[129.70063822303945,36.585993158149776],[129.59329078295684,36.49974788139689],[129.59329078295684,36.15380597602237],[129.80798566312205,35.89334325682506],[129.70063822303945,35.8063311732052],[129.70063822303945,35.45732951678698],[129.48594334287426,35.10680730326771],[129.16390102262645,34.84292170878618],[128.94920614246126,34.754771083719405],[128.94920614246126,34.6665262574832],[128.73451126229605,34.489754438041246],[127.87573174163528,34.489754438041246],[127.44634198130488,34.2238929550305],[126.90960478089188,34.2238929550305],[126.69490990072667,34.04618411469159],[126.48021502056147,34.135085243721136],[126.15817270031367,34.135085243721136],[126.05082526023108,34.2238929550305],[126.05082526023108,34.401227665632334],[126.15817270031367,34.489754438041246],[126.15817270031367,35.10680730326771],[126.48021502056147,35.6320208141094],[126.48021502056147,35.98025981495283],[126.37286758047888,36.06708075266529],[126.37286758047888,36.32696890881425],[126.15817270031367,36.49974788139689],[126.05082526023108,36.49974788139689],[126.05082526023108,36.75819485216455],[126.48021502056147,37.10144039687032],[126.48021502056147,37.35785881227011],[126.05082526023108,37.613404171875324],[125.5140880598181,37.52831952234705],[125.4067406197355,37.44313770996685],[125.0846982994877,37.698391581962284],[124.9773508594051,37.698391581962284],[124.8700034193225,37.86807438217152],[124.6553085391573,37.952769623825226],[124.6553085391573,38.12186742609129],[124.8700034193225,38.290574512346254],[125.0846982994877,38.62681432552263],[125.0846982994877,38.87796452423702],[125.2993931796529,39.12823024185877],[125.2993931796529,39.29458186080299],[125.1920457395703,39.377609835293114],[124.8700034193225,39.46053917649785],[124.8700034193225,39.70873484132367],[125.4067406197355,40.366236650795464],[125.5140880598181,40.366236650795464],[125.7287829399833,40.529620553245785],[126.15817270031367,40.69260708890572],[126.15817270031367,40.85519590853],[125.94347782014847,40.93634106943207],[125.94347782014847,41.01738667655179],[126.37286758047888,41.3405727834166],[126.37286758047888,41.17917907100006],[126.48021502056147,41.09833269006698],[126.69490990072667,41.09833269006698],[126.80225734080928,41.17917907100006],[126.80225734080928,41.42112004114412],[127.01695222097447,41.42112004114412],[127.12429966105708,41.25992578121537],[127.33899454122228,41.25992578121537],[127.44634198130488,41.17917907100006],[127.98307918171788,41.17917907100006],[128.09042662180045,41.09833269006698],[128.30512150196566,41.09833269006698],[128.51981638213084,41.3405727834166],[128.51981638213084,41.58191518150745],[128.41246894204826,41.66216299538393],[128.19777406188305,41.66216299538393],[128.09042662180045,41.501567518772426],[127.76838430155267,41.501567518772426],[127.66103686147008,41.58191518150745],[127.33899454122228,41.58191518150745],[127.33899454122228,41.66216299538393],[127.12429966105708,41.82235894482845],[126.80225734080928,41.82235894482845],[127.98307918171788,42.45914256186136],[128.19777406188305,42.45914256186136],[128.51981638213084,42.61733730731169],[129.05655358254384,42.69628436745891],[129.16390102262645,42.775131188767375],[129.70063822303945,42.775131188767375],[129.80798566312205,42.69628436745891],[129.91533310320466,42.69628436745891],[130.02268054328727,42.69628436745891],[130.13002798336984,42.53829003096801],[130.45207030361763,42.30054714306595],[130.66676518378281,42.30054714306595],[130.88146006394803,42.61733730731169],[131.20350238419582,42.61733730731169],[131.31084982427842,42.69628436745891],[131.41819726436103,43.08951566031014],[131.52554470444363,43.167860975294346],[131.52554470444363,43.40229470292579],[131.41819726436103,43.48023848499155],[131.41819726436103,43.79100925242813],[131.52554470444363,43.86845078916144],[131.52554470444363,44.02303239612954],[131.41819726436103,44.10017244639913],[131.41819726436103,44.33098948013483],[131.31084982427842,44.407727427707634],[131.31084982427842,44.63733799637365],[131.52554470444363,44.713673746318904],[131.95493446477403,45.01801113850464],[132.27697678502182,45.01801113850464],[132.3843242251044,45.1695764550113],[132.3843242251044,45.01801113850464],[132.5990191052696,44.86604356749865],[132.8137139854348,44.86604356749865],[132.9210614255174,44.78990893746685],[133.1357563056826,44.78990893746685],[133.3504511858478,44.94207763480928],[133.3504511858478,45.1695764550113],[133.2431037457652,45.24520826956407],[133.0284088656,45.24520826956407],[133.1357563056826,45.32073952397887],[133.1357563056826,45.47150036356346],[133.2431037457652,45.32073952397887],[133.4577986259304,45.32073952397887],[133.6724935060956,45.47150036356346],[134.101883266426,46.07052217801639],[134.101883266426,46.21927252858975],[133.9945358263434,46.29349698935901],[133.7798409461782,46.29349698935901],[133.7798409461782,46.44164453897456],[133.8871883862608,46.58939034316711],[133.9945358263434,46.51556765263661],[134.2092307065086,46.51556765263661],[134.3165781465912,46.58939034316711],[134.3165781465912,46.88367716437708],[134.4239255866738,46.95699796267812],[134.4239255866738,47.17635845404607],[134.63862046683897,47.17635845404607],[134.85331534700418,47.39481648519173],[134.85331534700418,47.53995407537537],[134.63862046683897,47.612372606109766],[134.53127302675637,47.75690925300668],[134.74596790692158,47.75690925300668],[134.85331534700418,47.8290274166459],[134.85331534700418,47.97296354751276],[134.9606627870868,48.044781565817566],[134.9606627870868,48.25963575113587],[134.63862046683897,48.40237226087875],[134.2092307065086,48.40237226087875],[134.101883266426,48.331053948398896],[133.7798409461782,48.331053948398896],[133.4577986259304,48.11649958774512],[133.2431037457652,48.044781565817566],[133.2431037457652,47.90104550640105],[133.1357563056826,48.044781565817566],[132.9210614255174,48.044781565817566],[132.5990191052696,47.90104550640105],[132.5990191052696,47.75690925300668],[131.20350238419582,47.75690925300668],[130.98880750403063,47.8290274166459],[130.98880750403063,48.47359071792896],[130.88146006394803,48.54470934947951],[130.77411262386542,48.54470934947951],[130.88146006394803,48.61572818603407],[130.88146006394803,48.82818623930576],[130.77411262386542,48.898806212290104],[130.34472286353503,48.898806212290104],[130.23737542345242,48.969326551305464],[130.02268054328727,48.969326551305464],[129.91533310320466,48.82818623930576],[129.70063822303945,49.03974729023968],[129.91533310320466,49.11006846353501],[129.91533310320466,49.250412253733444],[129.59329078295684,49.46018208936878],[129.05655358254384,49.46018208936878],[128.84185870237866,49.59953184701818],[128.19777406188305,49.59953184701818],[128.09042662180045,49.66905780074645],[127.66103686147008,49.66905780074645],[127.76838430155267,49.73848452331215],[127.76838430155267,49.94616970501132],[127.66103686147008,50.015199906515456],[127.44634198130488,50.015199906515456],[127.44634198130488,50.152963271655175],[127.23164710113967,50.22169652066329],[127.23164710113967,50.49564097932285],[127.44634198130488,50.49564097932285],[127.55368942138747,50.56388018318153],[127.55368942138747,50.700062617848666],[127.44634198130488,50.76800594203302],[127.23164710113967,50.76800594203302],[127.12429966105708,50.700062617848666],[126.90960478089188,50.700062617848666],[126.69490990072667,50.63202071387575],[125.4067406197355,49.80781205455109],[125.4067406197355,49.73848452331215],[124.8700034193225,49.39035820842239],[124.8700034193225,49.32043494226832],[124.5479610990747,49.11006846353501],[124.5479610990747,49.03974729023968],[124.22591877882691,48.82818623930576],[124.22591877882691,48.75746659902173],[123.9038764585791,48.54470934947951],[123.9038764585791,48.47359071792896],[123.58183413833133,48.25963575113587],[123.25979181808353,47.8290274166459],[122.83040205775313,47.467435375809124],[122.72305461767053,47.2492780449923],[122.29366485734013,46.88367716437708],[121.54223277676192,45.84664292809512],[121.54223277676192,45.696887509872944],[121.11284301643155,45.093844078398824],[121.00549557634895,44.713673746318904],[120.89814813626636,44.63733799637365],[120.89814813626636,44.48436483295215],[120.79080069618375,44.407727427707634],[120.79080069618375,44.25415099616343],[120.68345325610115,44.17721198245368],[120.68345325610115,43.94579184051353],[120.46875837593595,43.63582476797619],[120.46875837593595,43.40229470292579],[120.14671605568816,42.932524028238994],[120.14671605568816,42.775131188767375],[119.93202117552295,42.45914256186136],[119.71732629535775,42.30054714306595],[119.39528397510995,41.742310927262785],[118.75119933461438,41.09833269006698],[118.75119933461438,41.01738667655179],[118.21446213420138,40.61116351407393],[118.21446213420138,40.529620553245785],[117.35568261354058,39.87370444205166],[117.35568261354058,39.79126909476386],[115.8528184523842,38.54290133585468],[115.8528184523842,38.45889032606184],[115.3160812519712,37.952769623825226],[115.3160812519712,37.86807438217152],[114.77934405155823,37.35785881227011],[114.77934405155823,37.27248290774042],[114.02791197098003,36.75819485216455],[113.81321709081483,36.41340643526715],[113.81321709081483,36.24043539206523],[113.49117477056703,35.8063311732052],[113.49117477056703,35.6320208141094],[113.16913245031924,35.19458005498219],[113.16913245031924,35.018939924924325],[112.95443757015404,34.754771083719405],[112.95443757015404,34.578187338959665],[112.73974268998884,34.31260713365097],[112.63239524990624,33.86810206844883],[112.52504780982365,33.778921386279684],[112.52504780982365,33.600281299139155],[112.41770036974104,33.51082213536464],[112.41770036974104,33.33162617811586],[112.20300548957587,33.06214003106419],[112.09565804949325,32.61115902625336],[111.98831060941065,32.520688380493],[111.98831060941065,32.33947370634587],[111.88096316932806,32.24872994820336],[111.88096316932806,32.066970273246405],[111.66626828916287,31.793652446012555],[111.66626828916287,31.610989995104607],[111.55892084908025,31.519524028832986],[111.55892084908025,31.244588911287696],[111.45157340899765,31.15276528996092],[111.45157340899765,30.876760770430327],[111.34422596891505,30.78458188364166],[111.34422596891505,30.507515232808796],[111.12953108874987,30.13686223093314],[111.12953108874987,29.857954960083028],[110.91483620858466,29.484863617408198],[110.91483620858466,29.297800239979384],[110.70014132841946,29.01656186396325],[110.70014132841946,28.828642756643113],[110.48544644825427,28.546127321464198],[110.48544644825427,28.35736126118528],[109.84136180775867,27.217755229167416],[109.41197204742828,26.7394237643568],[109.30462460734567,26.451453501149125],[108.76788740693269,25.969901585485452],[108.76788740693269,25.87335283157524],[108.33849764660229,25.486370217376354],[108.33849764660229,25.389428724491406],[107.9091078862719,25.000885837457414],[107.9091078862719,24.903556973781935],[107.4797181259415,24.513475552864715],[107.4797181259415,24.415764819583597],[107.2650232457763,24.220116473079493],[107.2650232457763,24.024167134611236],[106.8356334854459,23.631372827817543],[106.40624372511552,23.434531574532674],[106.19154884495032,23.434531574532674],[106.08420140486771,23.336000743834294],[105.11807444412433,23.336000743834294],[104.68868468379392,23.03997028141869],[104.47398980362874,23.03997028141869],[104.36664236354613,22.941148267109693],[104.04460004329835,22.941148267109693],[103.93725260321574,22.842254056947603],[103.29316796272015,22.842254056947603],[103.18582052263756,22.743287893026835],[102.75643076230715,22.743287893026835],[102.64908332222456,22.842254056947603],[102.43438844205937,22.842254056947603],[102.21969356189416,22.64425001847634],[102.21969356189416,22.54514067745794],[101.68295636148116,22.54514067745794],[101.57560892139857,22.34670857781929],[101.03887172098558,22.34670857781929],[100.71682940073778,22.54514067745794],[100.50213452057258,22.54514067745794],[100.07274476024219,22.743287893026835],[99.85804988007699,22.941148267109693],[99.75070243999438,22.941148267109693],[99.4286601197466,23.237396759281964],[99.2139652395814,23.237396759281964],[99.1066177994988,23.336000743834294],[99.1066177994988,23.631372827817543],[98.9992703594162,23.72968277973952],[99.1066177994988,23.926080165327377],[99.1066177994988,24.12217931371678],[98.9992703594162,24.220116473079493],[98.784575479251,24.220116473079493],[98.6772280391684,24.12217931371678],[98.5698805990858,24.220116473079493],[98.247838278838,24.220116473079493],[98.1404908387554,24.12217931371678],[98.1404908387554,24.024167134611236],[97.92579595859021,24.220116473079493],[97.92579595859021,24.415764819583597],[97.81844851850762,24.513475552864715],[98.03314339867282,24.611110358684737],[98.03314339867282,24.903556973781935],[98.1404908387554,25.000885837457414],[98.1404908387554,25.195312230886753],[98.03314339867282,25.292409323729984],[97.81844851850762,25.292409323729984],[97.60375363834241,25.000885837457414],[97.60375363834241,24.708669012754726],[97.49640619825982,24.708669012754726],[97.49640619825982,25.195312230886753],[97.38905875817721,25.292409323729984],[97.38905875817721,25.87335283157524],[97.28171131809462,25.969901585485452],[97.28171131809462,26.25907193358379],[97.17436387801202,26.355302720910906],[97.17436387801202,26.547524070264718],[97.06701643792941,26.7394237643568],[96.74497411768164,27.026666682931776],[96.95966899784683,26.835252486630775],[97.28171131809462,26.835252486630775],[97.38905875817721,26.931000192377894],[97.38905875817721,27.1222517607006],[97.17436387801202,27.313176892890397],[97.17436387801202,27.50377402971472],[97.06701643792941,27.598949117310145],[96.85232155776423,27.598949117310145],[96.74497411768164,27.408516557503113],[96.42293179743383,27.408516557503113],[95.67149971685564,28.16825893747984],[95.56415227677304,28.16825893747984],[95.34945739660786,28.35736126118528],[94.92006763627744,28.35736126118528],[94.27598299578187,27.883978166388317],[94.06128811561665,27.789051375171947],[93.84659323545145,27.789051375171947],[93.52455091520366,27.598949117310145],[93.30985603503846,27.598949117310145],[92.98781371479066,27.313176892890397],[92.88046627470807,27.313176892890397],[92.45107651437768,27.026666682931776],[92.34372907429508,27.026666682931776],[92.34372907429508,27.313176892890397],[92.23638163421248,27.50377402971472],[92.55842395446028,27.50377402971472],[92.66577139454287,27.69404162915025],[92.88046627470807,27.69404162915025],[93.09516115487327,27.97882181488867],[93.09516115487327,28.16825893747984],[92.98781371479066,28.262852041130635],[92.77311883462546,28.262852041130635],[92.55842395446028,28.073582133838563],[92.55842395446028,27.883978166388317],[92.12903419412987,27.883978166388317],[92.02168675404728,27.789051375171947],[91.91433931396467,27.789051375171947],[91.80699187388208,27.97882181488867],[91.59229699371689,27.97882181488867],[91.4849495536343,27.883978166388317],[91.4849495536343,27.408516557503113],[91.69964443379948,27.1222517607006],[91.91433931396467,27.1222517607006],[91.91433931396467,26.931000192377894],[91.37760211355169,26.931000192377894],[91.27025467346911,26.835252486630775],[90.62617003297349,26.835252486630775],[90.5188225928909,26.931000192377894],[90.19678027264311,26.931000192377894],[90.0894328325605,26.835252486630775],[89.66004307223011,26.835252486630775],[89.5526956321475,26.931000192377894],[89.23065331189972,26.931000192377894],[89.12330587181712,27.026666682931776],[89.33800075198232,27.313176892890397],[89.33800075198232,27.598949117310145],[89.12330587181712,27.69404162915025],[89.12330587181712,27.97882181488867],[88.80126355156932,28.16825893747984],[88.26452635115635,28.073582133838563],[88.15717891107373,27.97882181488867],[87.83513659082593,27.97882181488867],[87.72778915074333,27.883978166388317],[87.29839939041292,27.883978166388317],[86.86900963008254,28.16825893747984],[86.54696730983474,28.16825893747984],[86.43961986975214,28.073582133838563],[86.33227242966954,28.16825893747984],[86.01023010942176,28.16825893747984],[85.90288266933915,28.35736126118528],[85.36614546892615,28.35736126118528],[85.36614546892615,28.546127321464198],[85.25879802884356,28.640383799857528],[84.93675570859577,28.640383799857528],[84.82940826851316,28.734555670992535],[84.61471338834797,28.734555670992535],[84.50736594826537,28.640383799857528],[84.50736594826537,28.451786415114285],[84.61471338834797,28.35736126118528],[84.93675570859577,28.262852041130635],[84.93675570859577,28.16825893747984],[85.15145058876095,27.97882181488867],[85.79553522925656,27.97882181488867],[85.79553522925656,27.789051375171947],[86.01023010942176,27.598949117310145],[86.22492498958694,27.598949117310145],[86.33227242966954,27.69404162915025],[86.86900963008254,27.69404162915025],[87.19105195033035,27.50377402971472],[87.83513659082593,27.50377402971472],[87.94248403090853,27.598949117310145],[88.37187379123891,27.598949117310145],[88.69391611148671,27.789051375171947],[88.69391611148671,26.835252486630775],[89.12330587181712,26.547524070264718],[89.4453481920649,26.547524070264718],[89.66004307223011,26.451453501149125],[88.90861099165191,26.451453501149125],[88.47922123132152,26.643514225296617],[88.37187379123891,26.835252486630775],[88.15717891107373,26.835252486630775],[88.04983147099112,26.643514225296617],[87.62044171066073,26.643514225296617],[87.51309427057812,26.7394237643568],[86.97635707016514,26.7394237643568],[86.54696730983474,26.931000192377894],[86.11757754950436,26.931000192377894],[85.47349290900875,27.217755229167416],[85.25879802884356,27.217755229167416],[84.93675570859577,27.408516557503113],[84.72206082843057,27.408516557503113],[84.40001850818277,27.598949117310145],[83.86328130776978,27.69404162915025],[83.75593386768718,27.789051375171947],[83.32654410735678,27.789051375171947],[83.21919666727418,27.883978166388317],[82.89715434702639,27.883978166388317],[82.2530697065308,28.16825893747984],[82.03837482636561,28.16825893747984],[81.93102738628299,28.262852041130635],[81.50163762595261,28.262852041130635],[81.0722478656222,28.546127321464198],[80.96490042553961,28.546127321464198],[80.7502055453744,28.734555670992535],[80.42816322512661,28.734555670992535],[80.32081578504402,28.828642756643113],[80.21346834496141,28.828642756643113],[79.78407858463102,28.828642756643113],[79.67673114454841,28.922644879658538],[79.46203626438323,28.922644879658538],[79.03264650405285,29.110393534556607],[78.81795162388762,29.297800239979384],[78.49590930363985,29.39137493017932],[78.28121442347464,29.76481197032236],[77.31508746273126,30.599958959636748],[76.67100282223565,30.78458188364166],[76.13426562182266,31.244588911287696],[76.02691818174007,31.519524028832986],[75.59752842140966,31.975954632965344],[75.59752842140966,32.24872994820336],[75.16813866107928,32.520688380493],[74.9534437809141,32.520688380493],[74.9534437809141,32.79182626737811],[74.84609634083148,32.882022598765936],[74.63140146066628,32.882022598765936],[74.4167065805011,33.06214003106419],[74.0946642602533,33.06214003106419],[73.98731682017069,32.972127229789685],[72.80649497926211,33.689647756481605],[72.6991475391795,33.689647756481605],[72.48445265901431,33.86810206844883],[72.3771052189317,33.86810206844883],[72.1624103387665,34.04618411469159],[71.94771545860132,34.04618411469159],[71.84036801851872,34.135085243721136],[71.41097825818832,34.135085243721136],[71.30363081810572,34.31260713365097],[71.30363081810572,34.489754438041246],[71.19628337802311,34.578187338959665],[70.98158849785791,34.578187338959665],[70.87424105777534,34.489754438041246],[70.87424105777534,34.31260713365097],[70.98158849785791,34.135085243721136],[70.87424105777534,34.04618411469159],[70.65954617761012,34.04618411469159],[70.55219873752753,33.95718968393068],[70.44485129744493,34.04618411469159],[69.90811409703193,34.04618411469159],[69.80076665694935,33.95718968393068],[69.80076665694935,33.689647756481605],[70.01546153711453,33.51082213536464],[70.12280897719712,33.24188963201788],[69.90811409703193,33.152060874243155],[69.58607177678414,33.152060874243155],[69.37137689661894,32.972127229789685],[69.26402945653635,32.520688380493],[69.15668201645374,32.4301265623242],[69.15668201645374,31.793652446012555],[69.26402945653635,31.702366182183635],[69.47872433670155,31.702366182183635],[69.58607177678414,31.793652446012555],[69.58607177678414,32.33947370634587],[69.69341921686674,32.4301265623242],[69.69341921686674,32.70153836605162],[69.80076665694935,32.79182626737811],[70.12280897719712,32.79182626737811],[70.12280897719712,31.610989995104607],[70.01546153711453,31.519524028832986],[70.01546153711453,30.968851068591913],[70.12280897719712,30.876760770430327],[70.12280897719712,29.297800239979384],[70.23015641727973,29.20413971751256],[70.23015641727973,28.828642756643113],[69.90811409703193,28.546127321464198],[69.90811409703193,28.451786415114285],[69.15668201645374,27.789051375171947],[68.94198713628855,27.69404162915025],[68.72729225612335,27.69404162915025],[68.40524993587556,27.50377402971472],[68.19055505571036,27.50377402971472],[68.08320761562776,27.408516557503113],[67.43912297513216,27.69404162915025],[67.22442809496697,27.69404162915025],[66.90238577471916,27.883978166388317],[66.90238577471916,27.97882181488867],[66.68769089455397,28.16825893747984],[66.47299601438878,28.546127321464198],[66.47299601438878,28.828642756643113],[66.36564857430618,28.922644879658538],[66.36564857430618,29.110393534556607],[66.15095369414098,29.297800239979384],[66.04360625405837,29.484863617408198],[66.04360625405837,29.671582305501712],[65.93625881397578,29.76481197032236],[65.7215639338106,29.76481197032236],[65.61421649372798,29.671582305501712],[64.97013185323239,29.671582305501712],[64.8627844131498,29.76481197032236],[64.32604721273681,29.76481197032236],[64.2186997726542,29.857954960083028],[63.46726769207601,29.857954960083028],[63.359920251993415,29.76481197032236],[62.07175097100223,29.76481197032236],[61.74970865075443,30.043980254124985],[61.64236121067183,30.043980254124985],[61.53501377058923,30.13686223093314],[61.53501377058923,30.322364033464854],[61.21297145034143,30.507515232808796],[61.21297145034143,30.599958959636748],[60.998276570176245,30.78458188364166],[60.998276570176245,31.244588911287696],[61.10562401025884,31.15276528996092],[61.32031889042403,31.15276528996092],[61.42766633050663,31.244588911287696],[61.42766633050663,31.42796842848256],[61.32031889042403,31.519524028832986],[61.10562401025884,31.519524028832986],[61.10562401025884,31.975954632965344],[60.890822350786536,32.066970273246405],[60.998276570176245,32.066970273246405],[61.10562401025884,32.15789542458963],[61.10562401025884,32.33947370634587],[60.998276570176245,32.4301265623242],[60.78358169001104,32.4301265623242],[60.67623424992844,32.33947370634587],[60.67623424992844,32.15789542458963],[60.49205973631236,32.85637853037247],[60.56888680984584,32.79182626737811],[60.78358169001104,32.79182626737811],[60.890929130093646,32.882022598765936],[60.890929130093646,33.06214003106419],[60.78358169001104,33.152060874243155],[60.56888680984584,33.152060874243155],[60.461539369763244,33.06214003106419],[60.461539369763244,32.972127229789685],[60.13949704951544,33.33162617811586],[60.03214960943286,33.600281299139155],[59.81745472926766,33.778921386279684],[59.71010728918505,34.04618411469159],[59.38806496893726,34.401227665632334],[59.28071752885466,34.401227665632334],[58.31459056811127,35.10680730326771],[58.31459056811127,35.19458005498219],[57.13376872720268,36.24043539206523],[56.8117264069549,36.24043539206523],[56.704378966872284,36.32696890881425],[56.06029432637669,36.32696890881425],[55.9529468862941,36.24043539206523],[55.094167365633304,36.24043539206523],[54.45008272513771,35.98025981495283],[53.91334552472472,35.89334325682506],[53.80599808464213,35.8063311732052],[53.59130320447692,35.8063311732052],[53.483955764394324,35.71922366000156],[53.26926088422914,35.71922366000156],[52.94721856398133,35.5447227334129],[52.41048136356834,35.45732951678698],[52.30313392348574,35.369841264099165],[52.08843904332054,35.369841264099165],[51.98109160323794,35.28225807621148],[51.766396723072745,35.28225807621148],[51.659049282990146,35.19458005498219],[51.44435440282495,35.19458005498219],[51.33700696274235,35.10680730326771],[51.12231208257715,35.10680730326771],[50.80026976232936,34.93097802481002],[50.58557488216416,34.93097802481002],[50.37088000199896,34.754771083719405],[50.37088000199896,34.31260713365097],[50.80026976232936,33.689647756481605],[50.80026976232936,33.51082213536464],[51.22965952265975,32.79182626737811],[52.41048136356834,31.793652446012555],[52.517828803650936,31.793652446012555],[53.16191344414653,31.33632334022438],[53.26926088422914,31.33632334022438],[53.91334552472472,30.876760770430327],[54.45008272513771,30.692314561823256],[54.66477760530291,30.507515232808796],[55.41620968588111,30.229656877733944],[55.6309045660463,30.043980254124985],[56.382336646624495,29.76481197032236],[56.597031526789685,29.578266132035054],[57.88520080778088,29.01656186396325],[58.63663288835907,28.922644879658538],[58.743980328441666,28.828642756643113],[60.13949704951544,28.828642756643113],[60.24684448959804,28.922644879658538],[60.67623424992844,28.922644879658538],[60.78358169001104,29.01656186396325],[60.998276570176245,29.01656186396325],[61.21297145034143,29.110393534556607],[61.53501377058923,28.640383799857528],[61.74970865075443,28.640383799857528],[61.96440353091963,28.734555670992535],[62.17909841108483,28.546127321464198],[62.28644585116742,28.546127321464198],[62.39379329125002,28.451786415114285],[62.39379329125002,28.16825893747984],[62.715835611497816,27.789051375171947],[62.715835611497816,27.408516557503113],[62.823183051580415,27.313176892890397],[62.715835611497816,27.217755229167416],[62.715835611497816,27.026666682931776],[62.823183051580415,26.931000192377894],[63.14522537182822,26.931000192377894],[63.14522537182822,26.835252486630775],[62.715835611497816,26.643514225296617],[62.39379329125002,26.643514225296617],[62.28644585116742,26.451453501149125],[62.07175097100223,26.355302720910906],[61.10562401025884,26.355302720910906],[60.998276570176245,26.451453501149125],[60.13949704951544,26.451453501149125],[60.03214960943286,26.547524070264718],[59.38806496893726,26.547524070264718],[59.28071752885466,26.643514225296617],[58.85132776852427,26.643514225296617],[58.743980328441666,26.7394237643568],[58.42193800819387,26.7394237643568],[58.31459056811127,26.835252486630775],[57.99254824786347,26.835252486630775],[57.88520080778088,26.931000192377894],[57.56315848753308,26.931000192377894],[57.45581104745048,27.026666682931776],[57.13376872720268,27.026666682931776],[57.02642128712009,27.1222517607006],[56.704378966872284,27.1222517607006],[56.2749892065419,27.313176892890397],[55.9529468862941,27.313176892890397],[55.308862245798515,27.598949117310145],[55.094167365633304,27.598949117310145],[54.77212504538552,27.789051375171947],[54.55743016522031,27.789051375171947],[53.91334552472472,28.073582133838563],[53.376608324311725,28.451786415114285],[53.05456600406393,28.546127321464198],[52.30313392348574,29.110393534556607],[52.19578648340315,29.110393534556607],[51.766396723072745,29.484863617408198],[51.659049282990146,29.484863617408198],[50.907617202411956,30.13686223093314],[50.692922322246766,30.229656877733944],[50.692922322246766,30.322364033464854],[49.72679536150337,31.15276528996092],[49.72679536150337,31.244588911287696],[47.5798465598514,33.06214003106419],[47.5798465598514,33.152060874243155],[47.2578042396036,33.42127038729951],[47.0431093594384,33.778921386279684],[46.8284144792732,33.95718968393068],[46.8284144792732,34.04618411469159],[46.076982398695016,34.6665262574832],[46.399024718942805,34.93097802481002],[46.399024718942805,35.28225807621148],[46.291677278860206,35.369841264099165],[46.5063721590254,35.5447227334129],[46.5063721590254,35.8063311732052],[46.399024718942805,35.89334325682506],[45.75494007844721,35.89334325682506],[45.75494007844721,35.98025981495283],[45.54024519828202,36.15380597602237],[45.32555031811682,36.15380597602237],[45.21820287803422,36.06708075266529],[45.21820287803422,35.89334325682506],[45.43289775819942,35.71922366000156],[45.64759263836462,35.71922366000156],[45.75494007844721,35.5447227334129],[45.86228751852981,35.5447227334129],[45.96963495861241,35.10680730326771],[45.75494007844721,34.93097802481002],[44.46677079745603,35.98025981495283],[44.35942335737343,35.98025981495283],[43.28594895654744,36.8441510961673],[43.178601516464845,36.8441510961673],[42.96390663629965,37.01577395225742],[43.178601516464845,37.10144039687032],[43.178601516464845,37.27248290774042],[43.071254076382246,37.35785881227011],[42.74921175613445,37.35785881227011],[42.64186431605185,37.18701007581168],[42.427169435886654,37.35785881227011],[42.10512711563886,37.35785881227011],[41.67573735530846,37.52831952234705],[41.461042475143266,37.52831952234705],[41.35369503506067,37.613404171875324],[41.03165271481287,37.613404171875324],[40.924305274730266,37.52831952234705],[40.280220634234674,37.52831952234705],[40.17287319415208,37.613404171875324],[39.85083087390428,37.613404171875324],[39.74348343382168,37.52831952234705],[38.77735647307829,37.52831952234705],[38.670009032995694,37.44313770996685],[38.3479667127479,37.44313770996685],[38.1332718325827,37.27248290774042],[37.59653463216971,37.10144039687032],[37.38183975200451,36.75819485216455],[37.16714487183931,36.75819485216455],[37.059797431756714,36.8441510961673],[36.63040767142632,36.8441510961673],[36.52306023134372,36.75819485216455],[36.52306023134372,36.585993158149776],[36.63040767142632,36.49974788139689],[36.95244999167413,36.49974788139689],[36.95244999167413,36.15380597602237],[36.845102551591516,36.32696890881425],[36.52306023134372,36.32696890881425],[36.201017911095924,35.98025981495283],[35.98632303093073,35.98025981495283],[35.878975590848135,35.89334325682506],[35.878975590848135,36.06708075266529],[35.66428071068293,36.32696890881425],[35.449585830517734,36.32696890881425],[35.12754351026994,36.49974788139689],[34.69815374993954,36.49974788139689],[34.37611142969175,36.32696890881425],[34.26876398960915,36.06708075266529],[33.839374229278754,35.89334325682506],[33.08794214870056,35.89334325682506],[32.980594708617964,35.8063311732052],[32.76589982845276,35.8063311732052],[32.33651006812238,35.98025981495283],[32.33651006812238,36.06708075266529],[31.907120307791978,36.41340643526715],[31.692425427626777,36.41340643526715],[31.477730547461583,36.585993158149776],[31.263035667296382,36.585993158149776],[31.155688227213783,36.672142177443384],[30.94099334704859,36.672142177443384],[30.833645906965987,36.585993158149776],[30.833645906965987,36.32696890881425],[30.61895102680079,35.98025981495283],[29.8675189462226,35.98025981495283],[29.76017150614,36.15380597602237],[29.4381291858922,36.41340643526715],[29.330781745809606,36.585993158149776],[29.330781745809606,36.8441510961673],[29.11608686564441,37.01577395225742],[28.901391985479208,37.10144039687032],[28.686697105314014,37.10144039687032],[28.579349665231412,37.18701007581168],[28.36465478506622,37.18701007581168],[27.505875264405425,37.52831952234705],[27.398527824322827,37.698391581962284],[27.076485504075034,37.952769623825226],[26.969138063992432,38.12186742609129],[26.969138063992432,38.290574512346254],[26.754443183827235,38.45889032606184],[26.647095743744636,38.45889032606184],[26.647095743744636,38.62681432552263],[26.754443183827235,38.71062922965364],[26.754443183827235,38.961484788438575],[26.539748303662037,39.12823024185877],[26.539748303662037,39.29458186080299],[26.969138063992432,39.95604083127171],[26.969138063992432,40.284395799923466],[26.754443183827235,40.366236650795464],[26.754443183827235,40.44797825050503],[26.539748303662037,40.61116351407393],[26.969138063992432,40.93634106943207],[27.61322270448803,40.93634106943207],[27.720570144570623,40.85519590853],[27.720570144570623,40.61116351407393],[27.82791758465322,40.529620553245785],[28.14995990490102,40.529620553245785],[28.257307344983616,40.44797825050503],[28.472002225148813,40.44797825050503],[28.901391985479208,40.61116351407393],[29.11608686564441,40.61116351407393],[29.330781745809606,40.77395123451486],[29.330781745809606,40.85519590853],[29.8675189462226,40.85519590853],[29.974866386305195,40.93634106943207],[30.511603586718188,40.93634106943207],[30.61895102680079,41.01738667655179],[31.04834078713118,41.01738667655179],[31.155688227213783,41.09833269006698],[31.585077987544175,41.09833269006698],[32.014467747874576,41.25992578121537],[33.08794214870056,41.25992578121537],[33.19528958878316,41.3405727834166],[34.69815374993954,41.3405727834166],[35.55693327060033,41.66216299538393],[35.878975590848135,41.66216299538393],[36.093670471013326,41.742310927262785],[36.30836535117852,41.66216299538393],[36.52306023134372,41.3405727834166],[37.059797431756714,41.3405727834166],[37.489187192087115,41.09833269006698],[37.91857695241751,41.09833269006698],[38.2406192726653,40.93634106943207],[38.77735647307829,40.93634106943207],[38.88470391316089,41.01738667655179],[39.20674623340869,41.01738667655179],[39.314093673491286,41.09833269006698],[39.63613599373909,41.09833269006698],[40.06552575406948,40.93634106943207],[40.38756807431727,40.93634106943207],[41.24634759497807,41.25992578121537],[41.568389915225865,41.501567518772426],[41.67573735530846,41.66216299538393],[41.67573735530846,42.06190320078757],[41.568389915225865,42.14155125432201],[41.568389915225865,42.37989492421928],[41.35369503506067,42.61733730731169],[41.13900015489547,42.61733730731169],[41.13900015489547,42.69628436745891],[40.924305274730266,42.85387774938338],[40.38756807431727,42.932524028238994],[40.17287319415208,43.167860975294346],[40.06552575406948,43.167860975294346],[39.958178313986885,43.324250513397324],[39.85083087390428,43.324250513397324],[39.42144111357389,43.63582476797619],[39.314093673491286,43.79100925242813],[39.20674623340869,43.79100925242813],[38.77735647307829,44.10017244639913],[38.5626615929131,44.17721198245368],[38.3479667127479,44.17721198245368],[37.91857695241751,44.48436483295215],[37.59653463216971,44.48436483295215],[37.27449231192191,44.713673746318904],[37.16714487183931,44.86604356749865],[36.201017911095924,44.86604356749865],[36.093670471013326,44.78990893746685],[35.878975590848135,44.78990893746685],[35.77162815076553,44.86604356749865],[35.55693327060033,44.86604356749865],[35.342238390435135,44.713673746318904],[35.342238390435135,44.63733799637365],[34.91284863010474,44.63733799637365],[34.69815374993954,44.56090169066647],[34.483458869774346,44.33098948013483],[34.37611142969175,44.33098948013483],[34.16141654952655,44.17721198245368],[33.839374229278754,44.17721198245368],[33.40998446894836,44.407727427707634],[33.40998446894836,44.56090169066647],[33.51733190903096,44.63733799637365],[33.51733190903096,44.86604356749865],[33.08794214870056,45.093844078398824],[32.76589982845276,45.093844078398824],[32.44385750820497,45.24520826956407],[32.44385750820497,45.32073952397887],[32.76589982845276,45.54672995605021],[32.980594708617964,45.62185900302726],[32.980594708617964,45.77181548264847],[32.76589982845276,45.92136985363141],[32.33651006812238,45.92136985363141],[32.22916262803977,45.99599626735031],[31.799772867709375,45.99599626735031],[31.477730547461583,46.14494759506308],[31.477730547461583,46.367620988793774],[31.37038310737898,46.44164453897456],[31.155688227213783,46.44164453897456],[30.94099334704859,46.29349698935901],[30.94099334704859,46.14494759506308],[30.72629846688339,45.99599626735031],[30.72629846688339,45.92136985363141],[30.296908706552994,45.62185900302726],[30.082213826387793,45.54672995605021],[29.974866386305195,45.39617022087439],[29.974866386305195,45.24520826956407],[29.652824066057402,45.47150036356346],[29.223434305727007,45.47150036356346],[28.794044545396613,45.32073952397887],[28.901391985479208,45.696887509872944],[29.11608686564441,45.77181548264847],[29.11608686564441,45.92136985363141],[29.330781745809606,45.99599626735031],[29.4381291858922,46.14494759506308],[30.296908706552994,46.14494759506308],[30.404256146635596,46.21927252858975],[30.404256146635596,46.367620988793774],[30.296908706552994,46.44164453897456],[30.296908706552994,46.73673451162491],[29.8675189462226,46.95699796267812],[29.8675189462226,47.2492780449923],[29.4381291858922,47.467435375809124],[29.223434305727007,47.467435375809124],[29.11608686564441,47.39481648519173],[29.11608686564441,47.2492780449923],[29.330781745809606,47.17635845404607],[29.4381291858922,47.030218431703744],[29.4381291858922,46.810256019560896],[29.8675189462226,46.58939034316711],[29.8675189462226,46.51556765263661],[29.11608686564441,46.51556765263661],[28.901391985479208,46.367620988793774],[28.901391985479208,45.99599626735031],[28.686697105314014,45.92136985363141],[28.686697105314014,45.77181548264847],[28.472002225148813,45.696887509872944],[28.472002225148813,46.14494759506308],[28.579349665231412,46.21927252858975],[28.579349665231412,46.58939034316711],[28.472002225148813,46.66311262460235],[28.472002225148813,46.810256019560896],[28.36465478506622,46.88367716437708],[28.14995990490102,46.88367716437708],[28.04261246481842,46.810256019560896],[27.82791758465322,46.95699796267812],[28.04261246481842,47.030218431703744],[28.04261246481842,47.17635845404607],[27.82791758465322,47.2492780449923],[27.82791758465322,47.467435375809124],[27.720570144570623,47.53995407537537],[27.505875264405425,47.53995407537537],[27.398527824322827,47.39481648519173],[27.18383294415763,47.68469099084147],[27.398527824322827,47.68469099084147],[27.505875264405425,47.75690925300668],[27.505875264405425,47.90104550640105],[27.291180384240228,48.11649958774512],[27.505875264405425,48.18811764031537],[27.93526502473582,48.18811764031537],[28.04261246481842,48.25963575113587],[28.04261246481842,48.40237226087875]],[[60.998276570176245,33.152060874243155],[61.10562401025884,33.24188963201788],[61.10562401025884,33.51082213536464],[60.998276570176245,33.600281299139155],[60.78358169001104,33.600281299139155],[60.67623424992844,33.51082213536464],[60.67623424992844,33.24188963201788],[60.78358169001104,33.152060874243155],[60.998276570176245,33.152060874243155]],[[73.98731682017069,54.04065522960934],[73.8799693800881,54.103643862891026],[73.66527449992289,54.103643862891026],[73.23588473959249,53.91439110143009],[73.23588473959249,53.6607134933589],[73.1285372995099,53.597054250403154],[73.1285372995099,53.46944748999824],[73.3432321796751,53.277315680036324],[73.66527449992289,53.277315680036324],[74.0946642602533,53.40549984108654],[74.30935914041848,53.277315680036324],[74.52405402058368,53.277315680036324],[74.73874890074887,53.40549984108654],[74.84609634083148,53.597054250403154],[75.16813866107928,53.597054250403154],[75.27548610116187,53.6607134933589],[75.27548610116187,53.7877440362525],[75.16813866107928,53.851115469898126],[74.84609634083148,53.851115469898126],[74.73874890074887,53.724276733085816],[74.52405402058368,53.724276733085816],[74.30935914041848,53.597054250403154],[74.20201170033589,53.6607134933589],[73.7726219400055,53.6607134933589],[73.98731682017069,53.7877440362525],[73.98731682017069,54.04065522960934]],[[73.23588473959249,54.103643862891026],[73.1285372995099,54.1665369673231],[72.5918000990969,54.1665369673231],[72.5918000990969,54.22933461211832],[72.3771052189317,54.354643801416955],[72.0550628986839,54.354643801416955],[71.73302057843611,54.22933461211832],[71.51832569827091,54.22933461211832],[71.51832569827091,54.354643801416955],[71.41097825818832,54.41715548610648],[71.51832569827091,54.47957199152673],[71.51832569827091,54.666251143474184],[71.30363081810572,54.728287644822046],[71.30363081810572,54.97548616761677],[71.19628337802311,55.037049293376135],[70.98158849785791,55.037049293376135],[70.87424105777534,54.97548616761677],[70.87424105777534,54.666251143474184],[71.08893593794052,54.604119748738945],[71.08893593794052,54.47957199152673],[71.19628337802311,54.41715548610648],[70.87424105777534,54.292036866843475],[70.87424105777534,54.1665369673231],[70.98158849785791,54.04065522960934],[71.19628337802311,53.91439110143009],[71.84036801851872,53.91439110143009],[71.94771545860132,54.04065522960934],[72.1624103387665,53.91439110143009],[72.26975777884911,53.91439110143009],[72.26975777884911,53.7877440362525],[72.3771052189317,53.724276733085816],[72.80649497926211,53.724276733085816],[73.23588473959249,53.91439110143009],[73.23588473959249,54.103643862891026]],[[91.37760211355169,27.97882181488867],[91.27025467346911,28.073582133838563],[90.9482123532213,28.073582133838563],[90.62617003297349,28.35736126118528],[90.41147515280831,28.35736126118528],[90.3041277127257,28.451786415114285],[90.0894328325605,28.451786415114285],[89.7673905123127,28.262852041130635],[89.7673905123127,28.073582133838563],[89.87473795239531,27.97882181488867],[90.3041277127257,27.97882181488867],[90.41147515280831,27.789051375171947],[90.84086491313869,27.789051375171947],[90.9482123532213,27.69404162915025],[91.27025467346911,27.69404162915025],[91.37760211355169,27.789051375171947],[91.37760211355169,27.97882181488867]],[[66.15095369414098,30.13686223093314],[66.15095369414098,29.76481197032236],[66.25830113422359,29.671582305501712],[66.47299601438878,29.671582305501712],[66.58034345447138,29.76481197032236],[66.58034345447138,30.13686223093314],[66.47299601438878,30.229656877733944],[66.25830113422359,30.229656877733944],[66.15095369414098,30.13686223093314]],[[83.6485864276046,29.297800239979384],[83.6485864276046,29.39137493017932],[83.32654410735678,29.671582305501712],[82.46776458669599,30.043980254124985],[82.2530697065308,30.41498353813185],[81.39429018587,30.41498353813185],[81.2869427457874,30.229656877733944],[81.17959530570481,30.229656877733944],[81.0722478656222,30.322364033464854],[80.857552985457,30.322364033464854],[80.7502055453744,30.507515232808796],[80.53551066520922,30.507515232808796],[80.32081578504402,30.876760770430327],[80.10612090487882,30.876760770430327],[79.99877346479622,30.78458188364166],[79.99877346479622,30.507515232808796],[80.10612090487882,30.322364033464854],[80.53551066520922,30.13686223093314],[80.7502055453744,30.13686223093314],[80.7502055453744,29.951011109441147],[81.0722478656222,29.76481197032236],[81.39429018587,29.76481197032236],[81.6089850660352,29.951011109441147],[81.6089850660352,30.043980254124985],[82.03837482636561,30.043980254124985],[82.03837482636561,29.857954960083028],[82.14572226644819,29.76481197032236],[82.46776458669599,29.671582305501712],[82.7898069069438,29.39137493017932],[83.00450178710898,29.39137493017932],[83.32654410735678,29.110393534556607],[83.43389154743937,29.110393534556607],[83.54123898752198,28.922644879658538],[84.07797618793496,28.922644879658538],[84.18532362801757,28.734555670992535],[84.40001850818277,28.734555670992535],[84.50736594826537,28.828642756643113],[84.50736594826537,29.01656186396325],[84.29267106810016,29.297800239979384],[83.6485864276046,29.297800239979384]],[[79.99877346479622,30.968851068591913],[79.89142602471362,31.060852625592524],[79.35468882430062,31.15276528996092],[79.24734138421803,31.060852625592524],[79.24734138421803,30.876760770430327],[79.46203626438323,30.692314561823256],[79.89142602471362,30.692314561823256],[79.99877346479622,30.78458188364166],[79.99877346479622,30.968851068591913]],[[79.35468882430062,31.33632334022438],[79.24734138421803,31.42796842848256],[79.03264650405285,31.42796842848256],[79.03264650405285,31.884848643589123],[78.92529906397023,31.975954632965344],[78.71060418380503,31.975954632965344],[78.60325674372243,31.884848643589123],[78.60325674372243,31.244588911287696],[78.81795162388762,30.968851068591913],[79.03264650405285,30.968851068591913],[79.35468882430062,31.15276528996092],[79.35468882430062,31.33632334022438]],[[109.84136180775867,42.61733730731169],[109.84136180775867,42.45914256186136],[109.94870924784128,42.37989492421928],[110.16340412800646,42.37989492421928],[110.27075156808907,42.45914256186136],[110.27075156808907,42.61733730731169],[110.16340412800646,42.69628436745891],[109.94870924784128,42.69628436745891],[109.84136180775867,42.61733730731169]],[[109.73401436767608,42.53829003096801],[109.51938747609411,42.53829003096801],[109.62666692759348,42.61733730731169],[109.73401436767608,42.61733730731169],[110.05605668792388,42.85387774938338],[110.16340412800646,42.85387774938338],[111.55892084908025,43.79100925242813],[111.88096316932806,43.79100925242813],[111.98831060941065,43.86845078916144],[111.98831060941065,44.02303239612954],[112.52504780982365,44.407727427707634],[112.52504780982365,44.48436483295215],[112.73974268998884,44.63733799637365],[112.95443757015404,44.713673746318904],[112.95443757015404,44.86604356749865],[113.38382733048442,45.24520826956407],[113.49117477056703,45.47150036356346],[113.81321709081483,45.77181548264847],[113.81321709081483,46.07052217801639],[113.38382733048442,46.29349698935901],[112.73974268998884,46.29349698935901],[112.63239524990624,46.21927252858975],[112.20300548957587,46.21927252858975],[111.77361572924545,46.367620988793774],[111.55892084908025,46.367620988793774],[111.45157340899765,46.44164453897456],[111.02218364866727,46.44164453897456],[110.91483620858466,46.367620988793774],[109.84136180775867,46.367620988793774],[109.73401436767608,46.44164453897456],[105.11807444412433,46.44164453897456],[105.01072700404173,46.367620988793774],[103.18582052263756,46.367620988793774],[102.75643076230715,46.21927252858975],[102.54173588214195,46.21927252858975],[102.21969356189416,46.07052217801639],[101.68295636148116,46.07052217801639],[101.57560892139857,45.99599626735031],[100.50213452057258,45.99599626735031],[100.1800922003248,46.14494759506308],[99.2139652395814,46.14494759506308],[99.1066177994988,46.07052217801639],[98.1404908387554,46.07052217801639],[98.03314339867282,46.14494759506308],[97.49640619825982,46.14494759506308],[97.38905875817721,46.21927252858975],[96.95966899784683,46.21927252858975],[96.85232155776423,46.29349698935901],[95.24210995652524,46.29349698935901],[95.13476251644263,46.367620988793774],[93.20250859495587,46.367620988793774],[92.77311883462546,46.51556765263661],[92.45107651437768,46.51556765263661],[92.34372907429508,46.58939034316711],[91.69964443379948,46.58939034316711],[91.37760211355169,46.44164453897456],[91.27025467346911,46.51556765263661],[91.16290723338649,46.51556765263661],[91.27025467346911,46.58939034316711],[91.27025467346911,46.73673451162491],[91.05555979330389,46.810256019560896],[91.05555979330389,46.95699796267812],[90.9482123532213,47.030218431703744],[90.73351747305611,47.030218431703744],[90.62617003297349,46.95699796267812],[90.62617003297349,46.810256019560896],[90.84086491313869,46.73673451162491],[90.84086491313869,46.58939034316711],[90.9482123532213,46.51556765263661],[90.5188225928909,46.51556765263661],[90.41147515280831,46.44164453897456],[90.0894328325605,46.44164453897456],[89.9820853924779,46.51556765263661],[89.23065331189972,46.51556765263661],[88.90861099165191,46.66311262460235],[87.94248403090853,46.66311262460235],[87.08370451024774,46.367620988793774],[86.65431474991736,46.07052217801639],[86.54696730983474,46.07052217801639],[85.68818778917395,45.54672995605021],[85.25879802884356,45.39617022087439],[85.04410314867836,45.24520826956407],[84.93675570859577,45.24520826956407],[84.18532362801757,44.713673746318904],[84.18532362801757,44.33098948013483],[84.50736594826537,44.10017244639913],[84.72206082843057,44.10017244639913],[84.82940826851316,44.17721198245368],[85.15145058876095,44.17721198245368],[85.58084034909136,44.33098948013483],[86.43961986975214,44.33098948013483],[86.65431474991736,44.25415099616343],[88.69391611148671,42.85387774938338],[88.80126355156932,42.69628436745891],[88.80126355156932,42.30054714306595],[88.69391611148671,42.14155125432201],[88.37187379123891,41.90230701658623],[87.72778915074333,41.66216299538393],[87.51309427057812,41.501567518772426],[86.65431474991736,41.17917907100006],[86.43961986975214,41.17917907100006],[86.33227242966954,41.09833269006698],[85.58084034909136,41.09833269006698],[85.47349290900875,41.17917907100006],[83.97062874785237,41.17917907100006],[83.86328130776978,41.09833269006698],[83.11184922719158,41.09833269006698],[82.46776458669599,40.85519590853],[82.03837482636561,40.85519590853],[81.93102738628299,40.77395123451486],[81.71633250611781,40.77395123451486],[81.2869427457874,40.61116351407393],[80.857552985457,40.366236650795464],[80.32081578504402,40.284395799923466],[79.78407858463102,40.0382782113889],[79.24734138421803,39.95604083127171],[79.13999394413543,39.87370444205166],[78.92529906397023,39.87370444205166],[78.81795162388762,39.79126909476386],[78.38856186355724,39.79126909476386],[78.28121442347464,39.70873484132367],[77.95917210322685,39.70873484132367],[77.74447722306164,39.62610173452914],[77.20774002264865,39.21145531027617],[76.99304514248345,39.21145531027617],[76.88569770240086,39.12823024185877],[76.56365538215306,39.12823024185877],[76.45630794207045,39.04490671459681],[74.9534437809141,39.04490671459681],[74.84609634083148,39.12823024185877],[74.52405402058368,39.12823024185877],[74.4167065805011,39.21145531027617],[73.98731682017069,39.21145531027617],[73.66527449992289,39.04490671459681],[73.66527449992289,38.79434598375222],[73.7726219400055,38.71062922965364],[73.98731682017069,38.71062922965364],[73.98731682017069,38.62681432552263],[73.7726219400055,38.54290133585468],[73.7726219400055,38.374781362475],[73.8799693800881,38.290574512346254],[74.20201170033589,38.290574512346254],[74.30935914041848,38.374781362475],[74.52405402058368,38.374781362475],[74.63140146066628,38.290574512346254],[74.9534437809141,38.290574512346254],[75.06079122099668,38.374781362475],[75.06079122099668,38.037367329096],[74.84609634083148,38.037367329096],[74.73874890074887,37.952769623825226],[74.73874890074887,37.783281676962346],[74.84609634083148,37.698391581962284],[75.06079122099668,37.698391581962284],[75.16813866107928,37.783281676962346],[75.81222330157486,36.75819485216455],[75.70487586149227,36.8441510961673],[75.49018098132707,36.8441510961673],[75.38283354124447,37.01577395225742],[75.16813866107928,37.01577395225742],[75.38283354124447,37.18701007581168],[75.38283354124447,37.35785881227011],[75.27548610116187,37.44313770996685],[75.06079122099668,37.44313770996685],[74.9534437809141,37.35785881227011],[74.84609634083148,37.44313770996685],[74.20201170033589,37.44313770996685],[73.98731682017069,37.35785881227011],[73.7726219400055,37.52831952234705],[73.3432321796751,37.52831952234705],[73.02118985942731,37.35785881227011],[73.02118985942731,37.18701007581168],[73.1285372995099,37.10144039687032],[73.3432321796751,37.10144039687032],[73.45057961975769,37.18701007581168],[73.66527449992289,36.93001082427084],[73.02118985942731,36.93001082427084],[72.9138424193447,37.10144039687032],[72.48445265901431,37.10144039687032],[72.26975777884911,37.01577395225742],[71.94771545860132,36.75819485216455],[71.73302057843611,36.75819485216455],[71.62567313835352,36.672142177443384],[71.51832569827091,36.24043539206523],[71.62567313835352,36.15380597602237],[71.94771545860132,36.15380597602237],[72.1624103387665,36.32696890881425],[72.26975777884911,36.32696890881425],[72.6991475391795,36.585993158149776],[74.30935914041848,36.585993158149776],[74.73874890074887,36.75819485216455],[74.84609634083148,36.672142177443384],[75.38283354124447,36.672142177443384],[75.49018098132707,36.49974788139689],[75.70487586149227,36.49974788139689],[75.81222330157486,36.41340643526715],[75.91957074165747,36.15380597602237],[75.81222330157486,36.06708075266529],[75.81222330157486,35.89334325682506],[76.24161306190527,35.5447227334129],[76.24161306190527,34.754771083719405],[76.02691818174007,34.6665262574832],[76.02691818174007,34.489754438041246],[76.24161306190527,34.31260713365097],[76.24161306190527,34.135085243721136],[76.45630794207045,33.95718968393068],[76.56365538215306,33.95718968393068],[77.63712978297904,33.06214003106419],[77.74447722306164,33.06214003106419],[78.17386698339205,32.70153836605162],[78.38856186355724,32.61115902625336],[78.28121442347464,32.4301265623242],[78.28121442347464,32.24872994820336],[78.38856186355724,32.15789542458963],[78.60325674372243,32.15789542458963],[78.71060418380503,32.24872994820336],[78.92529906397023,32.066970273246405],[79.35468882430062,32.066970273246405],[80.64285810529182,31.42796842848256],[80.857552985457,31.42796842848256],[80.96490042553961,31.33632334022438],[81.2869427457874,31.33632334022438],[81.71633250611781,31.15276528996092],[81.93102738628299,31.15276528996092],[82.2530697065308,30.968851068591913],[82.46776458669599,30.968851068591913],[83.11184922719158,30.692314561823256],[83.43389154743937,30.692314561823256],[83.54123898752198,30.599958959636748],[84.07797618793496,30.599958959636748],[84.18532362801757,30.507515232808796],[84.93675570859577,30.507515232808796],[85.36614546892615,30.322364033464854],[85.68818778917395,30.322364033464854],[85.79553522925656,30.229656877733944],[86.01023010942176,30.229656877733944],[86.11757754950436,30.13686223093314],[86.65431474991736,30.13686223093314],[86.76166218999994,30.043980254124985],[87.29839939041292,30.043980254124985],[87.40574683049553,29.951011109441147],[88.37187379123891,29.951011109441147],[88.47922123132152,30.043980254124985],[89.23065331189972,30.043980254124985],[89.33800075198232,29.951011109441147],[89.7673905123127,29.951011109441147],[89.87473795239531,30.043980254124985],[90.19678027264311,30.043980254124985],[90.3041277127257,30.13686223093314],[90.5188225928909,30.13686223093314],[90.62617003297349,30.229656877733944],[90.9482123532213,30.229656877733944],[91.05555979330389,30.322364033464854],[91.27025467346911,30.322364033464854],[91.91433931396467,30.599958959636748],[92.12903419412987,30.78458188364166],[92.45107651437768,30.78458188364166],[93.20250859495587,31.15276528996092],[93.41720347512107,31.15276528996092],[93.63189835528627,31.244588911287696],[94.16863555569925,31.610989995104607],[94.49067787594706,31.702366182183635],[95.34945739660786,32.24872994820336],[95.45680483669044,32.24872994820336],[96.31558435735123,32.972127229789685],[96.42293179743383,33.152060874243155],[96.53027923751642,33.152060874243155],[96.74497411768164,33.33162617811586],[96.95966899784683,33.689647756481605],[97.28171131809462,33.95718968393068],[97.49640619825982,34.31260713365097],[97.71110107842502,34.489754438041246],[97.71110107842502,34.578187338959665],[97.92579595859021,34.754771083719405],[97.92579595859021,34.84292170878618],[98.4625331590032,35.369841264099165],[98.4625331590032,35.45732951678698],[99.4286601197466,36.41340643526715],[99.6433549999118,36.75819485216455],[100.28743964040738,37.35785881227011],[100.28743964040738,37.44313770996685],[101.25356660115078,38.290574512346254],[101.36091404123339,38.54290133585468],[101.89765124164637,39.04490671459681],[101.89765124164637,39.12823024185877],[102.21969356189416,39.377609835293114],[102.21969356189416,39.46053917649785],[103.50786284288537,40.44797825050503],[103.61521028296794,40.44797825050503],[103.82990516313315,40.61116351407393],[105.11807444412433,41.09833269006698],[105.33276932428953,41.09833269006698],[105.54746420445473,41.25992578121537],[105.65481164453733,41.25992578121537],[106.08420140486771,41.501567518772426],[106.72828604536332,41.501567518772426],[106.8356334854459,41.58191518150745],[107.3723706858589,41.58191518150745],[108.6605399668501,42.14155125432201],[108.98258228709788,42.14155125432201],[109.08992972718048,42.221099244224966],[109.30462460734567,42.221099244224966],[109.41197204742828,42.30054714306595],[109.51931948751088,42.221099244224966],[109.73401436767608,42.221099244224966],[109.84136180775867,42.30054714306595],[109.84136180775867,42.45914256186136],[109.73401436767608,42.53829003096801]],[[111.66626828916287,43.63582476797619],[111.66626828916287,43.48023848499155],[111.77361572924545,43.40229470292579],[111.98831060941065,43.40229470292579],[112.20300548957587,43.55808184471464],[112.20300548957587,43.713467241415664],[112.09565804949325,43.79100925242813],[111.88096316932806,43.79100925242813],[111.66626828916287,43.63582476797619]],[[74.20201170033589,39.377609835293114],[74.20201170033589,39.62610173452914],[74.0946642602533,39.70873484132367],[73.8799693800881,39.70873484132367],[73.7726219400055,39.54336982806356],[73.5579270598403,39.54336982806356],[73.45057961975769,39.46053917649785],[73.1285372995099,39.46053917649785],[73.02118985942731,39.377609835293114],[72.80649497926211,39.46053917649785],[72.5918000990969,39.46053917649785],[72.48445265901431,39.377609835293114],[72.0550628986839,39.377609835293114],[71.62567313835352,39.62610173452914],[71.08893593794052,39.54336982806356],[70.98158849785791,39.46053917649785],[70.87424105777534,39.54336982806356],[70.87424105777534,39.79126909476386],[71.08893593794052,39.62610173452914],[71.30363081810572,39.62610173452914],[71.51832569827091,39.79126909476386],[71.51832569827091,39.95604083127171],[71.62567313835352,39.95604083127171],[71.62567313835352,39.70873484132367],[71.73302057843611,39.62610173452914],[71.94771545860132,39.62610173452914],[72.0550628986839,39.70873484132367],[72.0550628986839,39.95604083127171],[72.26975777884911,40.0382782113889],[72.26975777884911,40.12041653224588],[72.48445265901431,40.12041653224588],[72.6991475391795,40.20245574456054],[72.9138424193447,40.366236650795464],[72.9138424193447,40.44797825050503],[73.3432321796751,40.61116351407393],[73.3432321796751,40.77395123451486],[73.1285372995099,40.93634106943207],[72.6991475391795,40.93634106943207],[72.5918000990969,40.85519590853],[72.5918000990969,41.01738667655179],[72.26975777884911,41.25992578121537],[72.0550628986839,41.3405727834166],[72.0550628986839,41.42112004114412],[71.84036801851872,41.58191518150745],[71.62567313835352,41.58191518150745],[71.51832569827091,41.42112004114412],[71.30363081810572,41.3405727834166],[71.30363081810572,41.25992578121537],[71.08893593794052,41.25992578121537],[70.87424105777534,41.501567518772426],[70.65954617761012,41.501567518772426],[70.55219873752753,41.66216299538393],[70.33750385736235,41.66216299538393],[70.12280897719712,41.501567518772426],[70.12280897719712,41.3405727834166],[70.44485129744493,41.17917907100006],[70.65954617761012,41.17917907100006],[70.65954617761012,41.09833269006698],[70.44485129744493,41.09833269006698],[70.23015641727973,40.93634106943207],[70.23015641727973,40.77395123451486],[70.33750385736235,40.69260708890572],[70.55219873752753,40.69260708890572],[70.55219873752753,40.529620553245785],[70.33750385736235,40.44797825050503],[70.33750385736235,40.20245574456054],[70.12280897719712,40.20245574456054],[70.01546153711453,40.12041653224588],[69.90811409703193,40.20245574456054],[69.58607177678414,40.20245574456054],[69.58607177678414,40.44797825050503],[69.69341921686674,40.366236650795464],[69.90811409703193,40.366236650795464],[70.01546153711453,40.44797825050503],[70.01546153711453,40.61116351407393],[69.69341921686674,40.77395123451486],[69.37137689661894,40.77395123451486],[69.15668201645374,40.529620553245785],[69.15668201645374,40.284395799923466],[68.83463969620594,40.284395799923466],[68.61994481604076,40.12041653224588],[68.61994481604076,39.87370444205166],[68.51259737595815,39.79126909476386],[68.51259737595815,39.62610173452914],[68.61994481604076,39.54336982806356],[68.94198713628855,39.54336982806356],[69.15668201645374,39.70873484132367],[69.15668201645374,39.377609835293114],[69.37137689661894,39.21145531027617],[69.58607177678414,39.21145531027617],[69.69341921686674,39.29458186080299],[70.55219873752753,39.29458186080299],[70.76689361769273,39.12823024185877],[71.08893593794052,39.12823024185877],[71.19628337802311,39.21145531027617],[71.62567313835352,39.21145531027617],[71.73302057843611,39.04490671459681],[72.0550628986839,39.04490671459681],[72.1624103387665,38.961484788438575],[72.6991475391795,39.04490671459681],[72.80649497926211,39.12823024185877],[72.9138424193447,39.04490671459681],[73.23588473959249,39.04490671459681],[73.5579270598403,39.21145531027617],[73.98731682017069,39.21145531027617],[74.20201170033589,39.377609835293114]],[[75.91957074165747,34.578187338959665],[75.59752842140966,34.578187338959665],[75.49018098132707,34.489754438041246],[75.49018098132707,34.578187338959665],[75.38283354124447,34.6665262574832],[75.06079122099668,34.6665262574832],[74.9534437809141,34.578187338959665],[74.9534437809141,34.401227665632334],[75.06079122099668,34.31260713365097],[75.38283354124447,34.31260713365097],[75.49018098132707,34.401227665632334],[75.49018098132707,34.31260713365097],[75.59752842140966,34.2238929550305],[75.91957074165747,34.2238929550305],[76.02691818174007,34.31260713365097],[76.02691818174007,34.489754438041246],[75.91957074165747,34.578187338959665]],[[74.30935914041848,33.600281299139155],[74.52405402058368,33.778921386279684],[74.52405402058368,33.95718968393068],[74.30935914041848,34.04618411469159],[74.20201170033589,34.2238929550305],[74.20201170033589,34.489754438041246],[74.0946642602533,34.578187338959665],[73.8799693800881,34.578187338959665],[73.7726219400055,34.489754438041246],[73.7726219400055,33.95718968393068],[73.8799693800881,33.86810206844883],[73.8799693800881,33.51082213536464],[74.0946642602533,33.152060874243155],[74.30935914041848,33.152060874243155],[74.4167065805011,33.24188963201788],[74.4167065805011,33.51082213536464],[74.30935914041848,33.600281299139155]],[[60.67623424992844,34.489754438041246],[60.67623424992844,34.135085243721136],[60.78358169001104,34.04618411469159],[60.998276570176245,34.04618411469159],[61.21297145034143,34.401227665632334],[61.21297145034143,34.578187338959665],[61.10562401025884,34.6665262574832],[60.890929130093646,34.6665262574832],[60.67623424992844,34.489754438041246]],[[74.20201170033589,34.578187338959665],[74.30935914041848,34.489754438041246],[74.52405402058368,34.489754438041246],[74.63140146066628,34.578187338959665],[74.63140146066628,34.754771083719405],[74.52405402058368,34.84292170878618],[74.30935914041848,34.84292170878618],[74.20201170033589,34.754771083719405],[74.20201170033589,34.578187338959665]],[[71.41097825818832,34.84292170878618],[71.51832569827091,34.754771083719405],[71.73302057843611,34.754771083719405],[71.84036801851872,34.84292170878618],[71.84036801851872,35.018939924924325],[71.73302057843611,35.10680730326771],[71.51832569827091,35.10680730326771],[71.41097825818832,35.018939924924325],[71.41097825818832,34.84292170878618]],[[62.17909841108483,35.018939924924325],[62.28644585116742,34.93097802481002],[62.823183051580415,34.93097802481002],[62.93053049166302,35.018939924924325],[62.93053049166302,35.19458005498219],[62.823183051580415,35.28225807621148],[62.28644585116742,35.28225807621148],[62.17909841108483,35.19458005498219],[62.17909841108483,35.018939924924325]],[[63.03787793174562,35.5447227334129],[63.14522537182822,35.45732951678698],[63.359920251993415,35.45732951678698],[63.574615132158605,35.6320208141094],[63.574615132158605,35.8063311732052],[63.46726769207601,35.89334325682506],[63.14522537182822,35.89334325682506],[63.03787793174562,35.8063311732052],[63.03787793174562,35.5447227334129]],[[63.89665745240641,36.06708075266529],[63.7893100123238,35.98025981495283],[63.7893100123238,35.8063311732052],[63.89665745240641,35.71922366000156],[64.2186997726542,35.71922366000156],[64.32604721273681,35.89334325682506],[64.540742092902,35.98025981495283],[64.540742092902,36.15380597602237],[64.4333946528194,36.24043539206523],[64.2186997726542,36.24043539206523],[64.1113523325716,36.06708075266529],[63.89665745240641,36.06708075266529]],[[61.32031889042403,34.754771083719405],[61.42766633050663,34.84292170878618],[61.42766633050663,35.19458005498219],[61.64236121067183,35.19458005498219],[61.74970865075443,35.28225807621148],[61.74970865075443,35.45732951678698],[61.53501377058923,35.6320208141094],[61.53501377058923,36.15380597602237],[61.42766633050663,36.24043539206523],[61.21297145034143,36.24043539206523],[61.10562401025884,36.15380597602237],[61.10562401025884,35.5447227334129],[61.21297145034143,35.45732951678698],[61.21297145034143,35.28225807621148],[60.998276570176245,35.19458005498219],[60.998276570176245,34.84292170878618],[61.10562401025884,34.754771083719405],[61.32031889042403,34.754771083719405]],[[60.998276570176245,36.41340643526715],[61.10562401025884,36.32696890881425],[61.32031889042403,36.32696890881425],[61.42766633050663,36.41340643526715],[61.42766633050663,36.585993158149776],[61.32031889042403,36.672142177443384],[61.10562401025884,36.672142177443384],[60.998276570176245,36.585993158149776],[60.998276570176245,36.41340643526715]],[[64.6480895329846,36.75819485216455],[64.75543697306719,36.672142177443384],[64.97013185323239,36.672142177443384],[65.077479293315,36.75819485216455],[65.077479293315,37.01577395225742],[64.97013185323239,37.10144039687032],[64.75543697306719,37.10144039687032],[64.6480895329846,37.01577395225742],[64.6480895329846,36.75819485216455]],[[71.30363081810572,36.93001082427084],[71.41097825818832,36.8441510961673],[71.62567313835352,36.8441510961673],[71.73302057843611,36.93001082427084],[71.73302057843611,37.10144039687032],[71.62567313835352,37.18701007581168],[71.41097825818832,37.18701007581168],[71.30363081810572,37.10144039687032],[71.30363081810572,36.93001082427084]],[[67.97586017554515,36.93001082427084],[68.08320761562776,37.01577395225742],[68.08320761562776,37.27248290774042],[67.97586017554515,37.35785881227011],[67.54647041521477,37.35785881227011],[67.43912297513216,37.27248290774042],[67.22442809496697,37.27248290774042],[67.11708065488436,37.44313770996685],[66.79503833463657,37.44313770996685],[66.68769089455397,37.52831952234705],[66.47299601438878,37.52831952234705],[66.04360625405837,37.35785881227011],[66.04360625405837,37.18701007581168],[66.36564857430618,37.01577395225742],[66.58034345447138,37.01577395225742],[66.68769089455397,37.10144039687032],[67.11708065488436,37.10144039687032],[67.22442809496697,36.93001082427084],[67.97586017554515,36.93001082427084]],[[66.04360625405837,37.52831952234705],[65.93625881397578,37.613404171875324],[65.7215639338106,37.613404171875324],[65.50686905364539,37.35785881227011],[65.50686905364539,37.18701007581168],[65.61421649372798,37.10144039687032],[65.82891137389318,37.10144039687032],[66.04360625405837,37.35785881227011],[66.04360625405837,37.52831952234705]],[[54.986819925550705,37.613404171875324],[54.77212504538552,37.613404171875324],[54.55743016522031,37.44313770996685],[54.34273528505512,37.44313770996685],[54.23538784497252,37.35785881227011],[54.23538784497252,37.18701007581168],[54.34273528505512,37.10144039687032],[54.55743016522031,37.10144039687032],[54.66477760530291,37.18701007581168],[54.87947248546811,37.18701007581168],[55.094167365633304,37.35785881227011],[55.094167365633304,37.52831952234705],[54.986819925550705,37.613404171875324]],[[60.03214960943286,37.10144039687032],[59.71010728918505,37.27248290774042],[59.602759849102455,37.44313770996685],[59.495412409019856,37.44313770996685],[59.38806496893726,37.613404171875324],[59.17337008877205,37.698391581962284],[58.42193800819387,37.698391581962284],[58.31459056811127,37.613404171875324],[58.31459056811127,37.44313770996685],[58.42193800819387,37.35785881227011],[59.066022648689454,37.35785881227011],[59.28071752885466,37.27248290774042],[59.38806496893726,37.01577395225742],[59.602759849102455,36.8441510961673],[59.92480216935026,36.8441510961673],[60.03214960943286,36.93001082427084],[60.03214960943286,37.10144039687032]],[[57.45581104745048,37.698391581962284],[57.56315848753308,37.613404171875324],[57.99254824786347,37.613404171875324],[58.099895687946066,37.698391581962284],[58.099895687946066,37.86807438217152],[57.99254824786347,37.952769623825226],[57.56315848753308,37.952769623825226],[57.45581104745048,37.86807438217152],[57.45581104745048,37.698391581962284]],[[70.55219873752753,37.44313770996685],[70.55219873752753,37.952769623825226],[70.44485129744493,38.037367329096],[70.23015641727973,38.037367329096],[70.12280897719712,37.952769623825226],[70.12280897719712,37.613404171875324],[69.58607177678414,37.613404171875324],[69.47872433670155,37.44313770996685],[69.26402945653635,37.35785881227011],[69.26402945653635,37.27248290774042],[69.15668201645374,37.35785881227011],[68.72729225612335,37.35785881227011],[68.61994481604076,37.18701007581168],[68.29790249579295,37.18701007581168],[68.19055505571036,37.10144039687032],[68.19055505571036,36.8441510961673],[68.29790249579295,36.75819485216455],[68.51259737595815,36.75819485216455],[68.72729225612335,36.93001082427084],[68.72729225612335,37.01577395225742],[69.04933457637114,37.01577395225742],[69.26402945653635,36.8441510961673],[69.47872433670155,36.8441510961673],[69.69341921686674,37.01577395225742],[69.69341921686674,37.27248290774042],[70.33750385736235,37.27248290774042],[70.55219873752753,37.44313770996685]],[[66.47299601438878,37.783281676962346],[66.58034345447138,37.698391581962284],[66.79503833463657,37.698391581962284],[66.90238577471916,37.783281676962346],[66.90238577471916,37.952769623825226],[66.79503833463657,38.037367329096],[66.58034345447138,38.037367329096],[66.47299601438878,37.952769623825226],[66.47299601438878,37.783281676962346]],[[68.19055505571036,38.12186742609129],[68.19055505571036,37.86807438217152],[68.29790249579295,37.783281676962346],[68.51259737595815,37.783281676962346],[68.61994481604076,37.86807438217152],[68.61994481604076,38.12186742609129],[68.51259737595815,38.20626984385122],[68.29790249579295,38.20626984385122],[68.19055505571036,38.12186742609129]],[[68.40524993587556,38.290574512346254],[68.40524993587556,38.45889032606184],[68.29790249579295,38.54290133585468],[68.40524993587556,38.62681432552263],[68.40524993587556,38.961484788438575],[68.29790249579295,39.04490671459681],[67.97586017554515,39.04490671459681],[67.86851273546256,39.12823024185877],[67.65381785529736,39.12823024185877],[67.54647041521477,39.04490671459681],[67.54647041521477,38.87796452423702],[67.76116529537995,38.71062922965364],[67.97586017554515,38.71062922965364],[68.08320761562776,38.54290133585468],[67.97586017554515,38.45889032606184],[67.97586017554515,38.290574512346254],[68.08320761562776,38.20626984385122],[68.29790249579295,38.20626984385122],[68.40524993587556,38.290574512346254]],[[65.61421649372798,38.037367329096],[65.7215639338106,37.952769623825226],[66.15095369414098,37.952769623825226],[66.25830113422359,38.037367329096],[66.25830113422359,38.20626984385122],[66.15095369414098,38.290574512346254],[65.7215639338106,38.290574512346254],[65.61421649372798,38.20626984385122],[65.61421649372798,38.037367329096]],[[71.51832569827091,37.35785881227011],[71.73302057843611,37.35785881227011],[71.84036801851872,37.44313770996685],[71.84036801851872,37.86807438217152],[71.62567313835352,38.037367329096],[71.62567313835352,38.20626984385122],[71.41097825818832,38.290574512346254],[71.30363081810572,38.45889032606184],[71.08893593794052,38.54290133585468],[70.87424105777534,38.54290133585468],[70.65954617761012,38.374781362475],[70.65954617761012,38.20626984385122],[70.76689361769273,38.12186742609129],[71.19628337802311,38.12186742609129],[71.19628337802311,37.698391581962284],[71.41097825818832,37.613404171875324],[71.41097825818832,37.44313770996685],[71.51832569827091,37.35785881227011]],[[64.00400489248901,38.79434598375222],[64.1113523325716,38.71062922965364],[64.4333946528194,38.71062922965364],[64.540742092902,38.79434598375222],[64.540742092902,38.961484788438575],[64.4333946528194,39.04490671459681],[64.1113523325716,39.04490671459681],[64.00400489248901,38.961484788438575],[64.00400489248901,38.79434598375222]],[[67.33177553504957,39.29458186080299],[67.43912297513216,39.21145531027617],[67.65381785529736,39.21145531027617],[67.76116529537995,39.29458186080299],[67.76116529537995,39.46053917649785],[67.65381785529736,39.54336982806356],[67.43912297513216,39.54336982806356],[67.33177553504957,39.46053917649785],[67.33177553504957,39.29458186080299]],[[67.97586017554515,39.377609835293114],[68.08320761562776,39.29458186080299],[68.29790249579295,39.29458186080299],[68.40524993587556,39.377609835293114],[68.40524993587556,39.54336982806356],[68.29790249579295,39.62610173452914],[68.08320761562776,39.62610173452914],[67.97586017554515,39.54336982806356],[67.97586017554515,39.377609835293114]],[[33.40998446894836,38.12186742609129],[33.08794214870056,38.62681432552263],[32.873247268535366,38.79434598375222],[32.76589982845276,39.04490671459681],[32.014467747874576,39.62610173452914],[31.799772867709375,39.62610173452914],[31.692425427626777,39.54336982806356],[31.692425427626777,38.961484788438575],[32.014467747874576,38.71062922965364],[32.014467747874576,38.54290133585468],[32.44385750820497,38.20626984385122],[32.55120494828757,37.952769623825226],[32.873247268535366,37.698391581962284],[33.19528958878316,37.698391581962284],[33.40998446894836,37.952769623825226],[33.40998446894836,38.12186742609129]],[[73.98731682017069,39.87370444205166],[74.0946642602533,39.79126909476386],[74.4167065805011,39.79126909476386],[74.52405402058368,39.87370444205166],[74.52405402058368,40.0382782113889],[74.4167065805011,40.12041653224588],[74.0946642602533,40.12041653224588],[73.98731682017069,40.0382782113889],[73.98731682017069,39.87370444205166]],[[62.28644585116742,40.0382782113889],[62.39379329125002,39.95604083127171],[62.60848817141522,39.95604083127171],[62.715835611497816,40.0382782113889],[62.715835611497816,40.20245574456054],[62.60848817141522,40.284395799923466],[62.39379329125002,40.284395799923466],[62.28644585116742,40.20245574456054],[62.28644585116742,40.0382782113889]],[[75.38283354124447,40.20245574456054],[75.49018098132707,40.284395799923466],[75.70487586149227,40.0382782113889],[76.02691818174007,40.0382782113889],[76.13426562182266,40.12041653224588],[76.56365538215306,40.12041653224588],[76.67100282223565,40.20245574456054],[76.67100282223565,40.366236650795464],[76.56365538215306,40.44797825050503],[76.13426562182266,40.44797825050503],[75.91957074165747,40.366236650795464],[75.91957074165747,40.44797825050503],[75.70487586149227,40.61116351407393],[75.49018098132707,40.61116351407393],[75.38283354124447,40.529620553245785],[74.84609634083148,40.529620553245785],[74.63140146066628,40.284395799923466],[74.63140146066628,40.12041653224588],[74.73874890074887,40.0382782113889],[74.9534437809141,40.0382782113889],[75.16813866107928,40.20245574456054],[75.38283354124447,40.20245574456054]],[[61.857056090837034,40.77395123451486],[61.96440353091963,40.69260708890572],[62.17909841108483,40.69260708890572],[62.28644585116742,40.77395123451486],[62.28644585116742,40.93634106943207],[62.17909841108483,41.01738667655179],[61.96440353091963,41.01738667655179],[61.857056090837034,40.93634106943207],[61.857056090837034,40.77395123451486]],[[78.17386698339205,41.09833269006698],[77.74447722306164,41.09833269006698],[77.52978234289644,41.01738667655179],[77.42243490281386,41.09833269006698],[76.99304514248345,41.09833269006698],[76.88569770240086,41.01738667655179],[76.88569770240086,40.85519590853],[76.99304514248345,40.77395123451486],[77.42243490281386,40.77395123451486],[77.52978234289644,40.69260708890572],[77.74447722306164,40.69260708890572],[77.85182466314424,40.77395123451486],[78.17386698339205,40.77395123451486],[78.28121442347464,40.85519590853],[78.28121442347464,41.01738667655179],[78.17386698339205,41.09833269006698]],[[68.72729225612335,40.69260708890572],[68.40524993587556,40.69260708890572],[68.40524993587556,41.01738667655179],[68.08320761562776,41.25992578121537],[67.76116529537995,41.25992578121537],[67.65381785529736,41.17917907100006],[67.65381785529736,41.01738667655179],[67.97586017554515,40.85519590853],[67.97586017554515,40.61116351407393],[68.08320761562776,40.529620553245785],[68.29790249579295,40.529620553245785],[68.40524993587556,40.366236650795464],[68.72729225612335,40.366236650795464],[68.83463969620594,40.44797825050503],[68.83463969620594,40.61116351407393],[68.72729225612335,40.69260708890572]],[[60.354191929680646,41.01738667655179],[60.461539369763244,40.93634106943207],[60.67623424992844,40.93634106943207],[60.78358169001104,41.01738667655179],[60.78358169001104,41.17917907100006],[60.67623424992844,41.25992578121537],[60.461539369763244,41.25992578121537],[60.354191929680646,41.17917907100006],[60.354191929680646,41.01738667655179]],[[60.890929130093646,41.17917907100006],[60.890929130093646,41.01738667655179],[60.998276570176245,40.93634106943207],[61.53501377058923,40.93634106943207],[61.74970865075443,41.09833269006698],[61.74970865075443,41.25992578121537],[61.64236121067183,41.3405727834166],[61.42766633050663,41.3405727834166],[61.32031889042403,41.25992578121537],[60.998276570176245,41.25992578121537],[60.890929130093646,41.17917907100006]],[[48.11658376026439,41.3405727834166],[47.901888880099186,41.3405727834166],[47.794541440016594,41.25992578121537],[47.5798465598514,41.25992578121537],[47.47249911976879,41.17917907100006],[47.47249911976879,41.01738667655179],[47.5798465598514,40.93634106943207],[48.009236320181785,40.93634106943207],[48.22393120034699,41.09833269006698],[48.22393120034699,41.25992578121537],[48.11658376026439,41.3405727834166]],[[46.9357619193558,41.3405727834166],[46.8284144792732,41.42112004114412],[46.613719599108016,41.42112004114412],[46.5063721590254,41.3405727834166],[46.5063721590254,41.17917907100006],[46.399024718942805,41.25992578121537],[45.96963495861241,41.25992578121537],[45.86228751852981,41.17917907100006],[45.86228751852981,41.01738667655179],[45.96963495861241,40.93634106943207],[46.291677278860206,40.93634106943207],[46.399024718942805,40.85519590853],[46.8284144792732,40.85519590853],[46.9357619193558,40.93634106943207],[46.9357619193558,41.3405727834166]],[[46.613719599108016,41.501567518772426],[46.9357619193558,41.501567518772426],[47.0431093594384,41.58191518150745],[47.0431093594384,41.742310927262785],[46.8284144792732,41.90230701658623],[46.613719599108016,41.90230701658623],[46.399024718942805,42.06190320078757],[46.076982398695016,42.06190320078757],[45.96963495861241,41.98215511185959],[45.96963495861241,41.82235894482845],[46.184329838777614,41.742310927262785],[46.076982398695016,41.66216299538393],[46.076982398695016,41.501567518772426],[46.291677278860206,41.3405727834166],[46.5063721590254,41.3405727834166],[46.613719599108016,41.501567518772426]],[[69.04933457637114,41.09833269006698],[69.26402945653635,41.09833269006698],[69.58607177678414,41.25992578121537],[69.58607177678414,41.42112004114412],[69.47872433670155,41.501567518772426],[69.26402945653635,41.501567518772426],[68.94198713628855,41.3405727834166],[68.94198713628855,41.17917907100006],[69.04933457637114,41.09833269006698]],[[57.34846360736788,41.42112004114412],[57.241116167285284,41.501567518772426],[57.02642128712009,41.501567518772426],[56.91907384703749,41.3405727834166],[56.597031526789685,41.3405727834166],[56.48968408670709,41.25992578121537],[56.48968408670709,41.09833269006698],[56.597031526789685,41.01738667655179],[57.241116167285284,41.01738667655179],[57.34846360736788,41.09833269006698],[57.34846360736788,41.42112004114412]],[[47.0431093594384,41.3405727834166],[47.150456799521,41.25992578121537],[47.36515167968619,41.25992578121537],[47.47249911976879,41.3405727834166],[47.47249911976879,41.501567518772426],[47.36515167968619,41.58191518150745],[47.150456799521,41.58191518150745],[47.0431093594384,41.501567518772426],[47.0431093594384,41.3405727834166]],[[43.071254076382246,41.3405727834166],[43.071254076382246,41.501567518772426],[42.96390663629965,41.58191518150745],[42.64186431605185,41.58191518150745],[42.427169435886654,41.501567518772426],[42.319821995804055,41.58191518150745],[41.99777967555627,41.58191518150745],[41.67573735530846,41.42112004114412],[41.67573735530846,41.25992578121537],[41.78308479539106,41.17917907100006],[42.64186431605185,41.17917907100006],[43.071254076382246,41.3405727834166]],[[54.45008272513771,40.93634106943207],[54.45008272513771,41.09833269006698],[54.02069296480732,41.3405727834166],[54.02069296480732,41.58191518150745],[53.80599808464213,41.90230701658623],[53.26926088422914,41.90230701658623],[53.16191344414653,41.82235894482845],[53.16191344414653,41.501567518772426],[53.05456600406393,41.42112004114412],[53.05456600406393,41.09833269006698],[53.26926088422914,40.85519590853],[53.80599808464213,40.85519590853],[53.91334552472472,40.69260708890572],[54.128040404889916,40.69260708890572],[54.23538784497252,40.85519590853],[54.45008272513771,40.93634106943207]],[[65.93625881397578,41.82235894482845],[66.04360625405837,41.742310927262785],[66.68769089455397,41.742310927262785],[66.79503833463657,41.82235894482845],[66.79503833463657,41.98215511185959],[66.68769089455397,42.06190320078757],[66.04360625405837,42.06190320078757],[65.93625881397578,41.98215511185959],[65.93625881397578,41.82235894482845]],[[60.13949704951544,41.3405727834166],[60.354191929680646,41.3405727834166],[60.461539369763244,41.42112004114412],[60.461539369763244,41.82235894482845],[60.13949704951544,42.06190320078757],[59.92480216935026,42.06190320078757],[59.81745472926766,41.98215511185959],[59.81745472926766,41.82235894482845],[60.03214960943286,41.66216299538393],[60.03214960943286,41.42112004114412],[60.13949704951544,41.3405727834166]],[[60.03214960943286,42.14155125432201],[60.03214960943286,42.30054714306595],[59.92480216935026,42.37989492421928],[59.71010728918505,42.37989492421928],[59.602759849102455,42.30054714306595],[59.602759849102455,42.14155125432201],[59.71010728918505,42.06190320078757],[59.92480216935026,42.06190320078757],[60.03214960943286,42.14155125432201]],[[57.34846360736788,41.98215511185959],[57.45581104745048,41.90230701658623],[57.99254824786347,41.90230701658623],[58.099895687946066,41.98215511185959],[58.099895687946066,42.14155125432201],[57.99254824786347,42.221099244224966],[57.45581104745048,42.221099244224966],[57.34846360736788,42.14155125432201],[57.34846360736788,41.98215511185959]],[[45.54024519828202,42.221099244224966],[45.54024519828202,42.06190320078757],[45.64759263836462,41.98215511185959],[45.86228751852981,41.98215511185959],[45.96963495861241,42.06190320078757],[45.96963495861241,42.221099244224966],[45.86228751852981,42.30054714306595],[45.64759263836462,42.30054714306595],[45.54024519828202,42.221099244224966]],[[45.75494007844721,42.37989492421928],[45.75494007844721,42.53829003096801],[45.64759263836462,42.61733730731169],[45.32555031811682,42.61733730731169],[45.21820287803422,42.775131188767375],[44.46677079745603,42.775131188767375],[44.35942335737343,42.69628436745891],[44.35942335737343,42.53829003096801],[44.46677079745603,42.45914256186136],[44.681465677621226,42.45914256186136],[44.788813117703825,42.37989492421928],[45.00350799786902,42.37989492421928],[45.21820287803422,42.45914256186136],[45.32555031811682,42.30054714306595],[45.64759263836462,42.30054714306595],[45.75494007844721,42.37989492421928]],[[53.80599808464213,42.14155125432201],[53.91334552472472,42.06190320078757],[54.34273528505512,42.06190320078757],[54.45008272513771,42.14155125432201],[54.45008272513771,42.30054714306595],[54.34273528505512,42.37989492421928],[53.91334552472472,42.37989492421928],[53.80599808464213,42.30054714306595],[53.80599808464213,42.14155125432201]],[[73.7726219400055,42.37989492421928],[73.5579270598403,42.53829003096801],[73.3432321796751,42.53829003096801],[73.23588473959249,42.61733730731169],[72.9138424193447,42.61733730731169],[72.80649497926211,42.69628436745891],[72.5918000990969,42.69628436745891],[72.48445265901431,42.61733730731169],[72.48445265901431,42.45914256186136],[72.5918000990969,42.37989492421928],[72.80649497926211,42.37989492421928],[72.9138424193447,42.30054714306595],[73.23588473959249,42.30054714306595],[73.45057961975769,42.14155125432201],[73.66527449992289,42.14155125432201],[73.7726219400055,42.221099244224966],[73.7726219400055,42.37989492421928]],[[58.63663288835907,42.06190320078757],[58.743980328441666,42.14155125432201],[58.743980328441666,42.30054714306595],[58.63663288835907,42.37989492421928],[58.743980328441666,42.45914256186136],[58.85132776852427,42.45914256186136],[58.95867520860687,42.30054714306595],[59.28071752885466,42.30054714306595],[59.38806496893726,42.37989492421928],[59.38806496893726,42.53829003096801],[59.28071752885466,42.61733730731169],[58.95867520860687,42.61733730731169],[58.85132776852427,42.775131188767375],[58.63663288835907,42.775131188767375],[58.52928544827647,42.69628436745891],[58.207243128028665,42.69628436745891],[57.99254824786347,42.45914256186136],[57.99254824786347,42.30054714306595],[58.099895687946066,42.221099244224966],[58.31459056811127,42.221099244224966],[58.42193800819387,42.06190320078757],[58.63663288835907,42.06190320078757]],[[43.60799127679524,42.53829003096801],[43.930033597043035,42.30054714306595],[44.14472847720823,42.30054714306595],[44.25207591729083,42.37989492421928],[44.25207591729083,42.53829003096801],[43.930033597043035,42.775131188767375],[43.71533871687784,42.775131188767375],[43.60799127679524,42.69628436745891],[43.60799127679524,42.53829003096801]],[[71.19628337802311,42.69628436745891],[71.19628337802311,42.61733730731169],[71.08893593794052,42.61733730731169],[70.87424105777534,42.45914256186136],[70.65954617761012,42.14155125432201],[70.44485129744493,42.14155125432201],[70.33750385736235,42.06190320078757],[70.33750385736235,41.90230701658623],[70.55219873752753,41.82235894482845],[70.65954617761012,41.66216299538393],[70.87424105777534,41.66216299538393],[71.08893593794052,41.742310927262785],[71.41097825818832,41.98215511185959],[71.41097825818832,42.221099244224966],[71.30363081810572,42.30054714306595],[71.41097825818832,42.45914256186136],[71.62567313835352,42.45914256186136],[71.73302057843611,42.53829003096801],[72.0550628986839,42.53829003096801],[72.1624103387665,42.61733730731169],[72.1624103387665,42.775131188767375],[72.0550628986839,42.85387774938338],[71.41097825818832,42.85387774938338],[71.19628337802311,42.69628436745891]],[[75.49018098132707,42.53829003096801],[75.81222330157486,42.53829003096801],[75.91957074165747,42.69628436745891],[76.24161306190527,42.69628436745891],[76.34896050198786,42.61733730731169],[76.77835026231826,42.61733730731169],[76.88569770240086,42.69628436745891],[77.20774002264865,42.69628436745891],[77.31508746273126,42.61733730731169],[78.60325674372243,42.61733730731169],[78.71060418380503,42.69628436745891],[78.71060418380503,42.85387774938338],[78.60325674372243,42.932524028238994],[77.31508746273126,42.932524028238994],[77.20774002264865,43.011070005049405],[76.77835026231826,43.011070005049405],[76.67100282223565,42.932524028238994],[76.34896050198786,42.932524028238994],[76.24161306190527,43.011070005049405],[75.91957074165747,43.011070005049405],[75.81222330157486,42.85387774938338],[75.49018098132707,42.85387774938338],[75.38283354124447,42.775131188767375],[75.38283354124447,42.61733730731169],[75.49018098132707,42.53829003096801]],[[73.8799693800881,43.011070005049405],[73.98731682017069,42.932524028238994],[74.4167065805011,42.932524028238994],[74.52405402058368,43.011070005049405],[74.52405402058368,43.167860975294346],[74.4167065805011,43.24610593205002],[73.98731682017069,43.24610593205002],[73.8799693800881,43.167860975294346],[73.8799693800881,43.011070005049405]],[[40.38756807431727,43.324250513397324],[40.494915514399885,43.24610593205002],[40.924305274730266,43.24610593205002],[41.03165271481287,43.324250513397324],[41.03165271481287,43.48023848499155],[40.924305274730266,43.55808184471464],[40.494915514399885,43.55808184471464],[40.38756807431727,43.63582476797619],[40.17287319415208,43.63582476797619],[40.06552575406948,43.55808184471464],[40.06552575406948,43.40229470292579],[40.17287319415208,43.324250513397324],[40.38756807431727,43.324250513397324]],[[41.03165271481287,43.167860975294346],[41.13900015489547,43.08951566031014],[41.568389915225865,43.08951566031014],[41.67573735530846,42.932524028238994],[42.319821995804055,42.932524028238994],[42.427169435886654,43.011070005049405],[42.53451687596925,42.932524028238994],[42.96390663629965,42.932524028238994],[43.071254076382246,43.011070005049405],[43.071254076382246,43.167860975294346],[42.96390663629965,43.24610593205002],[42.53451687596925,43.24610593205002],[42.427169435886654,43.167860975294346],[42.319821995804055,43.24610593205002],[41.67573735530846,43.24610593205002],[41.568389915225865,43.40229470292579],[41.13900015489547,43.40229470292579],[41.03165271481287,43.324250513397324],[41.03165271481287,43.167860975294346]],[[80.857552985457,42.85387774938338],[81.0722478656222,43.011070005049405],[81.0722478656222,43.167860975294346],[80.96490042553961,43.24610593205002],[80.96490042553961,43.48023848499155],[80.857552985457,43.55808184471464],[80.64285810529182,43.55808184471464],[80.53551066520922,43.48023848499155],[80.53551066520922,43.08951566031014],[80.32081578504402,43.011070005049405],[80.32081578504402,42.69628436745891],[80.42816322512661,42.61733730731169],[80.64285810529182,42.61733730731169],[80.7502055453744,42.69628436745891],[80.7502055453744,42.85387774938338],[80.857552985457,42.85387774938338]],[[61.96440353091963,43.324250513397324],[62.07175097100223,43.24610593205002],[62.39379329125002,43.24610593205002],[62.50114073133262,43.324250513397324],[62.50114073133262,43.48023848499155],[62.39379329125002,43.55808184471464],[62.07175097100223,43.55808184471464],[61.96440353091963,43.48023848499155],[61.96440353091963,43.324250513397324]],[[63.681962572241204,43.40229470292579],[63.7893100123238,43.324250513397324],[64.1113523325716,43.324250513397324],[64.2186997726542,43.40229470292579],[64.2186997726542,43.55808184471464],[64.1113523325716,43.63582476797619],[63.7893100123238,43.63582476797619],[63.681962572241204,43.55808184471464],[63.681962572241204,43.40229470292579]],[[62.715835611497816,43.40229470292579],[62.823183051580415,43.324250513397324],[63.03787793174562,43.324250513397324],[63.14522537182822,43.40229470292579],[63.14522537182822,43.55808184471464],[63.03787793174562,43.63582476797619],[62.823183051580415,43.63582476797619],[62.715835611497816,43.55808184471464],[62.715835611497816,43.40229470292579]],[[55.5235571259637,41.3405727834166],[55.41620968588111,41.25992578121537],[55.41620968588111,41.09833269006698],[55.5235571259637,41.01738667655179],[56.16764176645929,41.01738667655179],[56.2749892065419,41.09833269006698],[56.2749892065419,44.94207763480928],[56.16764176645929,45.01801113850464],[55.9529468862941,45.01801113850464],[55.8455994462115,44.94207763480928],[55.8455994462115,41.3405727834166],[55.5235571259637,41.3405727834166]],[[80.21346834496141,44.56090169066647],[80.21346834496141,44.02303239612954],[80.32081578504402,43.94579184051353],[80.53551066520922,43.94579184051353],[80.64285810529182,44.02303239612954],[80.64285810529182,44.713673746318904],[80.53551066520922,44.78990893746685],[80.64285810529182,44.86604356749865],[80.96490042553961,44.86604356749865],[81.0722478656222,44.94207763480928],[81.0722478656222,45.093844078398824],[80.96490042553961,45.1695764550113],[80.53551066520922,45.1695764550113],[80.42816322512661,45.093844078398824],[80.21346834496141,45.093844078398824],[79.78407858463102,44.86604356749865],[79.78407858463102,44.713673746318904],[79.99877346479622,44.56090169066647],[80.21346834496141,44.56090169066647]],[[82.89715434702639,45.32073952397887],[82.7898069069438,45.39617022087439],[82.5751120267786,45.39617022087439],[82.46776458669599,45.24520826956407],[82.14572226644819,45.24520826956407],[82.03837482636561,45.1695764550113],[82.03837482636561,45.01801113850464],[82.14572226644819,44.94207763480928],[82.68245946686119,44.86604356749865],[82.89715434702639,45.093844078398824],[82.89715434702639,45.32073952397887]],[[114.56464917139301,45.24520826956407],[114.67199661147563,45.1695764550113],[114.88669149164083,45.1695764550113],[114.99403893172341,45.24520826956407],[114.99403893172341,45.39617022087439],[114.88669149164083,45.47150036356346],[114.67199661147563,45.47150036356346],[114.56464917139301,45.39617022087439],[114.56464917139301,45.24520826956407]],[[58.63663288835907,45.32073952397887],[58.743980328441666,45.24520826956407],[58.95867520860687,45.24520826956407],[59.066022648689454,45.32073952397887],[59.066022648689454,45.47150036356346],[58.95867520860687,45.54672995605021],[58.743980328441666,45.54672995605021],[58.63663288835907,45.47150036356346],[58.63663288835907,45.32073952397887]],[[63.25257281191082,45.39617022087439],[63.359920251993415,45.32073952397887],[63.681962572241204,45.32073952397887],[63.7893100123238,45.39617022087439],[63.7893100123238,45.54672995605021],[63.681962572241204,45.62185900302726],[63.359920251993415,45.62185900302726],[63.25257281191082,45.54672995605021],[63.25257281191082,45.39617022087439]],[[116.0675133325494,45.696887509872944],[115.8528184523842,45.62185900302726],[115.8528184523842,45.47150036356346],[115.9601658924668,45.39617022087439],[116.174860772632,45.39617022087439],[116.28220821271461,45.54672995605021],[116.4969030928798,45.62185900302726],[116.4969030928798,45.84664292809512],[116.3895556527972,45.92136985363141],[116.174860772632,45.92136985363141],[116.0675133325494,45.84664292809512],[116.0675133325494,45.696887509872944]],[[59.066022648689454,44.25415099616343],[58.743980328441666,44.25415099616343],[58.63663288835907,44.17721198245368],[58.63663288835907,44.02303239612954],[58.743980328441666,43.94579184051353],[58.95867520860687,43.94579184051353],[59.066022648689454,43.86845078916144],[59.495412409019856,43.86845078916144],[59.602759849102455,43.94579184051353],[59.81745472926766,43.713467241415664],[60.03214960943286,43.713467241415664],[60.13949704951544,43.86845078916144],[60.461539369763244,44.10017244639913],[60.461539369763244,44.17721198245368],[60.56888680984584,44.17721198245368],[60.67623424992844,44.33098948013483],[60.890929130093646,44.407727427707634],[60.890929130093646,44.56090169066647],[61.21297145034143,44.713673746318904],[61.21297145034143,45.01801113850464],[61.10562401025884,45.093844078398824],[61.10562401025884,45.24520826956407],[60.890929130093646,45.39617022087439],[60.890929130093646,45.54672995605021],[60.78358169001104,45.62185900302726],[60.78358169001104,45.84664292809512],[60.56888680984584,45.99599626735031],[60.13949704951544,45.99599626735031],[60.03214960943286,45.92136985363141],[60.03214960943286,45.77181548264847],[60.24684448959804,45.696887509872944],[60.24684448959804,45.47150036356346],[59.92480216935026,45.39617022087439],[59.71010728918505,45.54672995605021],[59.495412409019856,45.54672995605021],[59.38806496893726,45.47150036356346],[59.38806496893726,45.32073952397887],[59.602759849102455,45.1695764550113],[59.495412409019856,45.093844078398824],[59.495412409019856,44.94207763480928],[59.602759849102455,44.86604356749865],[59.38806496893726,44.63733799637365],[58.95867520860687,44.78990893746685],[58.95867520860687,45.01801113850464],[58.85132776852427,45.093844078398824],[58.63663288835907,45.093844078398824],[58.52928544827647,45.01801113850464],[58.42193800819387,44.63733799637365],[58.63663288835907,44.407727427707634],[58.95867520860687,44.407727427707634],[59.066022648689454,44.33098948013483],[59.066022648689454,44.25415099616343]],[[34.483458869774346,45.77181548264847],[34.590806309856944,45.696887509872944],[34.91284863010474,45.696887509872944],[35.02019607018734,45.77181548264847],[35.02019607018734,45.92136985363141],[34.91284863010474,45.99599626735031],[34.590806309856944,45.99599626735031],[34.483458869774346,45.92136985363141],[34.483458869774346,45.77181548264847]],[[34.483458869774346,46.07052217801639],[34.37611142969175,46.14494759506308],[34.16141654952655,46.14494759506308],[34.05406910944395,46.21927252858975],[33.732026789196155,46.21927252858975],[33.624679349113556,46.14494759506308],[33.624679349113556,45.99599626735031],[33.732026789196155,45.92136985363141],[34.05406910944395,45.92136985363141],[34.16141654952655,45.84664292809512],[34.37611142969175,45.84664292809512],[34.483458869774346,45.92136985363141],[34.483458869774346,46.07052217801639]],[[62.715835611497816,45.99599626735031],[62.715835611497816,45.696887509872944],[62.823183051580415,45.62185900302726],[63.03787793174562,45.62185900302726],[63.14522537182822,45.696887509872944],[63.14522537182822,45.99599626735031],[63.03787793174562,46.07052217801639],[62.823183051580415,46.07052217801639],[62.715835611497816,45.99599626735031]],[[63.25257281191082,46.21927252858975],[63.359920251993415,46.14494759506308],[63.574615132158605,46.14494759506308],[63.681962572241204,46.21927252858975],[63.681962572241204,46.367620988793774],[63.574615132158605,46.44164453897456],[63.359920251993415,46.44164453897456],[63.25257281191082,46.367620988793774],[63.25257281191082,46.21927252858975]],[[117.35568261354058,46.367620988793774],[117.46303005362317,46.29349698935901],[117.89241981395358,46.29349698935901],[117.99976725403617,46.367620988793774],[117.99976725403617,46.51556765263661],[117.89241981395358,46.58939034316711],[117.46303005362317,46.58939034316711],[117.35568261354058,46.51556765263661],[117.35568261354058,46.367620988793774]],[[48.009236320181785,43.86845078916144],[47.687193999933996,43.40229470292579],[47.687193999933996,43.24610593205002],[47.794541440016594,43.167860975294346],[47.687193999933996,43.08951566031014],[47.687193999933996,42.932524028238994],[48.33127864042959,42.30054714306595],[48.43862608051218,42.06190320078757],[49.297405601172976,41.3405727834166],[49.297405601172976,41.17917907100006],[49.404753041255574,41.01738667655179],[49.72679536150337,40.77395123451486],[49.72679536150337,40.69260708890572],[49.83414280158597,40.61116351407393],[50.15618512183377,40.61116351407393],[50.37088000199896,40.529620553245785],[50.58557488216416,40.284395799923466],[50.47822744208156,40.12041653224588],[49.94149024166857,40.12041653224588],[49.61944792142077,39.87370444205166],[49.61944792142077,39.21145531027617],[49.404753041255574,39.04490671459681],[49.404753041255574,38.87796452423702],[49.08271072100778,38.71062922965364],[48.97536328092517,38.12186742609129],[48.54597352059478,37.52831952234705],[48.65332096067739,37.10144039687032],[49.404753041255574,36.49974788139689],[49.61944792142077,36.41340643526715],[50.048837681751166,36.41340643526715],[50.263532561916364,36.49974788139689],[50.58557488216416,36.93001082427084],[50.80026976232936,36.93001082427084],[51.33700696274235,36.672142177443384],[51.659049282990146,36.672142177443384],[51.766396723072745,36.585993158149776],[52.30313392348574,36.585993158149776],[52.41048136356834,36.672142177443384],[52.73252368381614,36.672142177443384],[52.83987112389873,36.75819485216455],[53.05456600406393,36.75819485216455],[53.16191344414653,36.8441510961673],[53.69865064455953,36.8441510961673],[53.91334552472472,37.01577395225742],[53.91334552472472,37.27248290774042],[53.80599808464213,37.35785881227011],[53.80599808464213,38.54290133585468],[53.91334552472472,38.62681432552263],[53.91334552472472,38.79434598375222],[53.59130320447692,38.961484788438575],[53.376608324311725,38.961484788438575],[53.26926088422914,38.87796452423702],[53.26926088422914,38.71062922965364],[53.05456600406393,38.71062922965364],[52.94721856398133,38.87796452423702],[53.16191344414653,39.12823024185877],[53.16191344414653,39.46053917649785],[52.83987112389873,39.70873484132367],[52.73252368381614,39.87370444205166],[52.73252368381614,40.44797825050503],[52.83987112389873,40.529620553245785],[52.83987112389873,41.09833269006698],[52.517828803650936,41.42112004114412],[52.517828803650936,41.66216299538393],[52.41048136356834,41.742310927262785],[52.41048136356834,42.14155125432201],[52.625176243733534,42.30054714306595],[52.625176243733534,42.53829003096801],[52.517828803650936,42.61733730731169],[51.98109160323794,42.61733730731169],[51.659049282990146,42.932524028238994],[51.33700696274235,42.932524028238994],[51.22965952265975,43.011070005049405],[51.22965952265975,43.40229470292579],[50.80026976232936,44.02303239612954],[50.692922322246766,44.10017244639913],[50.37088000199896,44.10017244639913],[50.15618512183377,44.33098948013483],[50.15618512183377,44.63733799637365],[49.94149024166857,44.78990893746685],[49.94149024166857,44.94207763480928],[50.048837681751166,45.01801113850464],[50.47822744208156,45.01801113850464],[50.692922322246766,44.86604356749865],[50.907617202411956,44.86604356749865],[51.33700696274235,45.1695764550113],[51.44435440282495,45.32073952397887],[51.659049282990146,45.32073952397887],[51.766396723072745,45.39617022087439],[52.625176243733534,45.39617022087439],[52.73252368381614,45.47150036356346],[52.73252368381614,45.62185900302726],[53.05456600406393,45.84664292809512],[53.05456600406393,46.07052217801639],[52.94721856398133,46.14494759506308],[52.94721856398133,46.44164453897456],[53.05456600406393,46.51556765263661],[53.05456600406393,46.66311262460235],[52.94721856398133,46.73673451162491],[51.98109160323794,46.66311262460235],[51.55170184290755,46.88367716437708],[51.12231208257715,46.88367716437708],[50.907617202411956,46.73673451162491],[50.692922322246766,46.73673451162491],[50.47822744208156,46.66311262460235],[50.048837681751166,46.367620988793774],[49.72679536150337,46.367620988793774],[49.404753041255574,46.07052217801639],[49.297405601172976,46.07052217801639],[48.97536328092517,45.84664292809512],[48.97536328092517,45.62185900302726],[48.86801584084258,45.54672995605021],[48.33127864042959,45.54672995605021],[48.11658376026439,45.32073952397887],[47.794541440016594,45.32073952397887],[47.5798465598514,45.1695764550113],[47.5798465598514,45.01801113850464],[47.36515167968619,44.86604356749865],[47.36515167968619,44.713673746318904],[47.150456799521,44.56090169066647],[47.150456799521,44.33098948013483],[47.687193999933996,43.94579184051353],[47.901888880099186,43.94579184051353],[48.009236320181785,43.86845078916144]],[[48.86801584084258,46.21927252858975],[49.08271072100778,46.21927252858975],[49.19005816109038,46.29349698935901],[49.19005816109038,46.44164453897456],[49.08271072100778,46.51556765263661],[49.19005816109038,46.58939034316711],[49.19005816109038,46.810256019560896],[49.08271072100778,46.88367716437708],[48.86801584084258,46.88367716437708],[48.43862608051218,46.66311262460235],[48.43862608051218,46.44164453897456],[48.86801584084258,46.21927252858975]],[[37.811229512334904,45.696887509872944],[38.02592439250011,45.99599626735031],[38.02592439250011,46.14494759506308],[37.811229512334904,46.367620988793774],[37.811229512334904,46.58939034316711],[38.02592439250011,46.58939034316711],[38.1332718325827,46.66311262460235],[38.1332718325827,46.810256019560896],[38.02592439250011,46.88367716437708],[37.703882072252306,46.88367716437708],[37.59653463216971,46.73673451162491],[37.27449231192191,46.73673451162491],[36.95244999167413,46.58939034316711],[36.63040767142632,46.58939034316711],[36.201017911095924,46.44164453897456],[35.98632303093073,46.44164453897456],[35.449585830517734,46.07052217801639],[35.449585830517734,45.99599626735031],[35.234890950352536,45.84664292809512],[35.234890950352536,45.62185900302726],[35.449585830517734,45.47150036356346],[35.449585830517734,45.39617022087439],[35.55693327060033,45.32073952397887],[35.878975590848135,45.32073952397887],[36.30836535117852,45.47150036356346],[36.52306023134372,45.47150036356346],[36.63040767142632,45.39617022087439],[37.059797431756714,45.39617022087439],[37.16714487183931,45.32073952397887],[37.489187192087115,45.32073952397887],[37.59653463216971,45.39617022087439],[37.59653463216971,45.62185900302726],[37.811229512334904,45.696887509872944]],[[84.93675570859577,46.58939034316711],[85.04410314867836,46.66311262460235],[85.04410314867836,46.810256019560896],[84.82940826851316,47.030218431703744],[83.86328130776978,47.030218431703744],[83.75593386768718,46.95699796267812],[83.75593386768718,46.810256019560896],[83.86328130776978,46.73673451162491],[84.61471338834797,46.73673451162491],[84.72206082843057,46.58939034316711],[84.93675570859577,46.58939034316711]],[[119.71732629535775,46.66311262460235],[119.28793653502738,46.66311262460235],[119.07324165486217,46.810256019560896],[118.85854677469698,46.810256019560896],[118.75119933461438,46.73673451162491],[118.21446213420138,46.73673451162491],[118.10711469411878,46.66311262460235],[118.10711469411878,46.51556765263661],[118.21446213420138,46.44164453897456],[119.18058909494478,46.44164453897456],[119.28793653502738,46.367620988793774],[119.93202117552295,46.367620988793774],[120.14671605568816,46.51556765263661],[120.14671605568816,46.810256019560896],[119.93202117552295,47.103338589325915],[119.71732629535775,47.103338589325915],[119.60997885527516,47.030218431703744],[119.60997885527516,46.88367716437708],[119.71732629535775,46.810256019560896],[119.71732629535775,46.66311262460235]],[[85.15145058876095,46.88367716437708],[85.25879802884356,46.810256019560896],[85.68818778917395,46.810256019560896],[85.79553522925656,46.88367716437708],[85.79553522925656,47.030218431703744],[85.68818778917395,47.103338589325915],[85.25879802884356,47.103338589325915],[85.15145058876095,47.030218431703744],[85.15145058876095,46.88367716437708]],[[83.00450178710898,47.030218431703744],[83.11184922719158,46.95699796267812],[83.32654410735678,46.95699796267812],[83.43389154743937,47.030218431703744],[83.43389154743937,47.17635845404607],[83.32654410735678,47.2492780449923],[83.11184922719158,47.2492780449923],[83.00450178710898,47.17635845404607],[83.00450178710898,47.030218431703744]],[[38.1332718325827,47.322097381916535],[38.1332718325827,46.95699796267812],[38.2406192726653,46.88367716437708],[38.45531415283051,46.88367716437708],[38.5626615929131,46.95699796267812],[38.5626615929131,47.322097381916535],[38.45531415283051,47.39481648519173],[38.2406192726653,47.39481648519173],[38.1332718325827,47.322097381916535]],[[85.47349290900875,47.322097381916535],[85.58084034909136,47.2492780449923],[85.79553522925656,47.2492780449923],[85.90288266933915,47.322097381916535],[85.90288266933915,47.53995407537537],[85.79553522925656,47.612372606109766],[85.58084034909136,47.612372606109766],[85.47349290900875,47.53995407537537],[85.47349290900875,47.322097381916535]],[[117.1409877333754,47.53995407537537],[117.24833517345797,47.467435375809124],[117.57037749370578,47.467435375809124],[117.67772493378838,47.53995407537537],[117.67772493378838,47.68469099084147],[117.57037749370578,47.75690925300668],[117.24833517345797,47.75690925300668],[117.1409877333754,47.68469099084147],[117.1409877333754,47.53995407537537]],[[117.1409877333754,47.8290274166459],[117.0336402932928,47.90104550640105],[116.174860772632,47.90104550640105],[116.0675133325494,47.75690925300668],[115.8528184523842,47.75690925300668],[115.7454710123016,47.68469099084147],[115.7454710123016,47.53995407537537],[115.8528184523842,47.467435375809124],[116.0675133325494,47.467435375809124],[116.174860772632,47.612372606109766],[117.0336402932928,47.612372606109766],[117.1409877333754,47.68469099084147],[117.1409877333754,47.8290274166459]],[[24.82218926234046,47.53995407537537],[24.929536702423054,47.467435375809124],[25.144231582588255,47.467435375809124],[25.25157902267085,47.53995407537537],[25.25157902267085,47.68469099084147],[25.144231582588255,47.75690925300668],[24.929536702423054,47.75690925300668],[24.82218926234046,47.68469099084147],[24.82218926234046,47.53995407537537]],[[117.67772493378838,47.8290274166459],[117.78507237387097,47.75690925300668],[118.53650445444917,47.75690925300668],[118.64385189453178,47.8290274166459],[118.64385189453178,47.97296354751276],[118.53650445444917,48.044781565817566],[117.78507237387097,48.044781565817566],[117.67772493378838,47.97296354751276],[117.67772493378838,47.8290274166459]],[[47.901888880099186,47.75690925300668],[47.47249911976879,47.90104550640105],[47.47249911976879,48.044781565817566],[47.36515167968619,48.11649958774512],[47.150456799521,48.11649958774512],[47.0431093594384,48.044781565817566],[47.0431093594384,47.68469099084147],[47.36515167968619,47.467435375809124],[47.5798465598514,47.467435375809124],[47.901888880099186,47.612372606109766],[47.901888880099186,47.75690925300668]],[[115.638123572219,48.40237226087875],[115.638123572219,48.11649958774512],[115.7454710123016,48.044781565817566],[115.9601658924668,48.044781565817566],[116.0675133325494,48.11649958774512],[116.0675133325494,48.40237226087875],[115.9601658924668,48.47359071792896],[115.7454710123016,48.47359071792896],[115.638123572219,48.40237226087875]],[[46.399024718942805,48.25963575113587],[46.5063721590254,48.18811764031537],[46.72106703919061,48.18811764031537],[46.8284144792732,48.25963575113587],[46.8284144792732,48.40237226087875],[46.72106703919061,48.47359071792896],[46.5063721590254,48.47359071792896],[46.399024718942805,48.40237226087875],[46.399024718942805,48.25963575113587]],[[86.01023010942176,48.18811764031537],[86.33227242966954,48.18811764031537],[86.43961986975214,48.25963575113587],[86.65431474991736,48.25963575113587],[86.76166218999994,48.331053948398896],[86.76166218999994,48.47359071792896],[86.65431474991736,48.54470934947951],[86.33227242966954,48.54470934947951],[86.22492498958694,48.47359071792896],[86.01023010942176,48.47359071792896],[85.90288266933915,48.40237226087875],[85.90288266933915,48.25963575113587],[86.01023010942176,48.18811764031537]],[[39.63613599373909,48.969326551305464],[39.63613599373909,48.61572818603407],[39.52878855365649,48.54470934947951],[39.52878855365649,48.40237226087875],[39.74348343382168,48.331053948398896],[39.74348343382168,48.18811764031537],[39.85083087390428,48.11649958774512],[39.74348343382168,48.044781565817566],[39.74348343382168,47.90104550640105],[38.88470391316089,47.90104550640105],[38.77735647307829,47.8290274166459],[38.77735647307829,47.68469099084147],[38.88470391316089,47.612372606109766],[39.958178313986885,47.612372606109766],[40.06552575406948,47.68469099084147],[40.17287319415208,48.044781565817566],[40.280220634234674,48.11649958774512],[40.280220634234674,48.25963575113587],[40.06552575406948,48.54470934947951],[40.280220634234674,48.68664725866723],[40.280220634234674,48.82818623930576],[40.06552575406948,49.11006846353501],[39.85083087390428,49.11006846353501],[39.63613599373909,48.969326551305464]],[[22.13850326027549,48.969326551305464],[22.353198140440686,48.898806212290104],[22.460545580523284,48.75746659902173],[22.99728278093628,48.82818623930576],[23.104630221018876,48.898806212290104],[23.104630221018876,49.11006846353501],[22.99728278093628,49.180290106185325],[22.67524046068848,49.180290106185325],[22.567893020605883,49.11006846353501],[22.460545580523284,49.180290106185325],[22.24585070035809,49.180290106185325],[22.13850326027549,49.11006846353501],[22.13850326027549,48.969326551305464]],[[110.27075156808907,49.03974729023968],[110.37809900817166,48.969326551305464],[110.59279388833689,48.969326551305464],[110.70014132841946,49.03974729023968],[110.70014132841946,49.180290106185325],[110.59279388833689,49.250412253733444],[110.37809900817166,49.250412253733444],[110.27075156808907,49.180290106185325],[110.27075156808907,49.03974729023968]],[[111.23687852883245,49.180290106185325],[111.34422596891505,49.11006846353501],[111.66626828916287,49.11006846353501],[111.77361572924545,49.180290106185325],[111.77361572924545,49.32043494226832],[111.66626828916287,49.39035820842239],[111.34422596891505,49.39035820842239],[111.23687852883245,49.32043494226832],[111.23687852883245,49.180290106185325]],[[108.4458450866849,49.180290106185325],[108.55319252676749,49.11006846353501],[109.30462460734567,49.11006846353501],[109.41197204742828,49.03974729023968],[109.84136180775867,49.03974729023968],[109.94870924784128,49.11006846353501],[109.94870924784128,49.250412253733444],[109.84136180775867,49.32043494226832],[109.41197204742828,49.32043494226832],[109.30462460734567,49.39035820842239],[108.55319252676749,49.39035820842239],[108.4458450866849,49.32043494226832],[108.4458450866849,49.180290106185325]],[[22.567893020605883,49.32043494226832],[22.67524046068848,49.250412253733444],[22.88993534085368,49.250412253733444],[22.99728278093628,49.32043494226832],[22.99728278093628,49.46018208936878],[22.88993534085368,49.52990662281859],[22.67524046068848,49.52990662281859],[22.567893020605883,49.46018208936878],[22.567893020605883,49.32043494226832]],[[39.74348343382168,49.39035820842239],[40.06552575406948,49.250412253733444],[40.280220634234674,49.250412253733444],[40.38756807431727,49.32043494226832],[40.38756807431727,49.52990662281859],[40.280220634234674,49.59953184701818],[39.85083087390428,49.59953184701818],[39.74348343382168,49.52990662281859],[39.74348343382168,49.39035820842239]],[[85.15145058876095,49.46018208936878],[85.58084034909136,49.32043494226832],[85.90288266933915,49.32043494226832],[86.01023010942176,49.250412253733444],[86.33227242966954,49.250412253733444],[86.54696730983474,49.39035820842239],[86.65431474991736,49.32043494226832],[86.86900963008254,49.32043494226832],[86.97635707016514,49.39035820842239],[86.97635707016514,49.73848452331215],[86.86900963008254,49.80781205455109],[86.54696730983474,49.80781205455109],[86.33227242966954,49.59953184701818],[85.79553522925656,49.59953184701818],[85.68818778917395,49.66905780074645],[85.25879802884356,49.66905780074645],[85.15145058876095,49.59953184701818],[85.15145058876095,49.46018208936878]],[[116.4969030928798,49.59953184701818],[116.6042505329624,49.52990662281859],[116.9262928532102,49.52990662281859],[117.0336402932928,49.59953184701818],[117.0336402932928,49.73848452331215],[116.81894541312761,49.8770404348235],[116.6042505329624,49.8770404348235],[116.4969030928798,49.80781205455109],[116.4969030928798,49.59953184701818]],[[115.2087338118886,49.73848452331215],[115.3160812519712,49.66905780074645],[115.8528184523842,49.66905780074645],[115.9601658924668,49.73848452331215],[115.9601658924668,49.8770404348235],[115.8528184523842,49.94616970501132],[115.3160812519712,49.94616970501132],[115.2087338118886,49.8770404348235],[115.2087338118886,49.73848452331215]],[[88.26452635115635,49.46018208936878],[88.26452635115635,49.32043494226832],[88.37187379123891,49.250412253733444],[89.23065331189972,49.250412253733444],[89.4453481920649,49.32043494226832],[89.66004307223011,49.46018208936878],[89.66004307223011,49.52990662281859],[89.87473795239531,49.52990662281859],[89.9820853924779,49.59953184701818],[89.9820853924779,49.8770404348235],[89.87473795239531,49.94616970501132],[89.66004307223011,49.94616970501132],[89.5526956321475,49.8770404348235],[89.5526956321475,49.66905780074645],[89.23065331189972,49.66905780074645],[89.12330587181712,49.52990662281859],[88.37187379123891,49.52990662281859],[88.26452635115635,49.46018208936878]],[[48.11658376026439,49.73848452331215],[48.33127864042959,49.59953184701818],[48.65332096067739,49.59953184701818],[48.76066840075998,49.66905780074645],[48.76066840075998,49.80781205455109],[48.43862608051218,49.94616970501132],[48.22393120034699,49.94616970501132],[48.11658376026439,49.8770404348235],[48.11658376026439,49.73848452331215]],[[97.71110107842502,49.80781205455109],[97.81844851850762,49.73848452331215],[98.03314339867282,49.73848452331215],[98.1404908387554,49.80781205455109],[98.1404908387554,49.94616970501132],[98.03314339867282,50.015199906515456],[97.81844851850762,50.015199906515456],[97.71110107842502,49.94616970501132],[97.71110107842502,49.80781205455109]],[[96.31558435735123,49.94616970501132],[96.20823691726864,50.015199906515456],[95.77884715693824,50.015199906515456],[95.34945739660786,49.8770404348235],[95.34945739660786,49.73848452331215],[95.45680483669044,49.66905780074645],[95.67149971685564,49.66905780074645],[95.77884715693824,49.73848452331215],[96.20823691726864,49.73848452331215],[96.31558435735123,49.66905780074645],[96.95966899784683,49.66905780074645],[97.06701643792941,49.73848452331215],[97.06701643792941,49.8770404348235],[96.95966899784683,49.94616970501132],[96.31558435735123,49.94616970501132]],[[107.4797181259415,50.015199906515456],[107.3723706858589,50.08413108125314],[107.1576758056937,50.08413108125314],[107.05032836561112,50.015199906515456],[107.05032836561112,49.8770404348235],[107.2650232457763,49.73848452331215],[107.8017604461893,49.73848452331215],[107.8017604461893,49.52990662281859],[107.9091078862719,49.46018208936878],[108.1238027664371,49.46018208936878],[108.23115020651969,49.52990662281859],[108.23115020651969,49.80781205455109],[108.01645532635449,49.8770404348235],[107.9091078862719,50.015199906515456],[107.4797181259415,50.015199906515456]],[[94.49067787594706,49.8770404348235],[94.59802531602965,49.80781205455109],[95.02741507636004,49.80781205455109],[95.13476251644263,49.8770404348235],[95.13476251644263,50.015199906515456],[95.02741507636004,50.08413108125314],[94.59802531602965,50.08413108125314],[94.49067787594706,50.015199906515456],[94.49067787594706,49.8770404348235]],[[48.76066840075998,49.8770404348235],[48.86801584084258,49.80781205455109],[49.08271072100778,49.80781205455109],[49.19005816109038,49.8770404348235],[49.19005816109038,50.015199906515456],[49.08271072100778,50.08413108125314],[48.86801584084258,50.08413108125314],[48.76066840075998,50.015199906515456],[48.76066840075998,49.8770404348235]],[[38.88470391316089,49.73848452331215],[38.9920513532435,49.59953184701818],[39.20674623340869,49.59953184701818],[39.314093673491286,49.52990662281859],[39.63613599373909,49.52990662281859],[39.74348343382168,49.59953184701818],[39.74348343382168,49.73848452331215],[39.63613599373909,49.80781205455109],[39.42144111357389,49.80781205455109],[39.314093673491286,49.8770404348235],[38.9920513532435,49.8770404348235],[38.88470391316089,50.015199906515456],[38.5626615929131,50.015199906515456],[38.45531415283051,50.08413108125314],[38.2406192726653,50.08413108125314],[37.91857695241751,49.94616970501132],[37.91857695241751,49.73848452331215],[38.02592439250011,49.66905780074645],[38.2406192726653,49.66905780074645],[38.3479667127479,49.73848452331215],[38.88470391316089,49.73848452331215]],[[114.02791197098003,50.152963271655175],[113.81321709081483,50.152963271655175],[113.70586965073223,50.08413108125314],[113.70586965073223,49.94616970501132],[113.81321709081483,49.8770404348235],[114.02791197098003,49.8770404348235],[114.13525941106263,49.94616970501132],[114.13525941106263,50.08413108125314],[114.02791197098003,50.152963271655175]],[[114.24260685114523,50.015199906515456],[114.77934405155823,50.015199906515456],[114.88669149164083,50.08413108125314],[114.88669149164083,50.22169652066329],[114.77934405155823,50.290330871727456],[114.24260685114523,50.290330871727456],[114.13525941106263,50.22169652066329],[114.13525941106263,50.08413108125314],[114.24260685114523,50.015199906515456]],[[90.3041277127257,50.015199906515456],[90.41147515280831,49.94616970501132],[90.73351747305611,49.94616970501132],[90.84086491313869,50.015199906515456],[90.84086491313869,50.152963271655175],[90.73351747305611,50.22169652066329],[90.41147515280831,50.22169652066329],[90.3041277127257,50.152963271655175],[90.3041277127257,50.015199906515456]],[[106.08420140486771,50.152963271655175],[106.19154884495032,50.08413108125314],[106.8356334854459,50.08413108125314],[106.9429809255285,50.152963271655175],[106.9429809255285,50.290330871727456],[106.8356334854459,50.35886636880315],[106.19154884495032,50.35886636880315],[106.08420140486771,50.290330871727456],[106.08420140486771,50.152963271655175]],[[102.86377820238975,50.152963271655175],[102.97112564247237,50.08413108125314],[103.18582052263756,50.08413108125314],[103.29316796272015,49.94616970501132],[103.61521028296794,49.94616970501132],[103.72255772305054,50.015199906515456],[103.72255772305054,50.152963271655175],[103.61521028296794,50.22169652066329],[103.40051540280275,50.22169652066329],[103.29316796272015,50.35886636880315],[102.97112564247237,50.35886636880315],[102.86377820238975,50.290330871727456],[102.86377820238975,50.152963271655175]],[[36.63040767142632,50.015199906515456],[36.845102551591516,50.015199906515456],[37.27449231192191,50.152963271655175],[37.489187192087115,50.152963271655175],[37.59653463216971,50.015199906515456],[37.811229512334904,50.015199906515456],[37.91857695241751,50.08413108125314],[37.91857695241751,50.22169652066329],[37.703882072252306,50.290330871727456],[37.59653463216971,50.42730305634876],[37.27449231192191,50.42730305634876],[36.845102551591516,50.290330871727456],[36.63040767142632,50.35886636880315],[36.30836535117852,50.35886636880315],[36.201017911095924,50.290330871727456],[36.201017911095924,50.152963271655175],[36.63040767142632,50.015199906515456]],[[35.55693327060033,50.22169652066329],[35.66428071068293,50.152963271655175],[35.878975590848135,50.152963271655175],[35.98632303093073,50.22169652066329],[35.98632303093073,50.35886636880315],[35.878975590848135,50.42730305634876],[35.66428071068293,50.42730305634876],[35.55693327060033,50.35886636880315],[35.55693327060033,50.22169652066329]],[[105.33276932428953,50.22169652066329],[105.86950652470252,50.22169652066329],[105.97685396478514,50.290330871727456],[105.97685396478514,50.42730305634876],[105.86950652470252,50.49564097932285],[105.33276932428953,50.49564097932285],[105.22542188420692,50.42730305634876],[104.79603212387653,50.42730305634876],[104.36664236354613,50.290330871727456],[104.36664236354613,50.152963271655175],[104.47398980362874,50.08413108125314],[104.79603212387653,50.08413108125314],[104.90337956395913,50.152963271655175],[105.22542188420692,50.152963271655175],[105.33276932428953,50.22169652066329]],[[98.1404908387554,50.22169652066329],[98.247838278838,50.152963271655175],[98.4625331590032,50.152963271655175],[98.5698805990858,50.22169652066329],[98.5698805990858,50.42730305634876],[98.4625331590032,50.49564097932285],[98.247838278838,50.49564097932285],[98.1404908387554,50.42730305634876],[98.1404908387554,50.22169652066329]],[[94.16863555569925,50.290330871727456],[94.27598299578187,50.22169652066329],[94.49067787594706,50.22169652066329],[94.59802531602965,50.290330871727456],[94.59802531602965,50.42730305634876],[94.49067787594706,50.49564097932285],[94.27598299578187,50.49564097932285],[94.16863555569925,50.42730305634876],[94.16863555569925,50.290330871727456]],[[91.16290723338649,50.290330871727456],[91.27025467346911,50.22169652066329],[91.4849495536343,50.22169652066329],[91.59229699371689,50.290330871727456],[91.59229699371689,50.42730305634876],[91.4849495536343,50.49564097932285],[91.27025467346911,50.49564097932285],[91.16290723338649,50.42730305634876],[91.16290723338649,50.290330871727456]],[[84.50736594826537,50.42730305634876],[84.40001850818277,50.49564097932285],[84.18532362801757,50.49564097932285],[84.07797618793496,50.42730305634876],[84.07797618793496,50.22169652066329],[84.29267106810016,50.015199906515456],[84.50736594826537,49.94616970501132],[84.72206082843057,49.94616970501132],[84.93675570859577,49.73848452331215],[85.15145058876095,49.73848452331215],[85.25879802884356,49.80781205455109],[85.25879802884356,50.015199906515456],[85.04410314867836,50.152963271655175],[84.50736594826537,50.290330871727456],[84.50736594826537,50.42730305634876]],[[48.54597352059478,50.42730305634876],[48.65332096067739,50.35886636880315],[48.97536328092517,50.35886636880315],[49.08271072100778,50.42730305634876],[49.08271072100778,50.56388018318153],[48.97536328092517,50.63202071387575],[48.65332096067739,50.63202071387575],[48.54597352059478,50.56388018318153],[48.54597352059478,50.42730305634876]],[[55.308862245798515,50.49564097932285],[55.6309045660463,50.35886636880315],[55.9529468862941,50.35886636880315],[56.06029432637669,50.42730305634876],[56.06029432637669,50.56388018318153],[55.9529468862941,50.63202071387575],[55.41620968588111,50.700062617848666],[55.308862245798515,50.63202071387575],[55.308862245798515,50.49564097932285]],[[119.50263141519255,50.90359704119868],[119.39528397510995,50.83585073384839],[119.39528397510995,50.700062617848666],[119.50263141519255,50.63202071387575],[119.71732629535775,50.63202071387575],[119.82467373544036,50.700062617848666],[119.82467373544036,50.83585073384839],[119.71732629535775,50.90359704119868],[119.50263141519255,50.90359704119868]],[[119.93202117552295,50.90359704119868],[120.03936861560555,50.971244912469345],[120.03936861560555,51.17359840082725],[119.93202117552295,51.24085302117429],[119.71732629535775,51.24085302117429],[119.60997885527516,51.17359840082725],[119.60997885527516,50.971244912469345],[119.71732629535775,50.90359704119868],[119.93202117552295,50.90359704119868]],[[93.95394067553406,50.56388018318153],[93.84659323545145,50.63202071387575],[93.20250859495587,50.63202071387575],[93.09516115487327,50.76800594203302],[92.66577139454287,50.76800594203302],[92.55842395446028,50.90359704119868],[92.34372907429508,50.90359704119868],[92.23638163421248,50.83585073384839],[92.23638163421248,50.63202071387575],[92.34372907429508,50.56388018318153],[92.55842395446028,50.56388018318153],[92.66577139454287,50.49564097932285],[92.98781371479066,50.49564097932285],[93.09516115487327,50.35886636880315],[93.84659323545145,50.35886636880315],[93.95394067553406,50.42730305634876],[93.95394067553406,50.56388018318153]],[[97.71110107842502,50.971244912469345],[97.71110107842502,50.83585073384839],[97.81844851850762,50.76800594203302],[97.81844851850762,50.63202071387575],[97.92579595859021,50.56388018318153],[98.1404908387554,50.56388018318153],[98.247838278838,50.63202071387575],[98.247838278838,50.76800594203302],[98.1404908387554,50.83585073384839],[98.1404908387554,50.971244912469345],[98.03314339867282,51.03879439652485],[97.81844851850762,51.03879439652485],[97.71110107842502,50.971244912469345]],[[54.77212504538552,50.35886636880315],[54.986819925550705,50.49564097932285],[54.986819925550705,50.700062617848666],[55.094167365633304,50.76800594203302],[55.094167365633304,50.90359704119868],[54.87947248546811,51.03879439652485],[54.66477760530291,51.03879439652485],[54.34273528505512,50.83585073384839],[54.34273528505512,50.42730305634876],[54.45008272513771,50.35886636880315],[54.77212504538552,50.35886636880315]],[[49.297405601172976,50.76800594203302],[49.404753041255574,50.700062617848666],[49.61944792142077,50.700062617848666],[49.72679536150337,50.76800594203302],[49.72679536150337,50.971244912469345],[49.61944792142077,51.03879439652485],[49.404753041255574,51.03879439652485],[49.297405601172976,50.971244912469345],[49.297405601172976,50.76800594203302]],[[58.42193800819387,50.76800594203302],[58.743980328441666,50.56388018318153],[58.95867520860687,50.56388018318153],[59.066022648689454,50.63202071387575],[59.066022648689454,50.76800594203302],[58.52928544827647,51.17359840082725],[58.31459056811127,51.17359840082725],[58.207243128028665,51.10624554270598],[57.77785336769828,51.10624554270598],[57.67050592761568,50.971244912469345],[57.45581104745048,50.971244912469345],[57.34846360736788,51.10624554270598],[56.48968408670709,51.10624554270598],[56.382336646624495,50.971244912469345],[56.2749892065419,50.971244912469345],[56.06029432637669,50.83585073384839],[56.06029432637669,50.700062617848666],[56.16764176645929,50.63202071387575],[56.382336646624495,50.63202071387575],[56.597031526789685,50.76800594203302],[56.91907384703749,50.76800594203302],[57.02642128712009,50.83585073384839],[57.241116167285284,50.83585073384839],[57.241116167285284,50.76800594203302],[57.45581104745048,50.63202071387575],[57.77785336769828,50.63202071387575],[57.99254824786347,50.76800594203302],[57.99254824786347,50.83585073384839],[58.42193800819387,50.83585073384839],[58.42193800819387,50.76800594203302]],[[83.00450178710898,50.90359704119868],[82.7898069069438,50.90359704119868],[82.68245946686119,50.83585073384839],[82.68245946686119,50.76800594203302],[82.14572226644819,50.76800594203302],[82.03837482636561,50.83585073384839],[81.8236799462004,50.83585073384839],[81.71633250611781,50.76800594203302],[81.71633250611781,50.83585073384839],[81.50163762595261,50.971244912469345],[81.39429018587,50.971244912469345],[81.39429018587,51.17359840082725],[81.0722478656222,51.30800945450114],[80.64285810529182,51.30800945450114],[80.32081578504402,51.10624554270598],[80.32081578504402,50.971244912469345],[80.21346834496141,50.90359704119868],[79.99877346479622,50.90359704119868],[79.89142602471362,50.83585073384839],[79.89142602471362,50.63202071387575],[79.99877346479622,50.56388018318153],[80.32081578504402,50.56388018318153],[80.42816322512661,50.700062617848666],[80.53551066520922,50.700062617848666],[80.7502055453744,50.83585073384839],[80.7502055453744,50.971244912469345],[80.857552985457,51.03879439652485],[80.96490042553961,50.971244912469345],[80.96490042553961,50.83585073384839],[81.17959530570481,50.700062617848666],[81.2869427457874,50.700062617848666],[81.2869427457874,50.63202071387575],[81.50163762595261,50.49564097932285],[82.03837482636561,50.56388018318153],[82.14572226644819,50.49564097932285],[82.68245946686119,50.49564097932285],[82.7898069069438,50.63202071387575],[83.11184922719158,50.63202071387575],[83.21919666727418,50.76800594203302],[83.54123898752198,50.76800594203302],[83.6485864276046,50.83585073384839],[83.6485864276046,50.971244912469345],[83.54123898752198,51.03879439652485],[83.11184922719158,51.03879439652485],[83.00450178710898,50.90359704119868]],[[97.92579595859021,51.10624554270598],[98.1404908387554,51.10624554270598],[98.247838278838,51.24085302117429],[98.4625331590032,51.30800945450114],[98.4625331590032,51.44202796543737],[98.35518571892062,51.50889014687379],[98.1404908387554,51.50889014687379],[98.03314339867282,51.375067752027775],[97.81844851850762,51.30800945450114],[97.81844851850762,51.17359840082725],[97.92579595859021,51.10624554270598]],[[54.02069296480732,50.971244912469345],[54.128040404889916,51.03879439652485],[54.128040404889916,51.17359840082725],[53.91334552472472,51.24085302117429],[53.80599808464213,51.375067752027775],[53.69865064455953,51.375067752027775],[53.69865064455953,51.44202796543737],[53.483955764394324,51.575654348938926],[53.26926088422914,51.575654348938926],[53.16191344414653,51.50889014687379],[52.625176243733534,51.50889014687379],[52.517828803650936,51.44202796543737],[52.517828803650936,51.30800945450114],[52.625176243733534,51.24085302117429],[53.483955764394324,51.24085302117429],[53.483955764394324,51.17359840082725],[53.69865064455953,51.10624554270598],[53.80599808464213,50.971244912469345],[54.02069296480732,50.971244912469345]],[[126.58756246064408,51.64232062469016],[126.58756246064408,51.44202796543737],[126.69490990072667,51.375067752027775],[126.69490990072667,51.10624554270598],[126.80225734080928,51.03879439652485],[127.01695222097447,51.03879439652485],[127.23164710113967,51.17359840082725],[127.23164710113967,51.30800945450114],[127.01695222097447,51.44202796543737],[127.01695222097447,51.64232062469016],[126.90960478089188,51.7088890276377],[126.69490990072667,51.7088890276377],[126.58756246064408,51.64232062469016]],[[99.85804988007699,51.575654348938926],[99.96539732015961,51.50889014687379],[100.60948196065517,51.50889014687379],[100.71682940073778,51.575654348938926],[100.71682940073778,51.7088890276377],[100.60948196065517,51.77535961174211],[99.96539732015961,51.77535961174211],[99.85804988007699,51.7088890276377],[99.85804988007699,51.575654348938926]],[[50.47822744208156,51.375067752027775],[50.58557488216416,51.30800945450114],[50.80026976232936,51.30800945450114],[51.014964642494554,51.44202796543737],[51.12231208257715,51.44202796543737],[51.44435440282495,51.24085302117429],[51.873744163155344,51.24085302117429],[52.08843904332054,51.375067752027775],[52.08843904332054,51.44202796543737],[52.30313392348574,51.50889014687379],[52.517828803650936,51.50889014687379],[52.625176243733534,51.575654348938926],[52.625176243733534,51.7088890276377],[52.517828803650936,51.77535961174211],[52.19578648340315,51.77535961174211],[52.08843904332054,51.7088890276377],[51.873744163155344,51.7088890276377],[51.766396723072745,51.575654348938926],[51.659049282990146,51.575654348938926],[51.44435440282495,51.7088890276377],[51.12231208257715,51.7088890276377],[51.014964642494554,51.77535961174211],[50.80026976232936,51.77535961174211],[50.692922322246766,51.64232062469016],[50.47822744208156,51.575654348938926],[50.47822744208156,51.375067752027775]],[[34.16141654952655,51.375067752027775],[34.16141654952655,51.10624554270598],[34.590806309856944,50.971244912469345],[35.02019607018734,50.971244912469345],[35.342238390435135,50.700062617848666],[35.342238390435135,50.56388018318153],[35.449585830517734,50.49564097932285],[35.66428071068293,50.49564097932285],[35.77162815076553,50.56388018318153],[35.77162815076553,50.700062617848666],[35.66428071068293,50.76800594203302],[35.66428071068293,50.971244912469345],[35.234890950352536,51.24085302117429],[34.69815374993954,51.24085302117429],[34.590806309856944,51.30800945450114],[34.483458869774346,51.50889014687379],[34.69815374993954,51.575654348938926],[34.69815374993954,51.77535961174211],[34.483458869774346,51.90800754149963],[34.26876398960915,51.90800754149963],[34.05406910944395,51.64232062469016],[34.05406910944395,51.44202796543737],[34.16141654952655,51.375067752027775]],[[34.37611142969175,51.974184997302075],[34.37611142969175,52.1062471694317],[34.26876398960915,52.172131998540635],[34.05406910944395,52.172131998540635],[34.05406910944395,52.30360942804774],[33.94672166936135,52.36920214381426],[33.08794214870056,52.36920214381426],[32.980594708617964,52.30360942804774],[32.76589982845276,52.30360942804774],[32.65855238837017,52.36920214381426],[32.44385750820497,52.36920214381426],[32.22916262803977,52.1062471694317],[32.12181518795717,52.1062471694317],[31.907120307791978,52.23791939892247],[31.907120307791978,52.500095868983564],[31.799772867709375,52.56539699629568],[31.585077987544175,52.56539699629568],[31.477730547461583,52.500095868983564],[31.477730547461583,52.23791939892247],[31.585077987544175,52.172131998540635],[31.477730547461583,52.1062471694317],[31.477730547461583,52.040264854554955],[31.37038310737898,52.1062471694317],[31.04834078713118,52.1062471694317],[30.94099334704859,52.040264854554955],[30.94099334704859,51.90800754149963],[30.72629846688339,51.90800754149963],[30.61895102680079,51.84173243141162],[30.61895102680079,51.7088890276377],[30.72629846688339,51.64232062469016],[30.94099334704859,51.64232062469016],[31.04834078713118,51.7088890276377],[31.04834078713118,51.84173243141162],[31.37038310737898,51.84173243141162],[31.477730547461583,51.90800754149963],[31.477730547461583,51.974184997302075],[31.907120307791978,51.84173243141162],[32.33651006812238,51.84173243141162],[32.44385750820497,51.974184997302075],[32.65855238837017,52.040264854554955],[32.65855238837017,52.1062471694317],[32.76589982845276,52.040264854554955],[33.19528958878316,52.040264854554955],[33.30263702886576,52.1062471694317],[33.94672166936135,52.1062471694317],[33.94672166936135,51.974184997302075],[34.05406910944395,51.90800754149963],[34.26876398960915,51.90800754149963],[34.37611142969175,51.974184997302075]],[[78.92529906397023,51.84173243141162],[79.03264650405285,51.77535961174211],[79.24734138421803,51.77535961174211],[79.35468882430062,51.84173243141162],[79.35468882430062,51.974184997302075],[79.24734138421803,52.040264854554955],[79.03264650405285,52.040264854554955],[78.92529906397023,51.974184997302075],[78.92529906397023,51.84173243141162]],[[98.6772280391684,51.974184997302075],[98.6772280391684,51.84173243141162],[98.784575479251,51.77535961174211],[98.9992703594162,51.77535961174211],[99.2139652395814,51.90800754149963],[99.2139652395814,52.040264854554955],[99.1066177994988,52.1062471694317],[98.89192291933362,52.1062471694317],[98.6772280391684,51.974184997302075]],[[60.890929130093646,51.974184997302075],[60.890929130093646,52.1062471694317],[60.78358169001104,52.172131998540635],[60.461539369763244,52.172131998540635],[60.354191929680646,52.040264854554955],[60.13949704951544,52.040264854554955],[59.92480216935026,51.90800754149963],[59.92480216935026,51.77535961174211],[60.13949704951544,51.64232062469016],[60.24684448959804,51.64232062469016],[60.24684448959804,51.575654348938926],[60.461539369763244,51.44202796543737],[60.998276570176245,51.375067752027775],[61.10562401025884,51.24085302117429],[61.42766633050663,51.24085302117429],[61.42766633050663,51.10624554270598],[61.53501377058923,51.03879439652485],[61.74970865075443,51.03879439652485],[61.857056090837034,51.10624554270598],[61.857056090837034,51.24085302117429],[61.64236121067183,51.30800945450114],[61.64236121067183,51.44202796543737],[61.53501377058923,51.50889014687379],[61.10562401025884,51.50889014687379],[60.998276570176245,51.64232062469016],[60.78358169001104,51.64232062469016],[60.78358169001104,51.7088890276377],[60.56888680984584,51.84173243141162],[60.461539369763244,51.84173243141162],[60.461539369763244,51.90800754149963],[60.78358169001104,51.90800754149963],[60.890929130093646,51.974184997302075]],[[120.68345325610115,52.23791939892247],[120.57610581601855,52.172131998540635],[120.57610581601855,51.90800754149963],[120.36141093585336,51.84173243141162],[120.36141093585336,51.7088890276377],[120.46875837593595,51.64232062469016],[120.68345325610115,51.64232062469016],[120.79080069618375,51.7088890276377],[120.79080069618375,51.84173243141162],[121.00549557634895,51.90800754149963],[121.00549557634895,52.172131998540635],[120.89814813626636,52.23791939892247],[120.68345325610115,52.23791939892247]],[[119.93202117552295,52.500095868983564],[120.14671605568816,52.36920214381426],[120.36141093585336,52.36920214381426],[120.46875837593595,52.4346976045446],[120.46875837593595,52.56539699629568],[120.25406349577075,52.76071815335931],[120.03936861560555,52.76071815335931],[119.93202117552295,52.69570807828102],[119.93202117552295,52.500095868983564]],[[126.48021502056147,52.040264854554955],[126.58756246064408,52.1062471694317],[126.58756246064408,52.36920214381426],[126.37286758047888,52.500095868983564],[126.37286758047888,52.69570807828102],[125.7287829399833,53.08431631449263],[125.5140880598181,53.08431631449263],[125.4067406197355,53.01979010473228],[125.4067406197355,52.89044767577636],[125.5140880598181,52.76071815335931],[125.7287829399833,52.63060104606269],[125.8361303800659,52.63060104606269],[125.8361303800659,52.500095868983564],[126.15817270031367,52.23791939892247],[126.15817270031367,52.1062471694317],[126.26552014039628,52.040264854554955],[126.48021502056147,52.040264854554955]],[[125.4067406197355,53.14874593808168],[125.2993931796529,53.21307903872393],[124.76265597923991,53.21307903872393],[124.6553085391573,53.277315680036324],[124.4406136589921,53.277315680036324],[124.3332662189095,53.40549984108654],[124.1185713387443,53.40549984108654],[124.0112238986617,53.34145592602572],[124.0112238986617,53.21307903872393],[124.1185713387443,53.14874593808168],[124.3332662189095,53.14874593808168],[124.4406136589921,53.01979010473228],[124.6553085391573,52.95516724597097],[125.2993931796529,52.95516724597097],[125.4067406197355,53.01979010473228],[125.4067406197355,53.14874593808168]],[[124.0112238986617,53.46944748999824],[123.68918157841391,53.597054250403154],[123.25979181808353,53.597054250403154],[122.83040205775313,53.46944748999824],[122.83040205775313,53.34145592602572],[122.93774949783572,53.277315680036324],[123.47448669824873,53.34145592602572],[123.58183413833133,53.277315680036324],[123.9038764585791,53.277315680036324],[124.0112238986617,53.34145592602572],[124.0112238986617,53.46944748999824]],[[120.89814813626636,53.14874593808168],[121.00549557634895,53.08431631449263],[121.54223277676192,53.08431631449263],[121.64958021684453,53.14874593808168],[121.64958021684453,53.277315680036324],[121.54223277676192,53.34145592602572],[121.00549557634895,53.34145592602572],[120.89814813626636,53.277315680036324],[120.89814813626636,53.14874593808168]],[[121.75692765692713,53.277315680036324],[121.86427509700972,53.21307903872393],[122.18631741725753,53.21307903872393],[122.29366485734013,53.277315680036324],[122.29366485734013,53.40549984108654],[122.18631741725753,53.46944748999824],[121.86427509700972,53.46944748999824],[121.75692765692713,53.40549984108654],[121.75692765692713,53.277315680036324]],[[32.014467747874576,53.14874593808168],[31.907120307791978,53.21307903872393],[31.37038310737898,53.21307903872393],[31.263035667296382,53.14874593808168],[31.263035667296382,52.95516724597097],[31.37038310737898,52.89044767577636],[31.585077987544175,52.89044767577636],[31.692425427626777,52.95516724597097],[31.799772867709375,52.89044767577636],[32.44385750820497,52.89044767577636],[32.55120494828757,53.01979010473228],[32.980594708617964,53.14874593808168],[32.980594708617964,53.40549984108654],[32.65855238837017,53.724276733085816],[32.44385750820497,53.724276733085816],[32.33651006812238,53.6607134933589],[32.33651006812238,53.46944748999824],[32.55120494828757,53.34145592602572],[32.33651006812238,53.21307903872393],[32.33651006812238,53.14874593808168],[32.014467747874576,53.14874593808168]],[[32.33651006812238,53.7877440362525],[32.22916262803977,53.851115469898126],[32.014467747874576,53.851115469898126],[32.12181518795717,53.91439110143009],[32.12181518795717,54.04065522960934],[32.014467747874576,54.103643862891026],[31.799772867709375,54.103643862891026],[31.692425427626777,54.04065522960934],[31.692425427626777,53.91439110143009],[31.799772867709375,53.851115469898126],[31.907120307791978,53.851115469898126],[31.799772867709375,53.7877440362525],[31.799772867709375,53.6607134933589],[31.907120307791978,53.597054250403154],[32.22916262803977,53.597054250403154],[32.33651006812238,53.6607134933589],[32.33651006812238,53.7877440362525]],[[75.27548610116187,53.977570998621616],[75.27548610116187,53.851115469898126],[75.38283354124447,53.7877440362525],[75.59752842140966,53.7877440362525],[75.81222330157486,53.91439110143009],[75.81222330157486,54.04065522960934],[75.70487586149227,54.103643862891026],[75.49018098132707,54.103643862891026],[75.27548610116187,53.977570998621616]],[[23.426672541266672,53.91439110143009],[23.426672541266672,53.6607134933589],[23.534019981349278,53.597054250403154],[23.74871486151447,53.597054250403154],[23.856062301597067,53.724276733085816],[24.60749438217526,53.724276733085816],[24.714841822257856,53.7877440362525],[25.036884142505656,53.7877440362525],[25.144231582588255,53.91439110143009],[25.358926462753452,53.977570998621616],[25.358926462753452,54.04065522960934],[25.46627390283605,54.04065522960934],[25.680968783001248,53.91439110143009],[25.895663663166445,53.91439110143009],[26.110358543331643,54.103643862891026],[26.110358543331643,54.22933461211832],[25.895663663166445,54.354643801416955],[25.573621342918653,54.354643801416955],[25.46627390283605,54.292036866843475],[25.25157902267085,54.292036866843475],[25.144231582588255,54.1665369673231],[24.929536702423054,54.1665369673231],[24.60749438217526,53.977570998621616],[23.534019981349278,53.977570998621616],[23.426672541266672,53.91439110143009]],[[23.64136742143187,54.04065522960934],[23.64136742143187,54.1665369673231],[23.319325101184074,54.354643801416955],[22.88993534085368,54.47957199152673],[22.67524046068848,54.47957199152673],[22.567893020605883,54.41715548610648],[22.567893020605883,54.04065522960934],[22.88993534085368,53.851115469898126],[23.104630221018876,53.851115469898126],[23.211977661101475,53.977570998621616],[23.534019981349278,53.977570998621616],[23.64136742143187,54.04065522960934]],[[76.24161306190527,54.354643801416955],[76.02691818174007,54.22933461211832],[76.02691818174007,54.103643862891026],[76.34896050198786,53.977570998621616],[76.45630794207045,53.851115469898126],[76.67100282223565,53.851115469898126],[77.10039258256606,54.103643862891026],[77.10039258256606,54.41715548610648],[76.99304514248345,54.47957199152673],[76.67100282223565,54.47957199152673],[76.56365538215306,54.354643801416955],[76.24161306190527,54.354643801416955]],[[31.04834078713118,54.354643801416955],[31.155688227213783,54.292036866843475],[31.37038310737898,54.292036866843475],[31.477730547461583,54.354643801416955],[31.477730547461583,54.54189338863701],[31.37038310737898,54.604119748738945],[31.155688227213783,54.604119748738945],[31.04834078713118,54.54189338863701],[31.04834078713118,54.354643801416955]],[[137.00026414865616,54.604119748738945],[137.00026414865616,54.292036866843475],[137.10761158873876,54.22933461211832],[137.32230646890395,54.22933461211832],[137.53700134906916,54.354643801416955],[137.53700134906916,54.604119748738945],[137.42965390898655,54.666251143474184],[137.10761158873876,54.666251143474184],[137.00026414865616,54.604119748738945]],[[22.88993534085368,54.728287644822046],[22.99728278093628,54.79022932509724],[22.99728278093628,54.913828513351724],[22.78258790077108,55.0985179645872],[22.03115582019289,55.0985179645872],[21.92380838011029,55.037049293376135],[21.92380838011029,54.913828513351724],[22.03115582019289,54.8520762569476],[22.567893020605883,54.8520762569476],[22.67524046068848,54.728287644822046],[22.88993534085368,54.728287644822046]],[[21.0650288594495,55.0985179645872],[21.172376299532097,55.037049293376135],[21.601766059862495,55.037049293376135],[21.709113499945094,55.0985179645872],[21.709113499945094,55.221172240800264],[21.601766059862495,55.28235799531661],[21.172376299532097,55.28235799531661],[21.0650288594495,55.221172240800264],[21.0650288594495,55.0985179645872]],[[70.55219873752753,55.343449594308844],[70.33750385736235,55.221172240800264],[70.33750385736235,55.0985179645872],[70.44485129744493,55.037049293376135],[70.65954617761012,55.037049293376135],[70.98158849785791,55.15989225552906],[70.98158849785791,55.28235799531661],[70.87424105777534,55.343449594308844],[70.55219873752753,55.343449594308844]],[[30.833645906965987,55.0985179645872],[30.833645906965987,54.913828513351724],[30.72629846688339,54.8520762569476],[30.72629846688339,54.666251143474184],[30.833645906965987,54.604119748738945],[31.04834078713118,54.604119748738945],[31.263035667296382,54.8520762569476],[31.263035667296382,55.0985179645872],[31.155688227213783,55.221172240800264],[31.263035667296382,55.28235799531661],[31.263035667296382,55.46535062820545],[31.04834078713118,55.64749791125178],[30.833645906965987,55.708026174302915],[30.61895102680079,55.708026174302915],[30.511603586718188,55.64749791125178],[30.511603586718188,55.52616021512612],[30.833645906965987,55.40444711332046],[30.72629846688339,55.28235799531661],[30.72629846688339,55.15989225552906],[30.833645906965987,55.0985179645872]],[[27.18383294415763,55.64749791125178],[27.291180384240228,55.58687595055081],[27.720570144570623,55.58687595055081],[27.82791758465322,55.64749791125178],[27.82791758465322,55.768460817077575],[27.720570144570623,55.82880191724643],[27.291180384240228,55.82880191724643],[27.18383294415763,55.768460817077575],[27.18383294415763,55.64749791125178]],[[29.4381291858922,55.94920380192265],[29.330781745809606,55.88904955277522],[29.330781745809606,55.58687595055081],[29.4381291858922,55.52616021512612],[29.8675189462226,55.52616021512612],[30.082213826387793,55.64749791125178],[30.404256146635596,55.64749791125178],[30.511603586718188,55.708026174302915],[30.511603586718188,55.82880191724643],[30.404256146635596,55.88904955277522],[29.974866386305195,55.88904955277522],[29.76017150614,55.82880191724643],[29.652824066057402,55.94920380192265],[29.4381291858922,55.94920380192265]],[[28.14995990490102,56.18888851000377],[27.93526502473582,56.069232455559785],[27.93526502473582,55.94920380192265],[28.04261246481842,55.88904955277522],[28.686697105314014,55.88904955277522],[28.794044545396613,55.768460817077575],[29.008739425561807,55.768460817077575],[29.11608686564441,55.82880191724643],[29.11608686564441,55.94920380192265],[28.901391985479208,56.009264743238155],[28.794044545396613,56.12910701801206],[28.472002225148813,56.12910701801206],[28.36465478506622,56.18888851000377],[28.14995990490102,56.18888851000377]],[[25.358926462753452,56.009264743238155],[25.46627390283605,55.94920380192265],[25.788316223083847,55.94920380192265],[25.895663663166445,56.009264743238155],[25.895663663166445,56.12910701801206],[25.788316223083847,56.18888851000377],[25.46627390283605,56.18888851000377],[25.358926462753452,56.12910701801206],[25.358926462753452,56.009264743238155]],[[25.144231582588255,56.42708537137225],[24.82218926234046,56.42708537137225],[24.714841822257856,56.367675361523325],[24.714841822257856,56.2485770112259],[24.82218926234046,56.18888851000377],[25.144231582588255,56.18888851000377],[25.25157902267085,56.2485770112259],[25.25157902267085,56.367675361523325],[25.144231582588255,56.42708537137225]],[[24.60749438217526,56.30817260164944],[24.178104621844863,56.30817260164944],[24.070757181762268,56.2485770112259],[24.070757181762268,56.30817260164944],[23.963409741679666,56.367675361523325],[23.534019981349278,56.367675361523325],[23.426672541266672,56.30817260164944],[23.104630221018876,56.42708537137225],[22.88993534085368,56.42708537137225],[22.78258790077108,56.367675361523325],[22.67524046068848,56.42708537137225],[22.13850326027549,56.42708537137225],[22.03115582019289,56.367675361523325],[22.03115582019289,56.2485770112259],[22.13850326027549,56.18888851000377],[22.67524046068848,56.18888851000377],[22.78258790077108,56.2485770112259],[23.104630221018876,56.12910701801206],[23.319325101184074,56.12910701801206],[23.426672541266672,56.18888851000377],[23.534019981349278,56.12910701801206],[23.963409741679666,56.12910701801206],[24.070757181762268,56.18888851000377],[24.070757181762268,56.12910701801206],[24.178104621844863,56.069232455559785],[24.60749438217526,56.069232455559785],[24.714841822257856,56.12910701801206],[24.714841822257856,56.2485770112259],[24.60749438217526,56.30817260164944]],[[21.387071179697298,56.12910701801206],[21.494418619779896,56.069232455559785],[21.709113499945094,56.069232455559785],[21.816460940027692,56.12910701801206],[21.816460940027692,56.2485770112259],[21.709113499945094,56.30817260164944],[21.494418619779896,56.30817260164944],[21.387071179697298,56.2485770112259],[21.387071179697298,56.12910701801206]],[[28.04261246481842,56.30817260164944],[28.14995990490102,56.2485770112259],[28.36465478506622,56.2485770112259],[28.472002225148813,56.30817260164944],[28.472002225148813,56.42708537137225],[28.36465478506622,56.48640271199461],[28.14995990490102,56.48640271199461],[28.04261246481842,56.42708537137225],[28.04261246481842,56.30817260164944]],[[27.61322270448803,57.71080616522634],[27.720570144570623,57.65341575131015],[27.93526502473582,57.65341575131015],[28.04261246481842,57.71080616522634],[28.04261246481842,57.88243279367289],[27.93526502473582,57.939460421224496],[27.720570144570623,57.939460421224496],[27.61322270448803,57.88243279367289],[27.61322270448803,57.71080616522634]],[[25.680968783001248,57.99639756961955],[25.46627390283605,58.110000778818986],[25.25157902267085,58.110000778818986],[24.929536702423054,57.99639756961955],[24.60749438217526,57.99639756961955],[24.50014694209266,57.939460421224496],[24.50014694209266,57.82531459976866],[24.60749438217526,57.768105752537004],[25.573621342918653,57.82531459976866],[25.680968783001248,57.71080616522634],[25.895663663166445,57.71080616522634],[26.003011103249044,57.768105752537004],[26.003011103249044,57.88243279367289],[25.895663663166445,57.939460421224496],[25.680968783001248,57.939460421224496],[25.680968783001248,57.99639756961955]],[[27.398527824322827,58.110000778818986],[27.505875264405425,58.05324432627344],[27.720570144570623,58.05324432627344],[27.82791758465322,58.110000778818986],[27.82791758465322,58.2232431231921],[27.720570144570623,58.27972919135532],[27.505875264405425,58.27972919135532],[27.398527824322827,58.2232431231921],[27.398527824322827,58.110000778818986]],[[22.567893020605883,58.05324432627344],[22.460545580523284,57.99639756961955],[22.460545580523284,57.82531459976866],[22.88993534085368,57.71080616522634],[22.88993534085368,57.538362098692595],[23.104630221018876,57.48069868808136],[23.211977661101475,57.36509827022348],[23.426672541266672,57.3071610924705],[23.426672541266672,57.19101237483916],[23.64136742143187,57.01610212690856],[24.070757181762268,57.01610212690856],[24.39279950201006,57.19101237483916],[24.39279950201006,57.59593442448904],[24.285452061927465,57.71080616522634],[24.39279950201006,57.768105752537004],[24.39279950201006,57.88243279367289],[23.963409741679666,57.99639756961955],[23.963409741679666,58.16666701510455],[23.64136742143187,58.27972919135532],[23.319325101184074,58.27972919135532],[22.99728278093628,58.110000778818986],[22.78258790077108,58.05324432627344],[22.567893020605883,58.05324432627344]],[[11.296411811933012,59.116276075171285],[11.189064371850414,59.061129874759075],[11.189064371850414,58.95057130767929],[11.403759252015613,58.89515875874101],[11.403759252015613,58.78406667578318],[11.511106692098211,58.728386960614245],[11.833149012346006,58.728386960614245],[11.940496452428606,58.78406667578318],[11.940496452428606,58.89515875874101],[11.833149012346006,58.95057130767929],[11.61845413218081,58.95057130767929],[11.61845413218081,59.061129874759075],[11.511106692098211,59.116276075171285],[11.296411811933012,59.116276075171285]],[[151.5995159998896,59.226302766787946],[151.5995159998896,59.33597579095718],[151.492168559807,59.390679907724376],[151.1701262395592,59.390679907724376],[150.8480839193114,59.226302766787946],[150.8480839193114,59.116276075171285],[150.955431359394,59.061129874759075],[151.1701262395592,59.061129874759075],[151.3848211197244,59.116276075171285],[151.5995159998896,59.226302766787946]],[[27.93526502473582,59.281183441352354],[27.93526502473582,59.17133367531739],[28.04261246481842,59.116276075171285],[28.257307344983616,59.116276075171285],[28.472002225148813,59.226302766787946],[28.472002225148813,59.33597579095718],[28.36465478506622,59.390679907724376],[28.14995990490102,59.390679907724376],[27.93526502473582,59.281183441352354]],[[11.61845413218081,59.44529588394948],[11.72580157226341,59.390679907724376],[11.940496452428606,59.390679907724376],[12.047843892511205,59.44529588394948],[12.047843892511205,59.55426378481362],[11.940496452428606,59.60861589489641],[11.72580157226341,59.60861589489641],[11.61845413218081,59.55426378481362],[11.61845413218081,59.44529588394948]],[[11.940496452428606,59.77114597991183],[12.047843892511205,59.71705689922596],[12.262538772676402,59.71705689922596],[12.369886212759,59.77114597991183],[12.369886212759,59.879061765638255],[12.262538772676402,59.93288865808266],[12.047843892511205,59.93288865808266],[11.940496452428606,59.879061765638255],[11.940496452428606,59.77114597991183]],[[12.155191332593803,61.863980432110715],[12.262538772676402,61.81331650047983],[12.4772336528416,61.81331650047983],[12.584581092924198,61.863980432110715],[12.584581092924198,61.965057482229795],[12.4772336528416,62.015470798249076],[12.262538772676402,62.015470798249076],[12.155191332593803,61.965057482229795],[12.155191332593803,61.863980432110715]],[[164.05181904947105,62.2162916443562],[164.2665139296363,62.316204004913445],[164.2665139296363,62.41578538368998],[164.15916648955366,62.465452203807374],[163.83712416930584,62.465452203807374],[163.51508184905805,62.366036017266076],[163.51508184905805,62.2162916443562],[163.30038696889284,62.11604750675188],[163.30038696889284,61.76256883294328],[163.62242928914065,61.60982243021098],[163.83712416930584,61.60982243021098],[163.94447160938844,61.66082189617619],[163.94447160938844,61.863980432110715],[164.05181904947105,61.91456072645498],[164.05181904947105,62.2162916443562]],[[12.047843892511205,62.859827079163054],[12.047843892511205,62.465452203807374],[12.155191332593803,62.41578538368998],[12.369886212759,62.41578538368998],[12.4772336528416,62.465452203807374],[12.4772336528416,62.859827079163054],[12.369886212759,62.90875547878302],[12.155191332593803,62.90875547878302],[12.047843892511205,62.859827079163054]],[[11.940496452428606,63.152176301122964],[12.047843892511205,63.10365462487307],[12.262538772676402,63.10365462487307],[12.369886212759,63.152176301122964],[12.369886212759,63.24897662617665],[12.262538772676402,63.2972554766307],[12.047843892511205,63.2972554766307],[11.940496452428606,63.24897662617665],[11.940496452428606,63.152176301122964]],[[13.121318293337193,63.9647276855227],[13.22866573341979,63.91756998844448],[13.44336061358499,63.91756998844448],[13.550708053667588,63.9647276855227],[13.550708053667588,64.0588052166159],[13.44336061358499,64.10572525405611],[13.22866573341979,64.10572525405611],[13.121318293337193,64.0588052166159],[13.121318293337193,63.9647276855227]],[[177.5775964998785,64.43195876166413],[177.7922913800437,64.29261625831272],[178.00698626020886,64.29261625831272],[178.11433370029147,64.33914223236235],[178.11433370029147,64.47824952094652],[177.8996388201263,64.57059653909398],[177.6849439399611,64.57059653909398],[177.5775964998785,64.52446207939134],[177.5775964998785,64.43195876166413]],[[35.234890950352536,64.43195876166413],[35.342238390435135,64.38558969948002],[35.55693327060033,64.38558969948002],[35.66428071068293,64.43195876166413],[35.66428071068293,64.52446207939134],[35.55693327060033,64.57059653909398],[35.342238390435135,64.57059653909398],[35.234890950352536,64.52446207939134],[35.234890950352536,64.43195876166413]],[[36.30836535117852,64.89135957431343],[36.093670471013326,64.89135957431343],[35.98632303093073,64.84576894473413],[35.449585830517734,64.84576894473413],[35.342238390435135,64.80010093186594],[35.342238390435135,64.70853234714905],[35.449585830517734,64.66263157080414],[35.77162815076553,64.66263157080414],[35.878975590848135,64.61665300218004],[35.878975590848135,64.43195876166413],[36.201017911095924,64.33914223236235],[36.63040767142632,64.33914223236235],[36.73775511150892,64.24601167536716],[36.845102551591516,64.24601167536716],[36.845102551591516,64.0588052166159],[37.16714487183931,63.870332868133254],[37.38183975200451,63.82301622298554],[37.59653463216971,63.82301622298554],[38.02592439250011,63.91756998844448],[38.02592439250011,64.0588052166159],[37.91857695241751,64.10572525405611],[37.91857695241751,64.19932838159734],[37.811229512334904,64.24601167536716],[37.27449231192191,64.24601167536716],[37.059797431756714,64.29261625831272],[37.059797431756714,64.38558969948002],[36.845102551591516,64.57059653909398],[36.52306023134372,64.66263157080414],[36.52306023134372,64.75435543342442],[36.30836535117852,64.89135957431343]],[[14.409487574328377,65.38777847677217],[14.409487574328377,65.20833584570578],[14.516835014410976,65.16328403339642],[14.731529894576173,65.16328403339642],[14.838877334658774,65.20833584570578],[14.838877334658774,65.38777847677217],[14.731529894576173,65.43244849236207],[14.516835014410976,65.43244849236207],[14.409487574328377,65.38777847677217]],[[29.974866386305195,65.56600263789885],[30.082213826387793,65.52156047040826],[30.296908706552994,65.52156047040826],[30.404256146635596,65.56600263789885],[30.404256146635596,65.65465984246234],[30.296908706552994,65.69887508461483],[30.082213826387793,65.69887508461483],[29.974866386305195,65.65465984246234],[29.974866386305195,65.56600263789885]],[[14.516835014410976,65.83106860114236],[14.624182454493573,65.78707936140081],[14.838877334658774,65.78707936140081],[14.94622477474137,65.83106860114236],[14.94622477474137,65.91882179611241],[14.838877334658774,65.96258595646087],[14.624182454493573,65.96258595646087],[14.516835014410976,65.91882179611241],[14.516835014410976,65.83106860114236]],[[29.4381291858922,66.35310874551129],[29.5454766259748,66.31001428542714],[29.76017150614,66.31001428542714],[29.8675189462226,66.35310874551129],[29.8675189462226,66.4390760728002],[29.76017150614,66.48194914501269],[29.5454766259748,66.48194914501269],[29.4381291858922,66.4390760728002],[29.4381291858922,66.35310874551129]],[[15.375614535071767,66.4390760728002],[15.375614535071767,66.18028648918006],[15.482961975154364,66.13689540998948],[15.697656855319561,66.13689540998948],[15.805004295402162,66.18028648918006],[15.805004295402162,66.4390760728002],[15.697656855319561,66.48194914501269],[15.482961975154364,66.48194914501269],[15.375614535071767,66.4390760728002]],[[23.856062301597067,66.69521269091906],[23.963409741679666,66.65270654890035],[24.178104621844863,66.65270654890035],[24.285452061927465,66.69521269091906],[24.285452061927465,66.82229305429743],[24.178104621844863,66.86450749583136],[23.963409741679666,66.86450749583136],[23.856062301597067,66.82229305429743],[23.856062301597067,66.69521269091906]],[[16.341741495815153,67.15797957868408],[16.341741495815153,66.99071521462257],[16.449088935897755,66.94871847366743],[16.663783816062953,66.94871847366743],[16.77113125614555,66.99071521462257],[16.77113125614555,67.15797957868408],[16.663783816062953,67.1996155309677],[16.449088935897755,67.1996155309677],[16.341741495815153,67.15797957868408]],[[29.8675189462226,67.6528912955173],[29.8675189462226,67.48906108540766],[29.974866386305195,67.44792594637018],[30.189561266470395,67.44792594637018],[30.296908706552994,67.48906108540766],[30.296908706552994,67.6528912955173],[30.189561266470395,67.69367177111324],[29.974866386305195,67.69367177111324],[29.8675189462226,67.6528912955173]],[[23.963409741679666,67.03263959333766],[23.963409741679666,67.15797957868408],[24.070757181762268,67.1996155309677],[24.070757181762268,67.36544185064189],[23.856062301597067,67.44792594637018],[23.856062301597067,67.6528912955173],[23.74871486151447,67.69367177111324],[23.534019981349278,67.69367177111324],[23.426672541266672,67.6528912955173],[23.426672541266672,67.32409268987836],[23.64136742143187,67.28267198441975],[23.64136742143187,67.24117963216028],[23.534019981349278,67.1996155309677],[23.534019981349278,67.03263959333766],[23.64136742143187,66.99071521462257],[23.856062301597067,66.99071521462257],[23.963409741679666,67.03263959333766]],[[17.73725821688894,67.89651677880192],[17.844605656971538,67.85608842080505],[18.166647977219338,67.85608842080505],[18.273995417301933,67.89651677880192],[18.273995417301933,67.97716324123057],[18.166647977219338,68.01738154887076],[17.844605656971538,68.01738154887076],[17.73725821688894,67.97716324123057],[17.73725821688894,67.89651677880192]],[[17.73725821688894,68.05753004287031],[17.62991077680634,68.09760882473718],[17.307868456558545,68.09760882473718],[17.200521016475946,68.05753004287031],[17.200521016475946,67.97716324123057],[17.307868456558545,67.93687501840274],[17.62991077680634,67.93687501840274],[17.73725821688894,67.97716324123057],[17.73725821688894,68.05753004287031]],[[23.104630221018876,68.01738154887076],[23.211977661101475,67.97716324123057],[23.534019981349278,67.97716324123057],[23.64136742143187,68.01738154887076],[23.64136742143187,68.09760882473718],[23.426672541266672,68.17755765790557],[23.211977661101475,68.17755765790557],[23.104630221018876,68.13761799593962],[23.104630221018876,68.01738154887076]],[[22.03115582019289,68.37621687625956],[22.13850326027549,68.33662324051451],[22.460545580523284,68.33662324051451],[22.78258790077108,68.25722885963403],[22.99728278093628,68.25722885963403],[23.104630221018876,68.29696060204486],[23.104630221018876,68.37621687625956],[22.78258790077108,68.4551975442206],[22.567893020605883,68.4551975442206],[22.460545580523284,68.49458477864634],[22.13850326027549,68.49458477864634],[22.03115582019289,68.4551975442206],[22.03115582019289,68.37621687625956]],[[28.36465478506622,68.4157416104524],[28.472002225148813,68.37621687625956],[28.686697105314014,68.37621687625956],[28.794044545396613,68.4157416104524],[28.794044545396613,68.49458477864634],[28.686697105314014,68.53390341476582],[28.472002225148813,68.53390341476582],[28.36465478506622,68.49458477864634],[28.36465478506622,68.4157416104524]],[[19.991554458623515,68.4551975442206],[20.09890189870611,68.4157416104524],[20.313596778871307,68.4157416104524],[20.420944218953906,68.4551975442206],[20.420944218953906,68.53390341476582],[20.313596778871307,68.57315355356853],[20.09890189870611,68.57315355356853],[19.991554458623515,68.53390341476582],[19.991554458623515,68.4551975442206]],[[18.38134285738453,68.57315355356853],[18.273995417301933,68.49458477864634],[18.059300537136735,68.4551975442206],[18.059300537136735,68.21742791202195],[18.166647977219338,68.17755765790557],[18.38134285738453,68.17755765790557],[18.48869029746713,68.21742791202195],[18.48869029746713,68.4157416104524],[18.703385177632327,68.4157416104524],[18.810732617714926,68.4551975442206],[18.810732617714926,68.53390341476582],[18.703385177632327,68.57315355356853],[18.38134285738453,68.57315355356853]],[[25.036884142505656,68.61233529599671],[24.82218926234046,68.57315355356853],[24.82218926234046,68.49458477864634],[24.929536702423054,68.4551975442206],[25.144231582588255,68.4551975442206],[25.25157902267085,68.53390341476582],[25.46627390283605,68.57315355356853],[25.46627390283605,68.69049399525895],[25.358926462753452,68.7294711537359],[25.144231582588255,68.7294711537359],[25.036884142505656,68.69049399525895],[25.036884142505656,68.61233529599671]],[[23.426672541266672,68.49458477864634],[23.534019981349278,68.53390341476582],[23.534019981349278,68.61233529599671],[23.211977661101475,68.69049399525895],[22.460545580523284,68.7294711537359],[22.353198140440686,68.69049399525895],[22.353198140440686,68.61233529599671],[22.460545580523284,68.57315355356853],[22.78258790077108,68.57315355356853],[23.211977661101475,68.49458477864634],[23.426672541266672,68.49458477864634]],[[29.330781745809606,69.00041309201073],[29.223434305727007,69.03884912240379],[28.901391985479208,69.03884912240379],[28.794044545396613,68.96190977232092],[28.686697105314014,68.96190977232092],[28.36465478506622,68.84599507336563],[28.36465478506622,68.76838031912304],[28.472002225148813,68.7294711537359],[28.901391985479208,68.7294711537359],[29.008739425561807,68.76838031912304],[29.008739425561807,68.88470086346231],[29.223434305727007,68.88470086346231],[29.330781745809606,68.92333906295059],[29.330781745809606,69.00041309201073]],[[21.172376299532097,68.76838031912304],[21.2797237396147,68.80722159211753],[21.2797237396147,68.92333906295059],[21.387071179697298,68.96190977232092],[21.387071179697298,69.03884912240379],[21.2797237396147,69.07721796382961],[20.742986539201706,69.07721796382961],[20.635639099119103,69.03884912240379],[20.313596778871307,69.03884912240379],[20.206249338788712,69.00041309201073],[20.206249338788712,68.84599507336563],[20.313596778871307,68.80722159211753],[20.52829165903651,68.80722159211753],[20.635639099119103,68.88470086346231],[20.8503339792843,68.88470086346231],[20.8503339792843,68.80722159211753],[20.957681419366903,68.76838031912304],[21.172376299532097,68.76838031912304]],[[26.110358543331643,69.11551971656306],[26.003011103249044,69.15375448082362],[25.788316223083847,69.15375448082362],[25.680968783001248,69.11551971656306],[25.680968783001248,68.88470086346231],[25.46627390283605,68.88470086346231],[25.358926462753452,68.84599507336563],[25.358926462753452,68.76838031912304],[25.46627390283605,68.7294711537359],[25.788316223083847,68.7294711537359],[25.895663663166445,68.76838031912304],[25.895663663166445,68.84599507336563],[26.110358543331643,68.88470086346231],[26.110358543331643,69.11551971656306]],[[25.895663663166445,69.60738295311829],[25.895663663166445,69.4948693860344],[25.788316223083847,69.45723301754477],[25.788316223083847,69.30602565556083],[25.895663663166445,69.26805784412194],[26.110358543331643,69.26805784412194],[26.21770598341424,69.30602565556083],[26.21770598341424,69.45723301754477],[26.325053423496843,69.4948693860344],[26.325053423496843,69.60738295311829],[26.21770598341424,69.64475596106524],[26.003011103249044,69.64475596106524],[25.895663663166445,69.60738295311829]],[[26.539748303662037,69.83063911378864],[26.647095743744636,69.79359307074309],[27.18383294415763,69.79359307074309],[27.291180384240228,69.83063911378864],[27.291180384240228,69.9045360123423],[27.18383294415763,69.94138706579197],[26.647095743744636,69.94138706579197],[26.539748303662037,69.9045360123423],[26.539748303662037,69.83063911378864]],[[27.61322270448803,69.97817332054082],[27.720570144570623,69.94138706579197],[28.04261246481842,69.94138706579197],[28.14995990490102,69.97817332054082],[28.14995990490102,70.05155182908628],[28.04261246481842,70.08814428028914],[27.720570144570623,70.08814428028914],[27.61322270448803,70.05155182908628],[27.61322270448803,69.97817332054082]],[[27.291180384240228,51.375067752027775],[27.61322270448803,51.375067752027775],[27.720570144570623,51.24085302117429],[27.93526502473582,51.24085302117429],[28.04261246481842,51.375067752027775],[28.257307344983616,51.375067752027775],[28.686697105314014,51.24085302117429],[29.008739425561807,51.24085302117429],[29.11608686564441,51.375067752027775],[29.223434305727007,51.375067752027775],[29.223434305727007,51.24085302117429],[29.330781745809606,51.17359840082725],[29.652824066057402,51.17359840082725],[29.76017150614,51.24085302117429],[30.296908706552994,51.24085302117429],[30.296908706552994,51.17359840082725],[30.511603586718188,51.03879439652485],[30.72629846688339,51.03879439652485],[30.94099334704859,51.17359840082725],[30.94099334704859,51.44202796543737],[30.833645906965987,51.50889014687379],[30.61895102680079,51.50889014687379],[30.511603586718188,51.375067752027775],[30.404256146635596,51.375067752027775],[30.296908706552994,51.50889014687379],[29.652824066057402,51.50889014687379],[29.4381291858922,51.44202796543737],[29.4381291858922,51.575654348938926],[29.330781745809606,51.64232062469016],[29.11608686564441,51.64232062469016],[29.008739425561807,51.575654348938926],[28.579349665231412,51.575654348938926],[28.472002225148813,51.64232062469016],[27.398527824322827,51.64232062469016],[27.291180384240228,51.77535961174211],[26.969138063992432,51.77535961174211],[26.861790623909833,51.7088890276377],[26.861790623909833,51.77535961174211],[26.754443183827235,51.84173243141162],[26.539748303662037,51.84173243141162],[26.43240086357944,51.77535961174211],[26.43240086357944,51.64232062469016],[26.539748303662037,51.575654348938926],[26.754443183827235,51.575654348938926],[26.861790623909833,51.64232062469016],[26.861790623909833,51.575654348938926],[26.969138063992432,51.50889014687379],[27.18383294415763,51.50889014687379],[27.291180384240228,51.375067752027775]],[[26.21770598341424,51.90800754149963],[26.110358543331643,51.974184997302075],[25.680968783001248,51.974184997302075],[25.573621342918653,51.90800754149963],[25.46627390283605,51.974184997302075],[25.144231582588255,51.974184997302075],[25.036884142505656,51.90800754149963],[25.036884142505656,51.84173243141162],[24.929536702423054,51.90800754149963],[24.50014694209266,51.90800754149963],[24.39279950201006,51.84173243141162],[24.39279950201006,51.7088890276377],[24.50014694209266,51.64232062469016],[24.929536702423054,51.64232062469016],[25.036884142505656,51.7088890276377],[25.036884142505656,51.77535961174211],[25.144231582588255,51.7088890276377],[25.46627390283605,51.7088890276377],[25.573621342918653,51.77535961174211],[25.680968783001248,51.7088890276377],[26.110358543331643,51.7088890276377],[26.21770598341424,51.77535961174211],[26.21770598341424,51.90800754149963]],[[26.969138063992432,55.64749791125178],[26.861790623909833,55.708026174302915],[26.647095743744636,55.708026174302915],[26.539748303662037,55.64749791125178],[26.539748303662037,55.52616021512612],[26.647095743744636,55.46535062820545],[26.539748303662037,55.46535062820545],[26.43240086357944,55.40444711332046],[26.43240086357944,55.15989225552906],[26.21770598341424,55.0985179645872],[26.21770598341424,54.97548616761677],[25.895663663166445,54.97548616761677],[25.788316223083847,54.913828513351724],[25.788316223083847,54.79022932509724],[25.895663663166445,54.728287644822046],[26.21770598341424,54.728287644822046],[26.325053423496843,54.79022932509724],[26.325053423496843,54.913828513351724],[26.754443183827235,54.913828513351724],[26.969138063992432,55.037049293376135],[26.969138063992432,55.28235799531661],[26.754443183827235,55.46535062820545],[26.861790623909833,55.46535062820545],[26.969138063992432,55.52616021512612],[26.969138063992432,55.64749791125178]],[[27.505875264405425,57.24913248889406],[27.720570144570623,57.24913248889406],[27.720570144570623,57.07449727789026],[27.61322270448803,57.01610212690856],[27.61322270448803,56.72274700764712],[27.82791758465322,56.663799530547124],[27.93526502473582,56.54562746446035],[28.14995990490102,56.54562746446035],[28.257307344983616,56.604759710108915],[28.257307344983616,56.72274700764712],[28.04261246481842,56.78160222354425],[28.04261246481842,57.01610212690856],[28.14995990490102,57.07449727789026],[28.14995990490102,57.24913248889406],[28.04261246481842,57.3071610924705],[27.82791758465322,57.3071610924705],[27.82791758465322,57.48069868808136],[27.61322270448803,57.65341575131015],[27.398527824322827,57.65341575131015],[27.076485504075034,57.538362098692595],[26.969138063992432,57.59593442448904],[26.539748303662037,57.59593442448904],[26.43240086357944,57.538362098692595],[26.43240086357944,57.36509827022348],[26.539748303662037,57.3071610924705],[26.754443183827235,57.3071610924705],[27.076485504075034,57.42294410704886],[27.505875264405425,57.24913248889406]],[[67.43912297513216,31.42796842848256],[67.43912297513216,31.244588911287696],[67.33177553504957,31.33632334022438],[66.90238577471916,31.33632334022438],[66.79503833463657,31.244588911287696],[66.79503833463657,31.060852625592524],[66.90238577471916,30.968851068591913],[67.33177553504957,30.968851068591913],[67.43912297513216,31.060852625592524],[67.54647041521477,30.968851068591913],[67.76116529537995,30.968851068591913],[67.97586017554515,31.060852625592524],[68.19055505571036,31.42796842848256],[68.72729225612335,31.42796842848256],[68.83463969620594,31.33632334022438],[69.15668201645374,31.33632334022438],[69.26402945653635,31.42796842848256],[69.26402945653635,31.610989995104607],[69.15668201645374,31.702366182183635],[68.94198713628855,31.702366182183635],[68.72729225612335,31.884848643589123],[68.19055505571036,31.884848643589123],[67.97586017554515,31.702366182183635],[67.65381785529736,31.610989995104607],[67.43912297513216,31.42796842848256]],[[55.8455994462115,37.86807438217152],[55.9529468862941,37.783281676962346],[56.382336646624495,37.783281676962346],[56.48968408670709,37.952769623825226],[56.91907384703749,37.952769623825226],[57.02642128712009,38.037367329096],[57.13376872720268,37.952769623825226],[57.34846360736788,37.952769623825226],[57.45581104745048,38.037367329096],[57.45581104745048,38.20626984385122],[57.34846360736788,38.290574512346254],[57.13376872720268,38.290574512346254],[57.02642128712009,38.20626984385122],[56.91907384703749,38.290574512346254],[56.48968408670709,38.290574512346254],[56.382336646624495,38.12186742609129],[55.9529468862941,38.12186742609129],[55.8455994462115,38.037367329096],[55.8455994462115,37.86807438217152]],[[48.009236320181785,38.87796452423702],[48.009236320181785,38.62681432552263],[48.22393120034699,38.54290133585468],[48.22393120034699,38.45889032606184],[48.43862608051218,38.290574512346254],[48.54597352059478,38.290574512346254],[48.65332096067739,38.12186742609129],[48.86801584084258,38.12186742609129],[48.97536328092517,38.20626984385122],[48.97536328092517,38.374781362475],[48.76066840075998,38.45889032606184],[48.76066840075998,38.54290133585468],[48.54597352059478,38.71062922965364],[48.43862608051218,38.71062922965364],[48.54597352059478,38.79434598375222],[48.54597352059478,39.04490671459681],[48.43862608051218,39.12823024185877],[48.54597352059478,39.21145531027617],[48.54597352059478,39.377609835293114],[48.33127864042959,39.46053917649785],[48.33127864042959,39.62610173452914],[48.22393120034699,39.70873484132367],[47.901888880099186,39.70873484132367],[47.794541440016594,39.62610173452914],[47.794541440016594,39.46053917649785],[47.901888880099186,39.377609835293114],[48.11658376026439,39.377609835293114],[48.11658376026439,39.21145531027617],[48.22393120034699,39.12823024185877],[48.009236320181785,38.87796452423702]],[[45.110855437951635,39.12823024185877],[45.21820287803422,38.961484788438575],[45.43289775819942,38.961484788438575],[45.54024519828202,39.04490671459681],[45.54024519828202,39.21145531027617],[45.96963495861241,39.21145531027617],[46.076982398695016,39.29458186080299],[46.076982398695016,39.46053917649785],[46.291677278860206,39.29458186080299],[46.291677278860206,39.04490671459681],[46.399024718942805,38.961484788438575],[45.96963495861241,38.961484788438575],[45.86228751852981,38.87796452423702],[45.86228751852981,38.71062922965364],[45.96963495861241,38.62681432552263],[46.72106703919061,38.62681432552263],[47.0431093594384,38.87796452423702],[47.2578042396036,38.961484788438575],[47.2578042396036,39.12823024185877],[47.150456799521,39.21145531027617],[46.8284144792732,39.21145531027617],[46.72106703919061,39.29458186080299],[46.8284144792732,39.377609835293114],[46.8284144792732,39.54336982806356],[46.72106703919061,39.62610173452914],[46.5063721590254,39.62610173452914],[46.076982398695016,39.79126909476386],[46.076982398695016,39.95604083127171],[45.86228751852981,40.0382782113889],[46.076982398695016,40.12041653224588],[46.076982398695016,40.284395799923466],[45.86228751852981,40.366236650795464],[45.86228751852981,40.85519590853],[45.54024519828202,41.09833269006698],[45.43289775819942,41.09833269006698],[45.43289775819942,41.17917907100006],[45.64759263836462,41.17917907100006],[45.75494007844721,41.25992578121537],[45.75494007844721,41.42112004114412],[45.64759263836462,41.501567518772426],[45.32555031811682,41.501567518772426],[45.21820287803422,41.3405727834166],[44.89616055778642,41.3405727834166],[44.788813117703825,41.25992578121537],[44.14472847720823,41.25992578121537],[44.03738103712564,41.17917907100006],[44.03738103712564,41.09833269006698],[43.930033597043035,41.17917907100006],[43.60799127679524,41.17917907100006],[43.50064383671264,41.25992578121537],[43.178601516464845,41.25992578121537],[43.071254076382246,41.17917907100006],[43.071254076382246,41.01738667655179],[43.28594895654744,40.93634106943207],[43.60799127679524,40.69260708890572],[43.60799127679524,40.529620553245785],[43.50064383671264,40.44797825050503],[43.50064383671264,40.20245574456054],[43.60799127679524,40.12041653224588],[43.60799127679524,39.95604083127171],[43.71533871687784,39.87370444205166],[43.930033597043035,39.87370444205166],[44.03738103712564,39.95604083127171],[44.03738103712564,39.87370444205166],[44.14472847720823,39.79126909476386],[44.46677079745603,39.79126909476386],[44.574118237538634,39.87370444205166],[44.35942335737343,39.62610173452914],[44.35942335737343,39.46053917649785],[44.14472847720823,39.46053917649785],[43.930033597043035,39.29458186080299],[43.930033597043035,39.12823024185877],[44.03738103712564,39.04490671459681],[44.03738103712564,38.79434598375222],[44.25207591729083,38.45889032606184],[44.35942335737343,38.45889032606184],[44.46677079745603,38.45889032606184],[44.574118237538634,38.54290133585468],[44.46677079745603,39.12823024185877],[44.574118237538634,39.21145531027617],[44.574118237538634,39.377609835293114],[44.89616055778642,39.377609835293114],[44.89616055778642,39.21145531027617],[45.110855437951635,39.12823024185877]],[[65.7215639338106,42.69628436745891],[65.82891137389318,42.61733730731169],[66.04360625405837,42.61733730731169],[65.93625881397578,42.53829003096801],[65.93625881397578,42.30054714306595],[66.04360625405837,42.221099244224966],[66.25830113422359,42.221099244224966],[66.36564857430618,42.30054714306595],[66.36564857430618,42.53829003096801],[66.25830113422359,42.61733730731169],[66.36564857430618,42.69628436745891],[66.36564857430618,42.932524028238994],[66.25830113422359,43.011070005049405],[66.04360625405837,43.011070005049405],[65.7215639338106,42.85387774938338],[65.7215639338106,42.69628436745891]],[[59.81745472926766,50.700062617848666],[59.81745472926766,50.56388018318153],[59.71010728918505,50.63202071387575],[59.38806496893726,50.63202071387575],[59.28071752885466,50.56388018318153],[59.28071752885466,50.42730305634876],[59.495412409019856,50.290330871727456],[59.92480216935026,50.290330871727456],[60.03214960943286,50.35886636880315],[60.03214960943286,50.49564097932285],[60.354191929680646,50.49564097932285],[60.461539369763244,50.56388018318153],[60.461539369763244,50.49564097932285],[60.56888680984584,50.42730305634876],[60.890929130093646,50.42730305634876],[60.998276570176245,50.49564097932285],[60.998276570176245,50.63202071387575],[60.890929130093646,50.700062617848666],[60.56888680984584,50.700062617848666],[60.461539369763244,50.63202071387575],[60.461539369763244,50.76800594203302],[60.354191929680646,50.83585073384839],[60.03214960943286,50.83585073384839],[59.81745472926766,50.700062617848666]],[[60.78358169001104,52.36920214381426],[60.998276570176245,52.36920214381426],[61.10562401025884,52.4346976045446],[61.10562401025884,52.69570807828102],[61.32031889042403,52.76071815335931],[62.17909841108483,52.76071815335931],[62.39379329125002,52.89044767577636],[62.39379329125002,53.01979010473228],[62.17909841108483,53.14874593808168],[61.857056090837034,53.14874593808168],[61.74970865075443,53.277315680036324],[61.64236121067183,53.277315680036324],[61.74970865075443,53.34145592602572],[61.74970865075443,53.533298937923],[61.64236121067183,53.597054250403154],[61.42766633050663,53.597054250403154],[61.42766633050663,53.724276733085816],[61.53501377058923,53.7877440362525],[61.857056090837034,53.7877440362525],[61.96440353091963,53.724276733085816],[62.17909841108483,53.724276733085816],[62.28644585116742,53.7877440362525],[62.28644585116742,53.851115469898126],[62.50114073133262,53.724276733085816],[62.715835611497816,53.724276733085816],[62.823183051580415,53.851115469898126],[63.25257281191082,53.851115469898126],[63.359920251993415,53.977570998621616],[63.574615132158605,53.977570998621616],[63.681962572241204,54.04065522960934],[63.681962572241204,54.103643862891026],[63.89665745240641,53.977570998621616],[64.1113523325716,53.977570998621616],[64.2186997726542,54.103643862891026],[64.4333946528194,54.103643862891026],[64.540742092902,54.1665369673231],[64.97013185323239,54.1665369673231],[65.077479293315,54.103643862891026],[65.29217417348019,54.103643862891026],[65.50686905364539,54.22933461211832],[65.50686905364539,54.354643801416955],[65.7215639338106,54.41715548610648],[66.25830113422359,54.41715548610648],[66.36564857430618,54.47957199152673],[66.36564857430618,54.54189338863701],[66.47299601438878,54.47957199152673],[66.79503833463657,54.47957199152673],[67.22442809496697,54.604119748738945],[67.43912297513216,54.604119748738945],[67.54647041521477,54.666251143474184],[67.86851273546256,54.666251143474184],[67.97586017554515,54.728287644822046],[68.19055505571036,54.728287644822046],[68.40524993587556,54.79022932509724],[68.61994481604076,54.97548616761677],[68.72729225612335,54.97548616761677],[68.94198713628855,55.0985179645872],[69.26402945653635,55.0985179645872],[69.37137689661894,55.15989225552906],[69.58607177678414,55.15989225552906],[69.69341921686674,55.221172240800264],[69.69341921686674,55.343449594308844],[69.58607177678414,55.40444711332046],[69.26402945653635,55.40444711332046],[69.15668201645374,55.46535062820545],[68.94198713628855,55.46535062820545],[68.61994481604076,55.343449594308844],[68.51259737595815,55.221172240800264],[68.29790249579295,55.221172240800264],[68.08320761562776,55.0985179645872],[68.08320761562776,54.97548616761677],[67.86851273546256,54.97548616761677],[67.76116529537995,54.913828513351724],[67.33177553504957,54.913828513351724],[67.11708065488436,54.79022932509724],[66.90238577471916,54.79022932509724],[66.79503833463657,54.728287644822046],[66.47299601438878,54.728287644822046],[66.36564857430618,54.666251143474184],[66.36564857430618,54.604119748738945],[66.25830113422359,54.666251143474184],[65.50686905364539,54.666251143474184],[65.29217417348019,54.54189338863701],[65.29217417348019,54.47957199152673],[65.077479293315,54.41715548610648],[64.4333946528194,54.41715548610648],[64.32604721273681,54.354643801416955],[64.00400489248901,54.354643801416955],[63.681962572241204,54.22933461211832],[63.681962572241204,54.1665369673231],[63.574615132158605,54.22933461211832],[63.25257281191082,54.22933461211832],[63.14522537182822,54.103643862891026],[62.715835611497816,54.103643862891026],[62.60848817141522,54.04065522960934],[62.39379329125002,54.04065522960934],[62.28644585116742,53.977570998621616],[62.17909841108483,54.04065522960934],[61.32031889042403,54.04065522960934],[60.998276570176245,53.91439110143009],[60.890929130093646,53.46944748999824],[61.10562401025884,53.40549984108654],[61.10562401025884,53.14874593808168],[61.42766633050663,53.01979010473228],[61.10562401025884,53.01979010473228],[60.890929130093646,52.89044767577636],[60.890929130093646,52.76071815335931],[60.67623424992844,52.69570807828102],[60.67623424992844,52.4346976045446],[60.78358169001104,52.36920214381426]],[[93.84659323545145,28.734555670992535],[93.52455091520366,28.734555670992535],[93.41720347512107,28.640383799857528],[93.41720347512107,28.451786415114285],[93.52455091520366,28.35736126118528],[93.84659323545145,28.35736126118528],[93.95394067553406,28.546127321464198],[94.16863555569925,28.546127321464198],[94.27598299578187,28.734555670992535],[94.49067787594706,28.734555670992535],[94.59802531602965,28.828642756643113],[94.59802531602965,29.01656186396325],[94.70537275611225,29.01656186396325],[94.81272019619486,28.828642756643113],[95.13476251644263,28.828642756643113],[95.24210995652524,28.734555670992535],[95.45680483669044,28.734555670992535],[95.88619459702086,28.922644879658538],[96.10088947718603,29.110393534556607],[96.10088947718603,28.828642756643113],[96.20823691726864,28.734555670992535],[96.42293179743383,28.734555670992535],[96.42293179743383,28.35736126118528],[96.53027923751642,28.262852041130635],[96.85232155776423,28.262852041130635],[96.95966899784683,28.073582133838563],[97.17436387801202,27.97882181488867],[97.17436387801202,27.69404162915025],[97.28171131809462,27.598949117310145],[97.49640619825982,27.598949117310145],[97.60375363834241,27.69404162915025],[97.60375363834241,27.97882181488867],[97.71110107842502,28.16825893747984],[97.81844851850762,28.073582133838563],[98.03314339867282,28.073582133838563],[98.1404908387554,28.16825893747984],[98.1404908387554,28.35736126118528],[97.81844851850762,28.546127321464198],[97.49640619825982,28.546127321464198],[97.38905875817721,28.35736126118528],[97.17436387801202,28.451786415114285],[96.95966899784683,28.451786415114285],[96.85232155776423,28.734555670992535],[96.63762667759903,28.828642756643113],[96.63762667759903,29.20413971751256],[96.42293179743383,29.39137493017932],[96.20823691726864,29.39137493017932],[96.10088947718603,29.297800239979384],[95.99354203710342,29.39137493017932],[95.77884715693824,29.39137493017932],[95.45680483669044,29.20413971751256],[94.92006763627744,29.20413971751256],[94.81272019619486,29.39137493017932],[94.59802531602965,29.39137493017932],[94.49067787594706,29.20413971751256],[94.27598299578187,29.20413971751256],[94.16863555569925,29.110393534556607],[94.16863555569925,28.922644879658538],[93.95394067553406,28.922644879658538],[93.84659323545145,28.734555670992535]],[[79.35468882430062,42.45914256186136],[79.35468882430062,42.30054714306595],[79.46203626438323,42.221099244224966],[79.78407858463102,42.221099244224966],[79.89142602471362,42.30054714306595],[79.89142602471362,42.221099244224966],[80.10612090487882,42.06190320078757],[79.89142602471362,42.06190320078757],[79.78407858463102,41.90230701658623],[79.56938370446585,41.90230701658623],[79.24734138421803,41.742310927262785],[79.24734138421803,41.58191518150745],[79.35468882430062,41.501567518772426],[79.56938370446585,41.501567518772426],[79.78407858463102,41.58191518150745],[79.89142602471362,41.742310927262785],[80.32081578504402,41.742310927262785],[80.53551066520922,41.90230701658623],[80.53551066520922,42.37989492421928],[80.42816322512661,42.45914256186136],[79.99877346479622,42.45914256186136],[79.89142602471362,42.37989492421928],[79.89142602471362,42.45914256186136],[79.78407858463102,42.53829003096801],[79.46203626438323,42.53829003096801],[79.46203626438323,42.69628436745891],[79.35468882430062,42.775131188767375],[79.13999394413543,42.775131188767375],[79.03264650405285,42.69628436745891],[79.03264650405285,42.53829003096801],[79.13999394413543,42.45914256186136],[79.35468882430062,42.45914256186136]],[[88.04983147099112,49.180290106185325],[87.51309427057812,49.180290106185325],[87.19105195033035,49.32043494226832],[86.97635707016514,49.32043494226832],[86.86900963008254,49.250412253733444],[86.76166218999994,48.898806212290104],[86.86900963008254,48.82818623930576],[87.08370451024774,48.82818623930576],[87.19105195033035,48.898806212290104],[87.72778915074333,48.898806212290104],[87.72778915074333,48.61572818603407],[87.83513659082593,48.47359071792896],[88.47922123132152,48.11649958774512],[88.47922123132152,48.044781565817566],[88.69391611148671,47.90104550640105],[88.90861099165191,47.90104550640105],[89.01595843173452,47.75690925300668],[89.66004307223011,47.75690925300668],[89.7673905123127,47.612372606109766],[90.19678027264311,47.612372606109766],[90.19678027264311,47.467435375809124],[90.3041277127257,47.39481648519173],[90.3041277127257,47.2492780449923],[90.41147515280831,47.17635845404607],[90.62617003297349,47.17635845404607],[90.73351747305611,47.2492780449923],[90.73351747305611,47.39481648519173],[90.62617003297349,47.467435375809124],[90.62617003297349,47.612372606109766],[90.5188225928909,47.68469099084147],[90.3041277127257,47.68469099084147],[90.3041277127257,47.8290274166459],[90.19678027264311,47.90104550640105],[89.87473795239531,47.90104550640105],[89.7673905123127,48.044781565817566],[89.01595843173452,48.044781565817566],[88.80126355156932,48.331053948398896],[88.37187379123891,48.54470934947951],[88.37187379123891,48.61572818603407],[88.15717891107373,48.75746659902173],[88.15717891107373,49.11006846353501],[88.04983147099112,49.180290106185325]],[[118.10711469411878,49.39035820842239],[118.10711469411878,49.52990662281859],[117.99976725403617,49.59953184701818],[117.67772493378838,49.59953184701818],[117.57037749370578,49.52990662281859],[117.57037749370578,49.59953184701818],[117.46303005362317,49.66905780074645],[117.24833517345797,49.66905780074645],[117.1409877333754,49.59953184701818],[117.1409877333754,49.46018208936878],[117.24833517345797,49.39035820842239],[117.46303005362317,49.39035820842239],[117.57037749370578,49.46018208936878],[117.57037749370578,49.39035820842239],[117.67772493378838,49.32043494226832],[117.99976725403617,49.32043494226832],[118.10711469411878,49.39035820842239]],[[119.18058909494478,49.73848452331215],[119.28793653502738,49.80781205455109],[119.28793653502738,49.94616970501132],[119.50263141519255,49.94616970501132],[119.60997885527516,50.015199906515456],[119.60997885527516,50.290330871727456],[119.39528397510995,50.49564097932285],[119.18058909494478,50.49564097932285],[119.07324165486217,50.42730305634876],[119.07324165486217,50.22169652066329],[119.18058909494478,50.152963271655175],[119.18058909494478,50.015199906515456],[118.64385189453178,50.015199906515456],[118.53650445444917,49.94616970501132],[118.53650445444917,49.80781205455109],[118.64385189453178,49.73848452331215],[119.18058909494478,49.73848452331215]],[[102.00499868172896,51.17359840082725],[102.00499868172896,50.971244912469345],[102.11234612181157,50.90359704119868],[102.21969356189416,50.90359704119868],[102.11234612181157,50.83585073384839],[102.11234612181157,50.63202071387575],[102.21969356189416,50.56388018318153],[102.43438844205937,50.56388018318153],[102.54173588214195,50.63202071387575],[102.54173588214195,50.83585073384839],[102.43438844205937,50.90359704119868],[102.32704100197677,50.90359704119868],[102.43438844205937,50.971244912469345],[102.43438844205937,51.24085302117429],[102.21969356189416,51.30800945450114],[102.11234612181157,51.44202796543737],[101.89765124164637,51.44202796543737],[101.79030380156377,51.50889014687379],[101.36091404123339,51.50889014687379],[101.25356660115078,51.44202796543737],[101.25356660115078,51.30800945450114],[101.36091404123339,51.24085302117429],[101.68295636148116,51.24085302117429],[101.79030380156377,51.17359840082725],[102.00499868172896,51.17359840082725]]],[[[130.45207030361763,48.47359071792896],[130.45207030361763,48.54470934947951],[130.55941774370024,48.54470934947951],[130.45207030361763,48.47359071792896]]],[[[127.55368942138747,49.59953184701818],[127.44634198130488,49.66905780074645],[127.66103686147008,49.66905780074645],[127.55368942138747,49.59953184701818]]],[[[167.5942845721968,54.8520762569476],[168.2383692126924,54.47957199152673],[168.2383692126924,54.354643801416955],[167.9163268924446,54.354643801416955],[167.3795896920316,54.666251143474184],[167.3795896920316,54.79022932509724],[167.4869371321142,54.8520762569476],[167.5942845721968,54.8520762569476]]],[[[166.09142041104042,54.79022932509724],[165.9840729709578,54.97548616761677],[165.66203065071002,55.15989225552906],[165.66203065071002,55.28235799531661],[165.87672553087523,55.343449594308844],[166.19876785112302,55.343449594308844],[166.41346273128823,55.28235799531661],[166.41346273128823,55.0985179645872],[166.84285249161863,54.728287644822046],[166.84285249161863,54.54189338863701],[166.5208101713708,54.54189338863701],[166.09142041104042,54.79022932509724]]],[[[42.64186431605185,66.78000584121904],[42.85655919621705,66.69521269091906],[42.85655919621705,66.56747461901428],[42.64186431605185,66.56747461901428],[42.427169435886654,66.61012722574449],[42.427169435886654,66.73764575422304],[42.53451687596925,66.78000584121904],[42.64186431605185,66.78000584121904]]]]}}
