{"type":"Feature","properties":{"id":"steppenadler","sourceUrl":"https://commons.wikimedia.org/wiki/File:AquilaNipalensis.png","license":"CC BY-SA 3.0","author":"Alexander Kürthy","sourceImageSha256":"579d174e2bc72837801d4139858d5842435d28930176cac352911df7e682ba46","registration":{"proj_string":"+proj=merc +R=1 +lon_0=0","parameters_1000px":[389.30815913274506,-388.89469082778885,34.85497365616176,493.41371926018246],"coast_rmse_capped15_px":1.6021467447280884,"coast_median_px":0.22231680154800415,"coast_p90_px":2.041921377182007,"sample_count":3664,"image_width":1800,"image_height":1273,"pixel_transform_native":[700.7546864389411,-700.01044349002,62.73895258109117,888.1446946683284],"transform_definition":"pixel_x=sx*projected_x+tx; pixel_y=sy*projected_y+ty","validation":"Odd coastline samples withheld from affine fit. Normalized to 1000px width.","controls":[[-3.4082681539746473,49.53949872735138,20.043120164376916,188.29159466768],[1.3701069031666804,52.51852904612211,78.52678495269913,130.204719970778],[8.09812289240708,2.4514734584531688,161.01623347127892,859.1590985202541],[12.849318401277255,-11.328666353155871,219.20756398324264,1028.952505182759],[17.297862903038883,39.86803929509575,273.5446166059784,355.5996954476971],[31.356632869684567,45.372919384485655,445.6272498341801,263.7923258416331],[40.359410910797635,-8.99682540210834,555.9642104039654,999.857564366057],[49.919262857050484,40.99119460147418,672.8727153087497,337.4453956319666],[70.7655911957046,21.16645734960842,928.1114749712913,623.5629526697705],[81.13947780764953,14.840981199206032,1055.1167275993319,705.1029451108448],[99.39990156793635,4.741833016231728,1278.671996946726,830.8345150706274],[106.66943288246229,-2.7360436485688355,1367.6774239630745,922.5422392648561],[109.65524994144023,0.952571189879502,1404.219964330215,877.3170627444989],[117.1708696157982,-5.201470711805708,1496.2349817522356,952.8092181423452],[119.44680611951338,10.649780384436637,1524.061035751012,757.695189183725],[120.87170691037939,-4.206888240535403,1541.536209861207,940.5708406948628],[122.31789900147943,11.446907519749256,1559.2054417303016,747.7352900580557],[125.21974856783595,7.412818017877929,1594.7369988992086,797.8564892091887],[128.2774281256922,33.83351742453048,1632.1052315952006,447.87097438178205],[130.72264849003372,32.669371340767285,1662.0411527536344,464.92652377377686],[134.56116409961805,-10.948103459259858,1709.1289819581934,1023.9349905875727],[138.09961307755913,-7.992184701682606,1752.438009671031,987.1965518767018]],"review_bounds":null,"all_fits":[],"status":"reviewed","coastlineReference":"Natural Earth 1:110m (world-registration-110m.geojson)"},"includedColors":["#00ff00","#00ffff","#007fff"],"adaptation":"Inverse global map projection; current seasonal/subspecies colors combined; explicitly reviewed legends/arrows omitted; 3px border closing; contours simplified by 0.45 source pixels; components below 4 source pixels omitted; split at the antimeridian.","licenseUrl":"https://creativecommons.org/licenses/by-sa/3.0","originalFileSha256":"2a6e4dab38c5c4279ed25a0ee197b40c8b55038b1c3e77d2970067c51a1a3664","sourceImagePath":"data/ranges/reference-originals/steppenadler-authoring.png"},"geometry":{"type":"MultiPolygon","coordinates":[[[[53.167269973165,26.80575603505419],[53.167269973165,26.951770480683336],[53.00374404712591,27.097595967143356],[52.92198108410635,27.097595967143356],[52.59492923202816,27.315978371235868],[52.59492923202816,27.46132841500069],[52.431403305989065,27.60648707904272],[52.267877379949965,27.60648707904272],[52.10435145391087,27.751453684862266],[51.695536638813124,27.751453684862266],[51.613773675793574,27.823864755498533],[51.45024774975448,27.823864755498533],[51.28672182371538,27.968542014526466],[51.28672182371538,28.18519445527642],[51.04143293465674,28.473382500486554],[51.04143293465674,28.689009299148967],[50.87790700861765,28.832514428522174],[50.7961440455981,28.832514428522174],[50.7961440455981,28.975821967379034],[50.550855156539455,29.190411431728112],[50.305566267480806,29.190411431728112],[50.305566267480806,29.333222280392047],[50.469092193519906,29.404552837645856],[50.469092193519906,29.547063840279847],[50.14204034144171,29.90246221120869],[50.14204034144171,30.044268356961727],[50.06027737842216,30.115095452258092],[49.814988489363515,30.115095452258092],[49.65146256332442,29.973390585850762],[49.56969960030488,29.973390585850762],[49.40617367426577,30.115095452258092],[49.24264774822668,30.115095452258092],[48.91559589614849,29.973390585850762],[48.75206997010939,29.973390585850762],[48.67030700708984,29.90246221120869],[48.50678108105074,29.90246221120869],[48.4250181180312,29.83148330568069],[48.4250181180312,29.333222280392047],[48.2614921919921,29.333222280392047],[48.17972922897255,29.26184178645072],[48.17972922897255,29.047401445378597],[48.4250181180312,28.760786523471396],[48.4250181180312,28.617182834366627],[48.58854404407029,28.473382500486554],[48.67030700708984,28.113025544541802],[48.83383293312893,28.040808036930315],[48.91559589614849,27.89622755977853],[48.91559589614849,27.751453684862266],[49.07912182218758,27.60648707904272],[49.24264774822668,27.60648707904272],[49.48793663728532,27.388677272950122],[49.65146256332442,27.388677272950122],[49.733225526343965,27.315978371235868],[49.733225526343965,27.024706887624145],[50.223803304461256,26.65955333492192],[50.223803304461256,26.43989786328043],[50.38732923050035,26.29322764791417],[50.71438108257855,26.29322764791417],[50.71438108257855,26.0728742859089],[50.7961440455981,25.99933072060288],[50.95966997163719,25.99933072060288],[51.20495886069584,26.21982284127377],[51.28672182371538,26.21982284127377],[51.695536638813124,25.852105476003764],[51.695536638813124,25.704696698654164],[51.613773675793574,25.630923718765132],[51.695536638813124,24.964926207491636],[51.613773675793574,24.890701497873806],[51.613773675793574,24.66775991074165],[51.77729960183269,24.593357223521327],[51.77729960183269,24.369884074605952],[51.85906256485222,24.295304995236382],[52.10435145391087,24.295304995236382],[52.10435145391087,24.146015394485577],[52.186114416930415,24.07130507521383],[52.349640342969515,24.07130507521383],[52.51316626900861,24.22068206823738],[52.51316626900861,24.369884074605952],[52.676692195047714,24.369884074605952],[52.676692195047714,24.22068206823738],[52.75845515806726,24.146015394485577],[53.00374404712591,24.146015394485577],[53.08550701014545,24.22068206823738],[53.08550701014545,24.369884074605952],[53.24903293618454,24.369884074605952],[53.41255886222364,24.51891028873317],[53.57608478826274,24.369884074605952],[53.82137367732138,24.369884074605952],[53.90313664034093,24.295304995236382],[54.066662566380025,24.295304995236382],[54.475477381477766,24.66775991074165],[54.639003307516866,24.74211825130297],[54.720766270536416,24.890701497873806],[54.96605515959506,24.964926207491636],[55.21134404865371,25.187331510856904],[55.21134404865371,25.261376680349944],[55.5383959007319,25.557105136691344],[55.5383959007319,25.630923718765132],[55.78368478979055,25.704696698654164],[56.028973678849184,25.925741086429927],[56.028973678849184,26.0728742859089],[56.11073664186875,26.21982284127377],[56.27426256790783,26.36658601885101],[56.601314419986025,26.36658601885101],[56.519551456966475,26.21982284127377],[56.519551456966475,25.925741086429927],[56.43778849394694,25.852105476003764],[56.43778849394694,24.890701497873806],[56.519551456966475,24.81643214647204],[56.519551456966475,24.66775991074165],[57.25541812414241,23.921753906821245],[57.41894405018151,23.921753906821245],[57.66423293924016,23.772029380035328],[58.07304775433789,23.772029380035328],[58.15481071735745,23.697102364103056],[58.563625532455184,23.697102364103056],[58.727151458494276,23.547119343977638],[58.80891442151383,23.547119343977638],[58.80891442151383,23.472063547573285],[59.05420331057248,23.246640267144997],[59.05420331057248,23.171414227029864],[59.29949219963112,22.945482748438938],[59.29949219963112,22.87008815794737],[59.62654405170931,22.56809216982326],[59.79006997774841,22.56809216982326],[59.87183294076796,22.492489306805783],[59.87183294076796,22.18966566023413],[59.70830701472887,22.038008059358187],[59.70830701472887,21.88618778771757],[59.54478108868977,21.73420573793472],[59.381255162650675,21.353548741542635],[59.135966273592025,21.27729792838892],[58.89067738453338,21.04830871886826],[58.89067738453338,20.742441618346486],[58.972440347552926,20.66587773301192],[58.972440347552926,20.435954886184135],[58.80891442151383,20.282481508690942],[58.80891442151383,20.205687731636445],[58.645388495474734,20.128856054518952],[58.563625532455184,20.282481508690942],[58.31833664339654,20.282481508690942],[58.23657368037699,20.359237266492745],[58.07304775433789,20.359237266492745],[57.9095218282988,20.205687731636445],[57.9095218282988,19.975079478509983],[57.7459959022597,19.744133362785483],[57.7459959022597,19.512852647125335],[57.82775886527926,19.435685287437114],[57.82775886527926,19.126650177792055],[57.9095218282988,18.971914947531967],[57.82775886527926,18.894493347573352],[57.337181087161966,18.894493347573352],[57.25541812414241,18.81703592393015],[57.01012923508377,18.81703592393015],[56.683077383005575,18.50685049829797],[56.683077383005575,18.273841439568695],[56.43778849394694,17.96267589204548],[56.43778849394694,17.88479842874354],[56.27426256790783,17.88479842874354],[56.19249960488828,17.806886792056076],[56.19249960488828,17.57294813455663],[56.356025530927376,17.494901098741746],[56.356025530927376,17.41682053828428],[55.45663293771235,17.41682053828428],[55.04781812261461,16.947640496633735],[54.88429219657552,16.869328939321644],[54.720766270536416,16.869328939321644],[54.639003307516866,16.947640496633735],[54.148425529399574,16.947640496633735],[53.65784775128229,16.71260854524849],[53.41255886222364,16.71260854524849],[53.08550701014545,16.555759333893388],[52.92198108410635,16.555759333893388],[52.8402181210868,16.477286756088855],[52.676692195047714,16.477286756088855],[52.51316626900861,16.398782375777696],[52.267877379949965,16.163079766767005],[52.267877379949965,15.612019179740411],[52.186114416930415,15.533173915982236],[51.36848478673493,15.138497828774232],[51.1231958976763,15.138497828774232],[51.04143293465674,15.059473627506916],[50.7961440455981,15.059473627506916],[50.71438108257855,14.980420089546785],[50.550855156539455,14.980420089546785],[50.14204034144171,14.74308485346482],[49.733225526343965,14.74308485346482],[49.24264774822668,14.505490631242075],[48.83383293312893,14.029540479873853],[48.67030700708984,13.950118372508003],[47.9344403399139,13.950118372508003],[47.770914413874806,13.870668908212036],[47.525625524816164,13.632157808991476],[47.36209959877707,13.552600353511124],[47.19857367273797,13.552600353511124],[47.11681070971842,13.473016260652683],[46.95328478367932,13.473016260652683],[46.87152182065978,13.393405675092884],[46.54446996858158,13.393405675092884],[46.38094404254248,13.31376874176118],[46.29918107952294,13.393405675092884],[46.135655153483846,13.393405675092884],[46.05389219046429,13.31376874176118],[45.7268403383861,13.31376874176118],[45.154499597249256,12.835401986153729],[45.07273663422971,12.6757422293093],[44.50039589309287,12.6757422293093],[44.17334404101468,12.515982343780735],[43.92805515195604,12.515982343780735],[43.84629218893649,12.595874728965226],[43.519240336858296,12.595874728965226],[43.437477373838746,12.515982343780735],[43.437477373838746,11.95605130274947],[43.27395144779965,11.79585549630981],[43.27395144779965,11.555386677324746],[43.35571441081921,11.475184309005547],[43.519240336858296,11.475184309005547],[43.519240336858296,11.314711332811859],[43.682766262897395,10.993496653668569],[44.09158107799513,10.591486963440067],[44.17334404101468,10.591486963440067],[44.33686996705378,10.430534138919715],[44.99097367121016,10.430534138919715],[45.318025523288355,10.67193176395431],[45.481551449327455,10.67193176395431],[45.808603301405654,10.913137883238969],[45.8903662644252,10.832757376532719],[46.21741811650339,10.832757376532719],[46.29918107952294,10.752355285913104],[46.70799589462067,10.752355285913104],[47.11681070971842,11.073833535670492],[47.443862561796614,11.234441026856492],[47.607388487835706,11.154148377307298],[48.17972922897255,11.154148377307298],[48.34325515501165,11.314711332811859],[48.83383293312893,11.314711332811859],[48.91559589614849,11.234441026856492],[49.07912182218758,11.234441026856492],[49.07912182218758,10.591486963440067],[48.91559589614849,10.430534138919715],[48.83383293312893,10.188949144464122],[48.75206997010939,10.188949144464122],[48.2614921919921,9.705233674917487],[47.9344403399139,9.543838097703675],[47.770914413874806,9.382366047273084],[47.607388487835706,9.301601734120508],[47.443862561796614,9.301601734120508],[47.03504774669887,9.059197517070416],[46.87152182065978,9.059197517070416],[46.62623293160113,8.897503539837677],[46.462707005562045,8.897503539837677],[45.645077375366554,8.49295867686045],[45.07273663422971,8.006942977330114],[44.74568478215152,7.844807024915051],[44.41863293007333,7.520346676391544],[44.33686996705378,7.520346676391544],[44.00981811497559,7.1956435866404],[43.92805515195604,7.1956435866404],[42.61984774364326,5.97602055996316],[42.53808478062371,5.97602055996316],[40.9845884832523,4.4273250175709],[40.90282552023275,4.4273250175709],[40.57577366815456,4.182468292567196],[40.57577366815456,4.100832154365188],[40.08519589003727,3.610845956142512],[40.08519589003727,3.5291549029862037],[39.92166996399818,3.365751410365416],[39.67638107493953,2.8753817661964436],[39.67638107493953,1.1576629612766778],[39.75814403795908,1.0758286224718083],[39.75814403795908,0.2573920546415527],[39.83990700097862,0.17554275330606356],[39.83990700097862,-0.3155547314989747],[39.92166996399818,-0.39740303279181594],[39.92166996399818,-0.642942402782284],[40.08519589003727,-0.9703090827022138],[40.08519589003727,-1.1339812117303272],[40.16695885305682,-1.2158138893280024],[40.16695885305682,-1.3794716363929955],[40.08519589003727,-1.4612963722181824],[40.08519589003727,-1.6249367345612695],[39.67638107493953,-2.1157729454985232],[39.67638107493953,-2.1975648536111176],[38.53169959266585,-3.2603914341594256],[38.36817366662676,-3.5872061848218912],[38.36817366662676,-3.7505704132330613],[38.2864107036072,-3.8322411618669854],[38.2864107036072,-3.995559101931522],[38.20464774058766,-4.077205963176543],[38.20464774058766,-4.730068483296611],[38.2864107036072,-4.81163478345145],[38.2864107036072,-5.056274388239399],[38.36817366662676,-5.137800611430192],[38.36817366662676,-5.382316053319627],[38.4499366296463,-5.463799579603137],[38.4499366296463,-6.277998398100402],[38.53169959266585,-6.359351056612386],[38.53169959266585,-6.522017597124439],[39.10404033380269,-7.090926367164336],[39.267566259841786,-7.17214304212884],[39.59461811191998,-7.17214304212884],[39.59461811191998,-7.2533452329349135],[39.431092185880885,-7.334532779093477],[39.431092185880885,-7.496863296246169],[39.349329222861336,-7.578005947001162],[39.349329222861336,-7.740245233402152],[39.431092185880885,-7.821341549720679],[39.75814403795908,-7.821341549720679],[39.83990700097862,-7.659133312633441],[39.92166996399818,-7.659133312633441],[39.92166996399818,-7.983486731441026],[39.67638107493953,-8.226583490016951],[39.59461811191998,-8.388565467160381],[39.51285514890043,-8.79322232604957],[39.67638107493953,-9.116630804178866],[39.67638107493953,-9.43974660809167],[39.75814403795908,-9.520478655607128],[39.75814403795908,-9.762559736064048],[39.83990700097862,-9.92384968406893],[40.08519589003727,-10.16563534850522],[40.248721816076376,-10.24619014989861],[40.41224774211546,-10.24619014989861],[40.49401070513501,-10.32672448429949],[40.73929959419365,-10.809492081415806],[40.73929959419365,-11.211207480977214],[40.65753663117411,-11.291484268495752],[40.65753663117411,-11.451970339028877],[40.49401070513501,-11.532179319996972],[40.49401070513501,-11.772668238073278],[40.65753663117411,-11.852784701671261],[40.65753663117411,-14.085961970414699],[40.90282552023275,-14.482557997395244],[40.90282552023275,-14.87844622702216],[40.8210625572132,-14.957537385232007],[40.8210625572132,-15.11563209221175],[40.73929959419365,-15.194635361780364],[40.73929959419365,-15.352553037139094],[40.65753663117411,-15.510351302780572],[40.41224774211546,-15.746822390518718],[40.41224774211546,-15.825585186582606],[40.00343292701773,-16.297512943569476],[40.00343292701773,-16.454571689589194],[39.67638107493953,-16.689921246502074],[39.59461811191998,-16.689921246502074],[39.431092185880885,-16.846660345811063],[39.349329222861336,-16.846660345811063],[39.10404033380269,-17.081525420650234],[39.10404033380269,-17.237938207875985],[39.022277370783144,-17.15974829527332],[38.69522551870496,-17.15974829527332],[38.613462555685395,-17.237938207875985],[38.4499366296463,-17.237938207875985],[38.20464774058766,-17.394218620666216],[38.04112181454856,-17.394218620666216],[37.71406996247037,-17.55036560933945],[37.30525514737263,-17.862255139945134],[37.22349218435308,-17.862255139945134],[36.896440332274885,-18.251348035720998],[36.896440332274885,-18.329062793960084],[36.48762551717714,-18.7171104760287],[36.40586255415759,-18.949513652843606],[35.83352181302075,-19.104269750862592],[35.75175885000121,-19.25888120504876],[35.097655145844826,-19.875860869166896],[35.015892182825276,-19.875860869166896],[34.852366256786176,-20.029734363922735],[34.852366256786176,-20.18345735522967],[34.77060329376663,-20.26026211242819],[34.77060329376663,-20.56710010540082],[35.015892182825276,-20.720288823197098],[35.17941810886437,-21.026201003319837],[35.17941810886437,-21.48389220193984],[35.261181071883925,-21.560035267420208],[35.50646996094256,-21.560035267420208],[35.588232923962124,-21.636138371513464],[35.50646996094256,-21.78822424299461],[35.50646996094256,-22.09191149051942],[35.588232923962124,-22.16773171389843],[35.588232923962124,-22.92366866938103],[35.66999588698166,-22.999033441137904],[35.50646996094256,-23.300070927487603],[35.50646996094256,-23.75035073114399],[35.588232923962124,-23.825247106186733],[35.588232923962124,-24.124399507968455],[35.42470699792302,-24.422854058341752],[35.17941810886437,-24.646233121862462],[35.17941810886437,-24.720604306041743],[34.852366256786176,-24.869213325351417],[34.688840330747084,-24.869213325351417],[34.443551441688435,-25.017643891196343],[34.0347366265907,-25.09179200988948],[33.78944773753205,-25.239953433598213],[33.62592181149295,-25.239953433598213],[33.29886995941476,-25.38793446297155],[33.13534403337567,-25.53573433172841],[33.05358107035612,-25.53573433172841],[32.808292181297475,-25.757092796651925],[32.808292181297475,-25.904436449223155],[33.05358107035612,-26.051596304618545],[33.05358107035612,-26.12510707680547],[32.97181810733657,-26.19857162253803],[32.97181810733657,-27.003604731619745],[32.89005514431702,-27.076507516169645],[32.89005514431702,-27.294931186074948],[32.72652921827792,-27.512926016553806],[32.72652921827792,-27.73048970010291],[32.563003292238825,-27.947619958673343],[31.745373662043345,-27.947619958673343],[31.41832180996515,-27.73048970010291],[31.3365588469456,-27.73048970010291],[30.927744031847855,-27.294931186074948],[30.682455142789216,-26.85765734378487],[30.682455142789216,-26.711521450409883],[30.51892921675012,-26.49196571369653],[30.51892921675012,-26.27198985018322],[30.437166253730567,-26.19857162253803],[30.437166253730567,-25.904436449223155],[30.355403290711024,-25.830787551089788],[30.355403290711024,-25.68335227935072],[30.27364032769147,-25.53573433172841],[29.701299586554633,-25.09179200988948],[29.047195882398245,-24.79493107336431],[28.8019069933396,-24.79493107336431],[28.720144030320053,-24.720604306041743],[27.984277363144116,-24.720604306041743],[27.90251440012457,-24.646233121862462],[27.24841069596819,-24.646233121862462],[27.166647732948636,-24.571817619663317],[26.921358843889994,-24.571817619663317],[26.5943069918118,-24.422854058341752],[26.4307810657727,-24.422854058341752],[26.349018102753153,-24.34830619868116],[26.185492176714057,-24.34830619868116],[26.103729213694507,-24.2737144199238],[25.94020328765541,-24.2737144199238],[25.694914398596765,-24.124399507968455],[25.286099583499023,-24.049676577086114],[25.204336620479477,-23.974910131737683],[25.040810694440378,-23.974910131737683],[24.95904773142083,-23.900100273970406],[24.795521805381735,-23.900100273970406],[24.713758842362186,-23.825247106186733],[24.550232916323086,-23.825247106186733],[24.304944027264444,-23.675411251954053],[23.896129212166702,-23.60042877208301],[23.81436624914716,-23.525403395350825],[23.65084032310806,-23.525403395350825],[23.56907736008851,-23.450335225930967],[23.160262544990765,-23.450335225930967],[23.07849958197122,-23.375224368350082],[22.17910698875619,-23.375224368350082],[21.5250032845998,-23.675411251954053],[20.952662543462964,-24.19907882269298],[20.789136617423864,-24.571817619663317],[20.462084765345672,-24.869213325351417],[20.462084765345672,-24.943450963882686],[20.21679587628703,-25.09179200988948],[20.05326995024793,-25.09179200988948],[19.64445513515019,-24.869213325351417],[19.235640320052447,-24.79493107336431],[19.1538773570329,-24.720604306041743],[18.908588467974255,-24.720604306041743],[18.82682550495471,-24.646233121862462],[18.581536615896063,-24.646233121862462],[18.254484763817867,-24.497357898638988],[18.09095883777877,-24.497357898638988],[17.43685513362239,-24.19907882269298],[16.782751429465996,-23.75035073114399],[16.70098846644645,-23.75035073114399],[15.719832910211869,-22.848261951006982],[15.556306984172773,-22.546217763349414],[15.392781058133677,-22.39494679720544],[15.065729206055485,-21.78822424299461],[15.065729206055485,-21.636138371513464],[14.82044031699684,-21.255224374513606],[14.73867735397729,-20.873322767254663],[14.575151427938193,-20.643713752415525],[14.493388464918645,-20.26026211242819],[14.411625501899096,-20.18345735522967],[14.411625501899096,-19.95281636937854],[14.24809957586,-19.644770542234152],[14.24809957586,-19.413347025804363],[14.166336612840452,-19.33613238125363],[14.166336612840452,-19.0269097202811],[14.084573649820904,-18.949513652843606],[14.084573649820904,-18.7171104760287],[14.002810686801356,-18.63957150939814],[14.002810686801356,-18.251348035720998],[13.921047723781808,-18.17359849997178],[13.921047723781808,-17.62838874293534],[13.83928476076226,-17.55036560933945],[13.83928476076226,-15.983018606852958],[13.921047723781808,-15.90431730424674],[13.921047723781808,-15.431467165386152],[14.002810686801356,-15.352553037139094],[14.002810686801356,-15.036599386874547],[14.084573649820904,-14.957537385232007],[14.084573649820904,-14.720177001220259],[14.166336612840452,-14.640999214468609],[14.166336612840452,-14.403294849533621],[14.329862538879548,-14.085961970414699],[14.329862538879548,-13.927129351288183],[14.493388464918645,-13.688675915975155],[14.493388464918645,-13.52957229817872],[14.82044031699684,-12.971879494361376],[14.82044031699684,-12.812306311515286],[14.983966243035937,-12.572757276791613],[14.983966243035937,-12.412933464229589],[15.147492169075033,-12.17301401761587],[15.147492169075033,-12.012946966122447],[15.474544021153225,-11.451970339028877],[15.556306984172773,-11.0505871581935],[15.63806994719232,-10.9702439262821],[15.63806994719232,-10.487731136848573],[15.556306984172773,-10.407238197838497],[15.556306984172773,-10.16563534850522],[15.474544021153225,-10.085060234189596],[15.474544021153225,-9.92384968406893],[15.311018095114129,-9.601191629827476],[15.147492169075033,-9.43974660809167],[15.147492169075033,-9.358995643096438],[14.902203280016389,-9.116630804178866],[14.902203280016389,-8.874101335064136],[15.147492169075033,-8.712325652681507],[15.392781058133677,-8.712325652681507],[15.474544021153225,-8.631411472404407],[16.046884762290066,-8.631411472404407],[16.373936614368258,-8.79322232604957],[16.537462540407354,-8.79322232604957],[17.27332920758329,-9.197437584860577],[17.43685513362239,-9.197437584860577],[17.518618096641934,-9.278225916623574],[17.845669948720126,-9.278225916623574],[17.927432911739675,-9.358995643096438],[22.097344025736643,-9.358995643096438],[22.17910698875619,-9.43974660809167],[24.059655138205798,-9.43974660809167],[24.141418101225348,-9.520478655607128],[26.4307810657727,-9.520478655607128],[26.51254402879225,-9.43974660809167],[27.08488476992909,-9.43974660809167],[27.166647732948636,-9.358995643096438],[27.330173658987732,-9.358995643096438],[27.493699585026828,-9.278225916623574],[27.984277363144116,-8.79322232604957],[27.984277363144116,-8.712325652681507],[28.147803289183216,-8.550479942836446],[28.47485514126141,-7.902422102158166],[28.47485514126141,-7.740245233402152],[28.556618104280957,-7.659133312633441],[28.556618104280957,-7.415705520262026],[28.638381067300507,-7.334532779093477],[28.638381067300507,-6.359351056612386],[28.556618104280957,-6.277998398100402],[28.556618104280957,-5.871047706723665],[28.47485514126141,-5.789621225318199],[28.47485514126141,-5.463799579603137],[28.39309217824186,-5.382316053319627],[28.39309217824186,-4.403708834606021],[28.31132921522231,-4.322096132380449],[28.31132921522231,-3.913904113144202],[28.229566252202762,-3.8322411618669854],[28.229566252202762,-3.0152100793093064],[28.31132921522231,-2.93347045602106],[28.31132921522231,-2.361135062562648],[28.39309217824186,-2.279352281432052],[28.39309217824186,-1.870372004071982],[28.47485514126141,-1.7885638396669088],[28.47485514126141,-1.4612963722181824],[28.556618104280957,-1.3794716363929955],[28.556618104280957,-1.1339812117303272],[28.638381067300507,-1.0521462205605794],[28.638381067300507,-0.806629034561225],[28.720144030320053,-0.7247864581481835],[28.720144030320053,-0.47925052310895866],[28.8019069933396,-0.39740303279181594],[28.8019069933396,-0.15185636406970834],[28.965432919378703,0.17554275330606356],[29.047195882398245,0.7484709864935862],[29.1289588454178,0.8303131037632232],[29.1289588454178,1.1576629612766778],[29.21072180843734,1.2394949382195093],[29.21072180843734,1.4849750294792823],[29.292484771456895,1.5667958907132038],[29.292484771456895,1.894045710246705],[29.374247734476437,1.9758489255102925],[29.374247734476437,2.384801236735789],[29.45601069749599,2.4665777809528793],[29.45601069749599,3.7742058490561923],[29.374247734476437,3.8558743582021577],[29.374247734476437,4.182468292567196],[29.21072180843734,4.508926147082686],[29.21072180843734,4.672100750699377],[28.965432919378703,5.16139149262242],[28.47485514126141,5.813186394556349],[28.47485514126141,5.894609449631238],[27.90251440012457,6.545550237739704],[27.90251440012457,6.626859947438563],[27.657225511065924,6.870708009922895],[27.657225511065924,6.95196313756046],[26.921358843889994,7.7637152541095915],[26.921358843889994,7.844807024915051],[26.103729213694507,8.735738094374314],[25.94020328765541,9.059197517070416],[25.77667736161631,9.220818770459823],[25.77667736161631,9.382366047273084],[25.613151435577215,9.624545523272444],[25.613151435577215,11.635566098214492],[25.694914398596765,11.715722421269785],[25.694914398596765,12.196166910808168],[25.77667736161631,12.276157356676576],[25.77667736161631,12.515982343780735],[25.94020328765541,12.755584697422172],[25.94020328765541,12.91519394859574],[26.185492176714057,13.393405675092884],[26.51254402879225,13.791192230381604],[26.51254402879225,13.870668908212036],[26.757832917850894,14.10893508717361],[26.757832917850894,14.188302051532107],[27.08488476992909,14.505490631242075],[27.08488476992909,14.584717246974376],[27.493699585026828,14.980420089546785],[27.575462548046378,14.980420089546785],[28.066040326163666,15.375393019965754],[28.556618104280957,15.612019179740411],[28.965432919378703,15.690834136956786],[29.047195882398245,15.769618650202736],[29.21072180843734,15.769618650202736],[29.701299586554633,16.00578815608851],[30.191877364671928,16.477286756088855],[30.27364032769147,16.634199974934248],[30.27364032769147,16.79098491116825],[30.355403290711024,16.869328939321644],[30.355403290711024,17.104165667924292],[30.437166253730567,17.18237901724573],[30.437166253730567,17.88479842874354],[30.355403290711024,17.96267589204548],[30.355403290711024,18.1961019549467],[30.27364032769147,18.273841439568695],[30.27364032769147,18.662014106110643],[30.191877364671928,18.73954280165284],[30.191877364671928,19.203963559593276],[30.110114401652375,19.281240620710896],[30.110114401652375,19.667076806784756],[30.028351438632825,19.744133362785483],[30.028351438632825,20.051986596859532],[30.110114401652375,20.128856054518952],[30.110114401652375,21.124677802055746],[30.191877364671928,21.201007576951152],[30.191877364671928,22.113857249215297],[30.27364032769147,22.18966566023413],[30.27364032769147,22.492489306805783],[30.355403290711024,22.56809216982326],[30.355403290711024,22.794651697078457],[30.437166253730567,22.87008815794737],[30.437166253730567,23.096145889691783],[30.51892921675012,23.171414227029864],[30.51892921675012,23.472063547573285],[30.600692179769663,23.547119343977638],[30.600692179769663,23.921753906821245],[30.682455142789216,23.99655121201092],[30.682455142789216,24.66775991074165],[30.600692179769663,24.74211825130297],[30.600692179769663,25.483241046852445],[30.51892921675012,25.557105136691344],[30.51892921675012,25.852105476003764],[30.437166253730567,25.925741086429927],[30.437166253730567,26.21982284127377],[30.355403290711024,26.29322764791417],[30.355403290711024,26.513163090760937],[30.27364032769147,26.586381611213557],[30.27364032769147,26.878786833859447],[30.191877364671928,26.951770480683336],[30.191877364671928,28.040808036930315],[30.110114401652375,28.113025544541802],[30.110114401652375,30.679879330522407],[30.028351438632825,30.75024715033267],[30.028351438632825,31.031203960300108],[29.94658847561328,31.101314206590892],[29.94658847561328,31.311334379084734],[30.028351438632825,31.381237360585036],[30.27364032769147,31.381237360585036],[30.355403290711024,31.520887316381504],[30.682455142789216,31.520887316381504],[31.009506994867408,31.66032883044521],[31.173032920906504,31.66032883044521],[31.41832180996515,31.520887316381504],[31.745373662043345,31.520887316381504],[31.90889958808244,31.59063416086079],[32.23595144016063,31.311334379084734],[32.481240329219276,31.24137948232384],[32.563003292238825,31.101314206590892],[32.72652921827792,31.101314206590892],[33.13534403337567,31.311334379084734],[33.46239588545386,31.171372736105432],[33.8712107005516,31.171372736105432],[34.0347366265907,31.24137948232384],[34.525314404707984,31.66032883044521],[34.688840330747084,31.93858448487943],[34.77060329376663,32.28522254154152],[34.852366256786176,32.354392000123084],[34.852366256786176,32.561582978903175],[34.934129219805726,32.63054064033559],[34.934129219805726,32.83709480351395],[35.097655145844826,32.974531312178875],[35.097655145844826,33.18028552578215],[35.34294403490347,33.52213732870651],[35.34294403490347,33.658501599972205],[35.42470699792302,33.72660285052141],[35.42470699792302,33.93058242157109],[35.588232923962124,33.99846737589433],[35.588232923962124,34.26946462719783],[35.75175885000121,34.40463699776226],[35.75175885000121,34.472141442809175],[35.91528477604031,34.53959132805778],[35.91528477604031,34.80884429014877],[35.83352181302075,34.87602064370585],[35.83352181302075,35.077220412764014],[35.91528477604031,35.14417708219245],[35.91528477604031,35.41145292785533],[35.75175885000121,35.47813395429187],[35.75175885000121,35.87705804153788],[35.91528477604031,36.00958900436485],[35.91528477604031,36.14189753570945],[35.75175885000121,36.27398330453769],[35.75175885000121,36.471693566956176],[35.66999588698166,36.537485256977014],[35.261181071883925,36.537485256977014],[35.097655145844826,36.66890080493912],[34.934129219805726,36.66890080493912],[34.852366256786176,36.73452458539442],[34.607077367727534,36.73452458539442],[34.280025515649335,36.537485256977014],[34.280025515649335,36.471693566956176],[34.0347366265907,36.20796828592064],[33.62592181149295,36.14189753570945],[33.5441588484734,36.075771094786404],[32.97181810733657,36.075771094786404],[32.89005514431702,36.00958900436485],[32.644766255258375,36.00958900436485],[32.481240329219276,36.075771094786404],[32.15418847714108,36.33994255100884],[32.15418847714108,36.40584598511239],[31.990662551101984,36.537485256977014],[31.827136625062888,36.537485256977014],[31.3365588469456,36.80009231905377],[30.682455142789216,36.80009231905377],[30.600692179769663,36.73452458539442],[30.600692179769663,36.33994255100884],[30.437166253730567,36.14189753570945],[30.355403290711024,36.20796828592064],[30.028351438632825,36.20796828592064],[29.783062549574183,36.075771094786404],[29.537773660515533,36.075771094786404],[29.374247734476437,36.20796828592064],[29.292484771456895,36.20796828592064],[29.047195882398245,36.40584598511239],[29.047195882398245,36.537485256977014],[28.965432919378703,36.603221015940235],[28.8019069933396,36.603221015940235],[28.556618104280957,36.73452458539442],[28.39309217824186,36.73452458539442],[28.229566252202762,36.66890080493912],[28.066040326163666,36.537485256977014],[27.984277363144116,36.537485256977014],[27.82075143710502,36.66890080493912],[27.575462548046378,36.66890080493912],[27.493699585026828,36.603221015940235],[27.330173658987732,36.66890080493912],[27.330173658987732,36.86560396799121],[27.166647732948636,36.99645886162536],[27.24841069596819,37.12708896939661],[27.24841069596819,37.25749399959261],[27.166647732948636,37.32261202085402],[27.166647732948636,37.517627686243586],[27.003121806909537,37.64735578505511],[27.003121806909537,37.712135028870854],[27.166647732948636,37.77685769096874],[27.166647732948636,37.90613313794622],[27.003121806909537,38.03518186502999],[26.83959588087044,38.03518186502999],[26.757832917850894,38.09962112844721],[26.51254402879225,38.09962112844721],[26.185492176714057,38.292598140978825],[26.349018102753153,38.485063341632255],[26.349018102753153,38.67701592184184],[26.4307810657727,38.74088606347097],[26.676069954831345,38.74088606347097],[26.757832917850894,38.804699131632184],[26.757832917850894,39.186377446536866],[26.51254402879225,39.313145726402425],[26.4307810657727,39.43968474579109],[26.103729213694507,39.43968474579109],[26.02196625067496,39.502868219658865],[26.02196625067496,39.75502796942272],[25.94020328765541,39.880763022227434],[26.185492176714057,40.06893405281961],[26.185492176714057,40.31902227085689],[26.267255139733603,40.38140016638399],[26.267255139733603,40.50598282163579],[26.02196625067496,40.6303344954167],[26.02196625067496,40.75445503131652],[25.77667736161631,40.87834427755865],[25.77667736161631,41.248622829630456],[25.858440324635865,41.31013315003734],[25.858440324635865,41.7390811048111],[25.94020328765541,41.8001271613126],[25.94020328765541,41.92204496359132],[26.02196625067496,42.04373026134121],[26.267255139733603,42.22582203475079],[26.5943069918118,42.34692562391703],[27.657225511065924,42.34692562391703],[27.738988474085474,42.407390105097406],[27.82075143710502,42.28640292995081],[28.066040326163666,42.104485688214446],[28.066040326163666,41.982916682161765],[28.147803289183216,41.92204496359132],[28.147803289183216,41.67797696333353],[28.39309217824186,41.494316173392605],[28.88366995635915,41.31013315003734],[29.1289588454178,41.31013315003734],[29.21072180843734,41.248622829630456],[29.619536623535087,41.248622829630456],[29.701299586554633,41.18705454643935],[30.110114401652375,41.18705454643935],[30.191877364671928,41.248622829630456],[30.437166253730567,41.248622829630456],[30.76421810580876,41.12542831700397],[31.173032920906504,41.12542831700397],[31.500084772984696,41.43297983775244],[31.663610699023792,41.43297983775244],[31.827136625062888,41.55559448291103],[32.072425514121534,41.61681475117557],[32.317714403180176,41.8001271613126],[32.481240329219276,41.86111511881982],[32.644766255258375,41.86111511881982],[32.72652921827792,41.92204496359132],[32.97181810733657,41.92204496359132],[33.21710699639521,42.04373026134121],[34.11649958961024,42.04373026134121],[34.19826255262979,41.982916682161765],[34.36178847866889,41.982916682161765],[34.525314404707984,42.04373026134121],[34.607077367727534,41.982916682161765],[34.77060329376663,41.982916682161765],[34.934129219805726,42.104485688214446],[34.934129219805726,42.16518295014026],[35.015892182825276,42.16518295014026],[35.261181071883925,42.04373026134121],[35.261181071883925,41.8001271613126],[35.50646996094256,41.67797696333353],[35.75175885000121,41.67797696333353],[35.99704773905985,41.8001271613126],[36.16057366509895,41.67797696333353],[36.16057366509895,41.494316173392605],[36.32409959113805,41.37158549140293],[36.56938848019669,41.37158549140293],[36.65115144321624,41.43297983775244],[36.81467736925534,41.43297983775244],[37.05996625831398,41.31013315003734],[37.14172922133354,41.18705454643935],[37.30525514737263,41.18705454643935],[37.38701811039217,41.12542831700397],[37.63230699945082,41.12542831700397],[37.71406996247037,41.18705454643935],[37.87759588850947,41.12542831700397],[37.95935885152901,41.00200208697886],[38.2864107036072,41.00200208697886],[38.36817366662676,40.94020212088967],[38.53169959266585,40.94020212088967],[38.7769884817245,41.06374415814788],[39.022277370783144,41.06374415814788],[39.10404033380269,41.12542831700397],[39.51285514890043,41.12542831700397],[39.83990700097862,41.00200208697886],[40.248721816076376,41.00200208697886],[40.33048477909592,41.06374415814788],[40.57577366815456,41.06374415814788],[40.90282552023275,41.248622829630456],[41.066351446271845,41.248622829630456],[41.556929224389144,41.55559448291103],[41.556929224389144,41.67797696333353],[41.720455150428236,41.8001271613126],[41.720455150428236,42.04373026134121],[41.63869218740869,42.104485688214446],[41.63869218740869,42.28640292995081],[41.475166261369594,42.467796362210485],[41.475166261369594,42.64866568037469],[41.311640335330495,42.76895391076528],[41.148114409291395,42.76895391076528],[41.066351446271845,42.829010601626536],[40.9845884832523,43.008830864780975],[41.311640335330495,43.008830864780975],[41.393403298350044,42.948949087644465],[41.63869218740869,42.948949087644465],[41.720455150428236,42.889008996967],[41.96574403948688,42.889008996967],[42.29279589156507,42.76895391076528],[42.53808478062371,42.76895391076528],[42.61984774364326,42.70883893379039],[42.78337366968236,42.70883893379039],[43.27395144779965,42.52814438424462],[43.437477373838746,42.52814438424462],[43.682766262897395,42.407390105097406],[44.09158107799513,42.34692562391703],[44.33686996705378,42.22582203475079],[44.74568478215152,42.16518295014026],[45.399788486307905,41.92204496359132],[45.563314412347005,41.92204496359132],[45.808603301405654,41.8001271613126],[45.972129227444746,41.8001271613126],[46.38094404254248,41.61681475117557],[46.54446996858158,41.61681475117557],[47.03504774669887,41.43297983775244],[47.280336635757514,41.248622829630456],[47.443862561796614,41.248622829630456],[47.607388487835706,41.18705454643935],[48.2614921919921,40.816428574950415],[48.34325515501165,40.816428574950415],[48.58854404407029,40.6303344954167],[48.67030700708984,40.6303344954167],[48.91559589614849,40.44372035673654],[48.99735885916803,40.44372035673654],[49.48793663728532,40.06893405281961],[49.56969960030488,39.943544261541795],[49.48793663728532,39.880763022227434],[49.48793663728532,39.692074202094986],[49.40617367426577,39.6290629720895],[49.40617367426577,39.43968474579109],[49.48793663728532,39.376443906361565],[49.48793663728532,39.24979023124827],[49.40617367426577,39.24979023124827],[49.24264774822668,39.12290739820973],[49.24264774822668,38.99579561599681],[49.160884785207124,38.932153935518436],[48.99735885916803,38.932153935518436],[48.91559589614849,38.86845509824036],[48.91559589614849,38.09962112844721],[48.99735885916803,38.03518186502999],[48.99735885916803,37.841523738253215],[49.07912182218758,37.712135028870854],[49.40617367426577,37.517627686243586],[49.978514415402614,37.517627686243586],[50.06027737842216,37.4526788990318],[50.223803304461256,37.4526788990318],[50.305566267480806,37.38767366567134],[50.305566267480806,37.25749399959261],[50.632618119559,36.99645886162536],[50.71438108257855,36.99645886162536],[50.87790700861765,36.86560396799121],[51.20495886069584,36.73452458539442],[51.45024774975448,36.73452458539442],[51.77729960183269,36.603221015940235],[52.02258849089132,36.603221015940235],[52.10435145391087,36.66890080493912],[52.349640342969515,36.66890080493912],[52.431403305989065,36.73452458539442],[52.676692195047714,36.73452458539442],[52.75845515806726,36.80009231905377],[53.00374404712591,36.80009231905377],[53.08550701014545,36.86560396799121],[53.330795899204105,36.86560396799121],[53.41255886222364,36.93105949460668],[53.82137367732138,36.93105949460668],[53.90313664034093,36.99645886162536],[53.90313664034093,37.4526788990318],[53.82137367732138,37.517627686243586],[53.82137367732138,38.67701592184184],[53.90313664034093,38.74088606347097],[53.90313664034093,38.932153935518436],[53.73961071430183,39.05938011251275],[53.65784775128229,39.05938011251275],[53.65784775128229,39.12290739820973],[53.49432182524319,39.24979023124827],[53.330795899204105,39.24979023124827],[53.167269973165,39.12290739820973],[53.167269973165,38.804699131632184],[53.08550701014545,38.74088606347097],[53.00374404712591,38.804699131632184],[53.00374404712591,39.12290739820973],[53.167269973165,39.186377446536866],[53.167269973165,39.313145726402425],[53.08550701014545,39.376443906361565],[53.08550701014545,39.692074202094986],[52.75845515806726,40.006267945851874],[52.75845515806726,40.13154256040306],[52.676692195047714,40.19409344685579],[52.676692195047714,40.50598282163579],[52.8402181210868,40.69242366519613],[52.8402181210868,41.248622829630456],[52.59492923202816,41.494316173392605],[52.51316626900861,41.494316173392605],[52.51316626900861,41.67797696333353],[52.431403305989065,41.7390811048111],[52.431403305989065,42.22582203475079],[52.676692195047714,42.58843416045735],[52.92198108410635,42.58843416045735],[53.08550701014545,42.467796362210485],[53.167269973165,42.467796362210485],[53.24903293618454,42.407390105097406],[53.24903293618454,42.16518295014026],[53.57608478826274,41.982916682161765],[53.98489960336048,41.982916682161765],[54.066662566380025,41.92204496359132],[55.94721071582964,41.92204496359132],[56.028973678849184,41.86111511881982],[56.356025530927376,41.86111511881982],[56.43778849394694,41.8001271613126],[56.846603309044674,41.8001271613126],[56.92836627206422,41.7390811048111],[57.173655161122866,41.7390811048111],[57.25541812414241,41.67797696333353],[57.58246997622061,41.67797696333353],[57.66423293924016,41.61681475117557],[57.99128479131835,41.61681475117557],[58.07304775433789,41.55559448291103],[58.31833664339654,41.55559448291103],[58.645388495474734,41.43297983775244],[58.80891442151383,41.43297983775244],[58.89067738453338,41.37158549140293],[59.05420331057248,41.37158549140293],[59.135966273592025,41.31013315003734],[59.29949219963112,41.31013315003734],[59.381255162650675,41.248622829630456],[59.54478108868977,41.248622829630456],[59.62654405170931,41.18705454643935],[59.79006997774841,41.18705454643935],[59.87183294076796,41.12542831700397],[60.28064775586571,41.12542831700397],[60.36241071888525,41.06374415814788],[62.07943294229576,41.06374415814788],[62.16119590531532,41.12542831700397],[63.14235146154989,41.12542831700397],[63.22411442456944,41.18705454643935],[63.79645516570628,41.18705454643935],[63.87821812872583,41.248622829630456],[64.45055886986266,41.248622829630456],[64.5323218328822,41.31013315003734],[64.94113664797996,41.31013315003734],[65.0228996109995,41.37158549140293],[65.3499514630777,41.37158549140293],[65.43171442609724,41.43297983775244],[65.75876627817543,41.43297983775244],[65.84052924119499,41.494316173392605],[66.08581813025363,41.494316173392605],[66.33110701931227,41.61681475117557],[66.57639590837094,41.61681475117557],[66.73992183441003,41.7390811048111],[66.90344776044911,41.7390811048111],[67.14873664950777,41.86111511881982],[67.31226257554685,41.86111511881982],[67.5575514646055,41.982916682161765],[67.7210773906446,41.982916682161765],[67.96636627970325,42.104485688214446],[68.12989220574234,42.104485688214446],[68.70223294687918,42.34692562391703],[68.86575887291826,42.34692562391703],[69.51986257707466,42.58843416045735],[69.68338850311378,42.70883893379039],[70.50101813330924,43.008830864780975],[70.99159591142653,43.30736475502945],[71.07335887444609,43.30736475502945],[71.48217368954383,43.60443962576925],[71.56393665256337,43.60443962576925],[72.05451443068065,43.9590024262624],[72.05451443068065,44.13549515911395],[71.97275146766111,44.19420920174062],[71.64569961558293,44.31146196317749],[71.48217368954383,44.42848093913759],[71.23688480048517,44.486902750845104],[71.07335887444609,44.60357101043],[70.2557292442506,44.89421862688765],[70.09220331821149,44.89421862688765],[69.68338850311378,45.06790564956901],[69.51986257707466,45.06790564956901],[69.02928479895738,45.241066505303536],[68.86575887291826,45.241066505303536],[68.21165516876188,45.471129196735134],[68.0481292427228,45.471129196735134],[66.82168479742957,45.92844888668615],[66.41286998233181,45.98535086641296],[66.33110701931227,46.04219441740055],[65.43171442609724,46.04219441740055],[65.10466257401904,45.92844888668615],[64.94113664797996,45.92844888668615],[64.8593736849604,45.87148847434213],[64.69584775892132,45.87148847434213],[64.61408479590176,45.81446962572986],[60.6076996079439,45.81446962572986],[60.68946257096344,45.87148847434213],[60.68946257096344,46.04219441740055],[60.4441736819048,46.15570624980013],[60.1171218298266,46.15570624980013],[59.79006997774841,46.04219441740055],[59.70830701472887,45.92844888668615],[59.46301812567022,45.757392337425884],[59.217729236611575,45.757392337425884],[59.217729236611575,45.87148847434213],[59.135966273592025,45.92844888668615],[58.89067738453338,45.92844888668615],[58.727151458494276,45.81446962572986],[58.727151458494276,45.757392337425884],[58.563625532455184,45.757392337425884],[58.48186256943564,45.81446962572986],[58.15481071735745,45.81446962572986],[58.07304775433789,45.87148847434213],[57.7459959022597,45.87148847434213],[57.66423293924016,45.92844888668615],[57.337181087161966,45.92844888668615],[57.25541812414241,45.98535086641296],[57.01012923508377,45.98535086641296],[56.92836627206422,46.04219441740055],[56.19249960488828,46.09897954375308],[56.11073664186875,46.15570624980013],[55.70192182677099,46.15570624980013],[55.62015886375145,46.21237454009603],[55.12958108563416,46.21237454009603],[55.04781812261461,46.268984419419105],[54.55724034449733,46.268984419419105],[54.475477381477766,46.32553589277096],[53.90313664034093,46.32553589277096],[53.82137367732138,46.38202896537574],[53.08550701014545,46.38202896537574],[52.92198108410635,46.4948399303491],[52.8402181210868,46.4948399303491],[52.8402181210868,46.60741736055587],[52.59492923202816,46.775845737920726],[52.431403305989065,46.775845737920726],[52.267877379949965,46.71976130572716],[52.186114416930415,46.775845737920726],[51.85906256485222,46.775845737920726],[51.77729960183269,46.71976130572716],[51.613773675793574,46.71976130572716],[51.53201071277403,46.83187181908529],[51.53201071277403,46.943748957320686],[51.45024774975448,46.9996000294257],[51.20495886069584,46.9996000294257],[51.04143293465674,46.887839556415344],[50.7961440455981,46.887839556415344],[50.632618119559,46.775845737920726],[50.38732923050035,46.775845737920726],[50.305566267480806,46.6636185155261],[50.06027737842216,46.60741736055587],[49.896751452383064,46.43846364267943],[49.896751452383064,46.21237454009603],[49.733225526343965,46.21237454009603],[49.56969960030488,46.09897954375308],[49.56969960030488,45.92844888668615],[49.40617367426577,45.98535086641296],[49.24264774822668,45.98535086641296],[49.160884785207124,45.87148847434213],[48.91559589614849,45.87148847434213],[48.75206997010939,45.757392337425884],[48.75206997010939,45.643062429191524],[48.67030700708984,45.58580980355892],[48.34325515501165,45.58580980355892],[48.2614921919921,45.5284987268316],[48.2614921919921,45.413701211227064],[48.097966265953005,45.35621476849763],[48.097966265953005,45.18340468238937],[47.9344403399139,45.18340468238937],[48.01620330293346,45.29866986697051],[48.01620330293346,45.413701211227064],[47.9344403399139,45.471129196735134],[47.68915145085526,45.471129196735134],[47.525625524816164,45.35621476849763],[47.525625524816164,45.12568439735632],[47.36209959877707,45.12568439735632],[47.280336635757514,45.06790564956901],[47.280336635757514,44.952172764376],[47.36209959877707,44.836206026481186],[47.280336635757514,44.836206026481186],[47.11681070971842,44.72000543938289],[46.95328478367932,44.72000543938289],[46.87152182065978,44.66181745452792],[46.87152182065978,44.54526610861319],[47.03504774669887,44.486902750845104],[47.03504774669887,44.370000675747534],[47.19857367273797,44.25286480417647],[47.280336635757514,44.25286480417647],[47.443862561796614,44.017891767507926],[47.9344403399139,44.017891767507926],[47.68915145085526,43.841048474100404],[47.607388487835706,43.722860860266245],[47.607388487835706,43.60443962576925],[47.525625524816164,43.54514141469962],[47.607388487835706,43.24777466956765],[47.525625524816164,43.18812623011417],[47.525625524816164,43.06865431976212],[47.11681070971842,43.128419444236336],[46.29918107952294,43.426369835008224],[45.8903662644252,43.426369835008224],[45.808603301405654,43.48578481568783],[45.23626256026881,43.48578481568783],[45.154499597249256,43.54514141469962],[44.50039589309287,43.54514141469962],[44.41863293007333,43.60443962576925],[43.84629218893649,43.60443962576925],[43.76452922591694,43.66367944287884],[43.35571441081921,43.66367944287884],[43.27395144779965,43.722860860266245],[42.946899595721455,43.722860860266245],[42.865136632701905,43.78198387242436],[42.53808478062371,43.78198387242436],[42.45632181760417,43.841048474100404],[42.04750700250642,43.841048474100404],[41.96574403948688,43.90005466029519],[41.720455150428236,43.90005466029519],[41.63869218740869,43.9590024262624],[41.393403298350044,43.9590024262624],[40.57577366815456,44.25286480417647],[40.41224774211546,44.25286480417647],[40.248721816076376,44.31146196317749],[39.75814403795908,44.72000543938289],[39.67638107493953,45.0100684386291],[39.59461811191998,45.06790564956901],[39.59461811191998,45.29866986697051],[39.51285514890043,45.35621476849763],[39.51285514890043,45.643062429191524],[39.431092185880885,45.700256606235115],[39.431092185880885,46.83187181908529],[39.51285514890043,46.887839556415344],[39.51285514890043,47.05539278056864],[39.75814403795908,47.38892501292812],[39.92166996399818,47.49963624566716],[39.92166996399818,47.55490449580121],[40.16695885305682,47.7203599011223],[40.16695885305682,47.775395289028964],[41.475166261369594,48.648055697142006],[41.556929224389144,48.648055697142006],[42.04750700250642,48.917715074138655],[42.53808478062371,49.078815574120725],[42.70161070666281,49.18592652325309],[42.78337366968236,49.18592652325309],[42.946899595721455,49.29280611123124],[43.84629218893649,49.558993727502646],[44.25510700403424,49.77090468036325],[44.33686996705378,49.77090468036325],[45.7268403383861,50.66124935092139],[45.7268403383861,50.71310567374745],[46.21741811650339,51.02304095568203],[46.21741811650339,51.07449659363006],[46.78975885764023,51.48408603671598],[46.95328478367932,51.687512692858384],[47.19857367273797,51.839485387799705],[47.36209959877707,52.04132049274188],[47.607388487835706,52.19210131982559],[47.607388487835706,52.24224830055329],[48.50678108105074,52.83960431138651],[48.50678108105074,52.88901746762141],[49.24264774822668,53.331207473341316],[49.733225526343965,53.47759497152035],[49.896751452383064,53.47759497152035],[49.978514415402614,53.5262789215076],[50.305566267480806,53.5262789215076],[50.38732923050035,53.57490697844166],[51.36848478673493,53.57490697844166],[51.45024774975448,53.5262789215076],[51.77729960183269,53.5262789215076],[51.85906256485222,53.47759497152035],[52.10435145391087,53.47759497152035],[52.431403305989065,53.3800592762984],[52.59492923202816,53.3800592762984],[52.676692195047714,53.331207473341316],[52.8402181210868,53.331207473341316],[53.08550701014545,53.23333581340057],[53.49432182524319,53.18431589947436],[54.148425529399574,52.98767502587832],[54.311951455438674,52.88901746762141],[55.12958108563416,52.64138853616773],[55.29310701167325,52.54194238097644],[56.601314419986025,52.141897708499975],[57.01012923508377,52.091637441211766],[57.09189219810332,52.04132049274188],[57.25541812414241,52.04132049274188],[57.337181087161966,51.99094683801762],[57.50070701320105,51.99094683801762],[57.58246997622061,51.94051645211321],[57.7459959022597,51.94051645211321],[57.82775886527926,51.89002931025051],[58.400099606416084,51.839485387799705],[58.48186256943564,51.78888466027989],[58.727151458494276,51.78888466027989],[58.80891442151383,51.7382271033598],[59.135966273592025,51.7382271033598],[59.217729236611575,51.687512692858384],[59.70830701472887,51.687512692858384],[59.79006997774841,51.63674140474559],[61.34356627511983,51.63674140474559],[61.425329238139376,51.687512692858384],[63.14235146154989,51.687512692858384],[63.22411442456944,51.7382271033598],[67.96636627970325,51.7382271033598],[68.0481292427228,51.687512692858384],[69.7651514661333,51.687512692858384],[69.84691442915286,51.7382271033598],[73.68977369107162,51.7382271033598],[73.77153665409116,51.687512692858384],[74.42564035824756,51.687512692858384],[74.5074033212671,51.63674140474559],[74.8344551733453,51.63674140474559],[74.91621813636485,51.58591321514292],[75.24326998844305,51.58591321514292],[75.32503295146262,51.535028100324155],[75.57032184052123,51.535028100324155],[75.89737369259944,51.433087000898716],[76.06089961863853,51.433087000898716],[76.14266258165807,51.38203096960687],[76.30618850769717,51.38203096960687],[76.55147739675583,51.279747828313006],[76.71500332279491,51.279747828313006],[79.82199591753775,50.29664882958448],[80.2308107326355,50.244333332421],[80.47609962169413,50.13952985936922],[80.88491443679189,50.08704184493119],[80.96667739981143,50.034496286471374],[81.13020332585052,50.034496286471374],[81.37549221490916,49.929232462281014],[81.78430703000691,49.876514159381834],[81.86606999302646,49.82373823812498],[82.02959591906554,49.82373823812498],[82.11135888208511,49.77090468036325],[82.2748848081242,49.77090468036325],[82.35664777114374,49.7180134681256],[82.52017369718284,49.7180134681256],[82.60193666020238,49.66506458361775],[82.76546258624151,49.66506458361775],[82.84722554926104,49.612058009222956],[83.01075147530014,49.612058009222956],[83.09251443831968,49.558993727502646],[83.25604036435877,49.558993727502646],[83.33780332737834,49.50587172119718],[83.50132925341742,49.50587172119718],[83.58309221643697,49.452691973226486],[83.74661814247608,49.452691973226486],[83.82838110549562,49.39945446669082],[83.99190703153472,49.39945446669082],[84.0736699945543,49.34615918487142],[84.23719592059336,49.34615918487142],[84.48248480965201,49.239395229415635],[84.89129962474975,49.18592652325309],[85.38187740286705,49.02517329972975],[85.54540332890615,49.02517329972975],[85.79069221796478,48.917715074138655],[85.95421814400389,48.917715074138655],[86.19950703306253,48.81002517877005],[86.60832184816027,48.756093317862366],[86.69008481117982,48.70210349542022],[86.85361073721892,48.70210349542022],[87.09889962627756,48.593949908916976],[87.5077144413753,48.539786116826015],[87.58947740439484,48.48556430714231],[87.75300333043396,48.48556430714231],[87.8347662934535,48.43128446633207],[87.9982922194926,48.43128446633207],[88.08005518251214,48.37694658105523],[88.24358110855123,48.37694658105523],[88.32534407157078,48.32255063816617],[88.48886999760988,48.32255063816617],[88.57063296062942,48.26809662471445],[89.14297370176627,48.21358452794549],[89.22473666478582,48.15901433530129],[89.47002555384445,48.15901433530129],[89.55178851686401,48.104386034421196],[89.79707740592265,48.104386034421196],[89.8788403689422,48.04969961314252],[90.12412925800085,48.04969961314252],[90.20589222102039,47.99495505950134],[90.45118111007905,47.99495505950134],[90.53294407309859,47.94015236173318],[90.85999592517679,47.94015236173318],[90.94175888819633,47.88529150827375],[91.18704777725497,47.88529150827375],[91.26881074027452,47.83037248775962],[91.51409962933319,47.83037248775962],[91.59586259235272,47.775395289028964],[92.33172925952866,47.7203599011223],[92.4134922225482,47.66526631328316],[92.65878111160684,47.66526631328316],[92.7405440746264,47.61011451495888],[93.06759592670458,47.61011451495888],[93.14935888972413,47.55490449580121],[93.47641074180233,47.55490449580121],[93.55817370482188,47.49963624566716],[93.80346259388052,47.49963624566716],[93.88522555690007,47.44430975461961],[94.21227740897827,47.44430975461961],[94.29404037199781,47.38892501292812],[94.53932926105645,47.38892501292812],[94.62109222407602,47.33348201106957],[94.86638111313465,47.33348201106957],[94.9481440761542,47.27798073972896],[95.19343296521285,47.27798073972896],[95.27519592823239,47.22242118980006],[95.52048481729103,47.22242118980006],[95.84753666936923,47.11112721880087],[96.41987741050606,47.05539278056864],[96.74692926258426,46.943748957320686],[96.9922181516429,46.943748957320686],[97.3192700037211,46.83187181908529],[97.56455889277974,46.83187181908529],[97.89161074485794,46.71976130572716],[98.13689963391658,46.71976130572716],[98.21866259693613,46.6636185155261],[98.54571444901433,46.6636185155261],[98.62747741203387,46.60741736055587],[98.87276630109251,46.60741736055587],[98.95452926411207,46.55115783427222],[99.36334407920981,46.55115783427222],[99.44510704222935,46.4948399303491],[99.8539218573271,46.4948399303491],[99.93568482034665,46.43846364267943],[100.99860333960078,46.43846364267943],[101.32565519167896,46.55115783427222],[101.48918111771808,46.55115783427222],[101.57094408073762,46.60741736055587],[101.7344700067767,46.60741736055587],[101.81623296979626,46.6636185155261],[101.97975889583535,46.6636185155261],[102.0615218588549,46.71976130572716],[102.225047784894,46.71976130572716],[102.30681074791354,46.775845737920726],[102.47033667395264,46.775845737920726],[102.55209963697219,46.83187181908529],[102.7156255630113,46.83187181908529],[102.79738852603084,46.887839556415344],[103.04267741508949,46.887839556415344],[103.12444037810903,46.943748957320686],[103.28796630414813,46.943748957320686],[103.3697292671677,46.9996000294257],[103.94207000830453,47.05539278056864],[104.02383297132408,47.11112721880087],[104.26912186038271,47.11112721880087],[104.35088482340225,47.166803352386175],[104.67793667548045,47.166803352386175],[104.7596996385,47.22242118980006],[105.00498852755864,47.22242118980006],[105.08675149057818,47.27798073972896],[105.41380334265638,47.27798073972896],[105.49556630567594,47.33348201106957],[105.82261815775414,47.33348201106957],[105.90438112077368,47.38892501292812],[106.23143297285186,47.38892501292812],[106.3131959358714,47.44430975461961],[106.55848482493006,47.44430975461961],[106.6402477879496,47.49963624566716],[107.37611445512555,47.55490449580121],[107.45787741814509,47.61011451495888],[107.70316630720374,47.61011451495888],[107.78492927022329,47.66526631328316],[108.11198112230147,47.66526631328316],[108.19374408532101,47.7203599011223],[108.43903297437967,47.7203599011223],[108.52079593739923,47.775395289028964],[108.76608482645786,47.775395289028964],[108.84784778947741,47.83037248775962],[109.01137371551651,47.83037248775962],[109.09313667853606,47.88529150827375],[109.6654774196729,47.94015236173318],[109.99252927175108,48.04969961314252],[110.1560551977902,48.04969961314252],[110.23781816080975,48.104386034421196],[110.48310704986838,48.104386034421196],[110.81015890194658,48.21358452794549],[111.05544779100522,48.21358452794549],[111.38249964308342,48.32255063816617],[111.62778853214206,48.32255063816617],[111.95484038422025,48.43128446633207],[112.52718112535709,48.48556430714231],[112.60894408837663,48.539786116826015],[112.85423297743529,48.539786116826015],[112.93599594045483,48.593949908916976],[113.67186260763076,48.648055697142006],[113.75362557065031,48.70210349542022],[114.08067742272851,48.70210349542022],[114.16244038574806,48.756093317862366],[114.48949223782625,48.756093317862366],[114.57125520084581,48.81002517877005],[114.898307052924,48.81002517877005],[114.98007001594353,48.86389909263506],[115.38888483104127,48.86389909263506],[115.47064779406082,48.917715074138655],[115.79769964613904,48.917715074138655],[115.87946260915857,48.97147313815086],[116.20651446123676,48.97147313815086],[116.2882774242563,49.02517329972975],[116.6153292763345,49.02517329972975],[116.69709223935406,49.078815574120725],[116.94238112841269,49.078815574120725],[117.02414409143225,49.13239997675584],[117.26943298049089,49.13239997675584],[117.35119594351045,49.18592652325309],[117.59648483256909,49.18592652325309],[117.92353668464727,49.29280611123124],[118.08706261068636,49.29280611123124],[118.33235149974502,49.39945446669082],[118.74116631484274,49.452691973226486],[118.8229292778623,49.50587172119718],[118.9864552039014,49.50587172119718],[119.06821816692096,49.558993727502646],[119.3135070559796,49.558993727502646],[119.39527001899913,49.612058009222956],[119.64055890805778,49.612058009222956],[119.72232187107734,49.66506458361775],[120.21289964919464,49.66506458361775],[120.29466261221417,49.7180134681256],[120.70347742731192,49.7180134681256],[120.78524039033147,49.77090468036325],[120.86700335335102,49.7180134681256],[121.11229224240967,49.7180134681256],[121.43934409448785,49.50587172119718],[121.76639594656605,49.078815574120725],[121.84815890958558,48.81002517877005],[121.92992187260514,48.756093317862366],[121.92992187260514,48.43128446633207],[122.0116848356247,48.37694658105523],[122.0116848356247,48.104386034421196],[121.92992187260514,48.04969961314252],[121.92992187260514,47.33348201106957],[121.84815890958558,47.27798073972896],[121.84815890958558,46.55115783427222],[121.76639594656605,46.4948399303491],[121.76639594656605,46.04219441740055],[121.68463298354649,45.98535086641296],[121.68463298354649,45.35621476849763],[121.76639594656605,45.29866986697051],[121.76639594656605,45.06790564956901],[121.84815890958558,45.0100684386291],[121.84815890958558,44.66181745452792],[121.92992187260514,44.60357101043],[121.92992187260514,42.64866568037469],[121.84815890958558,42.58843416045735],[121.84815890958558,42.28640292995081],[121.76639594656605,42.22582203475079],[121.76639594656605,41.92204496359132],[121.68463298354649,41.86111511881982],[121.68463298354649,41.67797696333353],[121.60287002052696,41.61681475117557],[121.60287002052696,41.37158549140293],[121.52110705750741,41.31013315003734],[121.52110705750741,41.12542831700397],[121.35758113146831,40.87834427755865],[121.1940552054292,40.87834427755865],[121.03052927939011,40.69242366519613],[120.86700335335102,40.6303344954167],[120.86700335335102,40.44372035673654],[120.78524039033147,40.44372035673654],[120.53995150127281,40.2565866907262],[120.53995150127281,40.19409344685579],[120.21289964919464,40.06893405281961],[120.04937372315554,40.06893405281961],[119.88584779711643,39.943544261541795],[119.72232187107734,39.943544261541795],[119.39527001899913,39.692074202094986],[119.39527001899913,39.43968474579109],[118.8229292778623,38.99579561599681],[118.65940335182322,38.99579561599681],[118.49587742578413,38.932153935518436],[118.33235149974502,38.99579561599681],[118.08706261068636,39.186377446536866],[117.92353668464727,39.186377446536866],[117.84177372162772,39.12290739820973],[117.84177372162772,38.99579561599681],[117.59648483256909,38.74088606347097],[117.59648483256909,38.61308873513863],[117.67824779558863,38.485063341632255],[118.00529964766683,38.22832929746358],[118.16882557370592,38.164003616324734],[118.65940335182322,38.164003616324734],[118.74116631484274,38.22832929746358],[118.90469224088187,38.22832929746358],[118.90469224088187,38.164003616324734],[119.06821816692096,38.03518186502999],[119.06821816692096,37.841523738253215],[119.14998112994051,37.77685769096874],[118.9864552039014,37.517627686243586],[118.9864552039014,37.38767366567134],[119.3135070559796,37.19231963722137],[119.72232187107734,37.19231963722137],[119.8040848340969,37.25749399959261],[119.8040848340969,37.38767366567134],[120.04937372315554,37.4526788990318],[120.21289964919464,37.58251999293524],[120.21289964919464,37.712135028870854],[120.29466261221417,37.712135028870854],[120.62171446429237,37.90613313794622],[120.62171446429237,38.09962112844721],[120.70347742731192,38.09962112844721],[120.94876631637058,37.841523738253215],[121.03052927939011,37.841523738253215],[121.27581816844875,37.64735578505511],[121.43934409448785,37.64735578505511],[121.68463298354649,37.517627686243586],[121.92992187260514,37.517627686243586],[122.0116848356247,37.58251999293524],[122.17521076166379,37.58251999293524],[122.33873668770288,37.4526788990318],[122.74755150280062,37.4526788990318],[122.66578853978109,37.32261202085402],[122.66578853978109,37.19231963722137],[122.58402557676153,37.12708896939661],[122.58402557676153,36.86560396799121],[122.42049965072243,36.80009231905377],[122.25697372468335,36.80009231905377],[122.17521076166379,36.86560396799121],[121.84815890958558,36.86560396799121],[121.68463298354649,36.73452458539442],[121.52110705750741,36.73452458539442],[121.43934409448785,36.66890080493912],[121.27581816844875,36.66890080493912],[121.03052927939011,36.537485256977014],[121.03052927939011,36.40584598511239],[120.78524039033147,36.27398330453769],[120.78524039033147,36.075771094786404],[120.45818853825328,36.075771094786404],[120.21289964919464,35.87705804153788],[120.21289964919464,35.74430498357548],[120.13113668617508,35.74430498357548],[119.96761076013598,35.6113301721534],[119.64055890805778,35.47813395429187],[119.64055890805778,35.41145292785533],[119.4770329820187,35.27792526272669],[119.4770329820187,35.14417708219245],[119.3135070559796,35.01020875209914],[119.3135070559796,34.87602064370585],[119.39527001899913,34.80884429014877],[119.55879594503826,34.80884429014877],[119.55879594503826,34.674327222292],[119.64055890805778,34.6069866042055],[120.37642557523372,34.33707804256234],[120.37642557523372,34.13407461764671],[120.53995150127281,33.86264331424231],[120.53995150127281,33.72660285052141],[120.62171446429237,33.658501599972205],[120.62171446429237,33.52213732870651],[120.78524039033147,33.3171873084526],[120.78524039033147,33.11175427029492],[120.94876631637058,32.90583972306655],[120.94876631637058,32.69944520398445],[121.11229224240967,32.561582978903175],[121.43934409448785,32.42350859922188],[121.43934409448785,32.21600028393664],[121.52110705750741,32.14672528812218],[121.76639594656605,32.07739761526647],[121.92992187260514,31.93858448487943],[121.92992187260514,30.820563591351533],[121.76639594656605,30.820563591351533],[121.68463298354649,30.75024715033267],[121.68463298354649,30.609460200596274],[121.52110705750741,30.679879330522407],[121.35758113146831,30.679879330522407],[121.11229224240967,30.53898982958977],[121.11229224240967,30.39789564227884],[121.1940552054292,30.327271965847093],[121.43934409448785,30.327271965847093],[121.68463298354649,30.115095452258092],[121.84815890958558,30.115095452258092],[122.0116848356247,30.39789564227884],[122.0116848356247,30.679879330522407],[122.25697372468335,30.679879330522407],[122.33873668770288,30.75024715033267],[122.50226261374199,30.75024715033267],[122.66578853978109,30.89082858526326],[122.74755150280062,30.89082858526326],[122.91107742883973,30.75024715033267],[122.91107742883973,30.609460200596274],[122.82931446582018,30.679879330522407],[122.66578853978109,30.679879330522407],[122.50226261374199,30.53898982958977],[122.50226261374199,30.327271965847093],[122.58402557676153,30.25659732808071],[122.82931446582018,30.25659732808071],[122.82931446582018,30.115095452258092],[122.58402557676153,30.115095452258092],[122.50226261374199,30.044268356961727],[122.50226261374199,29.83148330568069],[122.25697372468335,29.618244135661133],[122.25697372468335,29.404552837645856],[122.09344779864423,29.333222280392047],[122.09344779864423,29.047401445378597],[121.92992187260514,28.975821967379034],[121.92992187260514,28.832514428522174],[122.0116848356247,28.760786523471396],[122.0116848356247,28.473382500486554],[121.76639594656605,28.329386159595664],[121.60287002052696,28.040808036930315],[121.35758113146831,28.040808036930315],[121.27581816844875,27.968542014526466],[121.27581816844875,27.60648707904272],[121.11229224240967,27.388677272950122],[120.94876631637058,27.60648707904272],[120.78524039033147,27.60648707904272],[120.70347742731192,27.53393171202965],[120.70347742731192,27.315978371235868],[120.62171446429237,27.2432317955794],[120.62171446429237,27.097595967143356],[120.78524039033147,27.024706887624145],[120.78524039033147,26.951770480683336],[120.53995150127281,26.951770480683336],[120.37642557523372,26.80575603505419],[120.37642557523372,26.513163090760937],[120.21289964919464,26.513163090760937],[120.04937372315554,26.36658601885101],[120.04937372315554,26.0728742859089],[120.13113668617508,25.99933072060288],[119.8040848340969,25.852105476003764],[119.8040848340969,25.704696698654164],[119.96761076013598,25.630923718765132],[119.96761076013598,25.557105136691344],[119.8040848340969,25.261376680349944],[119.72232187107734,25.261376680349944],[119.4770329820187,25.039106177667584],[119.4770329820187,24.964926207491636],[119.39527001899913,25.039106177667584],[119.23174409296004,25.039106177667584],[118.9864552039014,24.81643214647204],[118.8229292778623,24.74211825130297],[118.74116631484274,24.51891028873317],[118.65940335182322,24.51891028873317],[118.49587742578413,24.369884074605952],[118.33235149974502,24.369884074605952],[118.08706261068636,24.146015394485577],[117.92353668464727,24.146015394485577],[117.67824779558863,24.369884074605952],[117.26943298049089,24.44441920582598],[117.18767001747133,24.51891028873317],[117.02414409143225,24.51891028873317],[116.53356631331495,24.74211825130297],[116.2882774242563,24.964926207491636],[116.20651446123676,25.113241311102627],[116.2882774242563,25.630923718765132],[116.37004038727586,25.704696698654164],[116.37004038727586,25.99933072060288],[116.45180335029542,26.0728742859089],[116.45180335029542,26.29322764791417],[116.53356631331495,26.36658601885101],[116.53356631331495,26.586381611213557],[116.6153292763345,26.65955333492192],[116.6153292763345,26.80575603505419],[116.77885520237359,27.024706887624145],[116.77885520237359,27.17043763206574],[117.1059070544518,27.751453684862266],[117.84177372162772,28.617182834366627],[118.08706261068636,28.689009299148967],[118.41411446276457,28.904192935853025],[118.41411446276457,29.11893129249336],[118.16882557370592,29.333222280392047],[118.16882557370592,29.83148330568069],[118.33235149974502,30.115095452258092],[118.49587742578413,30.25659732808071],[118.57764038880366,30.609460200596274],[118.65940335182322,30.679879330522407],[118.65940335182322,31.171372736105432],[118.74116631484274,31.24137948232384],[118.74116631484274,31.520887316381504],[118.65940335182322,31.59063416086079],[118.65940335182322,32.14672528812218],[118.57764038880366,32.21600028393664],[118.57764038880366,32.354392000123084],[118.49587742578413,32.42350859922188],[118.49587742578413,32.561582978903175],[118.41411446276457,32.69944520398445],[118.00529964766683,33.043169513566205],[117.92353668464727,33.043169513566205],[117.76001075860819,33.18028552578215],[117.26943298049089,33.38555772422082],[117.1059070544518,33.38555772422082],[116.86061816539315,33.52213732870651],[116.6153292763345,33.52213732870651],[116.53356631331495,33.590346408104075],[115.30712186802174,33.590346408104075],[115.14359594198264,33.658501599972205],[114.898307052924,33.86264331424231],[114.898307052924,33.99846737589433],[114.81654408990444,34.066298125156266],[114.81654408990444,34.80884429014877],[114.73478112688488,34.87602064370585],[114.73478112688488,35.14417708219245],[114.65301816386535,35.27792526272669],[114.08067742272851,35.74430498357548],[113.91715149668941,36.00958900436485],[113.91715149668941,36.471693566956176],[113.99891445970896,36.537485256977014],[113.99891445970896,36.73452458539442],[114.16244038574806,36.99645886162536],[114.81654408990444,37.4526788990318],[114.81654408990444,37.58251999293524],[114.2442033487676,38.485063341632255],[113.99891445970896,38.74088606347097],[113.91715149668941,39.05938011251275],[113.83538853366986,39.12290739820973],[113.83538853366986,39.376443906361565],[113.75362557065031,39.43968474579109],[113.75362557065031,40.31902227085689],[113.67186260763076,40.38140016638399],[113.42657371857213,40.38140016638399],[113.34481075555259,40.31902227085689],[113.18128482951347,40.31902227085689],[109.58371445665337,38.932153935518436],[109.42018853061424,38.804699131632184],[109.01137371551651,38.67701592184184],[108.11198112230147,38.164003616324734],[108.03021815928193,38.164003616324734],[107.86669223324283,38.03518186502999],[107.78492927022329,38.03518186502999],[107.45787741814509,37.77685769096874],[107.37611445512555,37.77685769096874],[107.13082556606692,37.58251999293524],[107.04906260304736,37.58251999293524],[106.72201075096916,37.32261202085402],[106.6402477879496,37.32261202085402],[106.23143297285186,36.99645886162536],[106.14967000983232,36.99645886162536],[104.67793667548045,35.81070925321895],[104.67793667548045,35.74430498357548],[104.4326477864218,35.54475971712961],[104.26912186038271,35.27792526272669],[104.10559593434361,35.14417708219245],[103.77854408226541,34.6069866042055],[103.77854408226541,34.472141442809175],[103.61501815622633,34.26946462719783],[103.61501815622633,34.13407461764671],[103.28796630414813,33.658501599972205],[103.28796630414813,33.52213732870651],[103.20620334112857,33.45387441591688],[103.20620334112857,33.18028552578215],[103.12444037810903,33.11175427029492],[103.12444037810903,32.76829661115727],[103.04267741508949,32.69944520398445],[103.04267741508949,32.354392000123084],[102.96091445206993,32.28522254154152],[102.96091445206993,31.93858448487943],[102.87915148905039,31.869099151460368],[102.87915148905039,31.451088361379703],[102.79738852603084,31.381237360585036],[102.79738852603084,30.9610420641117],[102.7156255630113,30.89082858526326],[102.7156255630113,30.4684682868986],[102.63386259999173,30.39789564227884],[102.63386259999173,29.973390585850762],[102.55209963697219,29.90246221120869],[102.55209963697219,29.475833382668707],[102.47033667395264,29.404552837645856],[102.47033667395264,29.047401445378597],[102.3885737109331,28.975821967379034],[102.3885737109331,28.617182834366627],[102.30681074791354,28.545307208299572],[102.30681074791354,28.18519445527642],[102.225047784894,28.113025544541802],[102.225047784894,27.678994431409244],[102.14328482187447,27.60648707904272],[102.14328482187447,27.2432317955794],[102.0615218588549,27.17043763206574],[102.0615218588549,26.732678172532392],[101.97975889583535,26.65955333492192],[101.97975889583535,26.29322764791417],[101.8979959328158,26.21982284127377],[101.8979959328158,25.778423982299643],[101.81623296979626,25.704696698654164],[101.81623296979626,25.33537672336089],[101.7344700067767,25.261376680349944],[101.7344700067767,24.81643214647204],[101.65270704375716,24.74211825130297],[101.65270704375716,24.369884074605952],[101.57094408073762,24.295304995236382],[101.57094408073762,23.547119343977638],[101.48918111771808,23.472063547573285],[101.48918111771808,21.88618778771757],[101.40741815469852,21.810216929089915],[101.40741815469852,20.128856054518952],[101.32565519167896,20.051986596859532],[101.32565519167896,19.821152740797313],[100.99860333960078,19.358481237699557],[100.91684037658125,18.971914947531967],[100.83507741356169,18.894493347573352],[100.83507741356169,18.73954280165284],[100.67155148752258,18.50685049829797],[100.58978852450304,18.118327783505812],[100.50802556148348,18.040519053137633],[100.50802556148348,17.88479842874354],[100.42626259846394,17.806886792056076],[100.42626259846394,17.65096151536696],[100.3444996354444,17.57294813455663],[100.3444996354444,17.41682053828428],[100.26273667242486,17.338706583851206],[100.26273667242486,16.869328939321644],[100.1809737094053,16.79098491116825],[100.1809737094053,15.217492553965197],[100.26273667242486,15.138497828774232],[100.26273667242486,14.346952481235538],[100.3444996354444,14.267641230336128],[100.3444996354444,13.632157808991476],[100.42626259846394,13.473016260652683],[100.3444996354444,13.393405675092884],[100.1809737094053,13.393405675092884],[99.93568482034665,13.15441641275634],[99.77215889430755,13.15441641275634],[99.69039593128801,13.234105605838556],[99.11805519015117,13.234105605838556],[99.03629222713164,13.31376874176118],[98.62747741203387,13.31376874176118],[98.30042555995568,13.552600353511124],[98.13689963391658,13.552600353511124],[98.05513667089703,13.632157808991476],[98.05513667089703,14.10893508717361],[97.89161074485794,14.346952481235538],[97.89161074485794,14.584717246974376],[97.72808481881886,14.822225562456593],[97.72808481881886,15.612019179740411],[97.56455889277974,15.92709579648676],[97.56455889277974,16.398782375777696],[97.4827959297602,16.477286756088855],[97.3192700037211,16.477286756088855],[97.155744077682,16.79098491116825],[96.91045518862336,16.79098491116825],[96.66516629956472,16.477286756088855],[96.50164037352563,16.477286756088855],[96.33811444748652,16.320246327510155],[95.92929963238878,16.163079766767005],[95.52048481729103,15.690834136956786],[95.35695889125195,15.612019179740411],[95.02990703917375,15.612019179740411],[94.70285518709555,15.769618650202736],[94.37580333501735,15.769618650202736],[94.21227740897827,15.92709579648676],[94.21227740897827,16.555759333893388],[94.37580333501735,16.71260854524849],[94.45756629803691,17.26055936641358],[94.53932926105645,17.338706583851206],[94.53932926105645,17.65096151536696],[94.45756629803691,17.728941111116587],[94.45756629803691,18.118327783505812],[94.29404037199781,18.1961019549467],[94.29404037199781,18.42921583835302],[94.21227740897827,18.50685049829797],[94.04875148293917,18.50685049829797],[93.88522555690007,18.42921583835302],[93.80346259388052,18.584449962990846],[93.55817370482188,18.662014106110643],[93.47641074180233,18.81703592393015],[93.55817370482188,18.971914947531967],[93.55817370482188,19.203963559593276],[93.47641074180233,19.281240620710896],[93.47641074180233,19.58998319429063],[93.31288481576323,19.744133362785483],[93.14935888972413,19.744133362785483],[92.98583296368504,19.821152740797313],[92.9040700006655,20.051986596859532],[92.7405440746264,20.128856054518952],[92.65878111160684,20.359237266492745],[92.4134922225482,20.58927523746862],[92.33172925952866,20.58927523746862],[92.00467740745046,21.201007576951152],[92.00467740745046,21.353548741542635],[91.84115148141136,21.429759901925586],[91.84115148141136,22.113857249215297],[91.67762555537227,22.34115970324061],[91.35057370329407,22.34115970324061],[91.10528481423543,22.038008059358187],[90.85999592517679,22.038008059358187],[90.61470703611813,21.810216929089915],[90.45118111007905,21.73420573793472],[90.12412925800085,21.73420573793472],[90.04236629498129,21.810216929089915],[89.8788403689422,21.810216929089915],[89.63355147988356,21.65815432668934],[89.06121073874672,21.582062808133998],[88.97944777572718,21.505931295391278],[88.16181814553168,21.505931295391278],[87.9982922194926,21.65815432668934],[87.8347662934535,21.65815432668934],[87.75300333043396,21.582062808133998],[87.5077144413753,21.582062808133998],[87.42595147835576,21.505931295391278],[87.26242555231666,21.505931295391278],[86.93537370023846,21.27729792838892],[86.93537370023846,20.971900442892792],[87.09889962627756,20.66587773301192],[86.85361073721892,20.435954886184135],[86.85361073721892,20.282481508690942],[86.52655888514073,20.051986596859532],[86.44479592212117,19.898134819652153],[86.28126999608207,19.821152740797313],[86.03598110702343,19.821152740797313],[85.95421814400389,19.744133362785483],[85.79069221796478,19.744133362785483],[85.46364036588659,19.58998319429063],[85.3001144398475,19.435685287437114],[85.21835147682795,19.435685287437114],[84.8095366617302,19.049300599075078],[84.64601073569112,18.73954280165284],[84.0736699945543,18.1961019549467],[83.82838110549562,18.118327783505812],[83.41956629039788,17.728941111116587],[83.41956629039788,17.65096151536696],[83.25604036435877,17.494901098741746],[82.68369962322194,17.26055936641358],[82.4384107341633,17.0259194503274],[82.4384107341633,16.634199974934248],[82.35664777114374,16.477286756088855],[82.19312184510466,16.477286756088855],[82.02959591906554,16.320246327510155],[81.86606999302646,16.320246327510155],[81.78430703000691,16.24167874612868],[81.37549221490916,16.24167874612868],[80.96667739981143,15.612019179740411],[80.88491443679189,15.612019179740411],[80.72138851075277,15.769618650202736],[80.47609962169413,15.769618650202736],[80.31257369565505,15.612019179740411],[80.31257369565505,15.454298483393242],[80.14904776961593,15.296457663972431],[80.14904776961593,14.74308485346482],[80.2308107326355,14.663915368054639],[80.2308107326355,13.950118372508003],[80.31257369565505,13.870668908212036],[80.31257369565505,13.552600353511124],[80.39433665867459,13.473016260652683],[80.39433665867459,13.074701308195037],[80.31257369565505,12.994960438083098],[80.31257369565505,12.595874728965226],[79.90375888055729,11.95605130274947],[79.90375888055729,11.715722421269785],[79.82199591753775,11.635566098214492],[79.82199591753775,11.475184309005547],[79.90375888055729,11.394959143884773],[79.90375888055729,10.430534138919715],[79.98552184357685,10.26949803876102],[79.82199591753775,10.188949144464122],[79.7402329545182,10.26949803876102],[79.49494406545955,10.26949803876102],[79.33141813942046,10.108379892638116],[79.33141813942046,9.947180933446102],[79.08612925036182,9.705233674917487],[79.08612925036182,9.382366047273084],[79.2496551764009,9.301601734120508],[79.2496551764009,9.220818770459823],[79.00436628734228,9.220818770459823],[78.92260332432271,9.14001731260938],[78.75907739828362,9.14001731260938],[78.67731443526407,9.059197517070416],[78.51378850922498,9.059197517070416],[78.26849962016632,8.897503539837677],[78.26849962016632,8.654828964211106],[78.18673665714678,8.573902439126243],[78.18673665714678,8.411997835325646],[77.94144776808814,8.169014416763112],[77.61439591600994,8.006942977330114],[77.3691070269513,8.006942977330114],[77.20558110091221,8.087986840643374],[76.79676628581446,8.49295867686045],[76.79676628581446,8.573902439126243],[76.46971443373627,8.897503539837677],[76.46971443373627,9.059197517070416],[76.30618850769717,9.301601734120508],[76.30618850769717,9.624545523272444],[76.22442554467762,9.705233674917487],[76.22442554467762,9.947180933446102],[76.14266258165807,10.027790437495202],[76.14266258165807,10.188949144464122],[75.81561072957987,10.832757376532719],[75.81561072957987,11.073833535670492],[75.57032184052123,11.555386677324746],[75.16150702542349,11.95605130274947],[74.91621813636485,12.436065221386043],[74.91621813636485,12.595874728965226],[74.75269221032576,12.835401986153729],[74.6709292473062,13.552600353511124],[74.5074033212671,13.870668908212036],[74.5074033212671,14.029540479873853],[74.343877395228,14.267641230336128],[74.343877395228,14.426235662144395],[73.85329961711072,15.059473627506916],[73.77153665409116,15.454298483393242],[73.60801072805208,15.769618650202736],[73.44448480201298,15.92709579648676],[73.44448480201298,16.084449524849163],[73.36272183899344,16.163079766767005],[73.36272183899344,16.398782375777696],[73.28095887597388,16.477286756088855],[73.28095887597388,16.947640496633735],[73.19919591295434,17.0259194503274],[73.19919591295434,17.26055936641358],[73.11743294993478,17.338706583851206],[73.11743294993478,17.728941111116587],[72.9539070238957,17.96267589204548],[72.9539070238957,18.1961019549467],[72.87214406087615,18.273841439568695],[72.87214406087615,18.584449962990846],[72.79038109785661,18.662014106110643],[72.79038109785661,19.126650177792055],[72.70861813483704,19.203963559593276],[72.70861813483704,19.58998319429063],[72.6268551718175,19.667076806784756],[72.6268551718175,19.975079478509983],[72.70861813483704,20.051986596859532],[72.70861813483704,20.282481508690942],[72.79038109785661,20.359237266492745],[72.79038109785661,20.818966776283908],[72.54509220879794,21.124677802055746],[72.6268551718175,21.27729792838892],[72.6268551718175,21.505931295391278],[72.54509220879794,21.582062808133998],[72.38156628275885,21.582062808133998],[72.29980331973931,21.505931295391278],[72.13627739370021,21.124677802055746],[71.31864776350471,20.742441618346486],[71.15512183746563,20.742441618346486],[71.07335887444609,20.66587773301192],[70.66454405934833,20.66587773301192],[70.33749220727015,20.89545308997149],[70.2557292442506,20.89545308997149],[69.35633665103556,21.810216929089915],[69.19281072499648,21.88618778771757],[69.19281072499648,21.962118201723698],[68.94752183593782,22.18966566023413],[68.94752183593782,22.41684511483506],[69.02928479895738,22.492489306805783],[69.27457368801602,22.492489306805783],[69.35633665103556,22.56809216982326],[69.35633665103556,22.71917347341911],[68.86575887291826,22.945482748438938],[68.70223294687918,23.096145889691783],[68.62046998385964,23.096145889691783],[68.375181094801,23.396965032722715],[68.375181094801,23.472063547573285],[68.29341813178144,23.547119343977638],[68.12989220574234,23.547119343977638],[68.12989220574234,23.622132317511294],[67.96636627970325,23.772029380035328],[67.63931442762504,23.772029380035328],[67.39402553856641,23.921753906821245],[67.31226257554685,24.07130507521383],[67.31226257554685,24.369884074605952],[67.23049961252731,24.51891028873317],[66.90344776044911,24.81643214647204],[66.65815887139047,24.81643214647204],[66.57639590837094,24.890701497873806],[66.65815887139047,24.964926207491636],[66.65815887139047,25.261376680349944],[66.41286998233181,25.409331544028717],[65.92229220421454,25.409331544028717],[65.84052924119499,25.33537672336089],[65.3499514630777,25.33537672336089],[65.26818850005816,25.261376680349944],[64.8593736849604,25.261376680349944],[64.69584775892132,25.113241311102627],[64.5323218328822,25.187331510856904],[64.36879590684312,25.187331510856904],[64.28703294382358,25.261376680349944],[64.04174405476493,25.261376680349944],[63.959981091745384,25.113241311102627],[63.79645516570628,25.113241311102627],[63.714692202686734,25.187331510856904],[62.48824775739351,25.187331510856904],[62.40648479437395,25.039106177667584],[61.91590701625667,25.039106177667584],[61.75238109021757,24.964926207491636],[61.670618127198026,25.039106177667584],[61.261803312100284,25.039106177667584],[61.016514423041635,25.187331510856904],[60.77122553398299,25.187331510856904],[60.68946257096344,25.261376680349944],[60.19888479284615,25.261376680349944],[60.1171218298266,25.33537672336089],[59.54478108868977,25.33537672336089],[59.46301812567022,25.409331544028717],[59.217729236611575,25.409331544028717],[59.05420331057248,25.33537672336089],[58.727151458494276,25.557105136691344],[58.23657368037699,25.557105136691344],[58.15481071735745,25.483241046852445],[57.9095218282988,25.630923718765132],[57.7459959022597,25.630923718765132],[57.66423293924016,25.704696698654164],[57.337181087161966,25.704696698654164],[57.25541812414241,25.778423982299643],[57.173655161122866,26.146371690095936],[57.01012923508377,26.36658601885101],[57.01012923508377,26.80575603505419],[56.764840346025125,27.097595967143356],[56.601314419986025,27.097595967143356],[56.43778849394694,26.951770480683336],[56.43778849394694,26.80575603505419],[56.19249960488828,26.80575603505419],[55.94721071582964,26.586381611213557],[55.5383959007319,26.586381611213557],[55.3748699746928,26.43989786328043],[55.3748699746928,26.21982284127377],[55.12958108563416,26.21982284127377],[55.12958108563416,26.29322764791417],[55.29310701167325,26.36658601885101],[55.29310701167325,26.513163090760937],[55.21134404865371,26.586381611213557],[55.04781812261461,26.586381611213557],[54.80252923355596,26.43989786328043],[54.639003307516866,26.43989786328043],[54.475477381477766,26.146371690095936],[54.475477381477766,26.0728742859089],[54.393714418458224,26.146371690095936],[54.475477381477766,26.21982284127377],[54.475477381477766,26.513163090760937],[54.311951455438674,26.65955333492192],[54.148425529399574,26.65955333492192],[54.066662566380025,26.586381611213557],[54.066662566380025,26.43989786328043],[53.98489960336048,26.43989786328043],[53.82137367732138,26.65955333492192],[53.24903293618454,26.732678172532392],[53.167269973165,26.80575603505419]],[[35.34294403490347,4.916791052829874],[35.50646996094256,4.835237384823489],[35.588232923962124,4.672100750699377],[35.75175885000121,4.672100750699377],[35.83352181302075,4.753673896071544],[35.83352181302075,5.242904238404736],[35.75175885000121,5.3244063443376906],[35.50646996094256,5.3244063443376906],[35.34294403490347,5.16139149262242],[35.34294403490347,4.916791052829874]],[[39.75814403795908,15.533173915982236],[39.83990700097862,15.612019179740411],[39.83990700097862,15.769618650202736],[39.75814403795908,15.848372582333015],[39.59461811191998,15.848372582333015],[39.51285514890043,15.769618650202736],[39.51285514890043,15.612019179740411],[39.59461811191998,15.533173915982236],[39.75814403795908,15.533173915982236]],[[39.75814403795908,15.92709579648676],[39.83990700097862,16.00578815608851],[39.83990700097862,16.163079766767005],[39.75814403795908,16.24167874612868],[39.59461811191998,16.24167874612868],[39.51285514890043,16.163079766767005],[39.51285514890043,16.00578815608851],[39.59461811191998,15.92709579648676],[39.75814403795908,15.92709579648676]],[[56.11073664186875,17.65096151536696],[56.11073664186875,17.806886792056076],[56.028973678849184,17.88479842874354],[55.70192182677099,17.88479842874354],[55.45663293771235,17.728941111116587],[55.45663293771235,17.57294813455663],[55.5383959007319,17.494901098741746],[55.94721071582964,17.494901098741746],[56.11073664186875,17.65096151536696]],[[50.632618119559,25.483241046852445],[50.71438108257855,25.557105136691344],[50.71438108257855,25.704696698654164],[50.632618119559,25.778423982299643],[50.469092193519906,25.778423982299643],[50.38732923050035,25.704696698654164],[50.38732923050035,25.557105136691344],[50.469092193519906,25.483241046852445],[50.632618119559,25.483241046852445]],[[35.015892182825276,25.039106177667584],[35.015892182825276,24.890701497873806],[35.261181071883925,24.44441920582598],[35.83352181302075,23.921753906821245],[35.588232923962124,23.772029380035328],[35.588232923962124,23.321823904203313],[35.75175885000121,23.246640267144997],[35.75175885000121,22.945482748438938],[35.99704773905985,22.71917347341911],[36.16057366509895,22.71917347341911],[36.732914406235786,22.18966566023413],[36.896440332274885,22.113857249215297],[36.896440332274885,21.73420573793472],[36.978203295294435,21.65815432668934],[36.978203295294435,21.505931295391278],[37.38701811039217,21.04830871886826],[37.22349218435308,20.89545308997149],[37.22349218435308,20.66587773301192],[37.30525514737263,20.512634249240033],[37.22349218435308,20.435954886184135],[37.22349218435308,19.975079478509983],[37.30525514737263,19.898134819652153],[37.30525514737263,19.512852647125335],[37.38701811039217,19.435685287437114],[37.38701811039217,19.126650177792055],[37.468781073411726,19.049300599075078],[37.468781073411726,18.894493347573352],[37.63230699945082,18.73954280165284],[37.79583292548992,18.73954280165284],[38.12288477756811,18.42921583835302],[38.20464774058766,18.273841439568695],[38.36817366662676,18.273841439568695],[38.69522551870496,17.96267589204548],[39.022277370783144,17.338706583851206],[39.022277370783144,17.104165667924292],[39.10404033380269,17.0259194503274],[39.10404033380269,16.869328939321644],[39.267566259841786,16.634199974934248],[39.349329222861336,16.634199974934248],[39.349329222861336,16.477286756088855],[39.431092185880885,16.398782375777696],[39.59461811191998,16.398782375777696],[39.67638107493953,16.320246327510155],[40.00343292701773,16.320246327510155],[40.08519589003727,16.398782375777696],[40.08519589003727,16.555759333893388],[40.248721816076376,16.555759333893388],[40.248721816076376,16.084449524849163],[40.41224774211546,15.92709579648676],[40.65753663117411,15.92709579648676],[40.90282552023275,15.612019179740411],[41.066351446271845,15.533173915982236],[41.066351446271845,15.454298483393242],[41.22987737231095,15.296457663972431],[41.311640335330495,15.296457663972431],[41.311640335330495,15.217492553965197],[41.066351446271845,15.296457663972431],[40.9845884832523,15.454298483393242],[40.8210625572132,15.454298483393242],[40.65753663117411,15.296457663972431],[40.57577366815456,15.454298483393242],[40.41224774211546,15.454298483393242],[40.33048477909592,15.375393019965754],[40.33048477909592,15.217492553965197],[40.41224774211546,15.138497828774232],[40.57577366815456,15.138497828774232],[40.57577366815456,15.059473627506916],[40.90282552023275,14.74308485346482],[41.066351446271845,14.663915368054639],[41.22987737231095,14.663915368054639],[41.22987737231095,14.584717246974376],[41.475166261369594,14.346952481235538],[41.475166261369594,14.267641230336128],[41.80221811344779,13.950118372508003],[42.04750700250642,13.870668908212036],[42.12926996552598,13.711688482670898],[42.21103292854552,13.711688482670898],[42.37455885458462,13.552600353511124],[42.37455885458462,13.393405675092884],[42.53808478062371,13.234105605838556],[42.61984774364326,13.234105605838556],[42.70161070666281,13.074701308195037],[42.865136632701905,13.074701308195037],[43.02866255874101,12.91519394859574],[43.192188484780104,12.91519394859574],[43.27395144779965,12.994960438083098],[43.27395144779965,13.15441641275634],[43.192188484780104,13.234105605838556],[43.192188484780104,13.870668908212036],[43.110425521760554,13.950118372508003],[42.946899595721455,13.950118372508003],[42.865136632701905,13.870668908212036],[42.865136632701905,13.711688482670898],[42.78337366968236,13.552600353511124],[42.61984774364326,13.632157808991476],[42.61984774364326,13.950118372508003],[42.946899595721455,14.188302051532107],[42.946899595721455,14.505490631242075],[42.865136632701905,14.584717246974376],[42.865136632701905,14.980420089546785],[42.53808478062371,15.217492553965197],[42.53808478062371,15.375393019965754],[42.37455885458462,15.454298483393242],[42.37455885458462,15.533173915982236],[42.21103292854552,15.690834136956786],[42.45632181760417,15.769618650202736],[42.53808478062371,15.92709579648676],[42.70161070666281,15.92709579648676],[42.78337366968236,16.00578815608851],[42.78337366968236,16.163079766767005],[42.70161070666281,16.24167874612868],[42.53808478062371,16.24167874612868],[42.45632181760417,16.084449524849163],[42.29279589156507,16.084449524849163],[42.21103292854552,16.24167874612868],[41.96574403948688,16.24167874612868],[41.88398107646733,16.398782375777696],[41.88398107646733,16.555759333893388],[41.80221811344779,16.634199974934248],[41.556929224389144,16.634199974934248],[41.556929224389144,16.869328939321644],[41.720455150428236,17.104165667924292],[41.96574403948688,17.104165667924292],[41.96574403948688,16.947640496633735],[42.04750700250642,16.869328939321644],[42.21103292854552,16.869328939321644],[42.29279589156507,16.947640496633735],[42.29279589156507,17.338706583851206],[41.80221811344779,17.806886792056076],[41.556929224389144,17.806886792056076],[41.393403298350044,17.728941111116587],[41.393403298350044,17.806886792056076],[41.556929224389144,17.88479842874354],[41.475166261369594,18.273841439568695],[40.9845884832523,18.50685049829797],[40.9845884832523,18.584449962990846],[41.148114409291395,18.662014106110643],[41.148114409291395,18.81703592393015],[40.9845884832523,19.049300599075078],[40.90282552023275,19.049300599075078],[40.90282552023275,19.203963559593276],[40.8210625572132,19.358481237699557],[40.57577366815456,19.58998319429063],[40.57577366815456,19.744133362785483],[40.41224774211546,19.898134819652153],[40.08519589003727,19.898134819652153],[40.08519589003727,20.128856054518952],[39.83990700097862,20.282481508690942],[39.59461811191998,20.282481508690942],[39.51285514890043,20.205687731636445],[39.431092185880885,20.282481508690942],[39.59461811191998,20.359237266492745],[39.59461811191998,20.512634249240033],[39.10404033380269,21.124677802055746],[39.10404033380269,21.582062808133998],[38.940514407763594,21.810216929089915],[39.022277370783144,22.34115970324061],[38.940514407763594,22.41684511483506],[38.940514407763594,22.71917347341911],[38.7769884817245,22.87008815794737],[38.7769884817245,23.020835361316045],[38.613462555685395,23.171414227029864],[38.613462555685395,23.321823904203313],[38.4499366296463,23.472063547573285],[38.20464774058766,23.472063547573285],[38.20464774058766,23.622132317511294],[38.12288477756811,23.697102364103056],[37.95935885152901,23.697102364103056],[37.87759588850947,23.772029380035328],[37.87759588850947,24.07130507521383],[37.71406996247037,24.22068206823738],[37.550544036431276,24.22068206823738],[37.38701811039217,24.369884074605952],[37.38701811039217,24.51891028873317],[37.14172922133354,24.74211825130297],[37.05996625831398,24.890701497873806],[37.05996625831398,25.113241311102627],[36.48762551717714,25.557105136691344],[36.48762551717714,25.778423982299643],[36.56938848019669,25.852105476003764],[36.56938848019669,25.99933072060288],[36.32409959113805,26.146371690095936],[36.32409959113805,26.43989786328043],[36.2423366281185,26.513163090760937],[36.0788107020794,26.513163090760937],[35.99704773905985,26.586381611213557],[35.99704773905985,26.732678172532392],[35.83352181302075,26.80575603505419],[35.83352181302075,26.951770480683336],[35.66999588698166,27.097595967143356],[35.66999588698166,27.315978371235868],[35.50646996094256,27.46132841500069],[35.50646996094256,27.53393171202965],[35.17941810886437,27.751453684862266],[35.097655145844826,27.751453684862266],[35.015892182825276,27.89622755977853],[34.443551441688435,27.89622755977853],[34.280025515649335,27.751453684862266],[34.280025515649335,27.678994431409244],[34.11649958961024,27.60648707904272],[34.11649958961024,27.46132841500069],[34.0347366265907,27.388677272950122],[34.0347366265907,26.65955333492192],[34.443551441688435,25.925741086429927],[34.607077367727534,25.778423982299643],[34.77060329376663,25.483241046852445],[34.77060329376663,25.33537672336089],[35.015892182825276,25.039106177667584]],[[33.05358107035612,28.760786523471396],[33.13534403337567,28.832514428522174],[33.13534403337567,28.975821967379034],[32.97181810733657,29.11893129249336],[32.808292181297475,29.11893129249336],[32.72652921827792,29.047401445378597],[32.72652921827792,28.904192935853025],[32.89005514431702,28.760786523471396],[33.05358107035612,28.760786523471396]],[[67.06697368648821,35.211078714146545],[66.98521072346865,35.14417708219245],[66.98521072346865,34.80884429014877],[66.90344776044911,34.74161313369878],[66.90344776044911,34.40463699776226],[66.82168479742957,34.33707804256234],[66.82168479742957,33.93058242157109],[66.73992183441003,33.86264331424231],[66.73992183441003,33.45387441591688],[66.65815887139047,33.38555772422082],[66.65815887139047,32.974531312178875],[66.57639590837094,32.90583972306655],[66.57639590837094,32.492572278732496],[66.49463294535137,32.42350859922188],[66.49463294535137,32.14672528812218],[66.41286998233181,32.07739761526647],[66.41286998233181,31.799561389225182],[66.33110701931227,31.72997126111949],[66.33110701931227,31.451088361379703],[66.24934405629273,31.381237360585036],[66.24934405629273,31.171372736105432],[66.16758109327318,31.101314206590892],[66.16758109327318,30.89082858526326],[66.00405516723409,30.609460200596274],[66.00405516723409,30.39789564227884],[66.08581813025363,30.327271965847093],[66.65815887139047,30.327271965847093],[67.23049961252731,30.820563591351533],[67.23049961252731,30.89082858526326],[67.7210773906446,31.101314206590892],[68.70223294687918,31.101314206590892],[68.78399590989872,31.031203960300108],[69.02928479895738,31.031203960300108],[69.19281072499648,31.101314206590892],[69.35633665103556,31.311334379084734],[69.4380996140551,31.66032883044521],[69.6016255400942,31.93858448487943],[70.33749220727015,32.69944520398445],[70.33749220727015,32.83709480351395],[70.4192551702897,32.90583972306655],[70.4192551702897,33.38555772422082],[70.33749220727015,33.52213732870651],[70.58278109632879,33.658501599972205],[70.82806998538743,33.658501599972205],[70.90983294840699,33.72660285052141],[70.90983294840699,33.93058242157109],[71.07335887444609,33.99846737589433],[71.15512183746563,34.13407461764671],[71.23688480048517,34.13407461764671],[71.72746257860247,34.53959132805778],[72.13627739370021,34.53959132805778],[72.4633292457784,34.40463699776226],[72.79038109785661,34.13407461764671],[72.9539070238957,33.86264331424231],[73.44448480201298,33.38555772422082],[73.85329961711072,33.2487632237955],[74.09858850616938,33.043169513566205],[74.58916628428666,33.043169513566205],[74.75269221032576,33.18028552578215],[74.99798109938439,33.2487632237955],[75.16150702542349,33.043169513566205],[75.16150702542349,32.90583972306655],[75.32503295146262,32.76829661115727],[75.65208480354079,32.63054064033559],[75.89737369259944,32.63054064033559],[76.38795147071671,32.42350859922188],[77.0420551748731,31.93858448487943],[77.12381813789267,31.93858448487943],[77.3691070269513,31.72997126111949],[77.6961588790295,31.59063416086079],[77.8596848050686,31.451088361379703],[78.59555147224452,31.171372736105432],[78.75907739828362,31.031203960300108],[79.08612925036182,30.89082858526326],[79.2496551764009,30.89082858526326],[79.82199591753775,30.609460200596274],[79.98552184357685,30.609460200596274],[80.39433665867459,30.39789564227884],[80.63962554773323,30.39789564227884],[80.80315147377233,30.25659732808071],[80.88491443679189,30.25659732808071],[80.88491443679189,30.185871799817942],[81.13020332585052,29.973390585850762],[81.45725517792872,29.404552837645856],[81.45725517792872,29.26184178645072],[81.70254406698736,28.832514428522174],[81.70254406698736,28.617182834366627],[81.78430703000691,28.545307208299572],[81.78430703000691,28.401408790829933],[81.86606999302646,28.257314687413388],[82.19312184510466,27.968542014526466],[82.52017369718284,27.968542014526466],[82.76546258624151,28.113025544541802],[83.17427740133922,28.18519445527642],[83.41956629039788,28.329386159595664],[83.58309221643697,28.329386159595664],[83.99190703153472,28.545307208299572],[84.40072184663246,28.545307208299572],[84.56424777267155,28.401408790829933],[85.21835147682795,28.113025544541802],[85.38187740286705,28.113025544541802],[85.62716629192569,27.968542014526466],[85.87245518098435,27.968542014526466],[85.95421814400389,27.89622755977853],[86.28126999608207,27.89622755977853],[86.36303295910162,27.823864755498533],[86.77184777419937,27.823864755498533],[86.85361073721892,27.751453684862266],[87.26242555231666,27.751453684862266],[87.3441885153362,27.678994431409244],[87.75300333043396,27.678994431409244],[87.8347662934535,27.60648707904272],[88.24358110855123,27.60648707904272],[88.32534407157078,27.53393171202965],[88.89768481270762,27.53393171202965],[88.97944777572718,27.46132841500069],[89.63355147988356,27.46132841500069],[89.71531444290311,27.388677272950122],[90.85999592517679,27.388677272950122],[90.94175888819633,27.46132841500069],[91.43233666631362,27.46132841500069],[91.51409962933319,27.53393171202965],[91.9229144444309,27.53393171202965],[92.00467740745046,27.60648707904272],[92.2499662965091,27.60648707904272],[92.33172925952866,27.678994431409244],[92.5770181485873,27.678994431409244],[93.06759592670458,27.89622755977853],[93.23112185274368,27.89622755977853],[93.47641074180233,28.040808036930315],[93.63993666784143,28.040808036930315],[93.72169963086097,28.113025544541802],[94.04875148293917,28.113025544541802],[94.37580333501735,28.257314687413388],[94.53932926105645,28.257314687413388],[94.78461815011511,28.473382500486554],[94.9481440761542,28.760786523471396],[94.9481440761542,28.904192935853025],[95.11167000219329,29.11893129249336],[95.11167000219329,29.404552837645856],[95.19343296521285,29.475833382668707],[95.19343296521285,29.68937419435687],[95.11167000219329,29.76045394227375],[95.11167000219329,30.115095452258092],[95.02990703917375,30.185871799817942],[95.02990703917375,30.39789564227884],[94.86638111313465,30.679879330522407],[94.86638111313465,30.820563591351533],[94.78461815011511,30.89082858526326],[94.78461815011511,31.101314206590892],[94.62109222407602,31.381237360585036],[94.62109222407602,31.520887316381504],[94.53932926105645,31.59063416086079],[94.37580333501735,31.59063416086079],[94.29404037199781,31.66032883044521],[94.04875148293917,31.66032883044521],[93.72169963086097,31.799561389225182],[93.47641074180233,31.799561389225182],[93.14935888972413,31.93858448487943],[92.98583296368504,31.93858448487943],[92.9040700006655,32.008017326892755],[92.7405440746264,32.008017326892755],[92.65878111160684,32.07739761526647],[92.49525518556774,32.07739761526647],[92.4134922225482,32.14672528812218],[92.2499662965091,32.14672528812218],[92.16820333348956,32.21600028393664],[92.00467740745046,32.21600028393664],[91.9229144444309,32.28522254154152],[91.75938851839182,32.28522254154152],[91.67762555537227,32.354392000123084],[91.51409962933319,32.354392000123084],[91.43233666631362,32.42350859922188],[91.18704777725497,32.42350859922188],[90.85999592517679,32.561582978903175],[90.69646999913768,32.561582978903175],[90.61470703611813,32.63054064033559],[90.45118111007905,32.63054064033559],[90.36941814705949,32.69944520398445],[90.12412925800085,32.69944520398445],[90.04236629498129,32.76829661115727],[89.8788403689422,32.76829661115727],[89.79707740592265,32.83709480351395],[89.55178851686401,32.83709480351395],[89.22473666478582,32.974531312178875],[89.06121073874672,32.974531312178875],[88.97944777572718,33.043169513566205],[88.73415888666852,33.043169513566205],[88.40710703459035,33.18028552578215],[88.24358110855123,33.18028552578215],[88.16181814553168,33.2487632237955],[87.9982922194926,33.2487632237955],[87.91652925647304,33.3171873084526],[87.75300333043396,33.3171873084526],[87.6712403674144,33.38555772422082],[87.5077144413753,33.38555772422082],[87.42595147835576,33.45387441591688],[87.26242555231666,33.45387441591688],[87.18066258929713,33.52213732870651],[87.017136663258,33.52213732870651],[86.93537370023846,33.590346408104075],[86.77184777419937,33.590346408104075],[86.69008481117982,33.658501599972205],[86.52655888514073,33.658501599972205],[85.70892925494523,33.99846737589433],[85.54540332890615,33.99846737589433],[84.40072184663246,34.472141442809175],[84.23719592059336,34.6069866042055],[83.66485517945652,34.80884429014877],[83.50132925341742,34.94314214677447],[83.25604036435877,35.01020875209914],[82.84722554926104,35.27792526272669],[82.35664777114374,35.47813395429187],[81.86606999302646,35.81070925321895],[81.78430703000691,35.81070925321895],[81.13020332585052,36.27398330453769],[81.04844036283097,36.27398330453769],[80.47609962169413,36.73452458539442],[80.39433665867459,36.73452458539442],[79.49494406545955,37.4526788990318],[79.49494406545955,37.517627686243586],[78.84084036130317,38.03518186502999],[78.84084036130317,38.09962112844721],[77.5326329529904,39.186377446536866],[77.28734406393176,39.565994303234675],[77.0420551748731,39.75502796942272],[75.97913665561899,39.75502796942272],[75.89737369259944,39.81792425054365],[74.91621813636485,39.81792425054365],[74.8344551733453,39.880763022227434],[73.36272183899344,39.880763022227434],[73.28095887597388,39.81792425054365],[72.79038109785661,39.81792425054365],[72.70861813483704,39.75502796942272],[72.4633292457784,39.75502796942272],[72.38156628275885,39.692074202094986],[72.13627739370021,39.692074202094986],[72.05451443068065,39.6290629720895],[71.89098850464156,39.6290629720895],[71.80922554162201,39.565994303234675],[71.56393665256337,39.565994303234675],[71.40041072652427,39.43968474579109],[71.23688480048517,39.43968474579109],[68.21165516876188,38.22832929746358],[68.0481292427228,38.22832929746358],[67.80284035366415,38.09962112844721],[67.63931442762504,38.09962112844721],[67.39402553856641,37.9706858575867],[67.39402553856641,37.841523738253215],[67.47578850158595,37.77685769096874],[67.47578850158595,36.93105949460668],[67.39402553856641,36.86560396799121],[67.39402553856641,36.471693566956176],[67.31226257554685,36.40584598511239],[67.31226257554685,36.14189753570945],[67.23049961252731,36.075771094786404],[67.23049961252731,35.87705804153788],[67.14873664950777,35.81070925321895],[67.06697368648821,35.211078714146545]],[[28.965432919378703,40.94020212088967],[28.638381067300507,40.94020212088967],[28.39309217824186,41.06374415814788],[28.147803289183216,41.06374415814788],[27.984277363144116,40.94020212088967],[27.82075143710502,41.00200208697886],[27.657225511065924,41.00200208697886],[27.493699585026828,40.87834427755865],[27.493699585026828,40.75445503131652],[27.575462548046378,40.69242366519613],[27.738988474085474,40.69242366519613],[27.90251440012457,40.56818754109459],[28.229566252202762,40.44372035673654],[28.39309217824186,40.44372035673654],[28.556618104280957,40.6303344954167],[28.88366995635915,40.6303344954167],[29.047195882398245,40.75445503131652],[29.047195882398245,40.87834427755865],[28.965432919378703,40.94020212088967]]],[[[41.96574403948688,15.138497828774232],[41.96574403948688,15.217492553965197],[42.12926996552598,15.217492553965197],[42.21103292854552,14.980420089546785],[42.12926996552598,14.980420089546785],[42.04750700250642,15.138497828774232],[41.96574403948688,15.138497828774232]]],[[[53.00374404712591,24.890701497873806],[52.8402181210868,24.890701497873806],[52.8402181210868,25.187331510856904],[52.92198108410635,25.187331510856904],[52.92198108410635,24.964926207491636],[53.08550701014545,24.890701497873806],[53.08550701014545,24.81643214647204],[53.00374404712591,24.890701497873806]]],[[[54.475477381477766,25.852105476003764],[54.475477381477766,25.99933072060288],[54.55724034449733,25.852105476003764],[54.475477381477766,25.852105476003764]]],[[[66.24934405629273,44.13549515911395],[66.24934405629273,43.60443962576925],[66.08581813025363,43.48578481568783],[65.75876627817543,43.48578481568783],[65.59524035213634,43.54514141469962],[65.0228996109995,43.9590024262624],[65.0228996109995,44.31146196317749],[65.18642553703859,44.486902750845104],[65.3499514630777,44.42848093913759],[65.67700331515589,44.42848093913759],[65.84052924119499,44.31146196317749],[66.08581813025363,44.25286480417647],[66.24934405629273,44.13549515911395]]],[[[51.695536638813124,44.19420920174062],[51.53201071277403,44.19420920174062],[51.45024774975448,44.13549515911395],[51.20495886069584,44.13549515911395],[51.1231958976763,44.076722679789086],[50.87790700861765,44.076722679789086],[50.87790700861765,44.13549515911395],[50.71438108257855,44.25286480417647],[50.469092193519906,44.25286480417647],[50.223803304461256,44.370000675747534],[50.223803304461256,44.60357101043],[50.305566267480806,44.66181745452792],[50.71438108257855,44.66181745452792],[50.7961440455981,44.72000543938289],[50.7961440455981,44.89421862688765],[51.04143293465674,45.06790564956901],[51.20495886069584,45.12568439735632],[51.20495886069584,45.241066505303536],[51.28672182371538,45.35621476849763],[51.45024774975448,45.413701211227064],[51.613773675793574,45.413701211227064],[51.695536638813124,45.471129196735134],[52.431403305989065,45.471129196735134],[52.676692195047714,45.643062429191524],[52.8402181210868,45.700256606235115],[53.00374404712591,45.700256606235115],[53.167269973165,45.58580980355892],[53.167269973165,45.12568439735632],[52.92198108410635,44.952172764376],[52.8402181210868,44.952172764376],[51.85906256485222,44.25286480417647],[51.695536638813124,44.19420920174062]]],[[[66.65815887139047,44.836206026481186],[66.49463294535137,44.72000543938289],[65.67700331515589,44.72000543938289],[65.43171442609724,44.89421862688765],[65.3499514630777,45.0100684386291],[65.3499514630777,45.18340468238937],[65.75876627817543,45.471129196735134],[65.92229220421454,45.5284987268316],[66.08581813025363,45.5284987268316],[66.16758109327318,45.58580980355892],[66.41286998233181,45.58580980355892],[66.65815887139047,45.413701211227064],[66.73992183441003,45.29866986697051],[66.73992183441003,44.952172764376],[66.65815887139047,44.836206026481186]]],[[[100.0174477833662,8.978359540525622],[100.0174477833662,8.654828964211106],[100.1809737094053,8.49295867686045],[100.26273667242486,8.49295867686045],[100.3444996354444,8.331020072603462],[100.3444996354444,8.169014416763112],[100.42626259846394,8.087986840643374],[100.42626259846394,7.7637152541095915],[100.50802556148348,7.682607832700275],[100.50802556148348,7.439193261038031],[100.58978852450304,7.276841555936937],[100.99860333960078,6.870708009922895],[101.40741815469852,6.95196313756046],[101.57094408073762,6.870708009922895],[102.0615218588549,6.301542303959798],[102.225047784894,6.220180597242422],[102.3885737109331,6.220180597242422],[102.55209963697219,5.894609449631238],[102.7156255630113,5.813186394556349],[102.79738852603084,5.650305101125759],[103.04267741508949,5.56884718853935],[103.20620334112857,5.405897646916471],[103.53325519320677,4.753673896071544],[103.53325519320677,3.937535022195422],[103.45149223018723,3.8558743582021577],[103.45149223018723,3.610845956142512],[103.53325519320677,3.5291549029862037],[103.53325519320677,2.8753817661964436],[103.77854408226541,2.630115620768044],[103.94207000830453,2.5483492977091853],[103.94207000830453,2.384801236735789],[104.35088482340225,1.6486135560963877],[104.35088482340225,1.3213243864475896],[104.26912186038271,1.2394949382195093],[103.53325519320677,1.1576629612766778],[103.20620334112857,1.5667958907132038],[102.96091445206993,1.6486135560963877],[102.79738852603084,1.8122386325176651],[102.63386259999173,1.8122386325176651],[102.63386259999173,1.894045710246705],[102.47033667395264,2.0576481117489123],[102.30681074791354,2.0576481117489123],[102.14328482187447,2.139443102444104],[101.65270704375716,2.5483492977091853],[101.57094408073762,2.5483492977091853],[101.32565519167896,2.7936320211127965],[101.24389222865942,2.7936320211127965],[101.24389222865942,3.2023205062982862],[101.16212926563988,3.365751410365416],[100.67155148752258,3.8558743582021577],[100.67155148752258,4.019187675926002],[100.50802556148348,4.264095925670821],[100.58978852450304,4.4273250175709],[100.58978852450304,4.5905181129300425],[100.3444996354444,4.916791052829874],[100.3444996354444,5.894609449631238],[100.09921074638574,6.382891254234457],[99.60863296826847,6.870708009922895],[99.60863296826847,7.0332042167879045],[99.28158111619025,7.358024834169413],[99.28158111619025,7.520346676391544],[99.19981815317071,7.601484920228801],[99.03629222713164,7.601484920228801],[99.03629222713164,7.7637152541095915],[98.87276630109251,7.925882985731155],[98.62747741203387,7.925882985731155],[98.46395148599478,7.7637152541095915],[98.46395148599478,7.682607832700275],[98.30042555995568,7.682607832700275],[98.21866259693613,7.844807024915051],[98.30042555995568,8.006942977330114],[98.30042555995568,8.411997835325646],[99.19981815317071,9.301601734120508],[99.60863296826847,9.301601734120508],[99.77215889430755,9.382366047273084],[99.93568482034665,9.301601734120508],[99.93568482034665,9.059197517070416],[100.0174477833662,8.978359540525622]]],[[[111.2189737170443,19.898134819652153],[111.30073668006386,19.975079478509983],[111.30073668006386,19.898134819652153],[111.2189737170443,19.898134819652153]]],[[[109.25666260457515,20.89545308997149],[109.17489964155561,20.89545308997149],[109.09313667853606,21.04830871886826],[109.17489964155561,21.124677802055746],[109.17489964155561,21.04830871886826],[109.25666260457515,20.89545308997149]]],[[[105.82261815775414,25.778423982299643],[106.14967000983232,26.36658601885101],[106.55848482493006,26.732678172532392],[107.04906260304736,26.951770480683336],[107.45787741814509,27.024706887624145],[107.53964038116463,27.097595967143356],[107.78492927022329,27.097595967143356],[107.86669223324283,27.17043763206574],[108.27550704834057,27.17043763206574],[108.35727001136014,27.2432317955794],[109.01137371551651,27.2432317955794],[109.09313667853606,27.17043763206574],[109.42018853061424,27.17043763206574],[109.5019514936338,27.097595967143356],[109.6654774196729,27.097595967143356],[109.74724038269245,27.024706887624145],[109.91076630873154,27.024706887624145],[110.07429223477064,26.951770480683336],[110.31958112382928,26.732678172532392],[110.40134408684884,26.586381611213557],[110.48310704986838,26.21982284127377],[110.56487001288792,26.146371690095936],[110.56487001288792,25.852105476003764],[110.72839593892702,25.557105136691344],[110.89192186496612,25.409331544028717],[110.89192186496612,25.33537672336089],[111.38249964308342,24.890701497873806],[111.5460255691225,24.81643214647204],[112.11836631025935,24.81643214647204],[112.2001292732789,24.890701497873806],[113.26304779253303,24.890701497873806],[113.34481075555259,24.81643214647204],[113.50833668159167,24.81643214647204],[113.83538853366986,24.66775991074165],[114.57125520084581,24.07130507521383],[114.73478112688488,23.772029380035328],[114.898307052924,23.622132317511294],[114.98007001594353,23.396965032722715],[115.14359594198264,23.246640267144997],[115.30712186802174,22.945482748438938],[115.30712186802174,22.794651697078457],[115.38888483104127,22.71917347341911],[115.14359594198264,22.71917347341911],[114.98007001594353,22.56809216982326],[114.98007001594353,22.492489306805783],[114.81654408990444,22.492489306805783],[114.73478112688488,22.41684511483506],[114.48949223782625,22.41684511483506],[114.32596631178714,22.18966566023413],[114.32596631178714,21.962118201723698],[114.2442033487676,21.962118201723698],[114.08067742272851,21.810216929089915],[113.91715149668941,21.88618778771757],[113.67186260763076,21.88618778771757],[113.59009964461121,21.962118201723698],[113.42657371857213,21.962118201723698],[113.26304779253303,21.810216929089915],[113.01775890347437,21.810216929089915],[112.85423297743529,21.505931295391278],[112.6907070513962,21.582062808133998],[112.28189223629845,21.582062808133998],[112.2001292732789,21.505931295391278],[112.11836631025935,21.582062808133998],[111.95484038422025,21.582062808133998],[111.87307742120069,21.505931295391278],[111.62778853214206,21.505931295391278],[111.5460255691225,21.429759901925586],[111.38249964308342,21.429759901925586],[111.30073668006386,21.353548741542635],[110.81015890194658,21.353548741542635],[110.64663297590747,21.124677802055746],[110.64663297590747,20.971900442892792],[110.72839593892702,20.89545308997149],[110.56487001288792,20.742441618346486],[110.56487001288792,20.435954886184135],[110.64663297590747,20.359237266492745],[110.64663297590747,20.205687731636445],[110.81015890194658,20.051986596859532],[110.97368482798568,20.051986596859532],[111.05544779100522,19.898134819652153],[111.13721075402476,19.898134819652153],[111.05544779100522,19.821152740797313],[111.05544779100522,19.58998319429063],[110.64663297590747,19.203963559593276],[110.64663297590747,19.049300599075078],[110.56487001288792,18.971914947531967],[110.56487001288792,18.662014106110643],[110.48310704986838,18.584449962990846],[110.31958112382928,18.584449962990846],[110.07429223477064,18.35154610979272],[109.91076630873154,18.35154610979272],[109.829003345712,18.1961019549467],[109.6654774196729,18.118327783505812],[109.5019514936338,18.118327783505812],[109.25666260457515,18.273841439568695],[109.09313667853606,18.273841439568695],[108.68432186343831,18.50685049829797],[108.68432186343831,18.73954280165284],[108.60255890041877,18.81703592393015],[108.60255890041877,19.281240620710896],[109.17489964155561,19.744133362785483],[109.17489964155561,19.821152740797313],[109.3384255675947,19.975079478509983],[109.58371445665337,19.975079478509983],[109.91076630873154,20.128856054518952],[109.829003345712,20.512634249240033],[109.74724038269245,20.58927523746862],[109.74724038269245,20.742441618346486],[109.6654774196729,20.818966776283908],[109.6654774196729,21.124677802055746],[109.74724038269245,21.201007576951152],[109.74724038269245,21.353548741542635],[109.6654774196729,21.429759901925586],[109.42018853061424,21.429759901925586],[109.17489964155561,21.27729792838892],[108.92961075249697,21.582062808133998],[108.43903297437967,21.582062808133998],[108.35727001136014,21.810216929089915],[108.11198112230147,22.038008059358187],[107.78492927022329,22.18966566023413],[107.294351492106,22.64365359490563],[106.72201075096916,23.772029380035328],[106.55848482493006,23.921753906821245],[106.06790704681278,24.81643214647204],[106.06790704681278,24.964926207491636],[105.82261815775414,25.409331544028717],[105.82261815775414,25.778423982299643]]],[[[120.37642557523372,26.513163090760937],[120.53995150127281,26.43989786328043],[120.53995150127281,26.36658601885101],[120.45818853825328,26.36658601885101],[120.37642557523372,26.513163090760937]]],[[[122.91107742883973,30.53898982958977],[122.99284039185926,30.39789564227884],[122.91107742883973,30.39789564227884],[122.91107742883973,30.53898982958977]]]]}}
