{"type":"Feature","properties":{"name":"Falco peregrinus illustrated total range","source":"https://commons.wikimedia.org/wiki/File:PeregrineRangeMap.png","attribution":"MPF  (latest version)","license":"CC BY-SA 3.0","license_url":"http://creativecommons.org/licenses/by-sa/3.0/","derivation":"Colored seasonal areas from the licensed reference raster traced without smoothing or hand editing and combined as total range. Global inverse Robinson georeferencing; longitudes unwrapped and split at +/-180. White cartographic boundary gaps retained.","projection_fit":{"projection":"Robinson +proj=robin +R=1","canvas_width":1200,"scale_x":236.71017520634362,"scale_y":-227.0812521107273,"translate_x":576.758278085357,"translate_y":306.6396674488243,"central_meridian":11.739160792895303,"median_coastline_residual_px":0.8933593,"p95_coastline_residual_px":4.033212,"rmse_coastline_residual_px":8.22889},"limitations":"Derived from an illustrated reference, not source expert GIS data. Approximate historical boundaries and cartographic gaps remain. No seasonality asserted.","id":"wanderfalke","sourceImageSha256":"92354965f80a1d205d4c14d595df284bdd61ee11033e295af4b2a2968670f3e8"},"geometry":{"type":"MultiPolygon","coordinates":[[[[-89.83447227586161,0.9143751059679439],[-89.83202461859295,0.6932233655238169],[-90.0703969625919,0.4720716264664013],[-89.83022369431568,0.4720716264664013],[-89.5918470918104,0.6932233655238169],[-89.83447227586161,0.9143751059679439]]],[[[-76.90743167353705,8.212382588999198],[-77.16203011764705,8.433534227000356],[-77.16222791452668,8.433341786254234],[-76.90743167353705,8.212382588999198]]],[[[-92.31986299670913,15.068086935342036],[-92.35182814430682,15.289240576384804],[-92.35216836797893,15.289512785331421],[-92.31986299670913,15.068086935342036]]],[[[-77.52121130584936,18.606540676283817],[-78.49699989341507,18.606540676283817],[-78.46385279164528,18.385388699067796],[-78.21999525562428,18.385388699067796],[-77.94339264473655,18.1642363910614],[-76.7245499909207,18.1642363910614],[-77.00070757551937,18.385388699067796],[-77.24456511154037,18.385388699067796],[-77.52121130584936,18.606540676283817]]],[[[-73.5867020712256,18.385388699067796],[-73.34284453520462,18.385388699067796],[-73.13016266180371,18.606540676283817],[-73.37410980869512,18.606540676283817],[-73.5867020712256,18.385388699067796]]],[[[-74.34989839626084,18.606540676283817],[-74.07441714326757,18.385388699067796],[-73.5867020712256,18.385388699067796],[-73.862004102478,18.606540676283817],[-74.34989839626084,18.606540676283817]]],[[[-72.7363138991065,19.269994309111635],[-72.46068152632922,19.048843512713006],[-72.88621551491227,18.606540676283817],[-72.154374074238,18.606540676283817],[-71.87969931907871,18.385388699067796],[-71.94134233487281,18.827692291301407],[-71.728297665624,19.048843512713006],[-71.82208038545316,19.712294501245054],[-72.5552871411127,19.712294501245054],[-72.83151985969862,19.93344383416906],[-73.32050840755844,19.93344383416906],[-73.28849389677227,19.712294501245054],[-73.04409164488574,19.712294501245054],[-72.76794729474692,19.49114464909089],[-72.7363138991065,19.269994309111635]]],[[[-82.86365691341598,21.481457084924152],[-82.90066498191882,21.702604278434567],[-83.1459091232332,21.702604278434567],[-83.10880515417362,21.481457084924152],[-82.86365691341598,21.481457084924152]]],[[[-78.87670569990053,22.587197648988862],[-79.36798113862122,22.587197648988862],[-79.65131740748363,22.80834772690669],[-80.14279558082845,22.80834772690669],[-80.42705537688761,23.029498733409092],[-83.13131557111828,23.029498733409092],[-83.33740370756976,22.80834772690669],[-83.82888188091455,22.80834772690669],[-84.03509780646773,22.587197648988862],[-84.28073552582808,22.587197648988862],[-84.20295602009014,22.144899809953344],[-84.41006685261269,21.923751814368966],[-84.16472590859675,21.923751814368966],[-83.95751727595403,22.144899809953344],[-83.71207853181794,22.144899809953344],[-83.50500048068643,22.36604838241614],[-83.0139252061395,22.36604838241614],[-82.60018644755252,22.80834772690669],[-81.86296918753531,22.80834772690669],[-81.5787206128643,22.587197648988862],[-81.54069938249872,22.36604838241614],[-80.55854883340487,22.36604838241614],[-80.27593611391265,22.144899809953344],[-79.78505862564045,22.144899809953344],[-79.5032479722941,21.923751814368966],[-79.46724700351761,21.702604278434567],[-79.18643330205151,21.481457084924152],[-78.9412850612939,21.481457084924152],[-78.66105683341037,21.260310116613503],[-77.92589739124459,21.260310116613503],[-77.64640463634105,21.03916325627965],[-77.612190608384,20.818016386700148],[-78.03366003916405,20.37572215091367],[-77.99973232200422,20.154574550259117],[-77.75514583584263,20.154574550259117],[-77.54430212448568,20.37572215091367],[-76.32090733778975,20.37572215091367],[-76.04304043271158,20.154574550259117],[-75.30928097422685,20.154574550259117],[-75.0975125510938,20.37572215091367],[-74.36347567907625,20.37572215091367],[-74.9186755652077,20.818016386700148],[-75.16354056913283,20.818016386700148],[-75.44177573730586,21.03916325627965],[-75.93169327042479,21.03916325627965],[-76.21052535952441,21.260310116613503],[-76.45557850691301,21.260310116613503],[-76.7349508944752,21.481457084924152],[-76.98009913523285,21.481457084924152],[-77.82154867255171,22.144899809953344],[-78.0669874166878,22.144899809953344],[-78.3487100979437,22.36604838241614],[-78.59424773521715,22.36604838241614],[-78.87670569990053,22.587197648988862]]],[[[-74.1399675105103,22.144899809953344],[-74.38540625464641,22.144899809953344],[-74.59642909197551,21.923751814368966],[-74.10574720394365,21.923751814368966],[-74.1399675105103,22.144899809953344]]],[[[-72.27914480731138,22.80834772690669],[-72.52488389398378,22.80834772690669],[-72.24448727717126,22.587197648988862],[-72.27914480731138,22.80834772690669]]],[[[-72.98140043525228,22.587197648988862],[-72.7706229806562,22.80834772690669],[-73.0163620673286,22.80834772690669],[-73.22703815461264,22.587197648988862],[-72.98140043525228,22.587197648988862]]],[[[-78.47074965278185,25.683422148521174],[-78.71796751495116,25.683422148521174],[-78.67161091965842,25.462252212883158],[-78.87309008494616,25.241083453418412],[-78.00159127148498,24.577591628601063],[-78.04428742211404,24.798754285122726],[-78.29101271999573,24.798754285122726],[-78.5815020876584,25.01991630775607],[-78.37915637847564,25.241083453418412],[-78.47074965278185,25.683422148521174]]],[[[-77.17841055432906,26.56849001139497],[-77.12898929519035,26.346934635886697],[-77.17789226195917,26.56810489959117],[-77.17841055432906,26.56849001139497]]],[[[-78.66438332253095,26.56810489959117],[-78.71498283806898,26.789274151147477],[-78.91213183262622,26.56810489959117],[-78.66438332253095,26.56810489959117]]],[[[-77.22765977773155,26.789274151147477],[-77.52632269174725,27.010441952916732],[-77.47554695445446,26.789274151147477],[-77.17841055432906,26.56849001139497],[-77.22765977773155,26.789274151147477]]],[[[-79.01449224844033,27.010441952916732],[-78.71498283806898,26.789274151147477],[-78.51843572954265,27.010441952916732],[-79.01449224844033,27.010441952916732]]],[[[-96.1813410677615,19.269994309111635],[-96.22175388515632,19.49114464909089],[-96.79195870482963,19.93344383416906],[-96.87393975428151,20.37572215091367],[-97.15990907669199,20.596869390652536],[-97.28509603494366,21.260310116613503],[-97.57255135887381,21.481457084924152],[-97.70208694757528,22.144899809953344],[-97.99172107982079,22.36604838241614],[-98.12766755730661,23.029498733409092],[-97.92830104123671,23.250650785740483],[-98.02340378549069,23.692958496896175],[-97.8258499770897,23.9141143902395],[-97.92560197221681,24.35643083880927],[-97.73022876572671,24.577591628601063],[-97.83540462878767,25.01991630775607],[-97.64257093082645,25.241083453418412],[-97.69763103641363,25.462252212883158],[-97.5065250398204,25.683422148521174],[-97.56356250799095,25.904592822680097],[-98.05825637855915,25.904592822680097],[-98.36409042406365,26.125763797692926],[-98.17603074495126,26.346934635886697],[-97.680806240251,26.346934635886697],[-97.4932700897734,26.56810489959117],[-97.67988364252501,27.23160786728881],[-97.49590966842142,27.452771456690883],[-97.56118016825683,27.673932283596137],[-97.37890988038153,27.895089910532402],[-97.44618279188695,28.116243900090836],[-97.26561042378783,28.3373938149345],[-97.01668450942599,28.3373938149345],[-96.8367217237877,28.558539217807112],[-96.58763760099116,28.558539217807112],[-96.40827563780218,28.77967967154155],[-96.15903082801215,28.77967967154155],[-95.98026092860705,29.000814739068623],[-95.73085294485061,29.000814739068623],[-95.55266635114525,29.22194398342558],[-95.30309269789673,29.22194398342558],[-94.94860508030594,29.664183255362403],[-94.69869256658743,29.664183255362403],[-94.34678466957286,30.10637885705198],[-93.84626175597597,30.10637885705198],[-93.67103241625482,30.327472104312946],[-92.66927352623449,30.327472104312946],[-92.34469301518538,30.10637885705198],[-92.09443155838694,30.10637885705198],[-91.77143359699802,29.885292409626825],[-91.52134787449431,29.885292409626825],[-91.19991737452814,29.664183255362403],[-90.45017983337256,29.664183255362403],[-90.1306441124548,29.443066967764814],[-89.63116045853823,29.443066967764814],[-89.700442292217,29.664183255362403],[-89.52066209446477,29.885292409626825],[-89.59181699040262,30.10637885705198],[-89.23595256316821,30.548559972391],[-88.98533206362241,30.548559972391],[-88.80818535047649,30.769644092548454],[-88.30657780759356,30.769644092548454],[-88.12968418408065,30.99072609577111],[-87.62770514050221,30.99072609577111],[-87.30336272182768,30.769644092548454],[-87.05255895038621,30.769644092548454],[-86.72974756771016,30.548559972391],[-86.22850656861854,30.548559972391],[-85.90740101859744,30.327472104312946],[-85.65696129609235,30.327472104312946],[-85.33737222482927,30.10637885705198],[-84.8368493112324,30.10637885705198],[-84.65520240607206,30.327472104312946],[-84.15432296106191,30.327472104312946],[-82.5748363822227,29.22194398342558],[-82.38984260158675,28.558539217807112],[-82.57898147643992,28.3373938149345],[-82.34852980333002,27.452771456690883],[-82.0450624085747,27.23160786728881],[-81.93751613546668,26.789274151147477],[-81.6373654436745,26.56810489959117],[-81.53555946887755,26.125763797692926],[-81.23866477924079,25.904592822680097],[-81.19014613664449,25.683422148521174],[-80.94292827447516,25.683422148521174],[-80.64834028243818,25.462252212883158],[-80.44849255013649,25.683422148521174],[-80.49662397338851,25.904592822680097],[-80.29816748687857,26.125763797692926],[-80.34794857574202,26.346934635886697],[-80.1508743831027,26.56810489959117],[-80.30786004924688,27.23160786728881],[-80.61030588438513,27.452771456690883],[-81.01578190321969,29.000814739068623],[-81.32696811598016,29.22194398342558],[-81.78567975011545,30.769644092548454],[-81.60395661756101,30.99072609577111],[-81.67395292000191,31.21180761288858],[-81.3135453780614,31.65397571206761],[-81.38586145713565,31.875065556090348],[-80.85103329696005,32.538377844486526],[-80.59867549044621,32.538377844486526],[-80.24400438557296,32.98063799335977],[-79.99123425611201,32.98063799335977],[-79.46175765462615,33.64413884059647],[-79.20835169994304,33.64413884059647],[-78.85688368176433,34.08656558795439],[-78.60304246876504,34.08656558795439],[-78.42763208398743,34.30781173584841],[-77.91950767023107,34.30781173584841],[-77.56881038742333,34.75037779501436],[-77.31429954296543,34.75037779501436],[-76.78993165844638,35.41445959819942],[-76.53473138090979,35.41445959819942],[-76.6157776027003,35.63587815332727],[-76.4419640508507,35.857332517373514],[-76.18629281728892,35.857332517373514],[-76.26850520203466,36.078825001245065],[-76.60771887683589,36.300357919812924],[-76.43550007632622,36.521933592157275],[-76.52032620133028,36.743554341814004],[-76.86295947803804,36.96522249702237],[-76.69274675821512,37.18694039097415],[-77.14101245697499,38.29635798197553],[-76.80971829848579,38.74055547808651],[-76.45765272103758,38.518423614527386],[-76.36567030287955,38.29635798197553],[-76.53293729025091,38.07435620546422],[-76.44280475473484,37.852415916768145],[-76.09603994969713,37.630534754142545],[-76.26558883000413,37.4087103620642],[-76.17845893912572,37.18694039097415],[-75.5002144993473,38.07435620546422],[-75.86712124203613,38.962755954624214],[-75.70207118594023,39.18502743338126],[-75.348588161184,38.962755954624214],[-75.25577689119362,38.74055547808651],[-74.90534948127738,38.518423614527386],[-73.90849658651638,39.852291890048875],[-74.30220670114572,40.743091852588734],[-74.14164947866567,40.966013246325545],[-73.7790005691577,40.743091852588734],[-73.51739750316369,40.743091852588734],[-73.2557944371697,40.743091852588734],[-72.99419137117567,40.743091852588734],[-72.8320933480974,40.966013246325545],[-73.09400457421106,40.966013246325545],[-73.45715254065207,41.18902539817913],[-73.29694606091503,41.41213029135836],[-72.50933271723156,41.41213029135836],[-72.34860844249327,41.63532991709402],[-70.77147215784707,41.63532991709402],[-70.6092151798644,41.858626274831494],[-70.87239273233293,41.858626274831494],[-71.23781145707457,42.082021372425565],[-71.44520667163745,42.52911586183285],[-71.28582327243367,42.75281931318531],[-71.3915112549176,42.97662962387765],[-70.91624290418797,43.64872228931766],[-70.65038480617747,43.64872228931766],[-70.49189624264767,43.87298066366087],[-70.22569055844018,43.87298066366087],[-70.06693918826556,44.09735626020403],[-69.80038337647694,44.09735626020403],[-69.64133369946273,44.321851182101874],[-69.10751688746788,44.321851182101874],[-68.94777862936701,44.54646754321361],[-68.68051523832057,44.54646754321361],[-68.5204059922734,44.771207468327056],[-68.25278530218613,44.771207468327056],[-68.0922702801121,44.99607309338572],[-67.82429005493134,44.99607309338572],[-67.66335047972301,45.22108153947509],[-67.7710621124108,45.44620717419558],[-67.61041761765242,45.67146763267748],[-67.23365014496736,45.44620717419558],[-67.12666653841661,45.22108153947509],[-66.96494416124563,45.44620717419558],[-66.69623817752388,45.44620717419558],[-66.53412794763966,45.67146763267748],[-65.4578382776269,45.67146763267748],[-65.29426055740772,45.89686644376137],[-65.0248191488961,45.89686644376137],[-64.65062102511736,45.67146763267748],[-64.38154860761416,45.67146763267748],[-64.00917834030663,45.44620717419558],[-64.1749048612315,45.22108153947509],[-65.51661471449745,45.22108153947509],[-65.68044825348538,44.99607309338572],[-65.94842847866612,44.99607309338572],[-66.4384328274936,44.321851182101874],[-66.23260529532762,43.87298066366087],[-65.86493904198822,43.64872228931766],[-65.06736474795669,43.64872228931766],[-64.40430098157745,44.54646754321361],[-64.13703759053104,44.54646754321361],[-63.97085426078962,44.771207468327056],[-63.70323357070235,44.771207468327056],[-63.53660645203941,44.99607309338572],[-62.73266577649716,44.99607309338572],[-62.56485303731236,45.22108153947509],[-62.02816909600598,45.22108153947509],[-61.85953047053282,45.44620717419558],[-61.59082448681109,45.44620717419558],[-61.690824432582275,45.67146763267748],[-61.52208083824512,45.89686644376137],[-60.44431520419866,45.89686644376137],[-60.274077167239156,46.122407157237234],[-60.00426407194466,46.122407157237234],[-60.103849960375584,46.3480933444613],[-60.374037578866535,46.3480933444613],[-60.74535826256084,46.57392859898241],[-60.84732830557908,46.79991653717813],[-60.67884513942623,47.02606079890111],[-60.78222082431627,47.25236504813613],[-61.62314264371163,46.122407157237234],[-61.892955739006126,46.122407157237234],[-61.79152224675671,45.89686644376137],[-61.95989685008547,45.67146763267748],[-63.03618652009821,45.67146763267748],[-63.40817069782642,45.89686644376137],[-63.677612106338046,45.89686644376137],[-64.0514605013621,46.122407157237234],[-64.3212735966566,46.122407157237234],[-64.69703947472178,46.3480933444613],[-64.8038350759472,46.57392859898241],[-65.1824602656733,46.79991653717813],[-65.29144911496218,47.02606079890111],[-65.67312619202235,47.25236504813613],[-65.35191415114924,47.705468289759665],[-65.624416628681,47.705468289759665],[-66.01045338858134,47.932274736845166],[-66.12513999938507,48.15925608223023],[-65.96731495236885,48.386416120808526],[-65.69360466302356,48.386416120808526],[-65.30522940222144,48.15925608223023],[-64.48531880505779,48.15925608223023],[-64.32505321629716,48.386416120808526],[-64.05134292695189,48.386416120808526],[-64.28028417264437,48.841287599440456],[-64.5548212618066,48.841287599440456],[-64.94660319642122,49.069006773840144],[-66.87130549742513,49.069006773840144],[-67.0256550642666,48.841287599440456],[-67.57472924259105,48.841287599440456],[-67.72876331821384,48.61375867578964],[-68.00288473706108,48.61375867578964],[-68.15699726713108,48.386416120808526],[-68.43070755647636,48.386416120808526],[-68.58487179087604,48.15925608223023],[-68.85817532326391,48.15925608223023],[-69.01236419745223,47.932274736845166],[-69.28526518007683,47.932274736845166],[-69.43945131412553,47.705468289759665],[-70.22469298520332,48.15925608223023],[-70.34667958189333,48.386416120808526],[-70.04556304505105,48.841287599440456],[-69.77102595588882,48.841287599440456],[-69.62088021314501,49.069006773840144],[-69.34592274157302,49.069006773840144],[-69.19595199292267,49.29692011164956],[-68.92056925245197,49.29692011164956],[-68.77080090985426,49.52503155689504],[-68.49498783638607,49.52503155689504],[-68.34544903196343,49.75334508576745],[-67.79295172896798,49.75334508576745],[-67.49421840093956,50.210594129593666],[-66.93994590682198,50.210594129593666],[-66.7907434371516,50.439538644199196],[-65.95797803031749,50.439538644199196],[-65.80807937119155,50.66870082740324],[-63.5837089562735,50.66870082740324],[-63.182093340870395,50.439538644199196],[-61.79415099614684,50.439538644199196],[-61.637384843220204,50.66870082740324],[-60.803245937625945,50.66870082740324],[-60.64564605028673,50.89808448025056],[-59.53160711133778,50.89808448025056],[-59.372651206282185,51.127693437566464],[-59.0936724499044,51.127693437566464],[-58.934720021107594,51.35753156873702],[-58.655266665633235,51.35753156873702],[-58.49628694926119,51.58760277850525],[-57.93641990813691,51.58760277850525],[-57.77689645666,51.81791100778406],[-57.49647721666271,51.81791100778406],[-57.3368595097446,52.04846023448637],[-57.05594900781384,52.04846023448637],[-56.73681052323418,52.510297781918624],[-56.45490091852672,52.510297781918624],[-56.577741809292164,52.74159425119728],[-56.41898060937949,52.97314801678634],[-56.54395677357674,53.20496325469138],[-56.38627581865424,53.43704418329124],[-57.62815184497504,54.13492395310379],[-57.91373102420394,54.13492395310379],[-58.33301849014374,54.368110710039275],[-58.6191436393121,54.368110710039275],[-58.770468561890624,54.13492395310379],[-59.05604774111953,54.13492395310379],[-59.20708042467952,53.90202020377985],[-59.49211904043075,53.90202020377985],[-59.64289040464513,53.669395064304894],[-60.49640082733217,53.669395064304894],[-60.91731211918693,53.90202020377985],[-60.622019683490535,54.368110710039275],[-59.76364423598548,54.368110710039275],[-59.61475293347398,54.60158491978302],[-59.32807642393735,54.60158491978302],[-59.17885783930454,54.83535107604993],[-59.46609108303099,54.83535107604993],[-59.89322062194003,55.06939395141792],[-60.034459457453266,55.30375716871591],[-60.6111849615113,55.30375716871591],[-61.04385005704634,55.53842603701665],[-61.1895253219227,55.7734051953853],[-61.62668319877828,56.00869933641387],[-61.7757297978124,56.244313207443994],[-62.6618461391015,56.71651941017368],[-62.52389995877019,56.953121521741124],[-62.679295932061905,57.19006292571367],[-62.54244612855912,57.42734866262329],[-62.700178029276145,57.664983835763906],[-63.15437661561768,57.90297361264979],[-63.31574745757946,58.14132322651251],[-63.77489661717425,58.38003797783734],[-63.939988020986775,58.61912323594088],[-63.80909359045701,58.85858444059114],[-64.14583569280794,59.33865681089018],[-64.61615613024293,59.579279223537064],[-64.96393146819534,60.06171729597173],[-65.08945569918097,59.82030008028887],[-65.38968422524637,59.82030008028887],[-65.76593410689223,59.098427103671455],[-66.06414480002968,59.098427103671455],[-66.3151630279259,58.61912323594088],[-66.61205990379327,58.61912323594088],[-66.73738867482906,58.38003797783734],[-67.03363788059454,58.38003797783734],[-67.15864646453984,58.14132322651251],[-67.45425408045989,58.14132322651251],[-67.57895734402223,57.90297361264979],[-69.9408838108163,59.098427103671455],[-70.12337491526023,59.33865681089018],[-70.00804804897636,59.579279223537064],[-70.19334064229282,59.82030008028887],[-70.07946791272848,60.06171729597173],[-70.45753373885296,60.54580301993338],[-70.95228054335696,60.788478180843754],[-71.14655836003121,61.03158401192108],[-71.45027979971948,61.03158401192108],[-72.45619703969943,61.51911571264012],[-72.76136274797462,61.51911571264012],[-73.270095649118,61.76355586227456],[-73.57599387577895,61.76355586227456],[-74.08889062755397,62.00845524773602],[-75.3154417076662,62.00845524773602],[-75.83479952247961,62.253821287905595],[-77.37172160717401,62.253821287905595],[-77.46190609786258,62.00845524773602],[-77.76854386789063,62.00845524773602],[-77.85856904903218,61.76355586227456],[-78.16446727569314,61.76355586227456],[-77.94917978865254,61.51911571264012],[-78.0403744373772,61.27512749386451],[-77.8284300331725,61.03158401192108],[-77.92149995765308,60.788478180843754],[-77.71283850514929,60.54580301993338],[-77.80775184279499,60.303551651047655],[-77.6023156252772,60.06171729597173],[-77.89417590444819,59.33865681089018],[-78.19305286557082,59.33865681089018],[-78.3890771571817,58.85858444059114],[-77.8005206376609,58.14132322651251],[-77.31303494651219,57.90297361264979],[-76.74814003717901,57.19006292571367],[-77.07285587357121,56.480251611820044],[-76.89145707989731,56.244313207443994],[-77.22424403026926,55.53842603701665],[-77.51317963693396,55.53842603701665],[-77.62458733122325,55.30375716871591],[-77.91295008325228,55.30375716871591],[-78.02432458087189,55.06939395141792],[-78.31211988180732,55.06939395141792],[-78.42348516897533,54.83535107604993],[-78.71071841270177,54.83535107604993],[-78.82207907242757,54.60158491978302],[-79.1087555819642,54.60158491978302],[-79.22015437943317,54.368110710039275],[-79.79240467776985,54.368110710039275],[-79.6177486456003,54.13492395310379],[-79.15978352726611,53.90202020377985],[-79.27363012644693,53.669395064304894],[-78.93646857967727,53.20496325469138],[-79.05343892560978,52.97314801678634],[-78.72575969041729,52.510297781918624],[-78.84597534025428,52.27925447437294],[-78.68605765648246,52.04846023448637],[-78.93143395029666,51.58760277850525],[-79.2113674708588,51.58760277850525],[-79.33481497073676,51.35753156873702],[-79.61426832621115,51.35753156873702],[-79.73810042185931,51.127693437566464],[-80.29605793461485,51.127693437566464],[-81.1709021147937,51.58760277850525],[-81.33211261643127,51.81791100778406],[-81.77607317772083,52.04846023448637],[-81.94145557734791,52.27925447437294],[-82.3905845516145,52.510297781918624],[-82.56014450266383,52.74159425119728],[-82.44860767304434,52.97314801678634],[-82.79583639616962,53.43704418329124],[-82.68767181719507,53.669395064304894],[-82.86528553203219,53.90202020377985],[-82.54887369640365,54.60158491978302],[-82.73198382487178,54.83535107604993],[-83.01921706859821,54.83535107604993],[-83.49243529864498,55.06939395141792],[-84.35582120145128,55.06939395141792],[-84.83365613194866,55.30375716871591],[-85.69874438803572,55.30375716871591],[-86.18124783687483,55.53842603701665],[-86.47018344353953,55.53842603701665],[-87.44537976622651,56.00869933641387],[-87.73547748046748,56.00869933641387],[-88.22825254146098,56.244313207443994],[-88.51893960457798,56.244313207443994],[-89.01541817844475,56.480251611820044],[-89.30670018588069,56.480251611820044],[-89.80692769076488,56.71651941017368],[-90.97445808008375,56.71651941017368],[-91.4802994573858,56.953121521741124],[-91.77278834121017,56.953121521741124],[-92.79547792346708,57.42734866262329],[-93.01745006352773,57.664983835763906],[-93.53649761732876,57.90297361264979],[-93.99231560525348,58.38003797783734],[-94.28856481101896,58.38003797783734],[-95.34946620418798,58.85858444059114],[-95.28879272749806,59.098427103671455],[-95.52791661068242,59.33865681089018],[-95.46975988743974,59.579279223537064],[-95.71276535785212,59.82030008028887],[-95.49605326326932,60.788478180843754],[-95.19304372351733,60.788478180843754],[-95.14055209540217,61.03158401192108],[-94.83683065571394,61.03158401192108],[-94.73329374378693,61.51911571264012],[-94.42812803551178,61.51911571264012],[-94.32698344940567,62.00845524773602],[-94.02034567937761,62.00845524773602],[-93.9704801218732,62.253821287905595],[-93.66309570493432,62.253821287905595],[-93.61344629844098,62.499661518642974],[-92.99716980345013,62.499661518642974],[-92.94696729612393,62.74598359595003],[-92.63806795274861,62.74598359595003],[-92.58805790908616,62.99279529923635],[-91.9687223333483,62.99279529923635],[-91.91812057912905,63.24010453469116],[-92.49092467076557,63.48791933876557],[-92.75583320336058,63.736247881769984],[-92.66616939964275,64.23447955753632],[-92.35254612711962,64.23447955753632],[-91.77205292394922,63.985098471591485],[-90.52078581830521,63.985098471591485],[-90.4708064919807,64.23447955753632],[-89.52993667441125,64.23447955753632],[-89.47846287719767,64.48439973430244],[-88.53514991792662,64.48439973430244],[-88.48214112018739,64.73486774608807],[-88.16688110635155,64.73486774608807],[-90.509966118296,65.74243181292202],[-90.42710470683586,66.24978788240588],[-90.10673430966222,66.24978788240588],[-89.50944466078596,65.99580009031686],[-89.1899481003239,65.99580009031686],[-88.01093199725939,65.48966916280185],[-87.74504147917611,65.23749852954697],[-87.42811233614466,65.23749852954697],[-87.37537960394909,65.48966916280185],[-87.05760340729393,65.48966916280185],[-87.00501504170836,65.74243181292202],[-86.68638312565493,65.74243181292202],[-86.63397561662748,65.99580009031686],[-86.31447905616544,65.99580009031686],[-86.21123915351149,66.50440936384763],[-83.31995583659028,66.50440936384763],[-83.26206509564484,66.75967900720639],[-82.93991833661181,66.75967900720639],[-82.88229091308357,67.01561159408122],[-82.5592410508604,67.01561159408122],[-82.44585282808636,67.52952634016819],[-82.71693885035677,67.78753971491467],[-82.61360217786644,68.305759177752],[-82.28587514146221,68.305759177752],[-82.56420009716935,68.56599867652167],[-82.51640112355915,68.82701428765154],[-82.8009521530427,69.08882373050379],[-83.13162708278735,69.08882373050379],[-83.75263623798035,69.3514451593223],[-85.74273653752583,69.3514451593223],[-85.97516414598446,67.78753971491467],[-86.30098667554725,67.78753971491467],[-86.34450197842756,67.52952634016819],[-86.66938940762266,67.52952634016819],[-86.71343798472391,67.27222222672319],[-87.0374012993043,67.27222222672319],[-87.08193912198476,67.01561159408122],[-87.4049889842079,67.01561159408122],[-88.61871398279324,67.52952634016819],[-88.9075669120494,67.78753971491467],[-88.8731476822348,68.04627849017761],[-89.16814290595086,68.305759177752],[-89.1099941167447,68.82701428765154],[-89.43967376640396,68.82701428765154],[-90.07580060742481,69.08882373050379],[-90.40647553716944,69.08882373050379],[-90.42871271538176,68.82701428765154],[-90.75839236504103,68.82701428765154],[-92.04472081941977,69.3514451593223],[-92.36451697405774,69.61489718073125],[-93.02243850225825,69.87919887209894],[-93.35219185591673,70.14436617492593],[-93.35082101720359,70.41041978427283],[-93.68919923268231,70.6773653659106],[-93.69474906741469,70.94521196749457],[-94.04269062885123,71.21396879067898],[-94.73664258879579,71.48364519481166],[-95.41721560556985,71.48364519481166],[-95.39930104283701,71.21396879067898],[-95.73845364633345,71.21396879067898],[-95.72297136899086,70.94521196749457],[-96.06100841925354,70.94521196749457],[-96.04777208820963,70.6773653659106],[-96.38471106757066,70.6773653659106],[-96.37353901103539,70.41041978427283],[-96.70939656590558,70.41041978427283],[-96.70011158330381,70.14436617492593],[-96.36531961056511,70.14436617492593],[-94.36650450222278,69.3514451593223],[-94.39729736208574,68.56599867652167],[-95.0546916545811,68.56599867652167],[-95.08175773324005,68.04627849017761],[-95.40852668329296,68.04627849017761],[-95.42401750330485,67.78753971491467],[-95.74984003286762,67.78753971491467],[-95.78441079297463,67.27222222672319],[-96.10837410755501,67.27222222672319],[-96.14793545696638,66.75967900720639],[-97.40422736587655,67.27222222672319],[-97.72819068045693,67.27222222672319],[-99.00806532849533,67.78753971491467],[-100.31135544674642,67.78753971491467],[-100.31466143381684,67.52952634016819],[-101.93909857979234,67.52952634016819],[-102.59211315368583,67.78753971491467],[-103.56958074237411,67.78753971491467],[-104.2312883347214,68.04627849017761],[-104.88482623482723,68.04627849017761],[-105.55449472616193,68.305759177752],[-105.88222176256616,68.305759177752],[-105.86513308498597,68.04627849017761],[-106.51867098509177,68.04627849017761],[-106.5019835084391,67.78753971491467],[-107.4794510971274,67.78753971491467],[-107.46218487610905,67.52952634016819],[-107.78707230530412,67.52952634016819],[-107.77105343244878,67.27222222672319],[-107.43408044204423,67.01561159408122],[-107.40673575703998,66.24978788240588],[-108.7116590592549,66.75967900720639],[-109.04932975316008,67.01561159408122],[-109.7148333199311,67.27222222672319],[-110.06128430966986,67.52952634016819],[-110.73767639275512,67.78753971491467],[-111.71514398144343,67.78753971491467],[-111.68572145564532,67.52952634016819],[-114.60970831840122,67.52952634016819],[-115.99497053662606,68.04627849017761],[-116.09130901443245,68.56599867652167],[-115.7626118681848,68.56599867652167],[-116.14372538880532,68.82701428765154],[-118.45148293642025,68.82701428765154],[-119.17519442495323,69.08882373050379],[-119.83654428444252,69.08882373050379],[-120.56949177957124,69.3514451593223],[-121.56454192934395,69.3514451593223],[-122.30800488700346,69.61489718073125],[-124.63694283578816,69.61489718073125],[-124.54969237866216,69.3514451593223],[-125.54474252843487,69.3514451593223],[-126.30046994206292,69.61489718073125],[-126.63317536331787,69.61489718073125],[-127.39780989067997,69.87919887209894],[-127.73155136047048,69.87919887209894],[-128.50534899348108,70.14436617492593],[-128.84014096621982,70.14436617492593],[-128.732775769842,69.87919887209894],[-129.0665172396325,69.87919887209894],[-128.96211331210253,69.61489718073125],[-129.62752415461247,69.61489718073125],[-130.4014831187945,69.87919887209894],[-131.40270752816602,69.87919887209894],[-131.29105126088723,69.61489718073125],[-132.28916752465207,69.61489718073125],[-132.17841019358642,69.3514451593223],[-133.1734603433591,69.3514451593223],[-133.06354147422817,69.08882373050379],[-134.05556626346208,69.08882373050379],[-133.94642647040624,68.82701428765154],[-137.90258226631758,68.82701428765154],[-138.6850152798871,69.08882373050379],[-139.67704006912103,69.08882373050379],[-140.47049477502577,69.3514451593223],[-141.4655449247985,69.3514451593223],[-142.27033016230067,69.61489718073125],[-142.93574100481055,69.61489718073125],[-143.75114191041462,69.87919887209894],[-145.75359072915762,69.87919887209894],[-146.58411552137133,70.14436617492593],[-149.262451303281,70.14436617492593],[-150.11074779026774,70.41041978427283],[-151.79003556461876,70.41041978427283],[-152.65352062086575,70.6773653659106],[-154.33821551767102,70.6773653659106],[-155.21749221522458,70.94521196749457],[-157.24571451680077,70.94521196749457],[-157.0337273525594,70.6773653659106],[-159.05536122872567,70.6773653659106],[-158.84304421689296,70.41041978427283],[-161.19404710098442,70.41041978427283],[-160.98017034913576,70.14436617492593],[-162.31933824009062,70.14436617492593],[-162.1069227488922,69.87919887209894],[-162.7744056884732,69.87919887209894],[-162.56536085885276,69.61489718073125],[-163.23077170136267,69.61489718073125],[-163.0249648365409,69.3514451593223],[-163.3566482197985,69.3514451593223],[-163.15496008099055,69.08882373050379],[-163.8163099404798,69.08882373050379],[-163.6175949397411,68.82701428765154],[-165.92535248735607,68.82701428765154],[-165.72457809783185,68.56599867652167],[-166.3819723903272,68.56599867652167],[-166.18399646094295,68.305759177752],[-166.51172349734716,68.305759177752],[-165.9906198947208,68.04627849017761],[-162.67560688220578,67.01561159408122],[-162.34836649910332,66.50440936384763],[-162.66962020098347,66.50440936384763],[-162.51044407090993,66.24978788240588],[-162.83081446808356,66.24978788240588],[-162.67415700659606,65.99580009031686],[-163.9521432484443,65.99580009031686],[-164.75303685112556,66.24978788240588],[-166.35488883699384,66.24978788240588],[-166.18861917167865,65.99580009031686],[-167.14710885306482,65.99580009031686],[-166.98162597111764,65.74243181292202],[-167.30025788717106,65.74243181292202],[-167.13720496439282,65.48966916280185],[-167.454981161048,65.48966916280185],[-167.294256380069,65.23749852954697],[-166.97732723703754,65.23749852954697],[-166.18829877765774,64.98589249084205],[-165.24002742034114,64.98589249084205],[-164.45980445462493,64.73486774608807],[-163.5140244131174,64.73486774608807],[-163.6595751581467,64.98589249084205],[-163.34348470570782,64.98589249084205],[-163.49110666369165,65.23749852954697],[-162.85724837762874,65.23749852954697],[-161.30720431626654,64.73486774608807],[-161.0360428096896,64.23447955753632],[-161.34966608221276,64.23447955753632],[-160.96087878446315,63.48791933876557],[-161.27210584861632,63.48791933876557],[-161.14705807875202,63.24010453469116],[-162.3888327424224,63.24010453469116],[-162.2633101795945,62.99279529923635],[-164.12131690680806,62.99279529923635],[-163.99381627244696,62.74598359595003],[-164.9205143025729,62.74598359595003],[-164.7933814698823,62.499661518642974],[-165.71779621236857,62.499661518642974],[-165.59104926863088,62.253821287905595],[-165.89843368556976,62.253821287905595],[-165.7735838659428,62.00845524773602],[-165.0395636474015,61.76355586227456],[-164.92140664707637,61.51911571264012],[-165.53173806362668,61.51911571264012],[-165.1102538519365,61.27512749386451],[-164.99648322369734,61.03158401192108],[-164.1718869701804,60.54580301993338],[-163.2649738743934,60.54580301993338],[-163.37019016771833,60.788478180843754],[-162.6603651438687,60.54580301993338],[-162.25738840154378,60.303551651047655],[-162.06326961830632,59.82030008028887],[-162.36349814437173,59.82030008028887],[-162.26930976952602,59.579279223537064],[-162.56885932056676,59.579279223537064],[-162.476355902148,59.33865681089018],[-162.1774789410254,59.33865681089018],[-161.49156660400814,59.098427103671455],[-161.19335591087074,59.098427103671455],[-160.51306622689623,58.85858444059114],[-159.91796485682582,58.85858444059114],[-160.000513138321,59.098427103671455],[-159.70230244518353,59.098427103671455],[-159.78646325204446,59.33865681089018],[-159.48758629092185,59.33865681089018],[-158.13266074661462,58.85858444059114],[-157.91018455198875,58.14132322651251],[-158.20579216790878,58.14132322651251],[-158.13537625203486,57.90297361264979],[-158.43034830059517,57.90297361264979],[-158.3614732829826,57.664983835763906],[-158.6558157299171,57.664983835763906],[-158.58847910850963,57.42734866262329],[-158.8821978638,57.42734866262329],[-158.81639731702884,57.19006292571367],[-159.10949823588544,57.19006292571367],[-159.0452316208222,56.953121521741124],[-159.3377205046466,56.953121521741124],[-159.2749858552368,56.71651941017368],[-159.85875104989623,56.71651941017368],[-159.7969459853782,56.480251611820044],[-160.3795100002501,56.480251611820044],[-160.31864419448127,56.244313207443994],[-160.60933125759828,56.244313207443994],[-160.5500037549563,56.00869933641387],[-159.67971061223335,56.00869933641387],[-159.73727006824723,56.244313207443994],[-159.1558959420132,56.244313207443994],[-159.21438197050628,56.480251611820044],[-158.92309996307037,56.480251611820044],[-158.98310325790706,56.71651941017368],[-158.39933806324763,56.71651941017368],[-158.4602538531734,56.953121521741124],[-157.87527608552463,56.953121521741124],[-157.93709456045903,57.19006292571367],[-157.6439936416024,57.19006292571367],[-157.70732284263852,57.42734866262329],[-157.41360408734815,57.42734866262329],[-157.47844594217912,57.664983835763906],[-157.18410349524467,57.664983835763906],[-157.25046010635396,57.90297361264979],[-156.95548805779367,57.90297361264979],[-157.02336170422868,58.14132322651251],[-156.72775408830864,58.14132322651251],[-156.79714722753582,58.38003797783734],[-155.90839961023934,58.38003797783734],[-155.9780195398775,58.61912323594088],[-155.08732891227535,58.61912323594088],[-155.15715389626268,58.85858444059114],[-154.85960321122747,58.85858444059114],[-154.93093135498464,59.098427103671455],[-154.6327206618472,59.098427103671455],[-154.70555491296005,59.33865681089018],[-154.40667795183742,59.33865681089018],[-154.5575564666712,59.82030008028887],[-154.25732794060582,59.82030008028887],[-154.3353622932744,60.06171729597173],[-154.03444838477245,60.06171729597173],[-154.1140305905216,60.303551651047655],[-153.51081890081625,60.303551651047655],[-153.59123418599827,60.54580301993338],[-153.28892982073592,60.54580301993338],[-152.6060013662582,60.303551651047655],[-152.4559567842134,59.82030008028887],[-152.75618531027882,59.82030008028887],[-152.68372413622214,59.579279223537064],[-152.9832736872629,59.579279223537064],[-152.84345650302262,59.098427103671455],[-153.14166719616003,59.098427103671455],[-153.0090507812036,58.61912323594088],[-152.3534091410536,58.38003797783734],[-152.05715993528807,58.38003797783734],[-152.11836015360143,58.61912323594088],[-151.52456640186668,58.61912323594088],[-151.58654567584028,58.85858444059114],[-150.9914443057699,58.85858444059114],[-151.054192344198,59.098427103671455],[-150.45777095792312,59.098427103671455],[-150.82015441836603,59.33865681089018],[-150.95481415388636,59.82030008028887],[-151.3262232082549,60.06171729597173],[-151.3995779868475,60.303551651047655],[-150.49476045228948,60.303551651047655],[-150.5681905333748,60.54580301993338],[-149.96358180285011,60.54580301993338],[-150.03777041863015,60.788478180843754],[-149.73476087887812,60.788478180843754],[-149.81041123928534,61.03158401192108],[-149.5066897995971,61.03158401192108],[-149.58380682346612,61.27512749386451],[-148.97492654783986,61.27512749386451],[-148.29180404084414,61.03158401192108],[-147.38063972177943,61.03158401192108],[-146.7046654813581,60.788478180843754],[-145.79563686210207,60.788478180843754],[-145.12671195865258,60.54580301993338],[-144.21979886286553,60.54580301993338],[-143.557826020678,60.303551651047655],[-142.04979679641463,60.303551651047655],[-140.74704426766266,59.82030008028887],[-140.44681574159725,59.82030008028887],[-138.52934323242584,59.098427103671455],[-138.1967648492564,58.85858444059114],[-137.0065621091156,58.85858444059114],[-136.3828257326298,58.61912323594088],[-136.0859288567624,58.61912323594088],[-134.8527905102265,58.14132322651251],[-134.53761236721073,57.90297361264979],[-133.93105018742062,57.664983835763906],[-132.71366949823283,56.71651941017368],[-132.7033731983646,56.244313207443994],[-132.12043365265356,55.7734051953853],[-130.4030693511195,55.06939395141792],[-130.41270228345908,54.83535107604993],[-130.69993552718552,54.83535107604993],[-130.42385078901933,54.60158491978302],[-130.4365560805675,54.368110710039275],[-130.1652633691155,54.13492395310379],[-130.18169574673755,53.90202020377985],[-129.6515083885356,53.43704418329124],[-129.1070330060038,53.20496325469138],[-128.8492472213165,52.97314801678634],[-128.3117666366444,52.74159425119728],[-128.3736591337524,52.27925447437294],[-128.12630599629645,52.04846023448637],[-128.16212569597656,51.81791100778406],[-127.44346776245781,51.127693437566464],[-126.88551024970228,51.127693437566464],[-126.37394344827554,50.89808448025056],[-126.0954337135383,50.89808448025056],[-125.58803427211417,50.66870082740324],[-125.1385577891689,50.210594129593666],[-124.86142154211011,50.210594129593666],[-123.38178945655794,49.52503155689504],[-123.17096912517742,49.29692011164956],[-95.63269507810865,49.29692011164956],[-95.19192506933977,49.069006773840144],[-95.30297524797554,48.841287599440456],[-122.75668416419784,48.841287599440456],[-122.5530470876606,48.61375867578964],[-122.62534484684186,48.386416120808526],[-122.4256676712889,48.15925608223023],[-122.73368881526001,47.25236504813613],[-123.00540578013256,47.25236504813613],[-123.47135738229225,47.47883297366776],[-123.24557826845255,48.15925608223023],[-123.51888180084042,48.15925608223023],[-123.99389629356826,48.386416120808526],[-124.54131687225878,48.386416120808526],[-125.02013985728568,48.61375867578964],[-124.61209593039196,48.15925608223023],[-124.68416465287548,47.932274736845166],[-124.28768095426558,47.47883297366776],[-124.36399060449538,47.25236504813613],[-124.16998221445031,47.02606079890111],[-124.24863322195704,46.79991653717813],[-124.05759655138824,46.57392859898241],[-124.13831554273143,46.3480933444613],[-123.94996765674007,46.122407157237234],[-124.03248761294005,45.89686644376137],[-123.84655287581869,45.67146763267748],[-124.01516431689323,45.22108153947509],[-123.83215711770752,44.99607309338572],[-124.44264288985578,43.42457904450276],[-124.26708571459581,43.20054884680897],[-124.35777534514666,42.97662962387765],[-124.18474882859933,42.75281931318531],[-124.27737384315644,42.52911586183285],[-123.93825750141143,42.082021372425565],[-124.03425833097408,41.858626274831494],[-123.86839374093579,41.63532991709402],[-124.37129592062429,40.520259241591],[-124.21445051389425,40.29751344559711],[-123.79879179713818,40.074852504327374],[-123.6460457431722,39.852291890048875],[-123.75530899490487,39.62979299247044],[-123.60602874644933,39.40737231113534],[-123.71811766238558,39.18502743338126],[-123.42796051725095,38.74055547808651],[-123.02674991384261,38.518423614527386],[-122.88619954860617,38.29635798197553],[-122.09412713041532,37.852415916768145],[-122.33996498744311,37.4087103620642],[-121.95007483808324,37.18694039097415],[-121.56117547785563,36.521933592157275],[-121.17813573071975,36.300357919812924],[-120.5639839962631,35.193074544803046],[-120.19000166834509,34.97170099768483],[-119.95537536904918,34.52908192328614],[-119.70108994637197,34.52908192328614],[-119.3316473913756,34.30781173584841],[-119.07758518449744,34.30781173584841],[-118.70995412265343,34.08656558795439],[-118.45611290965412,34.08656558795439],[-117.72605681177554,33.64413884059647],[-117.61660527027983,33.422954960057055],[-117.25534165330451,33.201788556665726],[-117.14844328687256,32.98063799335977],[-114.87351212172398,32.98063799335977],[-114.51709855595934,32.75950163424745],[-114.66697936981515,32.538377844486526],[-116.6858418219259,32.538377844486526],[-116.38008195581806,31.875065556090348],[-116.5321526543401,31.65397571206761],[-116.14579643759623,30.769644092548454],[-115.8017255150237,30.548559972391],[-115.70972799670147,30.327472104312946],[-115.36874704064121,30.10637885705198],[-115.27949151234546,29.885292409626825],[-114.9416061777877,29.664183255362403],[-114.85508498132563,29.443066967764814],[-114.52026399803202,29.22194398342558],[-114.43645172658483,29.000814739068623],[-114.10465713289359,28.77967967154155],[-113.94364668603038,28.3373938149345],[-114.28485909375377,27.895089910532402],[-114.6113249502938,28.116243900090836],[-114.53347599395042,27.895089910532402],[-113.8848780470449,27.452771456690883],[-113.81104840771188,27.23160786728881],[-113.49042031183025,27.010441952916732],[-113.24239205238139,27.010441952916732],[-111.9754022260524,26.125763797692926],[-111.84516104564166,25.683422148521174],[-112.02891891656691,25.462252212883158],[-111.90556417807443,25.01991630775607],[-110.98972082908273,24.35643083880927],[-110.93341284603576,24.135271798451086],[-110.03202073511025,23.471804001150808],[-109.7859688670183,23.471804001150808],[-109.8390524084281,23.692958496896175],[-110.13927981098809,23.9141143902395],[-110.38554840766605,23.9141143902395],[-110.68703312826032,24.135271798451086],[-110.85875204037978,24.798754285122726],[-111.16502946495403,25.01991630775607],[-111.41499088390017,25.904592822680097],[-111.72792382965258,26.125763797692926],[-112.07384604838407,27.23160786728881],[-112.3949718308064,27.452771456690883],[-112.46914486743982,27.673932283596137],[-112.79315769257387,27.895089910532402],[-112.86993371683226,28.116243900090836],[-113.19686894294489,28.3373938149345],[-113.27627382836124,28.558539217807112],[-113.60616751331352,28.77967967154155],[-113.68822777531543,29.000814739068623],[-114.021116691535,29.22194398342558],[-114.19186863663214,29.664183255362403],[-114.52923434483439,29.885292409626825],[-114.70796910668119,30.327472104312946],[-115.04986401638631,30.548559972391],[-115.23655253731603,30.99072609577111],[-115.08059157618034,31.21180761288858],[-115.17685504920716,31.43289027469468],[-114.8695400637886,31.875065556090348],[-114.36602609977881,31.875065556090348],[-114.01653784889163,31.65397571206761],[-113.76497636834677,31.65397571206761],[-113.07116970212448,31.21180761288858],[-112.70445132664058,30.327472104312946],[-112.36560955906003,30.10637885705198],[-112.02452746554688,29.22194398342558],[-111.69296390526381,29.000814739068623],[-111.61220903499337,28.77967967154155],[-111.28360084598864,28.558539217807112],[-111.20546162805023,28.3373938149345],[-110.55560559080403,27.895089910532402],[-110.48141624088211,27.673932283596137],[-109.84030015781974,27.23160786728881],[-109.76999642009751,27.010441952916732],[-109.45299275170873,26.789274151147477],[-109.38519857434763,26.56810489959117],[-109.07096984835688,26.346934635886697],[-109.25313986565465,26.125763797692926],[-109.18886846634334,25.904592822680097],[-107.04583589116096,24.35643083880927],[-106.99133736162884,24.135271798451086],[-106.69151945749654,23.9141143902395],[-106.63898090638259,23.692958496896175],[-106.04452114845583,23.250650785740483],[-105.99460630415952,23.029498733409092],[-105.69966059475891,22.80834772690669],[-105.60338783529816,22.36604838241614],[-105.31068801579418,22.144899809953344],[-105.17214682236036,21.481457084924152],[-105.37184989876732,21.260310116613503],[-105.23737733612084,20.596869390652536],[-105.43770326115303,20.37572215091367],[-105.39341877210109,20.154574550259117],[-103.37960887634048,18.606540676283817],[-103.13566172944904,18.606540676283817],[-102.84960639374361,18.385388699067796],[-102.60574885772263,18.385388699067796],[-102.32024572105367,18.1642363910614],[-102.07647719029048,18.1642363910614],[-101.79155014010131,17.943083783673178],[-101.54786995121238,17.943083783673178],[-101.26354239635177,17.721930908312082],[-101.01994982834252,17.721930908312082],[-100.73624470205809,17.50077779638746],[-100.49273897647954,17.50077779638746],[-100.2096787394963,17.27962447930898],[-99.96625902059803,17.27962447930898],[-99.68386566427733,17.05847098848661],[-99.44053105915646,17.05847098848661],[-99.1588261087313,16.837317355330573],[-98.9155756674775,16.837317355330573],[-98.63458018536049,16.616163611251277],[-98.14824561703223,16.616163611251277],[-97.86806229977229,16.395009787659305],[-97.62497710918929,16.395009787659305],[-97.34554289005989,16.17385591596535],[-97.10253867294911,16.17385591596535],[-96.82387318993501,15.952702027580155],[-96.33802434949092,15.952702027580155],[-96.13052180450599,16.17385591596535],[-95.64451337028441,16.17385591596535],[-95.43721039394217,16.395009787659305],[-95.19412520335915,16.395009787659305],[-94.98707092289857,16.616163611251277],[-94.5007363545703,16.616163611251277],[-94.2217844410271,16.395009787659305],[-93.97869925044412,16.395009787659305],[-93.70047963339817,16.17385591596535],[-93.4574754162874,16.17385591596535],[-92.35216836797893,15.289512785331421],[-92.38439432619715,15.51039432637916],[-92.17469165536245,15.731548153914504],[-92.2083092057162,15.952702027580155],[-91.99945011362269,16.17385591596535],[-91.79093253519696,16.395009787659305],[-91.06167696344794,16.395009787659305],[-90.85322709210838,16.616163611251277],[-90.88831110610167,16.837317355330573],[-91.16715448504692,17.05847098848661],[-91.23952140449501,17.50077779638746],[-91.03265453996347,17.721930908312082],[-90.82594164009961,17.943083783673178],[-90.61935624442145,18.1642363910614],[-90.13181918289511,18.1642363910614],[-89.92515698463149,18.385388699067796],[-89.43744191258952,18.385388699067796],[-89.23067435663778,18.606540676283817],[-89.02395371570904,18.827692291301407],[-88.77991641026854,18.827692291301407],[-88.57312646184428,19.048843512713006],[-88.29184179938751,18.827692291301407],[-88.49883291596353,18.606540676283817],[-88.70586930452657,18.385388699067796],[-88.94972684054754,18.385388699067796],[-88.84032142788027,17.721930908312082],[-89.04796987428813,17.50077779638746],[-88.94230757607116,16.837317355330573],[-89.15105610295949,16.616163611251277],[-89.4288084585788,16.837317355330573],[-89.53498132544523,17.50077779638746],[-89.32750656389877,17.721930908312082],[-89.36386050676606,17.943083783673178],[-89.85122088454392,17.943083783673178],[-90.0582842679265,17.721930908312082],[-90.545469403945,17.721930908312082],[-90.75250995333792,17.50077779638746],[-90.68048527480518,17.05847098848661],[-90.40181022359405,16.837317355330573],[-90.36689252378014,16.616163611251277],[-90.57550658228192,16.395009787659305],[-90.78442902806879,16.17385591596535],[-90.993687104606,15.952702027580155],[-91.72246036527211,15.952702027580155],[-91.68899994282016,15.731548153914504],[-91.89885716320141,15.51039432637916],[-91.8346267488964,15.068086935342036],[-92.04597685556735,14.846940153502823],[-92.31986299670913,15.068086935342036],[-91.5005013649021,14.404634671893497],[-91.25809809697668,14.404634671893497],[-90.98655414021046,14.183482126394617],[-90.74421961646419,14.183482126394617],[-90.47347568146526,13.962329699891958],[-89.98894130750011,13.962329699891958],[-89.7190487636384,13.741177383979892],[-89.4768475239627,13.741177383979892],[-89.20772463512019,13.520025170252786],[-88.23917797931759,13.520025170252786],[-87.8085366246569,13.962329699891958],[-87.53923760655724,13.741177383979892],[-87.5127679874657,13.520025170252786],[-86.97746313199191,13.077721015731196],[-87.19470864191184,12.85656905812568],[-86.92858280390179,12.63541716908301],[-86.90493145176909,12.414265340197765],[-85.84896220976452,11.529658458122544],[-85.6073479165893,11.529658458122544],[-85.87037822705044,11.750810130432273],[-85.89228464253728,11.971961829277797],[-85.4539290175121,12.414265340197765],[-84.92539842914378,11.971961829277797],[-84.90370896231549,11.750810130432273],[-84.64089074388852,11.529658458122544],[-84.6202173309717,11.308506803943262],[-84.3786548637913,11.308506803943262],[-84.11699095235868,11.08735515948903],[-83.87547913123822,11.08735515948903],[-83.93703969758053,11.750810130432273],[-83.71679066240189,11.971961829277797],[-83.85575165674598,13.298873050305072],[-83.63858136425539,13.520025170252786],[-83.77123664407395,14.625787344794317],[-83.55690007771118,14.846940153502823],[-83.61489267110576,15.289240576384804],[-83.88749397377187,15.51039432637916],[-83.91793254214357,15.731548153914504],[-84.64647011095703,15.731548153914504],[-84.92057659905497,15.952702027580155],[-86.13519870016515,15.952702027580155],[-86.346391104855,15.731548153914504],[-88.04631209875303,15.731548153914504],[-88.25732844073346,15.51039432637916],[-88.53200381129528,15.731548153914504],[-88.56444290238557,15.952702027580155],[-88.84039529118255,16.17385591596535],[-88.8739102482008,16.395009787659305],[-88.66472153463121,16.616163611251277],[-88.69905713481734,16.837317355330573],[-88.49047382871737,17.05847098848661],[-88.52553223237892,17.27962447930898],[-88.31745269755253,17.50077779638746],[-88.38913975121037,17.943083783673178],[-88.18167093678974,18.1642363910614],[-88.21815423248462,18.385388699067796],[-88.01093862218066,18.606540676283817],[-88.04780449394698,18.827692291301407],[-87.84074260113904,19.048843512713006],[-87.87789394552952,19.269994309111635],[-87.67088689906956,19.49114464909089],[-87.70822675807685,19.712294501245054],[-87.50117629549312,19.93344383416906],[-87.57613937539239,20.37572215091367],[-87.36903845920247,20.596869390652536],[-87.40679076538859,20.818016386700148],[-87.19979653216011,21.03916325627965],[-87.23791699201122,21.260310116613503],[-87.48297013939982,21.260310116613503],[-87.7666217285686,21.481457084924152],[-88.74721469159913,21.481457084924152],[-88.95328902373141,21.260310116613503],[-89.68844846589718,21.260310116613503],[-89.89434296431422,21.03916325627965],[-90.13930173087368,21.03916325627965],[-90.10030580856488,20.818016386700148],[-90.30629964444933,20.596869390652536],[-90.22905663008318,20.154574550259117],[-90.435107582652,19.93344383416906],[-90.39665152882854,19.712294501245054],[-91.01440599752836,19.048843512713006],[-91.25853395109678,19.048843512713006],[-91.67014582555205,18.606540676283817],[-92.15804011933488,18.606540676283817],[-92.36373234484131,18.385388699067796],[-93.33916248892527,18.385388699067796],[-93.54457861357949,18.1642363910614],[-94.27588420586902,18.1642363910614],[-94.55845016903017,18.385388699067796],[-94.80230770505115,18.385388699067796],[-95.08540588203199,18.606540676283817],[-95.32935302892344,18.606540676283817],[-96.1813410677615,19.269994309111635]],[[-86.73545157583882,13.077721015731196],[-86.97746313199191,13.077721015731196],[-87.24477984494554,13.298873050305072],[-87.02849465956439,13.520025170252786],[-86.78635799561376,13.520025170252786],[-86.81263388753017,13.741177383979892],[-86.59720068974399,13.962329699891958],[-86.38219818903139,14.183482126394617],[-86.13986366528512,14.183482126394617],[-85.92522620261725,14.404634671893497],[-85.44041966676645,14.404634671893497],[-85.22607726946114,14.625787344794317],[-84.98360383189662,14.625787344794317],[-84.76962533169063,14.846940153502823],[-84.49865695676756,14.625787344794317],[-84.71320986299013,14.404634671893497],[-84.92819104655379,14.183482126394617],[-85.17052557030007,14.183482126394617],[-85.38586475483109,13.962329699891958],[-85.87039912879622,13.962329699891958],[-86.0860301685031,13.741177383979892],[-86.32823140817881,13.741177383979892],[-86.30208466771246,13.520025170252786],[-86.51855951890278,13.298873050305072],[-86.73545157583882,13.077721015731196]],[[-87.59387080776273,14.183482126394617],[-87.8085366246569,13.962329699891958],[-88.07853985525526,14.183482126394617],[-88.32087437900151,14.183482126394617],[-88.59166214979697,14.404634671893497],[-88.8340654177224,14.404634671893497],[-89.10565227049364,14.625787344794317],[-89.31887195357325,14.404634671893497],[-89.2902124739866,14.183482126394617],[-89.50440693353494,13.962329699891958],[-89.77488152147912,14.183482126394617],[-89.80367848942412,14.404634671893497],[-89.59059914562268,14.625787344794317],[-89.37798129681255,14.846940153502823],[-89.16582738592643,15.068086935342036],[-88.95413101583974,15.289240576384804],[-88.74286560372917,15.51039432637916],[-88.46874571177301,15.289240576384804],[-88.68059113811368,15.068086935342036],[-88.89289119522077,14.846940153502823],[-88.65034614442487,14.846940153502823],[-88.37823195780003,14.625787344794317],[-88.13575852023551,14.625787344794317],[-87.8644523460207,14.404634671893497],[-87.59387080776273,14.183482126394617]],[[-94.75390106965112,48.841287599440456],[-95.19192506933977,49.069006773840144],[-95.08192959716727,49.29692011164956],[-94.64201012619584,49.069006773840144],[-94.36705265462386,49.069006773840144],[-93.93028980216445,48.841287599440456],[-93.6557527130022,48.841287599440456],[-93.22205527100657,48.61375867578964],[-92.39969101446486,48.61375867578964],[-91.96979244017045,48.386416120808526],[-91.14866157213463,48.386416120808526],[-90.72245791429452,48.15925608223023],[-90.60124099344407,48.386416120808526],[-90.0538204147535,48.386416120808526],[-89.93259824483977,48.61375867578964],[-88.83611256945083,48.61375867578964],[-88.71408510808219,48.841287599440456],[-88.43954801892,48.841287599440456],[-88.31798828004013,49.069006773840144],[-87.76807333689615,49.069006773840144],[-87.34139966227109,48.841287599440456],[-86.79232548394664,48.841287599440456],[-85.94816607457429,48.386416120808526],[-85.80299433131262,48.15925608223023],[-84.97209253343551,47.705468289759665],[-84.83204164222076,47.47883297366776],[-84.96503069797414,47.25236504813613],[-84.6905540860973,46.79991653717813],[-83.88036038757943,46.3480933444613],[-82.25923467663372,46.3480933444613],[-81.85912479079879,46.122407157237234],[-81.3194986002098,46.122407157237234],[-80.52589365780544,45.67146763267748],[-80.40024334733192,45.44620717419558],[-80.0070811297698,45.22108153947509],[-80.15138041324572,44.99607309338572],[-80.0280956660265,44.771207468327056],[-80.3176699393598,44.321851182101874],[-80.58457834535723,44.321851182101874],[-81.36619911646292,44.771207468327056],[-81.50915800854985,44.54646754321361],[-81.38530356334952,44.321851182101874],[-81.52883909517637,44.09735626020403],[-81.40632929515534,43.87298066366087],[-81.55056682460854,43.64872228931766],[-81.81642492261903,43.64872228931766],[-81.96054257738119,43.42457904450276],[-82.22605570433413,43.42457904450276],[-82.37009239120377,43.20054884680897],[-82.24959539341455,42.97662962387765],[-82.39459763922846,42.75281931318531],[-82.65909226700929,42.75281931318531],[-82.53996177765644,42.52911586183285],[-82.27580094179883,42.52911586183285],[-82.13010301144763,42.75281931318531],[-81.8656083836668,42.75281931318531],[-81.71993275251228,42.97662962387765],[-81.19027011160999,42.97662962387765],[-81.04423817210909,43.20054884680897],[-80.66060747070769,42.97662962387765],[-80.39577615025655,42.97662962387765],[-80.2487256406523,43.20054884680897],[-79.98355479683335,43.20054884680897],[-79.83643756175745,43.42457904450276],[-79.57092443480448,43.42457904450276],[-79.4237020405244,43.64872228931766],[-79.5428895057028,43.87298066366087],[-79.25003631537011,44.321851182101874],[-78.1824026913804,44.321851182101874],[-78.03473392494608,44.54646754321361],[-77.23294375180674,44.54646754321361],[-76.46427867119252,44.09735626020403],[-76.91579316527482,43.42457904450276],[-77.18130629222777,43.42457904450276],[-77.33184635864397,43.20054884680897],[-78.1273588901008,43.20054884680897],[-78.50887192699263,43.42457904450276],[-79.03989818089855,43.42457904450276],[-78.9228714215576,43.20054884680897],[-79.37003174736529,42.52911586183285],[-79.63419258322288,42.52911586183285],[-79.7835911241989,42.305517226337244],[-80.04742113807818,42.305517226337244],[-80.19688728461183,42.082021372425565],[-80.46038951483354,42.082021372425565],[-80.6099621736682,41.858626274831494],[-80.87313972613671,41.858626274831494],[-81.02285800804738,41.63532991709402],[-81.28571405548838,41.63532991709402],[-81.4356172789775,41.41213029135836],[-82.48576840388878,41.41213029135836],[-82.86285034013461,41.63532991709402],[-83.09541181705038,42.082021372425565],[-82.94955129075008,42.305517226337244],[-83.18808152257094,42.75281931318531],[-83.044089354768,42.97662962387765],[-82.7570819582401,43.42457904450276],[-83.25366240533153,44.321851182101874],[-83.53597476881538,43.87298066366087],[-83.80218045302287,43.87298066366087],[-84.1943972130626,44.09735626020403],[-83.63512334059544,44.99607309338572],[-83.89342113571438,45.44620717419558],[-84.9682450706013,45.44620717419558],[-85.10557857218043,45.22108153947509],[-85.37392054283363,45.22108153947509],[-85.51098491686068,44.99607309338572],[-85.77896514204141,44.99607309338572],[-86.32684370737158,44.09735626020403],[-86.19803161089041,43.87298066366087],[-86.33601258879777,43.64872228931766],[-86.08248420466889,43.20054884680897],[-86.22206520018175,42.97662962387765],[-86.09752242816006,42.75281931318531],[-86.23821347966276,42.52911586183285],[-86.11551145730127,42.305517226337244],[-86.39986832797564,41.858626274831494],[-86.66304588044416,41.858626274831494],[-86.94891068476177,41.41213029135836],[-88.48998158221464,42.305517226337244],[-88.35150016652352,42.52911586183285],[-88.47797407818751,42.75281931318531],[-88.2038509552204,43.20054884680897],[-88.3328576242524,43.42457904450276],[-88.19701927487137,43.64872228931766],[-88.32767708455044,43.87298066366087],[-88.0580137132852,44.321851182101874],[-88.19074278471093,44.54646754321361],[-88.05671636864494,44.771207468327056],[-88.19078716866814,44.99607309338572],[-87.79084893039152,45.67146763267748],[-87.52177651288832,45.67146763267748],[-87.38845605536024,45.89686644376137],[-87.11901464684863,45.89686644376137],[-86.9855736013942,46.122407157237234],[-86.17613431551074,46.122407157237234],[-86.04186133550706,46.3480933444613],[-85.50148609852516,46.3480933444613],[-85.09688193433273,46.122407157237234],[-84.28744264844926,46.122407157237234],[-85.09621914287906,46.57392859898241],[-85.63734938466392,46.57392859898241],[-86.04528282362672,46.79991653717813],[-86.8581200661444,46.79991653717813],[-86.99017498912605,46.57392859898241],[-87.53130523091089,46.57392859898241],[-87.94190305616793,46.79991653717813],[-88.21284880367384,46.79991653717813],[-88.62579863826161,47.02606079890111],[-88.24212226381657,47.705468289759665],[-88.51462474134831,47.705468289759665],[-88.76906820618998,47.25236504813613],[-89.04078517106254,47.25236504813613],[-89.29663179369739,46.79991653717813],[-89.56757754120329,46.79991653717813],[-89.6958261980503,46.57392859898241],[-89.96639131894271,46.57392859898241],[-90.09467561287137,46.3480933444613],[-90.3648632313623,46.3480933444613],[-90.77808668161998,46.57392859898241],[-91.58978204429727,46.57392859898241],[-91.71580132381708,46.3480933444613],[-92.25617656079898,46.3480933444613],[-92.67204252786696,46.57392859898241],[-92.54798076376805,46.79991653717813],[-92.27703501626216,46.79991653717813],[-91.90684593265641,47.47883297366776],[-91.63473807533194,47.47883297366776],[-91.39024477267137,47.932274736845166],[-91.66314575529599,47.932274736845166],[-92.08897557623392,48.15925608223023],[-92.90888617339758,48.15925608223023],[-93.33834388689685,48.386416120808526],[-93.61205417624214,48.386416120808526],[-94.04441952754829,48.61375867578964],[-94.31854094639553,48.61375867578964],[-94.75390106965112,48.841287599440456]],[[-76.3140438493984,44.321851182101874],[-76.46427867119252,44.09735626020403],[-76.84786066139326,44.321851182101874],[-76.69841696971386,44.54646754321361],[-76.54902669489185,44.771207468327056],[-76.28140600480458,44.771207468327056],[-76.13167703553451,44.99607309338572],[-75.59571658517302,44.99607309338572],[-75.44526762866555,45.22108153947509],[-75.17692565801235,45.22108153947509],[-75.0261236728974,45.44620717419558],[-72.07035785195842,45.44620717419558],[-71.91557629770341,45.67146763267748],[-71.37743146269703,45.67146763267748],[-71.22197154466329,45.89686644376137],[-71.06660097901899,46.122407157237234],[-70.9113547000137,46.3480933444613],[-70.75626773558055,46.57392859898241],[-70.60137521579107,46.79991653717813],[-70.44671238173764,47.02606079890111],[-70.29231459485588,47.25236504813613],[-70.02059762998333,47.25236504813613],[-69.86610948937617,47.47883297366776],[-69.32189377472729,47.47883297366776],[-69.16694883659378,47.705468289759665],[-68.89444635906204,47.705468289759665],[-68.50557020275396,47.47883297366776],[-68.11857887587541,47.25236504813613],[-68.00474557115979,47.02606079890111],[-67.62097199322629,46.79991653717813],[-67.78005140576388,46.57392859898241],[-67.66910327812226,46.3480933444613],[-67.82884383548503,46.122407157237234],[-68.20947851510418,46.3480933444613],[-68.32118164754874,46.57392859898241],[-68.16286348823807,46.79991653717813],[-68.54740486239932,47.02606079890111],[-68.66201280562053,47.25236504813613],[-68.93372977049307,47.25236504813613],[-69.09006415363882,47.02606079890111],[-69.63272344487834,47.02606079890111],[-69.7885379732734,46.79991653717813],[-70.05948372077928,46.79991653717813],[-70.21513749379571,46.57392859898241],[-70.37097946303179,46.3480933444613],[-70.52697478843,46.122407157237234],[-70.68308872764007,45.89686644376137],[-70.83928662769067,45.67146763267748],[-70.99553391707151,45.44620717419558],[-71.15179609821448,45.22108153947509],[-71.68848003952085,45.22108153947509],[-71.84399343264256,44.99607309338572],[-74.79177590963077,44.99607309338572],[-74.94330255436816,44.771207468327056],[-75.21092324445544,44.771207468327056],[-75.36210001448164,44.54646754321361],[-75.89662679657454,44.54646754321361],[-76.04713544340098,44.321851182101874],[-76.3140438493984,44.321851182101874]],[[-130.3949709525333,55.30375716871591],[-130.4030693511195,55.06939395141792],[-130.9716964565913,55.30375716871591],[-130.9662668699026,55.53842603701665],[-130.96237800643758,55.7734051953853],[-130.9600369023752,56.00869933641387],[-131.24993788277956,56.244313207443994],[-131.83387327152795,56.480251611820044],[-132.42178690090313,56.71651941017368],[-132.7212320766262,56.953121521741124],[-132.73041553879088,57.19006292571367],[-133.3423652935517,57.664983835763906],[-133.35772417296954,57.90297361264979],[-133.98595838359367,58.38003797783734],[-134.60144447742547,58.61912323594088],[-135.9089492779404,59.579279223537064],[-136.20849882898116,59.579279223537064],[-136.17518332335794,59.33865681089018],[-137.3706911678484,59.33865681089018],[-137.3365004598761,59.098427103671455],[-137.93292184615098,59.098427103671455],[-138.56619901233887,59.33865681089018],[-139.2039943393886,59.579279223537064],[-139.89149468518082,60.06171729597173],[-139.93855588244588,60.303551651047655],[-140.54176757215126,60.303551651047655],[-141.1967552102421,60.54580301993338],[-141.85651284532602,60.788478180843754],[-141.91365380739114,61.03158401192108],[-141.97280337813754,61.27512749386451],[-142.03397852643852,61.51911571264012],[-141.7288128181633,61.51911571264012],[-141.7912984211697,61.76355586227456],[-141.8558378037544,62.00845524773602],[-141.9224491643376,62.253821287905595],[-141.99115115522144,62.499661518642974],[-141.683012907726,62.499661518642974],[-141.7530635494241,62.74598359595003],[-141.82523618024538,62.99279529923635],[-141.89955079186134,63.24010453469116],[-141.97602787111973,63.48791933876557],[-141.6648008069666,63.48791933876557],[-141.7426703407525,63.736247881769984],[-141.8227371497101,63.985098471591485],[-141.90502318577742,64.23447955753632],[-141.98955094328645,64.48439973430244],[-141.6751132901961,64.48439973430244],[-141.76108345844446,64.73486774608807],[-141.84933393986387,64.98589249084205],[-141.93992493755331,65.23749852954697],[-142.03288542863564,65.48966916280185],[-141.71510923198048,65.48966916280185],[-141.8097046028972,65.74243181292202],[-141.90688057656266,65.99580009031686],[-142.00673865179553,66.24978788240588],[-141.68636825462184,66.24978788240588],[-141.78812957877474,66.50440936384763],[-141.89277523965794,66.75967900720639],[-142.00041569992308,67.01561159408122],[-142.11116477796935,67.27222222672319],[-141.78720146338898,67.27222222672319],[-141.90025237078962,67.52952634016819],[-142.01663923078118,67.78753971491467],[-142.13648654085858,68.04627849017761],[-142.25992280343476,68.305759177752],[-141.93219576703055,68.305759177752],[-142.05838356799904,68.56599867652167],[-142.18841771188818,68.82701428765154],[-142.32243950707814,69.08882373050379],[-142.46059507457122,69.3514451593223],[-142.12891169131365,69.3514451593223],[-141.3304147178442,69.08882373050379],[-141.19937876291033,68.82701428765154],[-141.52905841256958,68.82701428765154],[-141.40098927550366,68.56599867652167],[-141.27674169422212,68.305759177752],[-141.1561796906999,68.04627849017761],[-141.03917164209287,67.78753971491467],[-141.36499417165564,67.78753971491467],[-141.2504775123994,67.52952634016819],[-141.13927483422822,67.27222222672319],[-141.0312661132536,67.01561159408122],[-140.9263349625588,66.75967900720639],[-141.24848172159184,66.75967900720639],[-141.14562217501447,66.50440936384763],[-141.04562746027457,66.24978788240588],[-140.9483908951765,65.99580009031686],[-140.8538088547369,65.74243181292202],[-141.17244077079033,65.74243181292202],[-141.07955683867021,65.48966916280185],[-140.989137508459,65.23749852954697],[-140.9010625825472,64.98589249084205],[-141.2171530349861,64.98589249084205],[-141.13056343077272,64.73486774608807],[-141.0462379840154,64.48439973430244],[-140.964153368208,64.23447955753632],[-140.88428682047706,63.985098471591485],[-141.19710359688807,63.985098471591485],[-141.1186341988749,63.736247881769984],[-141.04234667866027,63.48791933876557],[-140.9682197941086,63.24010453469116],[-140.89623281663862,62.99279529923635],[-141.20590060450752,62.99279529923635],[-141.13526486267347,62.74598359595003],[-141.0667364127352,62.499661518642974],[-141.00029591352094,62.253821287905595],[-140.9359244936702,62.00845524773602],[-141.24256226369826,62.00845524773602],[-141.1795019678478,61.76355586227456],[-141.118481401613,61.51911571264012],[-141.0594829646981,61.27512749386451],[-141.00248948832638,61.03158401192108],[-141.30621092801462,61.03158401192108],[-141.25049376582206,60.788478180843754],[-140.341465146566,60.788478180843754],[-139.68523338393035,60.54580301993338],[-139.33534419274056,60.303551651047655],[-139.2896668681769,60.06171729597173],[-138.60489523730712,59.579279223537064],[-138.0057961352256,59.579279223537064],[-138.04498753307402,59.82030008028887],[-136.8440734288124,59.82030008028887],[-136.8823556001613,60.06171729597173],[-136.58144169165936,60.06171729597173],[-135.94338785061623,59.82030008028887],[-135.3098501758589,59.579279223537064],[-134.0076507256907,58.61912323594088],[-133.3934599720627,58.38003797783734],[-132.76778007584892,57.90297361264979],[-132.75368039968274,57.664983835763906],[-132.14421370107766,57.19006292571367],[-132.1362543089774,56.953121521741124],[-131.8380217062437,56.71651941017368],[-131.25130925665607,56.480251611820044],[-130.6685637565455,56.244313207443994],[-130.3798414738932,56.00869933641387],[-130.38335018332955,55.7734051953853],[-130.38839565657324,55.53842603701665],[-130.3949709525333,55.30375716871591]],[[-135.46720441242104,58.38003797783734],[-136.0859288567624,58.61912323594088],[-136.11391005401,58.85858444059114],[-136.14365768732637,59.098427103671455],[-135.51880868393962,58.85858444059114],[-135.49213510502764,58.61912323594088],[-135.46720441242104,58.38003797783734]],[[-113.69024462182712,40.966013246325545],[-113.9903021512274,41.41213029135836],[-113.87986393817651,41.63532991709402],[-113.0527982420492,41.18902539817913],[-112.90451094348614,40.966013246325545],[-113.01946046825886,40.743091852588734],[-113.28106353425287,40.743091852588734],[-113.69024462182712,40.966013246325545]],[[-97.88065195895904,50.439538644199196],[-98.33949668936806,50.66870082740324],[-98.52296997455147,50.89808448025056],[-98.42967709916984,51.127693437566464],[-98.99852473625972,51.81791100778406],[-99.95152241134726,52.27925447437294],[-100.5561743260286,52.97314801678634],[-100.40221011451321,53.43704418329124],[-100.1182363448625,53.43704418329124],[-99.1415206812642,52.97314801678634],[-97.59274083003653,51.127693437566464],[-97.88065195895904,50.439538644199196]],[[-112.26502643354883,59.33865681089018],[-111.96614947242621,59.33865681089018],[-111.94498519468071,59.579279223537064],[-109.84813833739554,59.579279223537064],[-109.2762568223227,59.33865681089018],[-109.30469530495742,59.098427103671455],[-110.49753807750717,59.098427103671455],[-110.52455114098305,58.85858444059114],[-111.11965251105342,58.85858444059114],[-111.1465912839017,58.61912323594088],[-112.03728191150385,58.61912323594088],[-112.60740593622941,58.85858444059114],[-112.58501292946919,59.098427103671455],[-112.28680223633177,59.098427103671455],[-112.26502643354883,59.33865681089018]],[[-116.78122466564834,63.736247881769984],[-116.14418154640657,63.48791933876557],[-114.89927328979388,63.48791933876557],[-114.9091162400155,63.736247881769984],[-114.2850800981379,63.736247881769984],[-114.29486082554159,63.985098471591485],[-111.79232661425355,63.985098471591485],[-111.16489938874987,63.736247881769984],[-111.1645485199558,63.48791933876557],[-111.78700264826217,63.48791933876557],[-111.78651519785492,63.24010453469116],[-113.95962085927808,63.24010453469116],[-113.95513527204204,62.99279529923635],[-114.26480305991096,62.99279529923635],[-114.26102198902082,62.74598359595003],[-114.56992133239615,62.74598359595003],[-114.56684712812933,62.499661518642974],[-115.79940011811098,62.499661518642974],[-115.79477372453327,62.253821287905595],[-116.10215814147216,62.253821287905595],[-116.09826512139766,62.00845524773602],[-117.32481620150988,62.00845524773602],[-117.94646464310539,62.253821287905595],[-118.25384906004426,62.253821287905595],[-118.88078259306518,62.499661518642974],[-118.89451213965059,62.74598359595003],[-117.96781410952464,62.74598359595003],[-117.99538851620675,63.24010453469116],[-117.3745011843716,63.24010453469116],[-118.02929694940353,63.736247881769984],[-118.04866214247367,63.985098471591485],[-117.73584536606266,63.985098471591485],[-117.09324273658713,63.736247881769984],[-116.78122466564834,63.736247881769984]],[[-122.34940258856601,67.27222222672319],[-122.40700661908362,67.52952634016819],[-120.78256947310813,67.52952634016819],[-120.08165938650332,67.27222222672319],[-120.03302506874773,67.01561159408122],[-120.3560749309709,67.01561159408122],[-120.30894238444431,66.75967900720639],[-119.3425021073452,66.75967900720639],[-119.38692534430142,67.01561159408122],[-118.6982085892791,66.75967900720639],[-118.33660934152492,66.50440936384763],[-118.2993292609445,66.24978788240588],[-118.61969965811814,66.24978788240588],[-118.58363166283276,65.99580009031686],[-119.22262478375687,65.99580009031686],[-119.90118124681281,66.24978788240588],[-120.22155164398647,66.24978788240588],[-120.14273431126439,65.74243181292202],[-120.46136622731784,65.74243181292202],[-120.42410405608514,65.48966916280185],[-120.7418802527403,65.48966916280185],[-120.70567235444646,65.23749852954697],[-121.6564597835408,65.23749852954697],[-122.33076123601607,65.48966916280185],[-122.64853743267123,65.48966916280185],[-123.32905347179862,65.74243181292202],[-123.3760800697636,65.99580009031686],[-123.05658350930149,65.99580009031686],[-123.10488521854943,66.24978788240588],[-122.78451482137577,66.24978788240588],[-123.47666857160708,66.50440936384763],[-124.11917597536733,66.50440936384763],[-124.81899701090687,66.75967900720639],[-124.87877300209523,67.01561159408122],[-123.58657355320257,67.01561159408122],[-123.64525584688754,67.27222222672319],[-122.34940258856601,67.27222222672319]],[[-101.196417923269,29.664183255362403],[-100.86954267166132,29.443066967764814],[-100.54413941611543,29.22194398342558],[-100.22019665246683,29.000814739068623],[-100.14694778465248,28.77967967154155],[-99.82573119734653,28.558539217807112],[-99.61646198215138,27.895089910532402],[-99.30044271649484,27.673932283596137],[-99.16891423623458,27.23160786728881],[-98.85675300434819,27.010441952916732],[-98.79384415262399,26.789274151147477],[-98.4842641301546,26.56810489959117],[-98.67125524965151,26.346934635886697],[-98.9797611503452,26.56810489959117],[-99.28961850606979,26.789274151147477],[-99.35280952324591,27.010441952916732],[-99.6652577674711,27.23160786728881],[-99.79737487313429,27.673932283596137],[-100.11369578254467,27.895089910532402],[-100.32389944293966,28.558539217807112],[-100.6454374042325,28.77967967154155],[-100.71901261997972,29.000814739068623],[-101.04328672261245,29.22194398342558],[-101.36902632557792,29.443066967764814],[-101.69624295070608,29.664183255362403],[-102.44598049186162,29.664183255362403],[-102.61773546036937,29.443066967764814],[-102.86747728732766,29.443066967764814],[-103.03987594860052,29.22194398342558],[-103.21309245754426,29.000814739068623],[-103.46250044130076,29.000814739068623],[-103.7885969083461,29.22194398342558],[-104.11618642211911,29.443066967764814],[-104.44528060160978,29.664183255362403],[-104.77589116719021,29.885292409626825],[-104.94081992898322,30.327472104312946],[-105.27566453409986,30.548559972391],[-105.44796118753655,30.99072609577111],[-105.78701540867205,31.21180761288858],[-106.03819314292903,31.21180761288858],[-106.37896130898052,31.43289027469468],[-106.72125491309104,31.65397571206761],[-107.97906231581527,31.65397571206761],[-108.13854005702586,31.43289027469468],[-108.29879275124183,31.21180761288858],[-111.31292556232565,31.21180761288858],[-111.6576975531165,31.43289027469468],[-111.90906594569442,31.43289027469468],[-112.25560748507772,31.65397571206761],[-112.50716896562253,31.65397571206761],[-112.85548420774934,31.875065556090348],[-113.10724118975425,31.875065556090348],[-113.4573341999431,32.09616143817099],[-113.70928908079706,32.09616143817099],[-114.06116383326085,32.31726499016316],[-113.9099059502736,32.538377844486526],[-113.65754814375978,32.538377844486526],[-113.30469835016716,32.31726499016316],[-113.05254318913593,32.31726499016316],[-112.70146955738122,32.09616143817099],[-112.44951467652727,32.09616143817099],[-112.10021326173461,31.875065556090348],[-111.8484562797297,31.875065556090348],[-111.50092304344314,31.65397571206761],[-108.48218527690497,31.65397571206761],[-108.32385853166097,31.875065556090348],[-108.16628170200988,32.09616143817099],[-106.90650729774003,32.09616143817099],[-106.56155965762659,31.875065556090348],[-106.21813195200133,31.65397571206761],[-105.96657047145652,31.65397571206761],[-105.62485613124682,31.43289027469468],[-105.2846599401581,31.21180761288858],[-104.94598214395812,30.99072609577111],[-104.77442353500821,30.548559972391],[-104.43994048397306,30.327472104312946],[-104.27571972218283,29.885292409626825],[-103.94545557417275,29.664183255362403],[-103.61670276820253,29.443066967764814],[-103.36696094124424,29.443066967764814],[-103.19571803301717,29.664183255362403],[-103.02529110966434,29.885292409626825],[-102.77520538716067,29.885292409626825],[-102.60541274392114,30.10637885705198],[-101.85462837352586,30.10637885705198],[-101.52477677464218,29.885292409626825],[-101.196417923269,29.664183255362403]]],[[[-82.40940058032776,45.67146763267748],[-81.87125574532138,45.67146763267748],[-81.99962788512794,45.89686644376137],[-82.8079521106628,45.89686644376137],[-82.40940058032776,45.67146763267748]]],[[[-125.92479652988426,49.29692011164956],[-125.64941378941357,49.29692011164956],[-124.67844378833338,48.841287599440456],[-123.85483252084673,48.841287599440456],[-124.48504175043074,49.52503155689504],[-125.47136702586776,49.9818647074368],[-125.91708732237466,50.439538644199196],[-126.74985272920877,50.439538644199196],[-127.76649212196175,50.89808448025056],[-128.32351159143624,50.89808448025056],[-127.63278401269805,50.210594129593666],[-126.63391449798324,49.75334508576745],[-126.41573326470815,49.52503155689504],[-125.92479652988426,49.29692011164956]]],[[[-81.5998154861857,52.97314801678634],[-81.88274621513857,52.97314801678634],[-81.71289224092344,52.74159425119728],[-81.43047482034332,52.74159425119728],[-81.5998154861857,52.97314801678634]]],[[[-178.13228308171446,53.43704418329124],[-178.4463628859255,53.20496325469138],[-178.16291336939258,53.20496325469138],[-178.13228308171446,53.43704418329124]]],[[[-131.11269305293953,52.97314801678634],[-130.57110600128541,52.74159425119728],[-131.35535100643986,53.43704418329124],[-131.30758008603112,54.13492395310379],[-132.44989680294674,54.13492395310379],[-131.11269305293953,52.97314801678634]]],[[[-168.26515004785327,54.60158491978302],[-168.90195694280064,54.83535107604993],[-169.18919018652707,54.83535107604993],[-169.0634512182945,54.368110710039275],[-169.12517957646313,54.60158491978302],[-168.26515004785327,54.60158491978302]]],[[[-167.75302396789493,54.83535107604993],[-167.81645847272497,55.06939395141792],[-168.1042537736604,55.06939395141792],[-167.97847353831665,54.60158491978302],[-168.04025721162137,54.83535107604993],[-167.75302396789493,54.83535107604993]]],[[[-164.48279724300727,55.53842603701665],[-165.06066845633666,55.53842603701665],[-164.99850119601527,55.30375716871591],[-164.42177569195724,55.30375716871591],[-164.48279724300727,55.53842603701665]]],[[[-133.56668732988484,55.53842603701665],[-132.41763645766753,55.06939395141792],[-132.41351021673643,55.30375716871591],[-133.28081861630312,56.00869933641387],[-133.57091633054412,56.00869933641387],[-133.56668732988484,55.53842603701665]]],[[[-162.46024799635438,55.53842603701665],[-162.51939436582393,55.7734051953853],[-163.09842218893195,55.7734051953853],[-163.03811920968377,55.53842603701665],[-162.46024799635438,55.53842603701665]]],[[[-162.51939436582393,55.7734051953853],[-160.78231089649992,55.7734051953853],[-160.84010146919726,56.00869933641387],[-162.58068775464324,56.00869933641387],[-162.51939436582393,55.7734051953853]]],[[[-79.03254605323775,56.00869933641387],[-79.61274148171974,56.00869933641387],[-79.71841566137893,55.7734051953853],[-79.13938783827092,55.7734051953853],[-79.03254605323775,56.00869933641387]]],[[[-134.44749557706672,56.244313207443994],[-134.1568085139497,56.244313207443994],[-134.1641293310155,56.480251611820044],[-134.4649650822111,56.71651941017368],[-134.44749557706672,56.244313207443994]]],[[[-133.58156531614358,56.480251611820044],[-133.59869872809938,56.953121521741124],[-134.1836764957482,56.953121521741124],[-133.58156531614358,56.480251611820044]]],[[[-135.95452564621354,57.19006292571367],[-135.34061287420025,56.71651941017368],[-135.35363203104578,56.953121521741124],[-135.66142472735692,57.19006292571367],[-135.6784161958609,57.42734866262329],[-135.991447315962,57.664983835763906],[-135.95452564621354,57.19006292571367]]],[[[-154.41988353417977,57.19006292571367],[-154.47641653444447,57.42734866262329],[-154.77013528973484,57.42734866262329],[-154.71298445303637,57.19006292571367],[-154.41988353417977,57.19006292571367]]],[[[-154.18269777915413,57.42734866262329],[-153.88897902386373,57.42734866262329],[-153.94633657896534,57.664983835763906],[-154.24067902589985,57.664983835763906],[-154.18269777915413,57.42734866262329]]],[[[-134.5035411746994,57.42734866262329],[-134.5205879926405,57.66531778943477],[-135.1275564643313,57.90297361264979],[-135.07522288964373,57.19006292571367],[-134.7821219707871,57.19006292571367],[-134.79725992998976,57.42734866262329],[-134.5035411746994,57.42734866262329]]],[[[-134.5205879926405,57.66531778943477],[-134.5197350812896,57.664983835763906],[-134.53761236721073,57.90297361264979],[-134.5205879926405,57.66531778943477]]],[[[-153.41582347507003,57.90297361264979],[-153.3576516850964,57.664983835763906],[-153.06330923816193,57.664983835763906],[-153.12085142650972,57.90297361264979],[-153.41582347507003,57.90297361264979]]],[[[-136.652201235483,58.38003797783734],[-137.54094885277942,58.38003797783734],[-137.21765143758674,58.14132322651251],[-136.33082858982667,58.14132322651251],[-136.652201235483,58.38003797783734]]],[[[-166.6324545410022,61.27512749386451],[-166.5150904221385,61.03158401192108],[-167.12253330151503,61.03158401192108],[-166.7032951049904,60.788478180843754],[-165.9857131617545,60.54580301993338],[-166.09727602548637,60.788478180843754],[-165.79426648573437,60.788478180843754],[-166.2113689824503,61.03158401192108],[-166.32801440318906,61.27512749386451],[-166.6324545410022,61.27512749386451]]],[[[-79.78017403830354,61.51911571264012],[-79.69395840899786,61.76355586227456],[-79.91500825808704,62.00845524773602],[-80.44556577656273,62.253821287905595],[-80.52828379814314,62.00845524773602],[-80.08533974657873,61.51911571264012],[-79.78017403830354,61.51911571264012]]],[[[-83.37108765148908,62.74598359595003],[-82.44438962136314,62.74598359595003],[-82.67868869728053,62.99279529923635],[-84.53669542449407,62.99279529923635],[-84.6774371210739,62.499661518642974],[-83.4448841310922,62.499661518642974],[-83.37108765148908,62.74598359595003]]],[[[-170.91469735593353,63.985098471591485],[-170.7603509380611,63.736247881769984],[-170.13631479618346,63.736247881769984],[-170.91469735593353,63.985098471591485]]],[[[-81.5979774254046,63.48791933876557],[-81.83520072050251,63.736247881769984],[-81.76191607879707,63.985098471591485],[-82.00297813385563,64.23447955753632],[-83.1227208849781,64.73486774608807],[-83.43798089881392,64.73486774608807],[-84.00478114354851,64.98589249084205],[-84.63696204842628,64.98589249084205],[-85.20960833492455,65.23749852954697],[-85.84346662098743,65.23749852954697],[-85.90132385818178,64.98589249084205],[-86.21741431062068,64.98589249084205],[-86.39370394917975,64.23447955753632],[-87.3345737667492,64.23447955753632],[-87.07980127778416,63.985098471591485],[-86.45416772496215,63.985098471591485],[-85.89143564270695,63.736247881769984],[-85.64392925939582,63.48791933876557],[-85.57941757176813,63.736247881769984],[-85.26739950082933,63.736247881769984],[-85.20290061931811,63.985098471591485],[-84.26445029008511,63.985098471591485],[-84.19834104151771,64.23447955753632],[-83.88471776899455,64.23447955753632],[-83.32599996085209,63.985098471591485],[-83.01318318444109,63.985098471591485],[-82.45923686238012,63.736247881769984],[-82.14721879144132,63.736247881769984],[-81.5979774254046,63.48791933876557]]],[[[-176.04310471674788,67.01561159408122],[-176.36615457897105,67.01561159408122],[-176.20407031010444,67.27222222672319],[-176.52803362468484,67.27222222672319],[-176.36304831729976,67.52952634016819],[-177.98748546327525,67.52952634016819],[-177.82322231582353,67.78753971491467],[-179.77815749320018,67.78753971491467],[-179.61553283863975,68.04627849017761],[-180.0,68.04627849017761],[-180.0,65.84347377938295],[-178.75300790357016,66.24978788240588],[-178.11226710922284,66.24978788240588],[-178.2568648285031,65.99580009031686],[-177.2983751471169,65.99580009031686],[-177.44241406051228,65.74243181292202],[-177.12378214445883,65.74243181292202],[-177.26561244706792,65.48966916280185],[-176.94783625041273,65.48966916280185],[-176.16788639629857,65.74243181292202],[-175.84925448024512,65.74243181292202],[-176.13676590122716,65.23749852954697],[-175.50290761516425,65.23749852954697],[-175.643987022938,64.98589249084205],[-175.01180611806024,64.98589249084205],[-175.15170912451373,64.73486774608807],[-173.89066906917034,64.73486774608807],[-173.11526340342687,64.98589249084205],[-172.3455999600969,66.24978788240588],[-172.6659703572706,66.24978788240588],[-172.503085151637,66.50440936384763],[-172.82433885351713,66.50440936384763],[-172.65878750789213,66.75967900720639],[-173.30308102595822,66.75967900720639],[-174.10935366103766,66.50440936384763],[-174.75186106479794,66.50440936384763],[-175.54930393183352,66.24978788240588],[-175.8696743290072,66.24978788240588],[-175.71562217043837,66.50440936384763],[-176.03687587231852,66.50440936384763],[-175.88025509822253,66.75967900720639],[-176.20240185725558,66.75967900720639],[-176.04310471674788,67.01561159408122]]],[[[-73.36068000223436,68.56599867652167],[-73.94473023241795,68.82701428765154],[-74.20340397968204,69.08882373050379],[-77.22965838343387,70.41041978427283],[-77.56551593830407,70.41041978427283],[-78.19000618207407,70.6773653659106],[-78.52694516143514,70.6773653659106],[-79.15915590611894,70.94521196749457],[-79.83523000664432,70.94521196749457],[-79.20082312015722,70.6773653659106],[-78.86388414079617,70.6773653659106],[-77.61696913719746,70.14436617492593],[-77.28217716445874,70.14436617492593],[-76.06195133256504,69.61489718073125],[-76.12391842305614,69.3514451593223],[-75.79223503979856,69.3514451593223],[-74.6040895317365,68.82701428765154],[-74.3467714409774,68.56599867652167],[-73.1882380796953,68.04627849017761],[-72.69922995223337,67.52952634016819],[-72.78301545776748,67.27222222672319],[-72.54469532194224,67.01561159408122],[-72.63122204755454,66.75967900720639],[-72.95336880658762,66.75967900720639],[-73.03983737642595,66.50440936384763],[-73.3610910783061,66.50440936384763],[-73.44747365663174,66.24978788240588],[-73.7678440538054,66.24978788240588],[-73.85411319814538,65.99580009031686],[-74.17360975860743,65.99580009031686],[-74.25973839957143,65.74243181292202],[-74.02877934443262,65.48966916280185],[-74.11708832882394,65.23749852954697],[-77.9202380452013,65.23749852954697],[-77.99906254720977,64.98589249084205],[-78.31515299964862,64.98589249084205],[-78.39382067744047,64.73486774608807],[-78.07856066360462,64.73486774608807],[-77.52983205976432,64.48439973430244],[-77.21539440667395,64.48439973430244],[-77.13278062209713,64.73486774608807],[-76.1870005805896,64.73486774608807],[-76.10251983257646,64.98589249084205],[-74.52206757038205,64.98589249084205],[-73.44214256958972,64.48439973430244],[-73.22152650320741,64.23447955753632],[-72.16264052139965,63.736247881769984],[-71.94993843665631,63.48791933876557],[-71.428838628568,63.24010453469116],[-71.1183949626504,63.24010453469116],[-70.6016449703924,62.99279529923635],[-70.29197718252348,62.99279529923635],[-69.27052474630304,62.499661518642974],[-68.96238649880762,62.499661518642974],[-68.45757351594665,62.253821287905595],[-66.9206514312523,62.253821287905595],[-66.8054187663397,62.499661518642974],[-67.11355701383512,62.499661518642974],[-68.12430266744101,62.99279529923635],[-68.43397045530992,62.99279529923635],[-69.46012192343095,63.48791933876557],[-69.24924502235685,63.985098471591485],[-68.31079469312385,63.985098471591485],[-67.79438752825645,63.736247881769984],[-67.48236945731762,63.736247881769984],[-66.97030541020557,63.48791933876557],[-66.6590783460524,63.48791933876557],[-66.15129630796895,63.24010453469116],[-66.03662421774605,63.48791933876557],[-66.23429717356244,63.736247881769984],[-66.12107725824681,63.985098471591485],[-66.52451420160199,64.48439973430244],[-67.04446017935022,64.73486774608807],[-67.25198716428778,64.98589249084205],[-67.77850546819504,65.23749852954697],[-67.99103160798468,65.48966916280185],[-68.52436391060982,65.74243181292202],[-68.32154730185314,66.24978788240588],[-68.0011769046795,66.24978788240588],[-67.8997781463438,66.50440936384763],[-67.57852444446367,66.50440936384763],[-67.04006571315851,66.24978788240588],[-66.71969531598484,66.24978788240588],[-66.1861957470561,65.99580009031686],[-65.86669918659405,65.99580009031686],[-66.9360170407034,66.50440936384763],[-67.25727074258356,66.50440936384763],[-67.79902066205895,66.75967900720639],[-68.76546093915807,66.75967900720639],[-68.86353925198422,66.50440936384763],[-69.18479295386435,66.50440936384763],[-68.96228809620047,66.24978788240588],[-69.16162774271665,65.74243181292202],[-68.94436019795013,65.48966916280185],[-68.41236375425792,65.23749852954697],[-67.7822648139634,64.48439973430244],[-67.88993087031385,64.23447955753632],[-69.77167050545276,64.23447955753632],[-70.08257605173729,63.48791933876557],[-71.01625724419678,63.48791933876557],[-71.53860437952206,63.736247881769984],[-71.7517792336449,63.985098471591485],[-72.81326726340902,64.48439973430244],[-73.48323004276105,65.23749852954697],[-73.30384265141116,65.74243181292202],[-72.98521073535774,65.74243181292202],[-72.89562351675922,65.99580009031686],[-72.57612695629714,65.99580009031686],[-72.13508882860668,67.27222222672319],[-73.36068000223436,68.56599867652167]]],[[[-74.89719814085024,67.78753971491467],[-75.40360737697354,68.305759177752],[-76.059061449782,68.305759177752],[-76.12915863017147,68.04627849017761],[-76.45592758022437,68.04627849017761],[-76.59787910257457,67.52952634016819],[-76.02264860357128,67.27222222672319],[-75.05075865983015,67.27222222672319],[-74.89719814085024,67.78753971491467]]],[[[-98.67838848457124,69.3514451593223],[-99.01007186782884,69.3514451593223],[-99.0040237105301,69.08882373050379],[-99.33469864027477,69.08882373050379],[-98.0129659708102,68.56599867652167],[-97.68426882456251,68.56599867652167],[-97.68166500788585,68.82701428765154],[-97.35198535822656,68.82701428765154],[-97.35064906180693,69.08882373050379],[-97.01997413206229,69.08882373050379],[-97.0199715682834,69.3514451593223],[-97.687803714137,69.61489718073125],[-98.68591997790183,69.61489718073125],[-98.67838848457124,69.3514451593223]]],[[[-76.18745355814987,69.08882373050379],[-76.12391842305614,69.3514451593223],[-76.4556018063137,69.3514451593223],[-76.51812848789451,69.08882373050379],[-76.18745355814987,69.08882373050379]]],[[[-179.20866425410892,70.94521196749457],[-180.0,70.94521196749457],[-180.0,70.6773653659106],[-179.42087003278905,70.6773653659106],[-179.20866425410892,70.94521196749457]]],[[[-103.34379587547116,69.61489718073125],[-103.01109045421623,69.61489718073125],[-103.03468259597332,69.87919887209894],[-102.70094112618281,69.87919887209894],[-102.72636709260055,70.14436617492593],[-102.39157511986186,70.14436617492593],[-103.09069010843945,70.41041978427283],[-103.42654766330963,70.41041978427283],[-104.1343075928748,70.6773653659106],[-104.47124657223584,70.6773653659106],[-105.91303175122677,71.21396879067898],[-106.0235365794332,71.75425070074377],[-106.42822830949596,72.02579499475866],[-106.49641640712427,72.29828793262408],[-106.9148511926717,72.57173954377352],[-106.9950209504095,72.84616003562061],[-107.42857095961654,73.12155979801264],[-108.4711569049211,73.12155979801264],[-108.07217459520574,71.75425070074377],[-108.41361426450115,71.75425070074377],[-109.93449203055414,72.29828793262408],[-110.02006984429345,72.57173954377352],[-110.80392811069355,72.84616003562061],[-111.25138609239988,73.12155979801264],[-111.15019239799213,72.84616003562061],[-111.49645668529068,72.84616003562061],[-111.30972227992613,72.29828793262408],[-111.65352984226911,72.29828793262408],[-112.4352399066659,72.57173954377352],[-113.47031279053982,72.57173954377352],[-114.26657098367909,72.84616003562061],[-114.95909955827616,72.84616003562061],[-115.76925852205291,73.12155979801264],[-117.50690176422718,73.12155979801264],[-118.33542913645276,73.3979494078281],[-118.47626009378901,73.6753396337246],[-117.42585465015414,73.6753396337246],[-118.27335863988579,73.95374144104268],[-119.32779788911476,73.95374144104268],[-120.192980654138,74.23316599687193],[-121.25154161283352,74.23316599687193],[-122.13518559295396,74.51362467528648],[-123.55221851296632,74.51362467528648],[-123.36866353022448,74.23316599687193],[-124.42722448892,74.23316599687193],[-124.24851438551669,73.95374144104268],[-124.59999413525968,73.95374144104268],[-124.42855760771987,73.6753396337246],[-124.77869275559816,73.6753396337246],[-124.61416273925035,73.3979494078281],[-124.9629812727391,73.3979494078281],[-124.6544996026356,72.84616003562061],[-125.00076388993416,72.84616003562061],[-124.85611451315283,72.57173954377352],[-125.2011388077775,72.57173954377352],[-125.06202477364569,72.29828793262408],[-125.40583233598868,72.29828793262408],[-125.27194481420757,72.02579499475866],[-125.61455784156597,72.02579499475866],[-123.20981452954543,71.21396879067898],[-122.87066192604898,71.21396879067898],[-122.98042278491936,71.48364519481166],[-122.64013627653232,71.48364519481166],[-122.75408037490875,71.75425070074377],[-122.07120103631796,71.75425070074377],[-122.18842756798203,72.02579499475866],[-121.84581454062364,72.02579499475866],[-121.96775671255877,72.29828793262408],[-121.28014158787282,72.29828793262408],[-121.40587156690647,72.57173954377352],[-120.7158229776572,72.57173954377352],[-119.90491133850084,72.29828793262408],[-119.68112335124998,71.75425070074377],[-118.89698468427498,71.48364519481166],[-118.21641166750094,71.48364519481166],[-118.31536467406833,71.75425070074377],[-117.97392500477288,71.75425070074377],[-117.19555214233982,71.48364519481166],[-117.01930553554043,70.94521196749457],[-118.37145373659119,70.94521196749457],[-117.94880574667776,70.6773653659106],[-114.57941595306731,70.6773653659106],[-113.8381318642859,70.41041978427283],[-113.50227430941568,70.41041978427283],[-112.77012627476181,70.14436617492593],[-112.71318521989788,69.87919887209894],[-117.38556579696494,69.87919887209894],[-116.98471814692424,69.61489718073125],[-116.25760779722278,69.3514451593223],[-115.59424103070761,69.3514451593223],[-114.87642033827291,69.08882373050379],[-114.49532714050893,68.82701428765154],[-111.52821029357546,68.82701428765154],[-110.83215467446962,68.56599867652167],[-109.51736608947893,68.56599867652167],[-109.55013239561977,68.82701428765154],[-109.2204527459605,68.82701428765154],[-109.254946532614,69.08882373050379],[-108.59359667312471,69.08882373050379],[-108.62888998229853,69.3514451593223],[-108.29720659904096,69.3514451593223],[-108.33437719429547,69.61489718073125],[-107.3362609305306,69.61489718073125],[-106.63878968275306,69.3514451593223],[-105.64373953298032,69.3514451593223],[-104.95617244593367,69.08882373050379],[-103.96414765669974,69.08882373050379],[-103.98532261669244,69.3514451593223],[-103.3219558501773,69.3514451593223],[-103.34379587547116,69.61489718073125]],[[-118.99070150453399,72.57173954377352],[-119.33572579915862,72.57173954377352],[-120.15306386775445,72.84616003562061],[-120.28713095170595,73.12155979801264],[-119.93960230327112,73.12155979801264],[-119.11427100585878,72.84616003562061],[-118.99070150453399,72.57173954377352]]],[[[-108.32234080531867,73.6753396337246],[-107.5220545983014,73.3979494078281],[-107.17323606481268,73.3979494078281],[-107.27193536168383,73.6753396337246],[-108.32234080531867,73.6753396337246]]],[[[-68.35437900830526,-55.24063432776282],[-67.90944270692324,-55.00635260907234],[-66.1835819797957,-55.00635260907234],[-66.3187934279973,-54.77238986934033],[-66.89295910312212,-54.77238986934033],[-67.16219959820029,-54.30530636836738],[-67.44817723577383,-54.30530636836738],[-67.71791002217724,-53.839367921174066],[-68.00280403839741,-53.839367921174066],[-68.27323698938534,-53.37453925564576],[-68.55706908791116,-53.37453925564576],[-68.69248282450494,-53.14253027108418],[-68.84090118643697,-53.37453925564576],[-69.27522864521643,-53.60681704100395],[-69.40856538348858,-53.37453925564576],[-69.1112011901291,-52.910785837364244],[-69.67678519326762,-52.910785837364244],[-70.10902940160129,-53.14253027108418],[-70.41266999291445,-53.60681704100395],[-70.85174420059913,-53.839367921174066],[-71.00803108247187,-54.07219623523692],[-70.62503599143334,-54.77238986934033],[-69.76378747874614,-54.77238986934033],[-69.63530343405078,-55.00635260907234],[-69.34765997952952,-55.00635260907234],[-69.21900738470677,-55.24063432776282],[-68.93079792590626,-55.24063432776282],[-68.48472961596575,-55.00635260907234],[-68.35437900830526,-55.24063432776282]],[[-68.90253896605893,-54.77238986934033],[-69.03308553384728,-54.538702752886785],[-69.164043061215,-54.30530636836738],[-69.0099992315895,-54.07219623523692],[-69.1423801032781,-53.839367921174066],[-68.70650797136744,-53.60681704100395],[-68.57259207083776,-53.839367921174066],[-68.43913298848025,-54.07219623523692],[-68.59208778606794,-54.30530636836738],[-68.46003043706226,-54.538702752886785],[-68.90253896605893,-54.77238986934033]]],[[[-61.2617540945721,-51.52564211371357],[-61.66837663069205,-51.755886145180156],[-61.51587017771217,-51.98637009948812],[-61.2350924730238,-51.98637009948812],[-60.827512829671065,-51.755886145180156],[-60.673537063647075,-51.98637009948812],[-60.801276373452026,-52.21709798212478],[-60.23873035465823,-52.21709798212478],[-59.02332442762098,-51.52564211371357],[-58.74352071925209,-51.52564211371357],[-58.902269122169045,-51.29563403721889],[-60.01956928442989,-51.29563403721889],[-60.29889432499512,-51.29563403721889],[-60.45573389429278,-51.06585798460146],[-60.85754440612554,-51.29563403721889],[-61.416194487255964,-51.29563403721889],[-61.2617540945721,-51.52564211371357]]],[[[-69.65586534563879,-51.52564211371357],[-69.51673164800287,-51.75604581604459],[-69.51643877355448,-51.755886145180156],[-69.65586534563879,-51.52564211371357]]],[[[-73.97552998040295,-50.83631006071597],[-73.840627103365,-51.06585798460146],[-73.98582131269058,-51.29563403721889],[-73.70649627212536,-51.29563403721889],[-73.57311726280325,-51.52564211371357],[-73.29331355443435,-51.52564211371357],[-73.02775606993515,-51.98637009948812],[-73.1772887869153,-52.21709798212478],[-73.04671458917623,-52.44807383705649],[-73.19907102422937,-52.67930174760853],[-72.91679085368848,-52.67930174760853],[-72.48316691811482,-52.44807383705649],[-71.91961924705333,-52.44807383705649],[-71.787670171525,-52.67930174760853],[-71.50539000098411,-52.67930174760853],[-71.37353720268317,-52.910785837364244],[-70.0832856835495,-52.21709798212478],[-69.80201267415258,-52.21709798212478],[-69.37764590898641,-51.98637009948812],[-69.51673164800287,-51.75604581604459],[-69.93920131836313,-51.98637009948812],[-70.36455869294637,-52.21709798212478],[-71.77092373993082,-52.21709798212478],[-71.90464525118169,-51.98637009948812],[-72.18542295587007,-51.98637009948812],[-72.31931811029106,-51.755886145180156],[-72.59960604396474,-51.755886145180156],[-72.73370613769657,-51.52564211371357],[-72.86852115042971,-51.29563403721889],[-72.72521933594231,-51.06585798460146],[-72.86199228575703,-50.83631006071597],[-72.72161264139508,-50.606986405558075],[-72.99953513865289,-50.606986405558075],[-73.13786808211269,-50.37788319347263],[-73.4153342559116,-50.37788319347263],[-73.55402678309197,-50.14899663237777],[-73.69355875146094,-49.92032439467883],[-73.55778852369193,-49.69186065156852],[-73.69937671698978,-49.46360191865476],[-73.56644428677073,-49.23554419572692],[-73.16022247849791,-49.007683515332644],[-72.90274529901231,-48.55253757127985],[-73.04971626379611,-48.32524452929154],[-72.1951968295375,-46.739063055851915],[-72.34796876897452,-46.51311657871384],[-71.65813618640789,-45.160498004086215],[-71.81373721677866,-44.93552448901083],[-71.70178340067426,-44.710692914408995],[-71.85770118331456,-44.48598646362422],[-71.7468252433102,-44.26140300373877],[-71.90316512270368,-44.036940412929106],[-71.79347238071574,-43.812596580239735],[-71.95034861158656,-43.58836940535975],[-72.10736340702907,-43.36425679840214],[-71.99946848936511,-43.140256679686075],[-72.15719184126465,-42.91636697952146],[-72.05073907947481,-42.69258563799646],[-72.20928297557958,-42.468910604767274],[-72.00043354873185,-42.0218713084177],[-72.16057847700218,-41.79850299059284],[-72.05832636996698,-41.57523287125129],[-72.21956541988787,-41.35205894482137],[-72.01971190046117,-40.90599168999968],[-72.18295116462151,-40.68309439147358],[-71.61560822984175,-39.34750744770139],[-71.784536039046,-39.12518256590976],[-71.34638202047736,-38.014601667930044],[-71.51963032122796,-37.792677528631316],[-71.43573048255064,-37.57081188067094],[-71.61009977974447,-37.34900237015657],[-71.44640430400095,-36.90554237511825],[-71.6224593222507,-36.68388721126838],[-71.54254891844002,-36.462278825707614],[-71.20739012169334,-36.24071489148738],[-71.12937623044016,-36.01919308629559],[-70.7965496520825,-35.79771109220942],[-70.4649695462219,-35.576266595449106],[-70.64488416549551,-35.35485728613313],[-70.57016000078012,-35.13348085803455],[-70.75082453463378,-34.91211575401226],[-70.67729142310083,-34.69080007120077],[-70.85869416624432,-34.46951127584168],[-70.64388198576766,-33.805789762446935],[-70.32039025035347,-33.58459207373245],[-70.25119899698879,-33.3634130593252],[-70.43567253792634,-33.14225108123],[-70.36776078673746,-32.921104502711316],[-70.55311074142622,-32.69997168817188],[-70.48650845032357,-32.478851003031295],[-70.67277421426586,-32.25774081360498],[-70.60751158605328,-32.03663948698336],[-70.79473294177512,-31.815545390910945],[-70.73084045299213,-31.594456893665964],[-70.91905759967914,-31.37337236393964],[-70.73400588812608,-30.71012627045409],[-70.42337646291446,-30.489041301764438],[-70.19211777008097,-29.60465718087936],[-70.38606793465604,-29.38353904749837],[-70.17063220362868,-28.499005090315624],[-69.86993262496021,-28.277858429767303],[-69.81908361779524,-28.056707374953337],[-69.52046518037784,-27.835552363152612],[-69.47137697472589,-27.61439383172224],[-69.17480959307694,-27.39323221808899],[-69.12746215009116,-27.172067959740573],[-68.83291624413191,-26.950901494217046],[-68.53944035405239,-26.729733259102144],[-68.49473644647338,-26.50856369201458],[-68.69838813591352,-26.287393230599463],[-68.57087785810239,-25.623880857053187],[-68.77698101338825,-25.4027111950028],[-68.65836074678242,-24.739214853844164],[-68.37373987276426,-24.518052711403946],[-68.33650849180835,-24.296892404115322],[-68.05359107134062,-24.075733814684558],[-68.01776516883444,-23.854576825827035],[-67.73640634522063,-23.633421320266663],[-67.60124790201992,-22.748811785736265],[-67.814241791247,-22.527661937773246],[-68.02744279501002,-22.306512869594012],[-68.24082334528997,-22.08536446396447],[-68.2090408111128,-21.864216603653958],[-68.42279320602299,-21.64306917143478],[-68.6366399213094,-21.4219220500815],[-68.60552470985401,-21.20077512237026],[-68.81956827045536,-20.97962827107832],[-68.72766232871403,-20.316187003492708],[-68.9418347458861,-20.09503928564885],[-68.85084641151538,-19.431608770514128],[-69.06490194322578,-19.210458304572768],[-69.00484644913591,-18.768156060203097],[-69.21898280997723,-18.54700434458847],[-69.43312665710589,-18.325852275230748],[-69.40355432925138,-18.104699883538096],[-69.61786453752839,-17.883547200919203],[-69.64729900982556,-18.104699883538096],[-69.92079368294283,-18.325852275230748],[-70.19467467575257,-18.54700434458847],[-70.43859764219641,-18.54700434458847],[-70.65229422169824,-18.325852275230748],[-70.01121425892642,-18.989307390666916],[-70.04167984074599,-19.210458304572768],[-69.82798973978528,-19.431608770514128],[-69.92008129584521,-20.09503928564885],[-69.70627846430105,-20.316187003492708],[-69.86225274729216,-21.4219220500815],[-69.64888440163496,-21.64306917143478],[-69.77912702189097,-22.527661937773246],[-70.05836455858504,-22.748811785736265],[-70.1977087637137,-23.633421320266663],[-70.48015522339583,-23.854576825827035],[-70.59293068765123,-24.518052711403946],[-70.38521519498148,-24.739214853844164],[-70.4248229823789,-24.960378948739386],[-70.21827673947612,-25.18154282694258],[-70.43142000288756,-26.287393230599463],[-70.72414076963084,-26.50856369201458],[-71.16679735566716,-28.499005090315624],[-70.97086641946092,-28.720146919406375],[-71.36588667756287,-30.26795214603392],[-71.17509122219184,-30.489041301764438],[-71.4853682366357,-31.594456893665964],[-71.29814117082253,-31.815545390910945],[-71.56314027915319,-32.69997168817188],[-71.37861713068969,-32.921104502711316],[-72.48782288392303,-36.24071489148738],[-72.82419854945256,-36.462278825707614],[-73.41125745546107,-38.014601667930044],[-73.07040830079566,-38.458634867131046],[-73.15964896598986,-38.680748666614505],[-72.99076626212572,-38.902930437121555],[-73.0818889237011,-39.12518256590976],[-73.43387733372188,-39.34750744770139],[-73.71837274965081,-40.014924154026026],[-73.55467746202763,-40.2375625854938],[-73.75207536978948,-40.68309439147358],[-72.47335445578145,-42.468910604767274],[-72.57954803819037,-42.69258563799646],[-72.95141303518089,-42.91636697952146],[-73.16904626076024,-43.36425679840214],[-72.85791981024718,-43.812596580239735],[-72.96901035513932,-44.036940412929106],[-72.65920396715423,-44.48598646362422],[-72.88527009349774,-44.93552448901083],[-73.26760241093143,-45.160498004086215],[-73.6153823572839,-45.83617297624217],[-74.00264848792952,-46.0616751377494],[-74.27236124823298,-46.0616751377494],[-74.66163541198011,-46.287321809402584],[-74.93172191793316,-46.287321809402584],[-75.05260069048931,-46.51311657871384],[-74.78213749833785,-46.51311657871384],[-74.63278349926381,-46.739063055851915],[-74.3619405359609,-46.739063055851915],[-73.9144762399998,-47.41784918935008],[-74.03842147154474,-47.64443907535985],[-73.89078334372874,-47.87119908278656],[-74.0167971198764,-48.09813297163187],[-73.87051735292094,-48.32524452929154],[-74.12846219366975,-48.78001594196742],[-73.98475395944877,-49.007683515332644],[-74.25077014716385,-49.46360191865476],[-74.11005024991103,-49.69186065156852],[-74.24669953256955,-49.92032439467883],[-73.83330263042626,-50.606986405558075],[-73.97552998040295,-50.83631006071597]]],[[[-58.27943636006336,-34.027007764845436],[-57.96568448658813,-33.805789762446935],[-58.27963176973148,-34.026784220400884],[-58.27943636006336,-34.027007764845436]]],[[[-52.67777476757364,-32.921104502711316],[-52.98417273542091,-33.142034918230515],[-52.98397800005226,-33.14225108123],[-52.67777476757364,-32.921104502711316]]],[[[-58.04244018494329,-33.14225108123],[-58.15968350690902,-33.58459207373245],[-57.96568448658813,-33.805789762446935],[-57.71212053660453,-33.805789762446935],[-57.51809005751184,-34.027007764845436],[-57.26430795666131,-34.027007764845436],[-57.070230418359714,-34.24824772180824],[-56.56222543066961,-34.24824772180824],[-56.367862722530916,-34.46951127584168],[-56.113637609483305,-34.46951127584168],[-55.91919475668179,-34.69080007120077],[-54.901394986583924,-34.69080007120077],[-54.27620298606418,-34.24824772180824],[-54.02220049221911,-34.24824772180824],[-53.71135854475415,-34.027007764845436],[-53.65509733686709,-33.805789762446935],[-53.34607042096226,-33.58459207373245],[-53.29119163274122,-33.3634130593252],[-52.98417273542091,-33.142034918230515],[-53.18320293954976,-32.921104502711316],[-53.382608600068,-32.69997168817188],[-53.582206075326326,-32.478851003031295],[-53.782006528866404,-32.25774081360498],[-54.034107539096254,-32.25774081360498],[-54.233922565122384,-32.03663948698336],[-54.433965497734434,-31.815545390910945],[-54.63424773526276,-31.594456893665964],[-54.885756996477284,-31.594456893665964],[-55.08609757793572,-31.37337236393964],[-55.337414403677684,-31.37337236393964],[-55.53782974938679,-31.152290170715972],[-55.78895657365976,-31.152290170715972],[-55.989463232144644,-30.931208683151343],[-56.240402505174885,-30.931208683151343],[-56.441017155158704,-30.71012627045409],[-56.64193920949573,-30.489041301764438],[-56.843180614990004,-30.26795214603392],[-56.794539508497905,-30.046857171905277],[-57.09357209882748,-30.26795214603392],[-57.24415959729595,-30.931208683151343],[-57.546844343570626,-31.152290170715972],[-57.652358869837016,-31.594456893665964],[-57.95782310106627,-31.815545390910945],[-58.23748465931085,-32.921104502711316],[-58.04244018494329,-33.14225108123]]],[[[-77.81446225799868,-10.806667239414935],[-77.14567161908812,-11.47012217763668],[-77.16505963337802,-11.691273844238676],[-76.27962099087478,-12.575880837430411],[-76.30106175887124,-12.79703270945125],[-76.08097908024351,-13.018184647772133],[-76.12612016057746,-13.460488756935877],[-75.90723810516246,-13.681640944589784],[-75.93097020095115,-13.902793232165768],[-75.71288713901991,-14.123945628069466],[-75.73755956349147,-14.34509814070649],[-75.30339776895488,-14.787403549803402],[-75.32948195932391,-15.00855014407848],[-75.11341886224025,-15.229703750424152],[-74.8707464141144,-15.229703750424152],[-74.65496499203886,-15.450857474177404],[-74.41221698619552,-15.450857474177404],[-74.19669033788692,-15.67201128392773],[-73.95386541392404,-15.67201128392773],[-73.73856699471463,-15.893165148264444],[-73.49566384833301,-15.893165148264444],[-73.28056746884323,-16.11431903577681],[-73.0375848519537,-16.11431903577681],[-72.6079770220328,-16.556626754685364],[-72.3648319452704,-16.556626754685364],[-71.72168364768797,-17.220087721597388],[-71.4782869324941,-17.220087721597388],[-70.62227773212226,-18.104699883538096],[-70.65229422169824,-18.325852275230748],[-70.37853305154809,-18.104699883538096],[-70.13478837097391,-18.104699883538096],[-70.10517759180541,-17.883547200919203],[-69.83224508546111,-17.6623942587831],[-69.80323498037909,-17.441241088539233],[-69.53111321094303,-17.220087721597388],[-69.502777198357,-16.99893418936757],[-69.23153552444441,-16.77778052326008],[-69.01615349527651,-16.99893418936757],[-69.04431978055527,-17.220087721597388],[-69.31627000615617,-17.441241088539233],[-69.34510686510113,-17.6623942587831],[-69.13055148325137,-17.883547200919203],[-68.91606496810303,-18.104699883538096],[-68.94545963126895,-18.325852275230748],[-68.73113687708957,-18.54700434458847],[-68.516820482615,-18.768156060203097],[-68.5765129944657,-19.210458304572768],[-68.36227474738043,-19.431608770514128],[-68.45271147090654,-20.09503928564885],[-68.23835426092052,-20.316187003492708],[-68.32970133483249,-20.97962827107832],[-68.11546936395774,-21.20077512237026],[-68.14639479091628,-21.4219220500815],[-67.9323567277782,-21.64306917143478],[-67.7184112319152,-21.864216603653958],[-67.7499987216629,-22.08536446396447],[-67.53642099245616,-22.306512869594012],[-67.32302048358599,-22.527661937773246],[-67.04539918990233,-22.306512869594012],[-66.76834947440875,-22.08536446396447],[-66.52293716259523,-22.08536446396447],[-66.30886648607158,-22.306512869594012],[-66.58618852209452,-22.527661937773246],[-66.831799175925,-22.527661937773246],[-67.10982457070689,-22.748811785736265],[-67.24414586152201,-23.633421320266663],[-67.52528715792215,-23.854576825827035],[-67.56089184491644,-24.075733814684558],[-67.84358416377736,-24.296892404115322],[-67.88058635834493,-24.518052711403946],[-68.16497376158269,-24.739214853844164],[-68.2828660742093,-25.4027111950028],[-68.07651081515658,-25.623880857053187],[-68.20323617392091,-26.287393230599463],[-67.99931326354951,-26.50856369201458],[-68.04374113627361,-26.729733259102144],[-68.33693616321209,-26.950901494217046],[-68.63119636312368,-27.172067959740573],[-68.67825324227485,-27.39323221808899],[-68.97452518716022,-27.61439383172224],[-69.02331306771403,-27.835552363152612],[-69.32162627602736,-28.056707374953337],[-69.37216513414342,-28.277858429767303],[-69.67254962760944,-28.499005090315624],[-69.8866753225599,-29.38353904749837],[-69.69238513929571,-29.60465718087936],[-69.92223329006286,-30.489041301764438],[-70.23249751153072,-30.71012627045409],[-70.41642394819522,-31.37337236393964],[-70.2278219305631,-31.594456893665964],[-70.29132471272771,-31.815545390910945],[-70.10370884694771,-32.03663948698336],[-70.16857219380618,-32.25774081360498],[-69.98190240927887,-32.478851003031295],[-70.04809597256275,-32.69997168817188],[-69.86233261476134,-32.921104502711316],[-69.92982631943723,-33.14225108123],[-69.7449301204441,-33.3634130593252],[-69.81369413604328,-33.58459207373245],[-70.13675408580046,-33.805789762446935],[-70.35024394014908,-34.46951127584168],[-70.16839153805189,-34.69080007120077],[-70.24147060198877,-34.91211575401226],[-70.0603476455391,-35.13348085803455],[-70.13460897928906,-35.35485728613313],[-69.95422699209092,-35.576266595449106],[-70.28533507118563,-35.79771109220942],[-70.61768484077895,-36.01919308629559],[-70.69521701680145,-36.24071489148738],[-71.02988906603498,-36.462278825707614],[-71.10930756284755,-36.68388721126838],[-70.93275534948646,-36.90554237511825],[-71.09544004878245,-37.34900237015657],[-70.920556905498,-37.57081188067094],[-71.00393708037603,-37.792677528631316],[-70.83016316173145,-38.014601667930044],[-71.26559488518397,-39.12518256590976],[-71.09610277159031,-39.34750744770139],[-71.65990976289888,-40.68309439147358],[-71.4960560486176,-40.90599168999968],[-71.69466009486499,-41.35205894482137],[-71.53278627875964,-41.57523287125129],[-71.63439710664103,-41.79850299059284],[-71.47360451804045,-42.0218713084177],[-71.68114001517581,-42.468910604767274],[-71.52193012075924,-42.69258563799646],[-71.62771104532048,-42.91636697952146],[-71.46931015691031,-43.140256679686075],[-71.57652198016349,-43.36425679840214],[-71.41881867559887,-43.58836940535975],[-71.26124866595003,-43.812596580239735],[-71.37024250648584,-44.036940412929106],[-71.21319875193413,-44.26140300373877],[-71.32336599408809,-44.48598646362422],[-71.1667348440249,-44.710692914408995],[-71.27797077841913,-44.93552448901083],[-71.12164744490003,-45.160498004086215],[-71.80704238467156,-46.51311657871384],[-71.65351090293164,-46.739063055851915],[-72.50251553771291,-48.32524452929154],[-72.35472470105056,-48.55253757127985],[-72.61053482453072,-49.007683515332644],[-73.01590876066216,-49.23554419572692],[-73.14798328681572,-49.46360191865476],[-73.00552679747285,-49.69186065156852],[-73.14041797035236,-49.92032439467883],[-72.86384757979806,-49.92032439467883],[-72.72298039006263,-50.14899663237777],[-72.4459649257195,-50.14899663237777],[-72.3054695607159,-50.37788319347263],[-72.1657676468795,-50.606986405558075],[-72.30522343843407,-50.83631006071597],[-72.16751545223097,-51.06585798460146],[-72.30987106929929,-51.29563403721889],[-72.03054602873407,-51.29563403721889],[-71.89429501258991,-51.52564211371357],[-71.614491304221,-51.52564211371357],[-71.47845430927009,-51.755886145180156],[-70.0770146409018,-51.755886145180156],[-69.65586534563879,-51.52564211371357],[-69.51662066364716,-51.29563403721889],[-69.65784797552993,-51.06585798460146],[-69.38654267430158,-50.606986405558075],[-68.9758754751288,-50.37788319347263],[-68.71529172148354,-49.92032439467883],[-68.31130212461053,-49.69186065156852],[-68.18544241524904,-49.46360191865476],[-67.78582126263069,-49.23554419572692],[-67.66334593882569,-49.007683515332644],[-67.26784394013876,-48.78001594196742],[-67.14852902041368,-48.55253757127985],[-66.75690791383919,-48.32524452929154],[-66.6405387389348,-48.09813297163187],[-66.79815728829111,-47.87119908278656],[-66.57041508827564,-47.41784918935008],[-66.72977061309012,-47.19142569143761],[-67.00138296255666,-47.19142569143761],[-67.63938625720105,-46.287321809402584],[-67.52954224064675,-46.0616751377494],[-67.68986247135432,-45.83617297624217],[-67.58125386760886,-45.61081175939165],[-66.8297375128373,-45.160498004086215],[-66.723956052363,-44.93552448901083],[-65.61012059248566,-44.26140300373877],[-65.50809372808979,-44.036940412929106],[-65.67289966091006,-43.812596580239735],[-65.4718455712093,-43.36425679840214],[-64.38300917809913,-42.69258563799646],[-64.64741365745691,-42.69258563799646],[-64.81528152992708,-42.468910604767274],[-65.07935301012897,-42.468910604767274],[-65.41507066508952,-42.0218713084177],[-65.32022066230748,-41.79850299059284],[-65.48907522987523,-41.57523287125129],[-65.3957961945902,-41.35205894482137],[-65.56563200548968,-41.128979214088275],[-65.4740137524163,-40.90599168999968],[-64.77141426214885,-40.46028534520824],[-64.51019727293006,-40.46028534520824],[-64.33733013878172,-40.68309439147358],[-64.07580943792038,-40.68309439147358],[-63.90304619688551,-40.90599168999968],[-63.641218270963705,-40.90599168999968],[-63.46852319664646,-41.128979214088275],[-63.20638459554104,-41.128979214088275],[-63.11756241912012,-40.90599168999968],[-62.76820593361374,-40.68309439147358],[-62.68167834839849,-40.46028534520824],[-62.33525275238006,-40.2375625854938],[-62.251077062988,-40.014924154026026],[-62.42827594393967,-39.79238508812296],[-62.34588654812434,-39.56990748495223],[-62.52426271044115,-39.34750744770139],[-62.443595269529354,-39.12518256590976],[-61.76732678451512,-38.680748666614505],[-59.69599547879241,-38.680748666614505],[-59.362262763569674,-38.458634867131046],[-59.103618508150305,-38.458634867131046],[-58.77157193998126,-38.23658665861161],[-58.51319665557806,-38.23658665861161],[-58.182801122456326,-38.014601667930044],[-57.92469169308339,-38.014601667930044],[-57.85375943865178,-37.792677528631316],[-57.526043902129246,-37.57081188067094],[-57.45695717828855,-37.34900237015657],[-57.13155874606946,-37.12724664909119],[-57.06423357759485,-36.90554237511825],[-57.254210058962485,-36.68388721126838],[-57.122629737166775,-36.24071489148738],[-57.504970548763666,-35.79771109220942],[-57.441034415882115,-35.576266595449106],[-57.63286691723084,-35.35485728613313],[-57.56994494213396,-35.13348085803455],[-57.82485111975447,-35.13348085803455],[-58.016976218508375,-34.91211575401226],[-58.271653184830896,-34.91211575401226],[-58.65588873995934,-34.46951127584168],[-58.594245381430014,-34.24824772180824],[-58.27963176973148,-34.026784220400884],[-58.472812386555304,-33.805789762446935],[-58.66637962121921,-33.58459207373245],[-58.548286403432385,-33.14225108123],[-58.74291283128696,-32.921104502711316],[-58.46123133011368,-31.815545390910945],[-58.15537739226606,-31.594456893665964],[-58.049097992116586,-31.152290170715972],[-57.74603814335647,-30.931208683151343],[-57.5943550665024,-30.26795214603392],[-57.29496730256457,-30.046857171905277],[-56.996631338269836,-29.825768298448587],[-57.199069369664315,-29.60465718087936],[-57.15216371410828,-29.38353904749837],[-56.85642194306652,-29.162414334933594],[-56.81106424160846,-28.941283479943117],[-56.51719061764588,-28.720146919406375],[-56.22432007508985,-28.499005090315624],[-55.93244288208993,-28.277858429767303],[-55.641549377410854,-28.056707374953337],[-55.351629969459296,-27.835552363152612],[-55.10305391312738,-27.835552363152612],[-54.8142492415392,-27.61439383172224],[-54.526397244415065,-27.39323221808899],[-54.48762143455026,-27.172067959740573],[-54.20150385699745,-26.950901494217046],[-54.164163038468004,-26.729733259102144],[-53.87975255021895,-26.50856369201458],[-53.66846382068924,-26.729733259102144],[-53.70552377607764,-26.950901494217046],[-53.99135564758278,-27.172067959740573],[-54.02984089361297,-27.39323221808899],[-54.31739745397354,-27.61439383172224],[-54.605901800463585,-27.835552363152612],[-54.89536336475906,-28.056707374953337],[-55.18579164586474,-28.277858429767303],[-55.43467539127313,-28.277858429767303],[-55.726237499070606,-28.499005090315624],[-56.01878800379018,-28.720146919406375],[-56.31233662052786,-28.941283479943117],[-56.3573643283421,-29.162414334933594],[-56.65277110201214,-29.38353904749837],[-56.69933673887907,-29.60465718087936],[-56.496553649605644,-29.825768298448587],[-56.294111714431224,-30.046857171905277],[-56.34239764731508,-30.26795214603392],[-56.14079603664413,-30.489041301764438],[-55.890224450218355,-30.489041301764438],[-55.68875459026569,-30.71012627045409],[-55.438000401968026,-30.71012627045409],[-55.23664541305385,-30.931208683151343],[-54.98570614002358,-30.931208683151343],[-54.78444927656784,-31.152290170715972],[-54.533322452294854,-31.152290170715972],[-54.33214710070985,-31.37337236393964],[-54.131229212833716,-31.594456893665964],[-53.930557268687025,-31.815545390910945],[-53.67885315416332,-31.815545390910945],[-53.478218456464035,-32.03663948698336],[-53.27780450840672,-32.25774081360498],[-53.07760003428163,-32.478851003031295],[-52.87759383120452,-32.69997168817188],[-52.67777476757364,-32.921104502711316],[-52.62508644677277,-32.69997168817188],[-52.32069097271459,-32.478851003031295],[-52.26940046748733,-32.25774081360498],[-51.96681023914735,-32.03663948698336],[-51.916924352497404,-31.815545390910945],[-51.01754691247312,-31.152290170715972],[-50.97067777153939,-30.931208683151343],[-50.377649548850854,-30.489041301764438],[-50.1606671447623,-29.38353904749837],[-49.8696153369247,-29.162414334933594],[-49.82887754648052,-28.941283479943117],[-49.25116401082045,-28.499005090315624],[-49.21258175606319,-28.277858429767303],[-48.92587526354459,-28.056707374953337],[-48.815999210190945,-27.39323221808899],[-48.5324319909404,-27.172067959740573],[-48.46362203401213,-26.729733259102144],[-48.67780912951823,-26.50856369201458],[-48.61224355970495,-26.06622231251957],[-48.82764904658754,-25.845051375446744],[-48.76532597664059,-25.4027111950028],[-47.661292267152554,-24.518052711403946],[-47.414715509942894,-24.518052711403946],[-46.59497169415039,-23.854576825827035],[-46.348732688694234,-23.854576825827035],[-46.07694506248154,-23.633421320266663],[-45.58468457878293,-23.633421320266663],[-45.31373683097841,-23.412267180735157],[-45.06771360705595,-23.412267180735157],[-44.2586396646513,-22.748811785736265],[-43.52150466768176,-22.748811785736265],[-43.29871316134588,-22.969962530721354],[-42.56127106148148,-22.969962530721354],[-41.75777635837966,-22.306512869594012],[-41.51226545710274,-22.306512869594012],[-41.490881357614505,-22.08536446396447],[-41.22441395524476,-21.864216603653958],[-41.203568663436926,-21.64306917143478],[-40.937790054098386,-21.4219220500815],[-40.89715293995234,-20.97962827107832],[-40.63219576076905,-20.758481378983273],[-40.612278759571396,-20.537334328862556],[-40.34779439669011,-20.316187003492708],[-40.30850254760687,-19.87390823288032],[-40.044546902076256,-19.652758757085053],[-39.98648310537325,-18.989307390666916],[-39.723288457879825,-18.768156060203097],[-39.64811169949133,-17.883547200919203],[-39.386106312963115,-17.6623942587831],[-39.29710150558284,-16.556626754685364],[-39.036868873210715,-16.33547291505404],[-38.9245534566991,-14.787403549803402],[-39.152129384596066,-14.566250778482564],[-39.06864044634759,-13.2393366607985],[-38.813730319071475,-13.018184647772133],[-38.801151276387,-12.79703270945125],[-38.03973828480268,-12.133577258667037],[-37.79797631772507,-12.133577258667037],[-37.78667906224339,-11.912425535113675],[-38.01728608633328,-11.691273844238676],[-39.22555070198281,-11.691273844238676],[-39.45603666678034,-11.47012217763668],[-40.180837338940115,-11.47012217763668],[-40.411317250163286,-11.248970526902289],[-40.65286596754965,-11.248970526902289],[-41.11418186759485,-10.806667239414935],[-42.32142793306866,-10.806667239414935],[-42.57393617003002,-11.02781888363017],[-43.78142810036558,-11.02781888363017],[-44.288041147845455,-11.47012217763668],[-44.31276351926176,-11.912425535113675],[-44.56731139589781,-12.133577258667037],[-44.80907336297541,-12.133577258667037],[-45.06407885729089,-12.354729023304138],[-45.07761866569655,-12.575880837430411],[-45.33339374752942,-12.79703270945125],[-45.34759860836787,-13.018184647772133],[-45.861181219309714,-13.460488756935877],[-45.87645669439758,-13.681640944589784],[-46.134306625332556,-13.902793232165768],[-46.15030362550835,-14.123945628069466],[-46.40902032270845,-14.34509814070649],[-46.42576156266004,-14.566250778482564],[-46.68537357664702,-14.787403549803402],[-46.72074243151638,-15.229703750424152],[-46.98169232589874,-15.450857474177404],[-47.00029885404045,-15.67201128392773],[-47.262124039117325,-15.893165148264444],[-47.2814274616637,-16.11431903577681],[-47.544083643939715,-16.33547291505404],[-47.62540884349364,-17.220087721597388],[-47.88981114034777,-17.441241088539233],[-47.932433622200755,-17.883547200919203],[-48.46344454611756,-18.325852275230748],[-48.50775585525664,-18.768156060203097],[-48.77420929665711,-18.989307390666916],[-48.79676056968152,-19.210458304572768],[-49.06369401404986,-19.431608770514128],[-49.08651513507131,-19.652758757085053],[-49.35387326581909,-19.87390823288032],[-49.39999365087015,-20.316187003492708],[-49.93611027059653,-20.758481378983273],[-50.180950126118304,-20.758481378983273],[-50.22844923874393,-21.20077512237026],[-50.7670799892104,-21.64306917143478],[-50.79169074959798,-21.864216603653958],[-51.06196151834242,-22.08536446396447],[-51.08719060690259,-22.306512869594012],[-51.90220432643057,-22.969962530721354],[-51.92908345773796,-23.191114289971527],[-52.202387100807066,-23.412267180735157],[-52.44841032472952,-23.412267180735157],[-53.27261427861487,-24.075733814684558],[-53.51896389182697,-24.075733814684558],[-53.79524081489501,-24.296892404115322],[-53.92064655560861,-25.18154282694258],[-53.67371276494396,-25.18154282694258],[-53.459417898840655,-25.4027111950028],[-53.73986656972886,-25.623880857053187],[-54.23423361267464,-25.623880857053187],[-54.44764777719858,-25.4027111950028],[-54.31886471181346,-24.518052711403946],[-54.812018226232794,-24.518052711403946],[-55.02755163497241,-24.296892404115322],[-58.47802193118912,-24.296892404115322],[-58.9709462592201,-24.296892404115322],[-59.25039985600672,-24.518052711403946],[-59.74355337042604,-24.518052711403946],[-59.95679491528202,-24.296892404115322],[-60.69618140732847,-24.296892404115322],[-60.909452288189854,-24.075733814684558],[-62.63389958067451,-24.075733814684558],[-62.84674605425553,-23.854576825827035],[-63.09298505971165,-23.854576825827035],[-63.51945540123987,-23.412267180735157],[-64.01150184908477,-23.412267180735157],[-64.65270791414177,-22.748811785736265],[-64.62130329145052,-22.527661937773246],[-65.11252459911154,-22.527661937773246],[-65.32682288096389,-22.306512869594012],[-65.05046329171401,-22.08536446396447],[-64.55963866808692,-22.08536446396447],[-64.12458678392656,-18.768156060203097],[-64.34052348110059,-18.54700434458847],[-64.31262288581804,-18.325852275230748],[-64.5286607177679,-18.104699883538096],[-64.50107746761962,-17.883547200919203],[-64.71729377168144,-17.6623942587831],[-64.96086288186144,-17.6623942587831],[-65.82634418076798,-16.77778052326008],[-65.79991487268538,-16.556626754685364],[-66.45147260326583,-15.893165148264444],[-66.42629277107366,-15.67201128392773],[-66.64428079920881,-15.450857474177404],[-66.61988317783566,-15.229703750424152],[-66.86255562596152,-15.229703750424152],[-67.08113952769241,-15.00855014407848],[-67.05752639151025,-14.787403549803402],[-67.27684047311013,-14.566250778482564],[-67.76174928498106,-14.566250778482564],[-68.64172647352581,-13.681640944589784],[-68.9057405774313,-13.902793232165768],[-69.12609391563491,-13.681640944589784],[-69.10465432620333,-13.460488756935877],[-69.3257218235953,-13.2393366607985],[-70.05189177664926,-13.2393366607985],[-70.27309615642447,-13.018184647772133],[-70.75708640007606,-13.018184647772133],[-71.20022526352018,-12.575880837430411],[-71.68397723755395,-12.575880837430411],[-71.90591530709561,-12.354729023304138],[-72.14773365349025,-12.354729023304138],[-73.03846781018281,-11.47012217763668],[-73.28006803423605,-11.47012217763668],[-74.17562960519813,-10.585515585851255],[-74.15893536704844,-10.364363914533737],[-74.3839438337566,-10.143212217057027],[-74.33721506742927,-9.479755775079624],[-74.79010099252243,-9.03745273581877],[-74.74852730875399,-8.373997954605677],[-75.43253811107522,-7.710542959692556],[-75.408144419686,-7.268239540520659],[-75.64894904967208,-7.268239540520659],[-75.87793595168185,-7.0470878108015595],[-75.86640547130953,-6.825936070609628],[-76.32553379398388,-6.383632567654969],[-76.30424244356374,-5.941329049352183],[-76.54486363432447,-5.941329049352183],[-76.77516148040151,-5.720177289975116],[-76.75523667204153,-5.277873781829286],[-76.98613241024995,-5.056722037484403],[-76.97671189981274,-4.835570845106938],[-77.20798490575133,-4.614419006614159],[-77.1990206956031,-4.393267177351978],[-77.43073902358522,-4.172115356878032],[-77.39179394569827,-3.0663563708479686],[-77.62535207813117,-2.8452045938131674],[-77.37872072695544,-2.6240528224698796],[-77.35354770981607,-1.5182940356422734],[-77.10974642410132,-1.2971422891578035],[-77.10213524455585,-0.6336870635035381],[-76.86054297135011,-0.4125353247438759],[-76.85987821796338,0.25091988835332424],[-76.62069393912428,0.4720716264664013],[-76.62226064555189,0.6932233655238169],[-75.4370746442196,1.7989820904592966],[-75.44168747396913,2.0201338444727868],[-75.20650293091022,2.2412856025273316],[-74.72600801874205,2.2412856025273316],[-74.73145813538,2.4624373650653046],[-74.26298379893345,2.904740905361076],[-74.02268752845947,2.904740905361076],[-73.78895102460616,3.1258926840036505],[-73.54863632266765,3.1258926840036505],[-73.08205749243457,3.5681962604901662],[-72.36099394296204,3.5681962604901662],[-71.66295754282929,4.2316516798590875],[-71.42253664663501,4.2316516798590875],[-70.72637920997998,4.895107175412382],[-69.04292043580293,4.895107175412382],[-68.34771502083413,5.558561839615062],[-68.10714197698152,5.558561839615062],[-67.87569348360864,5.7797135971643865],[-67.89461163186724,6.222017116661056],[-67.66373190346582,6.443168874184523],[-67.41329605090024,6.222017116661056],[-67.39449224608215,5.7797135971643865],[-67.1631521193546,6.00086535691704],[-66.68189439827104,6.00086535691704],[-66.45066488896622,6.222017116661056],[-66.21000709848269,6.222017116661056],[-65.97891989405784,6.443168874184523],[-64.29410788464989,6.443168874184523],[-62.79803769470601,5.116258339974113],[-62.79007356028812,4.895107175412382],[-62.541831003387784,4.673955334359034],[-62.53428738869728,4.45280350265541],[-62.05339817714099,4.45280350265541],[-61.80570079886394,4.2316516798590875],[-61.798680335264706,4.010499865527709],[-61.55153109931635,3.789348059218856],[-61.311155295883054,3.789348059218856],[-61.0643316678925,3.5681962604901662],[-60.34326811841997,3.5681962604901662],[-60.35629265904349,4.010499865527709],[-60.12275452550398,4.2316516798590875],[-59.875496766969746,4.010499865527709],[-59.856486923641526,3.347044468899223],[-59.37581865704132,3.347044468899223],[-58.884022488599726,2.904740905361076],[-57.92283740670386,2.904740905361076],[-57.67751903370464,2.683589132529081],[-57.43724014673573,2.683589132529081],[-57.45314559064039,3.347044468899223],[-57.218659404039045,3.5681962604901662],[-56.97247732404017,3.347044468899223],[-56.95668237279793,2.683589132529081],[-56.71176317405606,2.4624373650653046],[-55.99097537560313,2.4624373650653046],[-55.75528793795341,2.683589132529081],[-54.79417239007779,2.683589132529081],[-54.54939977869721,2.4624373650653046],[-53.82861198024425,2.4624373650653046],[-53.592777955233274,2.683589132529081],[-53.11222018129547,2.683589132529081],[-52.876615726750614,2.904740905361076],[-52.63631945627665,2.904740905361076],[-52.40094255207917,3.1258926840036505],[-52.40612879133802,3.347044468899223],[-52.17121455773136,3.5681962604901662],[-52.17687476541815,3.789348059218856],[-51.70802315870426,4.2316516798590875],[-52.943798911211104,5.337410086480983],[-53.1843450257562,5.337410086480983],[-53.43218630197154,5.558561839615062],[-53.91333238967678,5.558561839615062],[-54.14652948393655,5.337410086480983],[-54.39447847738205,5.558561839615062],[-54.402058832866615,5.7797135971643865],[-55.123860689156345,5.7797135971643865],[-55.356770652792534,5.558561839615062],[-56.07848978435041,5.558561839615062],[-56.32686378297261,5.7797135971643865],[-56.8080650204991,5.7797135971643865],[-57.056739976599886,6.00086535691704],[-57.297368837141676,6.00086535691704],[-57.54632664107646,6.222017116661056],[-57.786984431559986,6.222017116661056],[-59.03603949841221,7.3277758378339115],[-59.04588751061337,7.548927551075463],[-59.29686323153034,7.770079248824822],[-59.30724548228797,7.991230928870034],[-59.55884031706246,8.212382588999198],[-59.799792974791245,8.212382588999198],[-60.029995193413185,7.991230928870034],[-60.27091176378826,7.991230928870034],[-60.25012260186203,7.548927551075463],[-59.99929353946901,7.3277758378339115],[-60.23033559319656,7.106624111312118],[-60.46155072719404,6.885472373721985],[-60.702299649917734,6.885472373721985],[-60.93365266780161,6.664320627275483],[-60.90680174526837,6.00086535691704],[-60.65767492071113,5.7797135971643865],[-60.408804573697594,5.558561839615062],[-60.16823152984499,5.558561839615062],[-59.919636233018636,5.337410086480983],[-59.67128016983875,5.116258339974113],[-59.90414423312744,4.895107175412382],[-59.89667171037104,4.673955334359034],[-60.12984133091582,4.45280350265541],[-60.3776097636468,4.673955334359034],[-60.385132454320896,4.895107175412382],[-60.1523197890491,5.116258339974113],[-60.39283959865428,5.116258339974113],[-60.625626564917624,4.895107175412382],[-60.85854781692258,4.673955334359034],[-61.09901684356048,4.673955334359034],[-61.33206435980655,4.45280350265541],[-61.57995489683624,4.673955334359034],[-61.34710889670778,4.895107175412382],[-61.1143990274698,5.116258339974113],[-60.87387921786461,5.116258339974113],[-60.889950661402835,5.558561839615062],[-61.138876158237636,5.7797135971643865],[-61.388059466351905,6.00086535691704],[-61.4150882681965,6.664320627275483],[-61.18379749536511,6.885472373721985],[-60.95267804996787,7.106624111312118],[-60.72173407026163,7.3277758378339115],[-60.480920559997415,7.3277758378339115],[-60.73181663836152,7.548927551075463],[-60.75274490453842,7.991230928870034],[-60.52265094797771,8.212382588999198],[-60.292754746546166,8.433534227000356],[-60.052118629990574,8.433534227000356],[-60.556769854552726,8.875837427770994],[-61.01572369102192,8.433534227000356],[-61.25671333918051,8.433534227000356],[-61.509225441229844,8.654685840661607],[-61.050927448256616,9.096988986116632],[-61.30439822162788,9.318140513486576],[-61.78669237308391,9.318140513486576],[-62.04063604819409,9.539292007668896],[-62.281824956482865,9.539292007668896],[-62.536212539230604,9.760443466451711],[-62.77744431421294,9.760443466451711],[-63.032287802159416,9.98159488762308],[-63.27356349999741,9.98159488762308],[-63.52887438819137,10.202748510815603],[-63.075147952041306,10.645051866134349],[-63.55797595363485,10.645051866134349],[-63.78461851248184,10.423900200423159],[-64.02598530515952,10.423900200423159],[-64.25283647853004,10.202748510815603],[-64.4941571753096,10.202748510815603],[-64.72121768702544,9.98159488762308],[-64.96249338486345,9.98159488762308],[-65.47418606122568,10.423900200423159],[-65.71555285390338,10.423900200423159],[-66.22913806029419,10.866203516354522],[-66.71206273625064,10.866203516354522],[-66.93777196478965,10.645051866134349],[-67.4205999663832,10.645051866134349],[-67.64648719532494,10.423900200423159],[-67.88785398800262,10.423900200423159],[-68.1448419687735,10.645051866134349],[-68.16083676411996,10.866203516354522],[-68.41872257952944,11.08735515948903],[-68.43553202988448,11.308506803943262],[-68.67709449706489,11.308506803943262],[-68.93596168750035,11.529658458122544],[-69.66080456702599,11.529658458122544],[-69.92033535892358,11.750810130432273],[-69.93866212154443,11.971961829277797],[-70.1991819843639,12.193113563064486],[-70.14403315337637,11.529658458122544],[-70.36803176732774,11.308506803943262],[-70.60959423450815,11.308506803943262],[-70.83384079073394,11.08735515948903],[-71.07535261185438,11.08735515948903],[-71.29984715783687,10.866203516354522],[-71.28322397913153,10.645051866134349],[-70.51183443513749,9.98159488762308],[-70.7380928886302,9.760443466451711],[-70.72343674659045,9.539292007668896],[-71.40475898707871,8.875837427770994],[-71.91486955366075,9.318140513486576],[-71.92938128803438,9.539292007668896],[-72.18548353852425,9.760443466451711],[-72.20076432000349,9.98159488762308],[-71.74972267084571,10.423900200423159],[-71.79988807521573,11.08735515948903],[-72.05896903759057,11.308506803943262],[-71.8353332056028,11.529658458122544],[-72.07694749877798,11.529658458122544],[-72.33700852076099,11.750810130432273],[-72.1141561016798,11.971961829277797],[-71.63071299498304,11.971961829277797],[-71.40806709374698,12.193113563064486],[-72.13339815937682,12.193113563064486],[-73.24895900193843,11.08735515948903],[-74.21500628642023,11.08735515948903],[-74.66301999028633,10.645051866134349],[-74.9044339910831,10.645051866134349],[-75.12885776833343,10.423900200423159],[-75.11226783361012,10.202748510815603],[-75.3373483918975,9.98159488762308],[-75.32149661329467,9.760443466451711],[-75.5472149123662,9.539292007668896],[-75.53207568958106,9.318140513486576],[-76.21190680757896,8.654685840661607],[-76.4529343709617,8.654685840661607],[-76.90743167353705,8.212382588999198],[-76.8941551196684,7.991230928870034],[-77.12208419896679,7.770079248824822],[-77.37598826041857,7.991230928870034],[-77.3893369889947,8.212382588999198],[-77.16222791452668,8.433341786254234],[-77.67248604142705,8.875837427770994],[-77.9135524665943,8.875837427770994],[-78.42584059831731,9.318140513486576],[-79.6315759769574,9.318140513486576],[-79.85721536376448,9.096988986116632],[-80.33942787441855,9.096988986116632],[-80.56528314343397,8.875837427770994],[-80.8063495686012,8.875837427770994],[-81.03245807523439,8.654685840661607],[-81.27348563861716,8.654685840661607],[-81.52954884410296,8.875837427770994],[-81.77061526927022,8.875837427770994],[-82.02717166170771,9.096988986116632],[-82.26827791703472,9.096988986116632],[-82.5253094459343,9.317699425108867],[-82.52534088569364,9.318140513486576],[-82.78288216102985,9.539292007668896],[-82.78310869813896,9.539069100531812],[-83.04091341272958,9.760443466451711],[-83.05817072271356,9.98159488762308],[-83.57669551205272,10.423900200423159],[-83.59533801976687,10.645051866134349],[-84.07816602136045,10.645051866134349],[-84.33881340866087,10.866203516354522],[-85.06320042259556,10.866203516354522],[-85.3245500579609,11.08735515948903],[-85.56606187908135,11.08735515948903],[-85.7875874365302,10.866203516354522],[-85.76806402693781,10.645051866134349],[-85.50762985347424,10.423900200423159],[-85.48905779513107,10.202748510815603],[-85.24773709835152,10.202748510815603],[-84.98837630541759,9.98159488762308],[-84.74710060757957,9.98159488762308],[-83.20170614567932,8.654685840661607],[-82.97594739510642,8.875837427770994],[-82.7196510189138,8.654685840661607],[-82.47862345553102,8.654685840661607],[-82.22281272897732,8.433534227000356],[-81.98182308081871,8.433534227000356],[-81.47156995679484,7.991230928870034],[-80.98973681604468,7.991230928870034],[-80.73530466533904,7.770079248824822],[-80.49442330091424,7.770079248824822],[-80.26698710491947,7.991230928870034],[-80.52172153946927,8.212382588999198],[-80.53588519186722,8.433534227000356],[-80.0831502930995,8.875837427770994],[-79.84208386793223,8.875837427770994],[-79.61610910843747,9.096988986116632],[-78.65168408712938,9.096988986116632],[-78.39568531692879,8.875837427770994],[-78.15461889176153,8.875837427770994],[-77.64400941396421,8.433534227000356],[-77.87124230445232,8.212382588999198],[-77.85782140116872,7.991230928870034],[-78.08560965666607,7.770079248824822],[-77.84472829224126,7.770079248824822],[-77.59110791584288,7.548927551075463],[-77.8194932990201,7.3277758378339115],[-77.56655455570821,7.106624111312118],[-77.5547242405757,6.885472373721985],[-77.30246308122787,6.664320627275483],[-77.25911761537544,5.7797135971643865],[-77.00834459952856,5.558561839615062],[-76.96997260166096,4.673955334359034],[-77.20140834116427,4.45280350265541],[-77.17595832248003,3.789348059218856],[-77.4084387892697,3.5681962604901662],[-77.39367155368375,3.1258926840036505],[-78.09513452816047,2.4624373650653046],[-78.08947240391923,2.2412856025273316],[-79.03225833943858,1.3566785927858693],[-79.02897000319382,1.1355268482411554],[-79.74294642671498,0.4720716264664013],[-79.74192526634103,0.25091988835332424],[-79.98169296996919,0.029768150742167817],[-79.98192554158192,-0.19138358680942688],[-80.22295642225875,-0.4125353247438759],[-80.22442620735042,-0.6336870635035381],[-80.4666681413968,-0.8548388035308316],[-80.46930739605473,-1.075990545268129],[-80.71269848708101,-1.2971422891578035],[-80.72069895222127,-1.7394457851638963],[-80.48522979009212,-1.9605975381650904],[-80.4904593166985,-2.1817492950882293],[-80.00997215470642,-2.1817492950882293],[-79.54119025854216,-2.6240528224698796],[-80.03519998176304,-3.0663563708479686],[-80.0425198323383,-3.287508154016643],[-80.53898648564,-3.7298117405252365],[-80.54740042513984,-3.950963544749906],[-81.04603111072994,-4.393267177351978],[-81.05538306671723,-4.614419006614159],[-80.82450862376186,-4.835570845106938],[-80.85469880648006,-5.499025533396826],[-80.62465157005462,-5.720177289975116],[-80.63542387725683,-5.941329049352183],[-80.40580823523449,-6.162480809316121],[-80.16515830188915,-6.162480809316121],[-79.24874611915212,-7.0470878108015595],[-79.2610184994634,-7.268239540520659],[-79.03275938509317,-7.48939125755496],[-79.04561862721243,-7.710542959692556],[-78.81789272045974,-7.9316946447215],[-78.83136797777178,-8.15284631042984],[-78.60420090703244,-8.373997954605677],[-78.61832120315852,-8.59514957503705],[-78.391738297785,-8.816301169512066],[-78.42169482036647,-9.258604271745266],[-78.19605579906046,-9.479755775079624],[-78.22820820321849,-9.922058675124262],[-78.00357096082328,-10.143212217057027],[-78.02060375880413,-10.364363914533737],[-77.79664732812219,-10.585515585851255],[-77.81446225799868,-10.806667239414935]],[[-80.2905570673462,-3.5086599437616073],[-80.0425198323383,-3.287508154016643],[-79.80985919089247,-3.5086599437616073],[-79.57750653923956,-3.7298117405252365],[-79.82622471439248,-3.950963544749906],[-79.83488543429965,-4.172115356878032],[-79.5944707932282,-4.172115356878032],[-79.36296405411193,-4.393267177351978],[-79.13168398623426,-4.614419006614159],[-78.89122160117392,-4.614419006614159],[-78.8820877522211,-4.393267177351978],[-78.63281222894244,-4.172115356878032],[-78.61602659283915,-3.7298117405252365],[-78.36776556153126,-3.5086599437616073],[-78.36021818649233,-3.287508154016643],[-78.11272286462503,-3.0663563708479686],[-77.87956057339348,-3.287508154016643],[-77.88706768507751,-3.5086599437616073],[-78.13528661963893,-3.7298117405252365],[-78.15198294679955,-4.172115356878032],[-78.40121145033024,-4.393267177351978],[-78.41029683105319,-4.614419006614159],[-78.66012296654048,-4.835570845106938],[-78.91023506604532,-5.056722037484403],[-79.15074789801972,-5.056722037484403],[-79.38158485228094,-4.835570845106938],[-79.612608756355,-4.614419006614159],[-79.85307114141537,-4.614419006614159],[-80.08427850694822,-4.393267177351978],[-80.31571471644253,-4.172115356878032],[-80.30700852155738,-3.950963544749906],[-80.0582465124398,-3.7298117405252365],[-80.2905570673462,-3.5086599437616073]],[[-78.78877941982522,1.1355268482411554],[-79.03225833943858,1.3566785927858693],[-78.7958605497031,1.5778303400444442],[-78.55185976951381,1.3566785927858693],[-78.31166048455142,1.3566785927858693],[-78.06820766971933,1.1355268482411554],[-77.8280170863507,1.1355268482411554],[-77.5851232328727,0.9143751059679439],[-77.34493991830429,0.9143751059679439],[-77.10261569911702,0.6932233655238169],[-77.3412137439529,0.4720716264664013],[-77.58138701222911,0.4720716264664013],[-77.82314827946472,0.6932233655238169],[-78.06332580624729,0.6932233655238169],[-78.30567317657794,0.9143751059679439],[-78.54585649114635,0.9143751059679439],[-78.78877941982522,1.1355268482411554]],[[-68.84755414314705,6.00086535691704],[-69.09790058428477,6.222017116661056],[-69.3485439128738,6.443168874184523],[-69.59949347490962,6.664320627275483],[-69.85075871341778,6.885472373721985],[-71.29525224975987,6.885472373721985],[-71.54703408261389,7.106624111312118],[-71.78781490153766,7.106624111312118],[-72.0399690526792,7.3277758378339115],[-72.29247351434873,7.548927551075463],[-72.54533827489527,7.770079248824822],[-72.55765685291706,7.991230928870034],[-72.81123649214723,8.212382588999198],[-72.82421645079255,8.433534227000356],[-72.59649335683737,8.654685840661607],[-72.61009111291493,8.875837427770994],[-72.8651339592808,9.096988986116632],[-72.87945785657284,9.318140513486576],[-73.13532582947832,9.539292007668896],[-73.15041063845361,9.760443466451711],[-73.4071428091935,9.98159488762308],[-73.18170225937367,10.202748510815603],[-73.19792342691188,10.423900200423159],[-72.97312198470894,10.645051866134349],[-72.99008352368443,10.866203516354522],[-72.76593535969754,11.08735515948903],[-72.78365643913182,11.308506803943262],[-72.5601760851284,11.529658458122544],[-72.30053150477099,11.308506803943262],[-72.28291171745664,11.08735515948903],[-72.50715884772796,10.866203516354522],[-72.49029398311538,10.645051866134349],[-72.71518984155651,10.423900200423159],[-72.69906086581454,10.202748510815603],[-72.9245914135175,9.98159488762308],[-72.66794708848893,9.760443466451711],[-72.65294801290075,9.539292007668896],[-72.39716370511678,9.318140513486576],[-72.38292144862675,9.096988986116632],[-72.12795826258045,8.875837427770994],[-72.11443823007183,8.654685840661607],[-72.34223715447537,8.433534227000356],[-72.32933117668959,8.212382588999198],[-72.07582371216692,7.991230928870034],[-72.06357554604564,7.770079248824822],[-71.81077947784927,7.548927551075463],[-71.56993245959954,7.548927551075463],[-71.31752852188659,7.3277758378339115],[-69.8726474603014,7.3277758378339115],[-69.62078753122371,7.106624111312118],[-69.3692608679704,6.885472373721985],[-69.11805787451473,6.664320627275483],[-68.86716905304293,6.443168874184523],[-68.61658500331777,6.222017116661056],[-68.84755414314705,6.00086535691704]],[[-55.6894440997569,-26.950901494217046],[-55.40341108291494,-26.729733259102144],[-55.366022098990584,-26.50856369201458],[-55.081709181117375,-26.287393230599463],[-54.798312820685695,-26.06622231251957],[-54.586557219124785,-26.287393230599463],[-54.87059891606671,-26.50856369201458],[-54.90771186513618,-26.729733259102144],[-55.19346401883709,-26.950901494217046],[-55.48015300848523,-27.172067959740573],[-55.76778812142031,-27.39323221808899],[-56.01606629682135,-27.39323221808899],[-56.30480460423614,-27.61439383172224],[-57.29850817936743,-27.61439383172224],[-57.50573534922765,-27.39323221808899],[-58.2505698754308,-27.39323221808899],[-58.45774773029018,-27.172067959740573],[-58.66532458527577,-26.950901494217046],[-58.586272787995824,-26.50856369201458],[-58.30019693406918,-26.287393230599463],[-58.22550325544573,-25.845051375446744],[-57.94198643476804,-25.623880857053187],[-57.906452351451264,-25.4027111950028],[-58.11852099690783,-25.18154282694258],[-58.08419945883861,-24.960378948739386],[-58.331011929309426,-24.960378948739386],[-58.54392755018786,-24.739214853844164],[-58.264092827168085,-24.518052711403946],[-58.017516069958404,-24.518052711403946],[-57.80384707238828,-24.739214853844164],[-57.590574517897,-24.960378948739386],[-57.62465341557851,-25.18154282694258],[-57.41233741227231,-25.4027111950028],[-57.44761939182224,-25.623880857053187],[-57.73087934971636,-25.845051375446744],[-57.8050449720766,-26.287393230599463],[-58.09084960507194,-26.50856369201458],[-58.16934450435596,-26.950901494217046],[-57.42537438297623,-26.950901494217046],[-57.21708326287144,-27.172067959740573],[-56.22455168893647,-27.172067959740573],[-55.937434140216794,-26.950901494217046],[-55.6894440997569,-26.950901494217046]],[[-54.85376791059626,4.895107175412382],[-54.62036416813008,5.116258339974113],[-54.37277968940282,4.895107175412382],[-54.36588409769966,4.673955334359034],[-54.11872618646214,4.45280350265541],[-54.10594606208494,4.010499865527709],[-53.859505389451144,3.789348059218856],[-53.85369617316725,3.5681962604901662],[-54.088467724438814,3.347044468899223],[-54.08314546564871,3.1258926840036505],[-54.3183933495944,2.904740905361076],[-54.563774869525716,3.1258926840036505],[-54.56913599103903,3.347044468899223],[-54.33440520614894,3.5681962604901662],[-54.340256996317734,3.789348059218856],[-54.58674195415867,4.010499865527709],[-54.59961539801843,4.45280350265541],[-54.84682215097543,4.673955334359034],[-54.85376791059626,4.895107175412382]],[[-57.705518244383754,3.789348059218856],[-57.952313198674815,4.010499865527709],[-58.19938735594975,4.2316516798590875],[-58.2206854589504,4.895107175412382],[-57.987641502602514,5.116258339974113],[-57.747121692997354,5.116258339974113],[-57.514175087567764,5.337410086480983],[-57.28135500361351,5.558561839615062],[-57.033082858477584,5.337410086480983],[-57.266082073787004,5.116258339974113],[-57.499203127160214,4.895107175412382],[-57.73245047063007,4.673955334359034],[-57.71854556356119,4.2316516798590875],[-57.47151730660107,4.010499865527709],[-57.705518244383754,3.789348059218856]]],[[[-60.052118629990574,8.433534227000356],[-59.799792974791245,8.212382588999198],[-60.05176509838758,8.433534227000356],[-60.052118629990574,8.433534227000356]]],[[[-61.35698811717536,10.202748510815603],[-61.129583793027194,10.423900200423159],[-61.143835945667135,10.645051866134349],[-61.86807794805746,10.645051866134349],[-61.612317378382585,10.423900200423159],[-62.067185010807435,9.98159488762308],[-61.34335791729343,9.98159488762308],[-61.35698811717536,10.202748510815603]]],[[[-58.680113687263514,13.298873050305072],[-58.662111062079916,13.077721015731196],[-58.420099505926814,13.077721015731196],[-58.680113687263514,13.298873050305072]]],[[[-60.03003015050977,14.846940153502823],[-60.2513132003145,14.625787344794317],[-60.008839762749986,14.625787344794317],[-60.03003015050977,14.846940153502823]]],[[[-21.981505691816217,15.51039432637916],[-22.224274273314073,15.51039432637916],[-22.21365170666504,15.289240576384804],[-21.970959054631685,15.289240576384804],[-21.981505691816217,15.51039432637916]]],[[[-61.13791454055351,16.17385591596535],[-60.919113331154264,16.395009787659305],[-60.94365113992062,16.616163611251277],[-61.16219852173727,16.395009787659305],[-61.13791454055351,16.17385591596535]]],[[[-24.506146162131436,17.27962447930898],[-24.749565881029703,17.27962447930898],[-24.493472681928928,17.05847098848661],[-24.506146162131436,17.27962447930898]]],[[[-67.2754311364095,18.606540676283817],[-67.49026367070103,18.385388699067796],[-67.21757729115704,18.1642363910614],[-66.24250316810435,18.1642363910614],[-66.02711845457513,18.385388699067796],[-66.29964254884379,18.606540676283817],[-67.2754311364095,18.606540676283817]]],[[[-70.87410525260461,18.1642363910614],[-70.9042691749948,18.385388699067796],[-70.69069119288945,18.606540676283817],[-70.44674404599803,18.606540676283817],[-70.17269656693183,18.385388699067796],[-69.92883903091085,18.385388699067796],[-69.71490260532374,18.606540676283817],[-68.98306116464946,18.606540676283817],[-68.76885736414609,18.827692291301407],[-69.04289017637149,19.048843512713006],[-69.2870181299399,19.048843512713006],[-69.83622147094573,19.49114464909089],[-70.08053195626249,19.49114464909089],[-70.35566687413404,19.712294501245054],[-71.33327588168012,19.712294501245054],[-71.24004175848718,19.048843512713006],[-71.45326772399179,18.827692291301407],[-71.3315265289855,17.943083783673178],[-71.08784634009658,17.943083783673178],[-70.87410525260461,18.1642363910614]]],[[[-13.871554232758703,24.35643083880927],[-13.8957099728727,24.798754285122726],[-13.661292237440554,25.01991630775607],[-13.673840830835667,25.241083453418412],[-13.20523404007818,25.683422148521174],[-13.218257576115091,25.904592822680097],[-12.51553112708696,26.56810489959117],[-12.267782616991672,26.56810489959117],[-11.329666829295034,27.452771456690883],[-13.067890748239941,27.452771456690883],[-13.053311566698655,27.23160786728881],[-13.754273677563434,26.56810489959117],[-13.740252693557563,26.346934635886697],[-14.20764531725146,25.904592822680097],[-14.19410548875551,25.683422148521174],[-14.427906629316203,25.462252212883158],[-14.41474139054147,25.241083453418412],[-14.648671854934358,25.01991630775607],[-14.63588586651778,24.798754285122726],[-14.869951289911496,24.577591628601063],[-14.857525467239148,24.35643083880927],[-15.091702631391927,24.135271798451086],[-15.07960149329258,23.9141143902395],[-15.782315713624945,23.250650785740483],[-15.77065255119034,23.029498733409092],[-16.239087263013005,22.587197648988862],[-16.227687867757403,22.36604838241614],[-16.461862638528302,22.144899809953344],[-16.439502685724108,21.702604278434567],[-14.722793696523516,21.702604278434567],[-14.487897808072804,21.923751814368966],[-14.5196232274906,22.587197648988862],[-14.284720352623028,22.80834772690669],[-14.295601536155425,23.029498733409092],[-14.060693266639072,23.250650785740483],[-14.106183760290184,24.135271798451086],[-13.871554232758703,24.35643083880927]]],[[[-15.352024642984626,28.116243900090836],[-15.583949715683469,27.895089910532402],[-15.335332815486824,27.895089910532402],[-15.352024642984626,28.116243900090836]]],[[[-21.302138420206425,27.895089910532402],[-21.322508871995687,28.116243900090836],[-21.550755320403084,27.895089910532402],[-21.302138420206425,27.895089910532402]]],[[[-17.093415876446194,28.116243900090836],[-17.075651116863384,27.895089910532402],[-16.578417316470066,27.895089910532402],[-16.613614170555266,28.3373938149345],[-16.8625400849171,28.3373938149345],[-17.093415876446194,28.116243900090836]]],[[[-15.120058684384302,28.3373938149345],[-15.13712944651333,28.558539217807112],[-15.368984598746133,28.3373938149345],[-15.352024642984626,28.116243900090836],[-15.120058684384302,28.3373938149345]]],[[[-20.118811902444698,28.558539217807112],[-20.098576971620886,28.3373938149345],[-19.869727779648123,28.558539217807112],[-20.118811902444698,28.558539217807112]]],[[[-17.87705479727557,28.558539217807112],[-17.89616055394592,28.77967967154155],[-17.66615402907984,29.000814739068623],[-17.91556201283629,29.000814739068623],[-18.145405363735946,28.77967967154155],[-18.64389498331598,28.77967967154155],[-18.107169656726242,28.3373938149345],[-17.87705479727557,28.558539217807112]]],[[[-14.940376351876493,29.22194398342558],[-14.70861237105091,29.443066967764814],[-14.726688176660458,29.664183255362403],[-14.958354198009195,29.443066967764814],[-14.940376351876493,29.22194398342558]]],[[[-20.747088405948332,29.885292409626825],[-20.997174128452016,29.885292409626825],[-20.974501019623496,29.664183255362403],[-20.702416218049898,29.443066967764814],[-20.747088405948332,29.885292409626825]]],[[[-8.710057748122361,32.98063799335977],[-8.945847607760102,32.75950163424745],[-8.929058440514558,32.538377844486526],[-9.16461684426997,32.31726499016316],[-9.148013526401973,32.09616143817099],[-9.618523422779758,31.65397571206761],[-9.585943188248413,31.21180761288858],[-9.820953385845138,30.99072609577111],[-9.789254207147577,30.548559972391],[-9.523285654549289,30.327472104312946],[-9.508150814904058,30.10637885705198],[-11.620471999852699,28.116243900090836],[-11.869242176061482,28.116243900090836],[-12.10331311293036,27.895089910532402],[-10.611611711750465,27.895089910532402],[-9.671081830875265,28.77967967154155],[-9.421837021085258,28.77967967154155],[-8.478875333697408,29.664183255362403],[-8.228962819978891,29.664183255362403],[-7.7563206173150245,30.10637885705198],[-7.506059160516584,30.10637885705198],[-7.2693281520035935,30.327472104312946],[-7.018888429498508,30.327472104312946],[-6.781808212597918,30.548559972391],[-6.531187713052104,30.548559972391],[-6.293744546234366,30.769644092548454],[-5.792137003351423,30.769644092548454],[-5.5541315154284785,30.99072609577111],[-5.303141993639253,30.99072609577111],[-5.0647439716227485,31.21180761288858],[-4.813566237365761,31.21180761288858],[-4.574762314929417,31.43289027469468],[-4.323393922351508,31.43289027469468],[-3.365048140551746,32.31726499016316],[-3.112892979520513,32.31726499016316],[-2.872471084182301,32.538377844486526],[-2.62011327766845,32.538377844486526],[-2.3792147736615696,32.75950163424745],[-1.8740891710386265,32.75950163424745],[-1.390604693749907,33.201788556665726],[-0.8846451437082035,33.201788556665726],[-0.1558478943156345,33.865341836639075],[0.09777456264772155,33.865341836639075],[0.3415747740152373,34.08656558795439],[0.8492572000138381,34.08656558795439],[1.0938386688852457,34.30781173584841],[5.921020599570806,34.30781173584841],[6.419768283679763,34.75037779501436],[7.692322505969206,34.75037779501436],[7.68870337468459,34.97170099768483],[7.940017690625929,35.193074544803046],[8.198180287206636,34.97170099768483],[8.201344194884996,34.75037779501436],[8.455855039342891,34.75037779501436],[8.713048505608997,34.52908192328614],[10.493046464349344,34.52908192328614],[11.00030330607778,34.97170099768483],[10.998963814145355,35.41445959819942],[10.743763536608778,35.41445959819942],[10.230584126595373,35.857332517373514],[10.229173571628456,36.078825001245065],[11.2509493104689,36.96522249702237],[10.99405744811173,36.96522249702237],[10.738138048985267,36.743554341814004],[10.481495507072568,36.743554341814004],[10.223381861040252,36.96522249702237],[10.221894667895231,37.18694039097415],[9.193319029716417,37.18694039097415],[8.938922549254436,36.96522249702237],[8.682030686897265,36.96522249702237],[8.684997713683703,36.743554341814004],[8.431537184504693,36.521933592157275],[8.171712629858337,36.743554341814004],[7.915070087945637,36.743554341814004],[7.662349535614966,36.521933592157275],[7.405953652651722,36.521933592157275],[7.145142462207572,36.743554341814004],[5.605287210731405,36.743554341814004],[5.354786588945851,36.521933592157275],[4.329203057092914,36.521933592157275],[4.065431959255241,36.743554341814004],[3.038861791604475,36.743554341814004],[2.790827759313494,36.521933592157275],[2.0216401104238013,36.521933592157275],[1.7747383489598203,36.300357919812924],[1.006282885961836,36.300357919812924],[0.7604927591268797,36.078825001245065],[0.5045824668970997,36.078825001245065],[0.25940601768563987,35.857332517373514],[0.0037347841238446478,35.857332517373514],[-0.24083741074609577,35.63587815332727],[-0.49627199332788763,35.63587815332727],[-0.9838713154080434,35.193074544803046],[-1.238839572723272,35.193074544803046],[-1.4818810507119498,34.97170099768483],[-1.7366195069729713,34.97170099768483],[-1.9790895834305449,34.75037779501436],[-2.9971329612620927,34.75037779501436],[-3.265050244539074,34.97170099768483],[-3.5061546501778817,34.75037779501436],[-3.7745271570610814,34.97170099768483],[-4.284004069583128,34.97170099768483],[-5.365361120673677,35.857332517373514],[-5.844254503270504,35.41445959819942],[-5.82826820439791,35.193074544803046],[-6.305773939214626,34.75037779501436],[-6.289791432345199,34.52908192328614],[-7.003654232327014,33.865341836639075],[-7.25727668929037,33.865341836639075],[-7.731397893542939,33.422954960057055],[-7.984589615609158,33.422954960057055],[-8.457287618661413,32.98063799335977],[-8.710057748122361,32.98063799335977]],[[8.18521425810108,35.857332517373514],[8.437801526020067,36.078825001245065],[8.696556725224637,35.857332517373514],[8.699372979616415,35.63587815332727],[8.446961038779346,35.41445959819942],[8.188503814452861,35.63587815332727],[8.18521425810108,35.857332517373514]]],[[[2.9308299649099663,39.40737231113534],[3.181230593475698,39.62979299247044],[3.171684305473814,39.852291890048875],[2.650872272419811,39.852291890048875],[2.400883014038911,39.62979299247044],[2.67100068624187,39.40737231113534],[2.9308299649099663,39.40737231113534]]],[[[3.944117641554917,40.074852504327374],[4.213308371581784,39.852291890048875],[4.20481745673593,40.074852504327374],[3.944117641554917,40.074852504327374]]],[[[-1.5272793234439543,43.64872228931766],[-1.7755782375853606,43.42457904450276],[-4.961735761020973,43.42457904450276],[-5.2492926955911425,43.64872228931766],[-7.376157479675237,43.64872228931766],[-7.667354769676757,43.87298066366087],[-8.465971822299258,43.87298066366087],[-8.705447969727809,43.64872228931766],[-8.97130606773833,43.64872228931766],[-9.20994579226843,43.42457904450276],[-9.182939497177207,43.20054884680897],[-8.891319628447329,42.97662962387765],[-8.839088573387484,42.52911586183285],[-8.310766901672283,42.52911586183285],[-8.021827349038874,42.305517226337244],[-8.260778434092023,42.082021372425565],[-8.524280664313713,42.082021372425565],[-8.47458891432221,41.63532991709402],[-8.712651878870906,41.41213029135836],[-8.616103697022444,40.520259241591],[-8.853644826965558,40.29751344559711],[-8.830173302314387,40.074852504327374],[-9.06739847129491,39.852291890048875],[-9.04421481770031,39.62979299247044],[-9.281146132490209,39.40737231113534],[-9.235620352537252,38.962755954624214],[-8.673744584843531,38.518423614527386],[-8.610613880136162,37.852415916768145],[-8.847706771044743,37.630534754142545],[-8.82711646548452,37.4087103620642],[-8.312318966518726,37.4087103620642],[-8.035322909778836,37.18694039097415],[-7.778179000234127,37.18694039097415],[-7.81708097520332,37.630534754142545],[-7.578945577860884,37.852415916768145],[-7.301768077282633,37.630534754142545],[-7.2827239685871366,37.4087103620642],[-6.767926469621324,37.4087103620642],[-5.670236378473271,36.521933592157275],[-5.653664460020822,36.300357919812924],[-5.141360818022145,36.300357919812924],[-4.660414465776318,36.743554341814004],[-4.4037719238636175,36.743554341814004],[-4.162562430960875,36.96522249702237],[-2.3643193944607503,36.96522249702237],[-1.877350229446236,37.4087103620642],[-1.362552730480422,37.4087103620642],[-1.3756697511944598,37.630534754142545],[-0.3947939727892873,38.518423614527386],[-0.13607676616262054,38.518423614527386],[0.11038136247674579,38.74055547808651],[-0.43367400664747535,39.18502743338126],[-0.44695065777518117,39.40737231113534],[-0.20027558408364676,39.62979299247044],[-0.21359390937713485,39.852291890048875],[0.03362041383981662,40.074852504327374],[0.02026330279817934,40.29751344559711],[0.7649611898388127,40.966013246325545],[1.026872415952436,40.966013246325545],[1.5263215890141488,41.41213029135836],[1.788859370241978,41.41213029135836],[2.039652983319133,41.63532991709402],[2.30250903076014,41.63532991709402],[2.554144406384305,41.858626274831494],[2.817321958852835,41.858626274831494],[3.069817465440403,42.082021372425565],[3.0590332338902435,42.305517226337244],[1.4760531506146446,42.305517226337244],[1.1990231892011192,42.52911586183285],[1.4501993672940614,42.75281931318531],[2.772672506198205,42.75281931318531],[2.749748474674952,43.20054884680897],[3.0036580475680257,43.42457904450276],[3.2691711745209986,43.42457904450276],[3.524024538755805,43.64872228931766],[4.321598832787368,43.64872228931766],[4.5967368092857965,43.42457904450276],[5.127763063191743,43.42457904450276],[5.401456912864325,43.20054884680897],[5.666627756683269,43.20054884680897],[5.924302444050629,43.42457904450276],[6.189815571003603,43.42457904450276],[6.448463616871464,43.64872228931766],[6.714321714881986,43.64872228931766],[6.7077521775284685,43.87298066366087],[6.967690418646637,44.09735626020403],[6.961378821798872,44.321851182101874],[7.222287818869344,44.54646754321361],[7.767357854012493,44.09735626020403],[8.291341383055148,44.54646754321361],[8.558604774101562,44.54646754321361],[8.821973442950936,44.771207468327056],[9.089594133038226,44.771207468327056],[9.360394947240916,44.54646754321361],[9.627658338287329,44.54646754321361],[10.1663601601101,44.09735626020403],[10.16842607222601,43.87298066366087],[10.436335087029175,43.64872228931766],[10.438025602251075,43.42457904450276],[10.70487378924307,43.20054884680897],[10.706198084937444,42.97662962387765],[10.97200596740386,42.75281931318531],[11.236500595184696,42.75281931318531],[12.028893292977674,42.082021372425565],[12.29239552319933,42.082021372425565],[12.816750928401481,41.63532991709402],[13.079606975842522,41.63532991709402],[13.340521744266143,41.41213029135836],[13.603059525493936,41.41213029135836],[13.86304625779328,41.18902539817913],[14.12526907700784,41.18902539817913],[14.384344947748716,40.966013246325545],[14.646256173862339,40.966013246325545],[15.675609324700217,40.074852504327374],[15.671173098769522,39.852291890048875],[16.182123176982493,39.40737231113534],[16.177282612230904,39.18502743338126],[15.913234068791104,38.962755954624214],[15.90878566994716,38.74055547808651],[15.645672838065792,38.518423614527386],[15.641598649779823,38.29635798197553],[15.900046034478276,38.29635798197553],[16.69103369006932,38.962755954624214],[16.701781734318683,39.40737231113534],[16.447139443900706,39.62979299247044],[16.45239114835049,39.852291890048875],[16.19700895506221,40.074852504327374],[16.729841327107096,40.520259241591],[17.252438131728304,40.520259241591],[17.507082264391446,40.29751344559711],[17.76807956232568,40.29751344559711],[18.02190766132927,40.074852504327374],[18.01482724751246,39.852291890048875],[18.275233264039464,39.852291890048875],[18.29007415819415,40.29751344559711],[18.036333338660167,40.520259241591],[17.775034936349545,40.520259241591],[17.520469462750995,40.743091852588734],[17.25886639675698,40.743091852588734],[17.003457208885237,40.966013246325545],[16.741545982771576,40.966013246325545],[16.485274449938792,41.18902539817913],[16.223051630724232,41.18902539817913],[15.708167450252857,41.63532991709402],[15.713022029810354,41.858626274831494],[14.923489372404768,41.858626274831494],[13.619342609900018,42.97662962387765],[13.621753071251351,43.20054884680897],[12.830482914301054,43.87298066366087],[12.564277230093543,43.87298066366087],[12.032638535749987,44.321851182101874],[12.033028857705354,44.54646754321361],[11.765801033911043,44.771207468327056],[11.765872833621707,45.22108153947509],[12.304090380794399,45.67146763267748],[12.573162798297595,45.67146763267748],[12.84374791096091,45.89686644376137],[13.113189319472536,45.89686644376137],[13.646850955272281,45.44620717419558],[13.380380050807183,45.67146763267748],[13.382630727984159,45.89686644376137],[13.115084752863599,46.122407157237234],[13.1169946506727,46.3480933444613],[12.306431795199819,46.3480933444613],[12.03665925750147,46.57392859898241],[11.766132025999115,46.79991653717813],[11.224240530987322,46.79991653717813],[10.954398773931738,46.57392859898241],[10.41326853214691,46.57392859898241],[10.144930847272205,46.3480933444613],[9.874743228781245,46.3480933444613],[9.607514514035131,46.122407157237234],[9.337701418740664,46.122407157237234],[9.071568191798288,45.89686644376137],[7.724361149240207,45.89686644376137],[7.460786865737024,45.67146763267748],[7.191714448233828,45.67146763267748],[7.1979073459508465,45.44620717419558],[6.935717361864267,45.22108153947509],[6.942192770497098,44.99607309338572],[6.681007922252695,44.771207468327056],[6.4062323201355875,44.99607309338572],[6.399033420557868,45.22108153947509],[6.660495378507414,45.44620717419558],[6.653569613227472,45.67146763267748],[6.3771541066821245,45.89686644376137],[6.369757370501204,46.122407157237234],[6.0999442752067,46.122407157237234],[5.821928951416944,46.3480933444613],[5.54309635608327,46.57392859898241],[5.805325580869537,46.79991653717813],[6.068247683034963,47.02606079890111],[6.3318694992060935,47.25236504813613],[6.596198418793451,47.47883297366776],[6.861242394765591,47.705468289759665],[6.854108972193199,47.932274736845166],[7.120206680567454,48.15925608223023],[7.113332302820946,48.386416120808526],[7.380505445928186,48.61375867578964],[7.373896098695774,48.841287599440456],[7.099359009533543,48.841287599440456],[6.8172968838674155,49.069006773840144],[6.542339412295419,49.069006773840144],[6.258918896045675,49.29692011164956],[5.99242446915143,49.069006773840144],[5.442509526007476,49.069006773840144],[5.157387934162931,49.29692011164956],[4.8712897061552365,49.52503155689504],[4.5954766326870296,49.52503155689504],[4.307946311938029,49.75334508576745],[4.031697660440333,49.75334508576745],[3.7427036934528504,49.9818647074368],[3.466014034524962,49.9818647074368],[3.175524599053155,50.210594129593666],[2.883962267970402,50.439538644199196],[2.8693571894032814,50.66870082740324],[3.133083204541382,50.89808448025056],[3.425449793132774,50.66870082740324],[3.4391392058597994,50.439538644199196],[3.716727674804517,50.439538644199196],[4.006933340229562,50.210594129593666],[4.284069587288327,50.210594129593666],[4.572772670236482,49.9818647074368],[4.849462329164371,49.9818647074368],[5.136692266431225,49.75334508576745],[5.12615198809226,49.9818647074368],[5.392614575523539,50.210594129593666],[5.659846957417461,50.439538644199196],[5.937435426362177,50.439538644199196],[5.9083777861157385,51.127693437566464],[5.639670817176544,50.89808448025056],[5.350420273360221,51.127693437566464],[5.071441516982445,51.127693437566464],[4.780645027049229,51.35753156873702],[3.942284960626128,51.35753156873702],[3.649512198712853,51.587165442787445],[3.118590222338046,51.127693437566464],[2.8396114659603047,51.127693437566464],[2.5760637350669224,50.89808448025056],[1.740534530855177,50.89808448025056],[1.7736083921915355,50.439538644199196],[0.7340936041322266,49.52503155689504],[0.45828053066401786,49.52503155689504],[0.20049860569056754,49.29692011164956],[-0.07488413478012745,49.29692011164956],[-0.3315973770042646,49.069006773840144],[-0.8815123201482571,49.069006773840144],[-1.176415096662872,49.29692011164956],[-1.4517978371335651,49.29692011164956],[-2.0457726725096244,49.75334508576745],[-2.322021324007318,49.75334508576745],[-2.024037130549784,49.52503155689504],[-1.9603649328198092,48.841287599440456],[-2.2137442137249703,48.61375867578964],[-2.4878656325722126,48.61375867578964],[-2.7402381136091236,48.386416120808526],[-3.013948402954414,48.386416120808526],[-3.310229889113936,48.61375867578964],[-4.132594145655625,48.61375867578964],[-4.382499849680814,48.386416120808526],[-4.35854167972361,48.15925608223023],[-4.085238147335721,48.15925608223023],[-3.7890293501671337,47.932274736845166],[-3.2432273849179083,47.932274736845166],[-2.6554687302377555,47.47883297366776],[-2.634790341588392,47.25236504813613],[-2.342971331177612,47.02606079890111],[-2.0716416855578412,47.02606079890111],[-1.4915967871197928,46.57392859898241],[-1.473136747838776,46.3480933444613],[-1.1850092977446636,46.122407157237234],[-1.1495304943649813,45.67146763267748],[-1.400684133144388,45.44620717419558],[-1.3301406946168353,44.54646754321361],[-1.5796901701188233,44.321851182101874],[-1.5272793234439543,43.64872228931766]],[[0.9212101117323908,42.75281931318531],[1.1990231892011192,42.52911586183285],[0.948393122856098,42.305517226337244],[0.6707015174859503,42.52911586183285],[0.14237984577074592,42.52911586183285],[-0.13676839939091678,42.75281931318531],[-0.6657576549525519,42.75281931318531],[-0.9463800149129558,42.97662962387765],[-1.211211335364112,42.97662962387765],[-1.49298502642805,43.20054884680897],[-1.2445519836794485,43.42457904450276],[-0.9790388567264738,43.42457904450276],[-0.6974724949712172,43.20054884680897],[-0.16713080733336305,43.20054884680897],[0.11294526689161977,42.97662962387765],[0.6426079077939235,42.97662962387765],[0.9212101117323908,42.75281931318531]],[[-7.4702717434269825,42.082021372425565],[-6.679765052761907,42.082021372425565],[-6.3938923775454,41.858626274831494],[-6.108884487352915,41.63532991709402],[-6.349811847820513,41.41213029135836],[-6.328110821727124,41.18902539817913],[-6.568553141343438,40.966013246325545],[-6.547012608697697,40.743091852588734],[-6.787014880848131,40.520259241591],[-6.744574780866328,40.074852504327374],[-6.984150339078953,39.852291890048875],[-6.922328935896859,39.18502743338126],[-6.6429549482765875,38.962755954624214],[-6.6233647357893215,38.74055547808651],[-6.862724138456665,38.518423614527386],[-6.843323818988063,38.29635798197553],[-7.08232960198273,38.07435620546422],[-7.3602185883850435,38.29635798197553],[-7.380158551710069,38.518423614527386],[-7.141345204886724,38.74055547808651],[-7.161488029128735,38.962755954624214],[-7.441421330236823,39.18502743338126],[-7.504962372132956,39.852291890048875],[-7.265974411228358,40.074852504327374],[-7.309611685469376,40.520259241591],[-7.070218740685727,40.743091852588734],[-7.092375593570759,40.966013246325545],[-6.852556460156203,41.18902539817913],[-6.874887410276136,41.41213029135836],[-6.634596582234961,41.63532991709402],[-7.423164724558083,41.63532991709402],[-7.7097801398880055,41.858626274831494],[-7.4702717434269825,42.082021372425565]]],[[[-63.82773152814386,46.79991653717813],[-64.20613053248313,47.02606079890111],[-64.42395234288725,47.47883297366776],[-64.58625833253213,47.25236504813613],[-64.36962302315563,46.79991653717813],[-63.992139713269935,46.57392859898241],[-63.451009471485065,46.57392859898241],[-63.07591376377607,46.3480933444613],[-62.80572614528509,46.3480933444613],[-62.90987922970022,46.57392859898241],[-62.74394853812032,46.79991653717813],[-63.82773152814386,46.79991653717813]]],[[[-54.083853764558256,47.47883297366776],[-54.43826329017173,47.02606079890111],[-54.34463036543775,46.79991653717813],[-54.07368461793186,46.79991653717813],[-53.895603998932216,47.02606079890111],[-53.53179312292008,46.79991653717813],[-53.44009999846536,46.57392859898241],[-53.16953487757293,46.57392859898241],[-52.98990162790831,46.79991653717813],[-53.08161506207293,47.02606079890111],[-52.90242884301203,47.25236504813613],[-53.089302662220305,47.705468289759665],[-53.361805139752065,47.705468289759665],[-53.72990917047329,47.932274736845166],[-53.55317750954248,48.15925608223023],[-53.27987397715461,48.15925608223023],[-53.65035193183124,48.386416120808526],[-53.74857095700493,48.61375867578964],[-54.12241187364212,48.841287599440456],[-54.22326180511372,49.069006773840144],[-54.77317674825771,49.069006773840144],[-55.1514322289176,49.29692011164956],[-55.70219770985898,49.29692011164956],[-56.46675701756128,49.75334508576745],[-56.29895229389743,49.9818647074368],[-56.57564195282529,49.9818647074368],[-56.96304101270535,50.210594129593666],[-56.140186466363886,51.35753156873702],[-56.25681878476412,51.58760277850525],[-56.53675230532626,51.58760277850525],[-57.51731350682293,50.210594129593666],[-57.405710929608944,49.9818647074368],[-58.07266640712153,49.069006773840144],[-58.34762387869354,49.069006773840144],[-58.5150053002377,48.841287599440456],[-58.40863507740791,48.61375867578964],[-58.745944624912255,48.15925608223023],[-59.019248157300126,48.15925608223023],[-59.18792882296576,47.932274736845166],[-57.55052292721801,47.932274736845166],[-57.17683982519661,47.705468289759665],[-55.54182496000608,47.705468289759665],[-55.17228519385604,47.47883297366776],[-55.69935910296719,46.79991653717813],[-55.1574676079554,46.79991653717813],[-55.25225222703101,47.02606079890111],[-54.54861211834715,47.932274736845166],[-54.17931257234733,47.705468289759665],[-54.083853764558256,47.47883297366776]]],[[[-62.74694342384531,49.069006773840144],[-62.47198595227334,49.069006773840144],[-62.08398745934659,48.841287599440456],[-61.53491328102214,48.841287599440456],[-61.647113537557374,49.069006773840144],[-62.42710022008566,49.52503155689504],[-62.70291329355386,49.52503155689504],[-63.096724653506655,49.75334508576745],[-63.37297330500439,49.75334508576745],[-63.769573084950224,49.9818647074368],[-64.322952402806,49.9818647074368],[-62.74694342384531,49.069006773840144]]],[[[5.95622096487589,49.9818647074368],[5.679531305948002,49.9818647074368],[5.689189569426651,49.75334508576745],[5.422915853091653,49.52503155689504],[5.974542000028033,49.52503155689504],[5.95622096487589,49.9818647074368]]],[[[-56.022262634969536,49.9818647074368],[-56.13163227152896,50.210594129593666],[-56.29895229389743,49.9818647074368],[-56.022262634969536,49.9818647074368]]],[[[3.9153363427409795,51.81791100778406],[3.648954615531734,51.58760277850525],[3.649512198712853,51.587165442787445],[3.916139740795221,51.81791100778406],[3.9153363427409795,51.81791100778406]]],[[[-9.50792085088838,51.58760277850525],[-9.227987330326245,51.58760277850525],[-8.983948697133796,51.81791100778406],[-8.70352945713651,51.81791100778406],[-8.45843217379212,52.04846023448637],[-8.177521671861351,52.04846023448637],[-7.931337181381968,52.27925447437294],[-7.087115298538263,52.27925447437294],[-6.838810490010951,52.510297781918624],[-6.556900885303508,52.510297781918624],[-6.7252441980489674,53.669395064304894],[-6.474936510700674,53.90202020377985],[-6.759975126451918,53.90202020377985],[-7.080637121459828,54.13492395310379],[-6.830491639841087,54.368110710039275],[-6.258241341504371,54.368110710039275],[-6.006245650125868,54.60158491978302],[-6.040707749915102,54.83535107604993],[-6.363294647950708,55.06939395141792],[-7.514475851692408,55.06939395141792],[-7.476873968547251,54.83535107604993],[-7.726304707345603,54.60158491978302],[-8.051340456000128,54.83535107604993],[-8.09006645356328,55.06939395141792],[-8.833367684019501,54.368110710039275],[-9.40561798235622,54.368110710039275],[-9.650849734519918,54.13492395310379],[-9.936428913748825,54.13492395310379],[-9.895399899715501,53.90202020377985],[-9.246630056637565,53.43704418329124],[-9.491337029112314,53.20496325469138],[-9.452479603201587,52.97314801678634],[-9.696449992991097,52.74159425119728],[-9.657906537085717,52.510297781918624],[-9.901188241350662,52.27925447437294],[-9.862984683445928,52.04846023448637],[-9.544787177128326,51.81791100778406],[-9.50792085088838,51.58760277850525]],[[-7.366216300688732,54.13492395310379],[-7.615090973705614,53.90202020377985],[-7.937374659146547,54.13492395310379],[-7.688867087346116,54.368110710039275],[-7.366216300688732,54.13492395310379]]],[[[-3.831688642379893,57.664983835763906],[-3.5700228064367376,57.90297361264979],[-3.636307846781257,58.38003797783734],[-4.228806258312238,58.38003797783734],[-4.489831889493713,58.14132322651251],[-5.081047121333748,58.14132322651251],[-5.009058430117809,57.664983835763906],[-5.5246167550236525,57.19006292571367],[-5.817717673880269,57.19006292571367],[-5.48856761301221,56.953121521741124],[-6.000046059201827,56.480251611820044],[-5.673126616228105,56.244313207443994],[-5.023826480446042,55.7734051953853],[-4.990342364095467,55.53842603701665],[-5.245536571940152,55.30375716871591],[-5.212113444209008,55.06939395141792],[-4.348727541402704,55.06939395141792],[-4.092085563824096,55.30375716871591],[-3.8037228117950708,55.30375716871591],[-3.485341638596438,55.06939395141792],[-3.7428418001036796,54.83535107604993],[-3.7128335738329152,54.60158491978302],[-3.4261570642962855,54.60158491978302],[-2.7969494330263274,54.13492395310379],[-2.7421955588427664,53.669395064304894],[-3.255447665388129,53.20496325469138],[-3.5671546636234996,53.43704418329124],[-4.703049742226304,53.43704418329124],[-4.389245731519795,53.20496325469138],[-4.642657211002662,52.97314801678634],[-4.3597264820497745,52.97314801678634],[-4.048101581388552,52.74159425119728],[-4.0197144429361895,52.510297781918624],[-4.525685146761466,52.04846023448637],[-4.244774644830695,52.04846023448637],[-3.9364023771827767,51.81791100778406],[-3.375563897188245,51.81791100778406],[-2.7645955707588072,51.35753156873702],[-3.0189424179728572,51.127693437566464],[-3.855878687106152,51.127693437566464],[-4.108169898626858,50.89808448025056],[-4.386679633364109,50.89808448025056],[-4.637892960945164,50.66870082740324],[-4.91593926280993,50.66870082740324],[-5.166103331426166,50.439538644199196],[-4.61092639353677,50.439538644199196],[-4.359846659080402,50.66870082740324],[-4.081800357215636,50.66870082740324],[-3.77816098670262,50.439538644199196],[-3.5005725177579397,50.439538644199196],[-3.247661451621383,50.66870082740324],[-2.6915688478918565,50.66870082740324],[-2.437111490203403,50.89808448025056],[-1.6015822859916948,50.89808448025056],[-1.3450698797062355,51.127693437566464],[-0.5081336105729406,51.127693437566464],[-0.20903361230548967,50.89808448025056],[0.905005326643467,50.89808448025056],[1.165738927693683,51.127693437566464],[1.1477514058824028,51.35753156873702],[0.868298050408022,51.35753156873702],[0.5696858893482908,51.58760277850525],[0.8307247027709206,51.81791100778406],[1.1111439427682068,51.81791100778406],[1.373435393784538,52.04846023448637],[1.3365680465058514,52.510297781918624],[1.0354119890537241,52.74159425119728],[0.47057714789345617,52.74159425119728],[0.20892962767591783,52.510297781918624],[-0.39869627670947416,52.97314801678634],[-0.13750298352601575,53.20496325469138],[-0.15946942781503992,53.43704418329124],[-0.4661677650106846,53.669395064304894],[-0.5123159991951418,54.13492395310379],[-0.821863507305757,54.368110710039275],[-1.1079886564741148,54.368110710039275],[-1.7322090940186534,54.83535107604993],[-1.75856983298387,55.06939395141792],[-2.0735462996209595,55.30375716871591],[-2.1009862974485074,55.53842603701665],[-2.418201276460014,55.7734051953853],[-2.7077151880140278,55.7734051953853],[-3.3476301112919415,56.244313207443994],[-2.5636787747682046,56.953121521741124],[-2.5936075664575835,57.19006292571367],[-2.917538804614356,57.42734866262329],[-3.5049763151950675,57.42734866262329],[-3.831688642379893,57.664983835763906]]],[[[-5.892085770921282,57.664983835763906],[-5.967869969093863,58.14132322651251],[-6.22477124347945,57.90297361264979],[-6.186428217855729,57.664983835763906],[-5.892085770921282,57.664983835763906]]],[[[-2.6419222775770432,59.82030008028887],[-2.6747524082917575,60.06171729597173],[-2.9421508036424555,59.82030008028887],[-2.9089486158493525,59.579279223537064],[-2.6419222775770432,59.82030008028887]]],[[[-51.418688766929556,63.985098471591485],[-51.09772513839386,63.48791933876557],[-50.62911301208935,63.24010453469116],[-50.31885791033012,62.74598359595003],[-49.85781515409175,62.499661518642974],[-49.707124082675314,62.253821287905595],[-48.348106085960914,61.51911571264012],[-48.04294037768575,61.51911571264012],[-47.596360656062735,61.27512749386451],[-47.29192051824961,61.27512749386451],[-46.84884318497203,61.03158401192108],[-46.54512174528381,61.03158401192108],[-46.105498283692604,60.788478180843754],[-45.8024887439406,60.788478180843754],[-45.3662714220782,60.54580301993338],[-44.45935832629116,60.54580301993338],[-44.287441045180586,60.788478180843754],[-45.19646966443659,60.788478180843754],[-45.633957426219084,61.03158401192108],[-45.93767886590731,61.03158401192108],[-49.08326053682883,62.74598359595003],[-49.38733834841898,63.24010453469116],[-50.32137555568354,63.736247881769984],[-51.982657045996376,66.24978788240588],[-51.837093052337096,66.50440936384763],[-52.01382946944006,66.75967900720639],[-51.58154705455189,67.52952634016819],[-51.256659625356804,67.52952634016819],[-50.53747510660934,68.82701428765154],[-50.725483967812515,69.08882373050379],[-50.58429791222283,69.3514451593223],[-50.97455174230424,69.87242350217255],[-51.1090447384436,69.61489718073125],[-50.9159812954804,69.3514451593223],[-51.47953371946537,68.305759177752],[-53.118168901486484,68.305759177752],[-53.255332126468005,68.04627849017761],[-53.582101076520885,68.04627849017761],[-53.71873371927009,67.78753971491467],[-52.8008541579775,66.50440936384763],[-52.94376823751735,66.24978788240588],[-52.767340207649866,65.99580009031686],[-52.27413619188522,65.74243181292202],[-52.10222177522695,65.48966916280185],[-51.615119173591296,65.23749852954697],[-51.28145948755819,64.73486774608807],[-51.4315068532651,64.48439973430244],[-51.26789742658688,64.23447955753632],[-51.418688766929556,63.985098471591485]]],[[[-64.06351708586187,65.74243181292202],[-65.01941283402215,65.74243181292202],[-64.49549344477798,65.48966916280185],[-64.17771724812285,65.48966916280185],[-64.06351708586187,65.74243181292202]]],[[[-65.86669918659405,65.99580009031686],[-65.33804475007558,65.74243181292202],[-65.01941283402215,65.74243181292202],[-65.547202626132,65.99580009031686],[-65.86669918659405,65.99580009031686]]],[[[-64.06351708586187,65.74243181292202],[-63.74488516980847,65.74243181292202],[-63.94971982382174,65.99580009031686],[-64.06351708586187,65.74243181292202]]],[[[-65.00789590783829,67.27222222672319],[-65.33185922241866,67.27222222672319],[-64.79149862858624,67.01561159408122],[-63.94971982382174,65.99580009031686],[-63.72348002190205,66.50440936384763],[-63.93325955366248,66.75967900720639],[-65.00789590783829,67.27222222672319]]],[[[-66.52636879752647,67.52952634016819],[-65.97978585157942,67.27222222672319],[-65.33185922241866,67.27222222672319],[-65.87659393913628,67.52952634016819],[-66.20148136833137,67.52952634016819],[-67.86588553967646,68.305759177752],[-68.10152566227153,68.56599867652167],[-68.66985583786955,68.82701428765154],[-68.75891995476688,68.56599867652167],[-68.5213396124849,68.305759177752],[-66.85125622672159,67.52952634016819],[-66.52636879752647,67.52952634016819]]],[[[-54.97591094614101,69.87919887209894],[-55.10150979350304,69.61489718073125],[-54.89618189457131,69.3514451593223],[-54.362908195003556,69.08882373050379],[-53.37088340576963,69.08882373050379],[-53.105277265973314,69.61489718073125],[-53.640945066979015,69.87919887209894],[-54.97591094614101,69.87919887209894]]],[[[-51.972237718026506,69.87919887209894],[-51.83798723631693,70.14436617492593],[-52.172779209055655,70.14436617492593],[-52.712056877909134,70.41041978427283],[-54.05548709738994,70.41041978427283],[-53.511947100010474,70.14436617492593],[-53.177155127271774,70.14436617492593],[-52.6397206576075,69.87919887209894],[-51.972237718026506,69.87919887209894]]],[[[-51.382800666499136,70.41742481055967],[-50.97455174230424,69.87242350217255],[-50.971013308655,69.87919887209894],[-51.368626658428326,70.41041978427283],[-51.382800666499136,70.41742481055967]]],[[[-51.90876579191231,70.6773653659106],[-51.382800666499136,70.41742481055967],[-51.7781548348409,70.94521196749457],[-52.326920398788616,71.21396879067898],[-52.46718563455277,71.38938059209227],[-51.90876579191231,70.6773653659106]]],[[[-52.54111554880393,71.48364519481166],[-52.5434705588252,71.48478039600235],[-52.46718563455277,71.38938059209227],[-52.54111554880393,71.48364519481166]]],[[[-53.68353081277439,71.21396879067898],[-53.902261582352054,71.48364519481166],[-53.665822096303586,72.02579499475866],[-52.5434705588252,71.48478039600235],[-52.75894816934776,71.75425070074377],[-53.32320906894519,72.02579499475866],[-53.55005180630394,72.29828793262408],[-54.126134115102204,72.57173954377352],[-54.362849281029725,72.84616003562061],[-56.15220377145394,73.6753396337246],[-55.89691164196586,73.3979494078281],[-55.299273694389186,73.12155979801264],[-55.05537785562683,72.84616003562061],[-55.16120699897614,72.57173954377352],[-54.92528205567592,72.29828793262408],[-55.263407615900164,71.48364519481166],[-55.04014122676017,71.21396879067898],[-53.68353081277439,71.21396879067898]]],[[[28.221995152627812,-28.941283479943117],[27.983372560083943,-29.162414334933594],[27.733843752721725,-29.162414334933594],[27.494884036187717,-29.38353904749837],[27.255745233043896,-29.60465718087936],[27.266459201644835,-29.825768298448587],[27.527543791737017,-30.046857171905277],[27.789140922072562,-30.26795214603392],[28.289923889747506,-30.26795214603392],[28.528399379870365,-30.046857171905277],[28.778613276903677,-30.046857171905277],[28.76669226763736,-29.825768298448587],[29.004809440792272,-29.60465718087936],[28.981487789532764,-29.162414334933594],[28.731958982170553,-29.162414334933594],[28.471358963168107,-28.941283479943117],[28.221995152627812,-28.941283479943117]]],[[[31.311771292166334,-26.06622231251957],[31.074732205592817,-26.287393230599463],[31.096102419480687,-26.729733259102144],[31.355060101670063,-26.950901494217046],[31.603050142129973,-26.950901494217046],[31.862625497792706,-27.172067959740573],[32.099030223049795,-26.950901494217046],[31.83965124614886,-26.729733259102144],[31.806656833044812,-26.06622231251957],[31.311771292166334,-26.06622231251957]]],[[[32.323881278536,-26.50856369201458],[32.33535046392761,-26.729733259102144],[32.32407204133223,-26.50838514830219],[32.323881278536,-26.50856369201458]]],[[[21.756956205489804,-18.104699883538096],[22.00070088606399,-18.104699883538096],[22.24827420023844,-18.325852275230748],[22.008206640016173,-18.54700434458847],[21.276437740684685,-18.54700434458847],[21.31594788415088,-20.97962827107832],[21.074603589163225,-21.20077512237026],[21.07821894063069,-21.4219220500815],[20.83664583452947,-21.64306917143478],[20.84022781325172,-21.864216603653958],[20.598433531210198,-22.08536446396447],[20.605593587731967,-22.527661937773246],[20.363528403011337,-22.748811785736265],[20.36712146028083,-22.969962530721354],[20.124847653064137,-23.191114289971527],[20.151296589169757,-24.739214853844164],[20.3979900817696,-24.739214853844164],[20.6489786213485,-24.960378948739386],[20.90029201578312,-25.18154282694258],[20.909556915084508,-25.623880857053187],[21.16163361411953,-25.845051375446744],[21.171692965741087,-26.287393230599463],[20.929148071286793,-26.50856369201458],[20.934268455015875,-26.729733259102144],[21.18211806390527,-26.729733259102144],[21.424571254210683,-26.50856369201458],[21.919994437134545,-26.50856369201458],[22.16199688972626,-26.287393230599463],[22.40383155635407,-26.06622231251957],[22.392658043921866,-25.623880857053187],[22.63428273471831,-25.4027111950028],[22.875762341100383,-25.18154282694258],[23.117103326056565,-24.960378948739386],[23.36391579652738,-24.960378948739386],[23.616563713094383,-25.18154282694258],[23.863497503759014,-25.18154282694258],[24.116627552255153,-25.4027111950028],[24.363685021844635,-25.4027111950028],[24.61730973717789,-25.623880857053187],[24.86449325865079,-25.623880857053187],[25.104857430613055,-25.4027111950028],[25.351914900202537,-25.4027111950028],[25.345100247746977,-25.18154282694258],[25.58522803076463,-24.960378948739386],[25.578553426366824,-24.739214853844164],[25.81858138132708,-24.518052711403946],[26.05850032612055,-24.296892404115322],[26.304962490136006,-24.296892404115322],[26.5446604021042,-24.075733814684558],[26.7910100153163,-24.075733814684558],[26.78425193177886,-23.854576825827035],[27.023736766762894,-23.633421320266663],[27.263114226144992,-23.412267180735157],[27.502383261678666,-23.191114289971527],[27.74154245892486,-22.969962530721354],[27.980590038363225,-22.748811785736265],[28.219523856477394,-22.527661937773246],[28.46513451030787,-22.527661937773246],[28.703852308096124,-22.306512869594012],[28.942452132870443,-22.08536446396447],[29.180930659610937,-21.864216603653958],[30.407504607604942,-21.864216603653958],[30.660338315565212,-22.08536446396447],[31.396575251005814,-22.08536446396447],[31.634078555598947,-21.864216603653958],[31.879393345197748,-21.864216603653958],[31.87146659503734,-21.64306917143478],[32.108734374475766,-21.4219220500815],[32.100848871829264,-21.20077512237026],[32.33795393566521,-20.97962827107832],[32.33008118472006,-20.758481378983273],[32.566997131275016,-20.537334328862556],[32.55124481237084,-20.09503928564885],[32.78787163470266,-19.87390823288032],[32.76419387325569,-19.210458304572768],[33.00046498334541,-18.989307390666916],[32.97694876865105,-18.325852275230748],[33.21295619247599,-18.104699883538096],[33.20518991492398,-17.883547200919203],[32.953919410492105,-17.6623942587831],[32.94637458065671,-17.441241088539233],[32.69550717048753,-17.220087721597388],[32.6882004485404,-16.99893418936757],[32.437748879609636,-16.77778052326008],[32.194520926489886,-16.77778052326008],[31.944405985802838,-16.556626754685364],[31.701260909040457,-16.556626754685364],[31.45148208425801,-16.33547291505404],[30.965355525930633,-16.33547291505404],[30.71599255987487,-16.11431903577681],[29.9870447092063,-16.11431903577681],[29.73817336385833,-15.893165148264444],[29.252367071095087,-15.893165148264444],[29.01511424164819,-16.11431903577681],[29.020849292621158,-16.33547291505404],[28.783519987891538,-16.556626754685364],[28.54610162969368,-16.77778052326008],[28.308587120816206,-16.99893418936757],[28.070969581803773,-17.220087721597388],[27.83324235131608,-17.441241088539233],[27.59539898653247,-17.6623942587831],[27.357433263599667,-17.883547200919203],[26.870120209322664,-17.883547200919203],[26.631849816973297,-18.104699883538096],[26.144360455824934,-18.104699883538096],[25.895494100768616,-17.883547200919203],[25.651837573630097,-17.883547200919203],[25.403276994912616,-17.6623942587831],[25.16452451935306,-17.883547200919203],[24.916138774552635,-17.6623942587831],[23.211155003292763,-17.6623942587831],[22.971615775106446,-17.883547200919203],[22.24064619369092,-17.883547200919203],[21.996989666552402,-17.883547200919203],[21.756956205489804,-18.104699883538096]],[[25.413126414102422,-18.104699883538096],[25.651837573630097,-17.883547200919203],[25.900615775250785,-18.104699883538096],[26.149610406933924,-18.325852275230748],[26.154897069561315,-18.54700434458847],[26.404230005706882,-18.768156060203097],[26.409670339882524,-18.989307390666916],[26.659332013754394,-19.210458304572768],[26.664913926867577,-19.431608770514128],[26.914893526049177,-19.652758757085053],[27.165073620678854,-19.87390823288032],[27.415450425085535,-20.09503928564885],[27.666027026608575,-20.316187003492708],[27.91680903118779,-20.537334328862556],[27.922963785328108,-20.758481378983273],[28.174084982870916,-20.97962827107832],[28.180406104659134,-21.20077512237026],[28.42543377760724,-21.20077512237026],[28.67701846172396,-21.4219220500815],[28.438411247323756,-21.64306917143478],[28.19319300820139,-21.64306917143478],[27.941650766134302,-21.4219220500815],[27.690350758762847,-21.20077512237026],[27.684218047248045,-20.97962827107832],[27.433284074284543,-20.758481378983273],[27.427315546968064,-20.537334328862556],[27.17671895881508,-20.316187003492708],[26.926327150106,-20.09503928564885],[26.67613466293764,-19.87390823288032],[26.42613848642781,-19.652758757085053],[26.176342262732614,-19.431608770514128],[26.17094306499428,-19.210458304572768],[25.921463329255666,-18.989307390666916],[25.916204039185967,-18.768156060203097],[25.66705113667367,-18.54700434458847],[25.661943381097004,-18.325852275230748],[25.413126414102422,-18.104699883538096]],[[24.68660932942313,-18.325852275230748],[24.198942303586183,-18.325852275230748],[23.959590371566826,-18.54700434458847],[23.715667405122986,-18.54700434458847],[23.467441764830788,-18.325852275230748],[23.706913650083187,-18.104699883538096],[23.95065833065737,-18.104699883538096],[24.18989841079901,-17.883547200919203],[24.67721146507605,-17.883547200919203],[24.925637052954063,-18.104699883538096],[24.68660932942313,-18.325852275230748]]],[[[33.95542512714483,-9.700907243609919],[33.47298486343122,-9.700907243609919],[33.476916479225125,-9.922058675124262],[33.23963607769216,-10.143212217057027],[33.2478961748828,-10.585515585851255],[33.49362497868662,-10.806667239414935],[33.498055441110616,-11.02781888363017],[33.74413898744888,-11.248970526902289],[33.753632083248824,-11.691273844238676],[33.51683630147578,-11.912425535113675],[33.54281110684039,-13.018184647772133],[33.30629820802898,-13.2393366607985],[33.31762009044206,-13.681640944589784],[33.08121361228762,-13.902793232165768],[33.32346290965038,-13.902793232165768],[33.571745357649945,-14.123945628069466],[33.81406161595742,-14.123945628069466],[34.06267412307638,-14.34509814070649],[34.31155561385016,-14.566250778482564],[34.56071205405757,-14.787403549803402],[34.810149333637696,-15.00855014407848],[34.824385643304964,-15.450857474177404],[34.588875597499005,-15.67201128392773],[34.60371443010734,-16.11431903577681],[34.84669704699687,-16.11431903577681],[35.0974312717133,-16.33547291505404],[35.33266228077591,-16.11431903577681],[35.56784887701736,-15.893165148264444],[35.80300021731358,-15.67201128392773],[35.78054256088845,-15.00855014407848],[35.530814569051046,-14.787403549803402],[35.51027542410971,-14.123945628069466],[35.26145728855239,-13.902793232165768],[35.01290613782396,-13.681640944589784],[35.01920799118966,-13.902793232165768],[34.78332664918731,-14.123945628069466],[34.28635497466028,-13.681640944589784],[34.26879647231776,-13.018184647772133],[34.02125553153396,-12.79703270945125],[34.0105204137554,-12.354729023304138],[33.76356593724386,-12.133577258667037],[34.000249964958606,-11.912425535113675],[33.97652340487612,-10.806667239414935],[33.730698537939354,-10.585515585851255],[33.71818024743775,-9.922058675124262],[34.19268050969762,-9.479755775079624],[33.95542512714483,-9.700907243609919]]],[[[11.522718382200807,-3.7298117405252365],[11.522848441316667,-3.729692078922363],[11.282551209102806,-3.5085101471680855],[11.282388397091616,-3.5086599437616073],[11.522718382200807,-3.7298117405252365]]],[[[-15.348967566711972,13.298873050305072],[-15.58405406682916,13.077721015731196],[-16.552100291441533,13.077721015731196],[-16.545019932293457,12.85656905812568],[-16.296199924416406,12.63541716908301],[-15.812416480036353,12.63541716908301],[-15.563978434133565,12.414265340197765],[-15.799352062125232,12.193113563064486],[-16.041129084001852,12.193113563064486],[-15.79303417150802,11.971961829277797],[-15.309591064811267,11.971961829277797],[-14.567101848653925,11.308506803943262],[-14.561586469669225,11.08735515948903],[-14.068105790296729,10.645051866134349],[-14.063059220876942,10.423900200423159],[-13.079287665570119,9.539292007668896],[-13.074983076023832,9.318140513486576],[-12.829676382851781,9.096988986116632],[-12.817794059305088,8.433534227000356],[-12.5730720599437,8.212382588999198],[-12.569430829523478,7.991230928870034],[-10.374741031494816,6.00086535691704],[-10.13411217095303,6.00086535691704],[-9.162120152752133,5.116258339974113],[-8.68108053354179,5.116258339974113],[-8.438404565428689,4.895107175412382],[-7.716922233638515,4.895107175412382],[-7.4744239033118465,4.673955334359034],[-6.993485850036079,4.673955334359034],[-6.754945791251627,4.895107175412382],[-6.273957570058167,4.895107175412382],[-6.0353626278848775,5.116258339974113],[-5.313803199069332,5.116258339974113],[-5.075122116738756,5.337410086480983],[-4.353483773103504,5.337410086480983],[-4.114712312183926,5.558561839615062],[-3.3929931806260676,5.558561839615062],[-3.1507532003780714,5.337410086480983],[-2.9102070858329743,5.337410086480983],[-2.9118470929208105,5.558561839615062],[-2.672925798767679,5.7797135971643865],[-2.4307010052155835,5.558561839615062],[-2.427565483807255,5.116258339974113],[-1.946525864596893,5.116258339974113],[-1.7074765131075385,5.337410086480983],[-1.2263842840173833,5.337410086480983],[-0.9872627420998423,5.558561839615062],[-0.5061166543945816,5.558561839615062],[-0.26691961113516705,5.7797135971643865],[0.21428162639134918,5.7797135971643865],[0.4535576928852443,6.00086535691704],[0.6941865534269969,6.00086535691704],[0.9335164464155472,6.222017116661056],[0.932185622429822,6.443168874184523],[1.1715397831391545,6.664320627275483],[1.4135604822606815,6.443168874184523],[1.4148320273825732,6.222017116661056],[1.6542479121761122,6.443168874184523],[1.650334870213122,7.106624111312118],[1.8897785984312971,7.3277758378339115],[2.131896508060649,7.106624111312118],[2.13562277200694,6.443168874184523],[2.37512878412638,6.664320627275483],[2.6158465843238314,6.664320627275483],[2.602633539265172,8.875837427770994],[2.8422302134047914,9.096988986116632],[3.0847663895996416,8.875837427770994],[3.0972821847187024,6.664320627275483],[3.336913794582566,6.885472373721985],[3.818411640029952,6.885472373721985],[4.060153385508509,6.664320627275483],[4.300871185705929,6.664320627275483],[4.5424970711611765,6.443168874184523],[4.783184501076606,6.443168874184523],[5.024698884635173,6.222017116661056],[5.265356675118654,6.222017116661056],[5.748095857946114,5.7797135971643865],[5.748782485773586,5.558561839615062],[5.989999152335242,5.337410086480983],[5.991841588409791,4.673955334359034],[6.713248668323438,4.673955334359034],[6.9532185127615955,4.895107175412382],[8.155689065745214,4.895107175412382],[8.396531854788657,4.673955334359034],[8.396183176341943,4.895107175412382],[8.636345758030787,5.116258339974113],[8.87717139753537,4.895107175412382],[8.877760527412327,4.45280350265541],[9.118205133190482,4.45280350265541],[9.599509637684921,4.010499865527709],[9.59970671693668,3.789348059218856],[10.080745866691478,3.347044468899223],[10.081239482584541,2.4624373650653046],[10.561764681553193,2.4624373650653046],[10.561314246378188,3.5681962604901662],[10.32083412723653,3.789348059218856],[10.320568059419276,4.2316516798590875],[9.83934601461595,4.673955334359034],[9.839147839922258,4.895107175412382],[10.07946461566181,5.116258339974113],[11.522583473292865,5.116258339974113],[11.763100724696066,4.895107175412382],[12.003594835292796,4.895107175412382],[12.244036280994816,4.673955334359034],[13.205912387546388,4.673955334359034],[13.446208037197119,4.45280350265541],[14.4079864603097,4.45280350265541],[14.64814419091626,4.2316516798590875],[14.888565087110544,4.2316516798590875],[14.888875671866009,4.45280350265541],[15.129664600649468,4.673955334359034],[15.369764883422317,4.45280350265541],[15.369406879499113,4.2316516798590875],[15.850248671887648,4.2316516798590875],[16.09025418068033,4.010499865527709],[16.81144801879092,4.010499865527709],[17.05135662336857,3.789348059218856],[18.733987247401597,3.789348059218856],[18.97372232355761,3.5681962604901662],[19.454431356539306,3.5681962604901662],[19.69411119869603,3.347044468899223],[20.17477946529624,3.347044468899223],[20.41441213528798,3.1258926840036505],[20.895041539165007,3.1258926840036505],[21.134635579230448,2.904740905361076],[21.615228120178358,2.904740905361076],[21.85479255300274,2.683589132529081],[22.33535032694056,2.683589132529081],[22.574894655769114,2.4624373650653046],[22.815157255253443,2.4624373650653046],[23.054706607480412,2.2412856025273316],[23.535201519648567,2.2412856025273316],[24.014334002963288,1.7989820904592966],[24.254554796797073,1.7989820904592966],[24.7338327643141,1.3566785927858693],[24.9740320492765,1.3566785927858693],[26.173303761537383,0.25091988835332424],[26.17324035986075,0.029768150742167817],[27.13469257646445,-0.8548388035308316],[27.135133250654363,-1.075990545268129],[27.375863402309996,-1.2971422891578035],[27.376496052128935,-1.5182940356422734],[27.617434138642444,-1.7394457851638963],[27.624785501804148,-3.287508154016643],[27.86646513474573,-3.5086599437616073],[27.881011870463922,-5.499025533396826],[27.642257201439318,-5.720177289975116],[27.644111965070188,-5.941329049352183],[27.40536190348434,-6.162480809316121],[27.407278846174815,-6.383632567654969],[26.45221406442984,-7.268239540520659],[26.45424782502219,-7.48939125755496],[24.78231413533848,-9.03745273581877],[24.7845079619065,-9.258604271745266],[24.06762951893289,-9.922058675124262],[23.826365750720264,-9.922058675124262],[23.10904655069539,-10.585515585851255],[22.867645369167114,-10.585515585851255],[22.14980055290365,-11.248970526902289],[21.908251835517284,-11.248970526902289],[21.42933300362359,-11.691273844238676],[21.187680080493713,-11.691273844238676],[20.9480810509219,-11.912425535113675],[20.706374219180468,-11.912425535113675],[20.466657747975965,-12.133577258667037],[20.22489578089836,-12.133577258667037],[19.745145854828724,-12.575880837430411],[19.50326986781183,-12.575880837430411],[19.023103797292837,-13.018184647772133],[18.78110867546707,-13.018184647772133],[18.300489336177876,-13.460488756935877],[18.058369824647727,-13.460488756935877],[17.817861942950525,-13.681640944589784],[17.575678221895963,-13.681640944589784],[17.335009283708693,-13.902793232165768],[17.092759986345936,-13.902793232165768],[16.851923534434363,-14.123945628069466],[16.609607276126916,-14.123945628069466],[15.886238640432923,-14.787403549803402],[15.643713011684545,-14.787403549803402],[14.677231832539963,-15.67201128392773],[14.191581984614153,-15.67201128392773],[13.949468849052598,-15.893165148264444],[13.706565702670964,-15.893165148264444],[13.463107212725387,-15.67201128392773],[13.460476703400072,-14.566250778482564],[13.702365889805527,-14.34509814070649],[13.701812176437235,-14.123945628069466],[14.185106127132187,-13.681640944589784],[14.183822777608423,-13.2393366607985],[14.425196482602786,-13.018184647772133],[14.424528118106718,-12.79703270945125],[14.665750127474118,-12.575880837430411],[14.663051155986228,-11.691273844238676],[14.904013745202022,-11.47012217763668],[14.899606326853288,-9.922058675124262],[14.6578145785998,-9.700907243609919],[14.655359970045874,-8.59514957503705],[14.413924651434503,-8.373997954605677],[14.413118900860297,-7.9316946447215],[13.930676192771054,-7.48939125755496],[13.930373305153193,-7.268239540520659],[13.448308531459666,-6.825936070609628],[13.44787482499336,-6.383632567654969],[12.966219328665861,-5.941329049352183],[13.207015836108443,-6.162480809316121],[12.966516065642292,-6.383632567654969],[12.725836685966744,-6.383632567654969],[12.725960375081282,-6.6047843221567755],[12.966827593439366,-6.825936070609628],[12.966989176641793,-7.0470878108015595],[13.449000360761382,-7.48939125755496],[13.449242585900446,-7.710542959692556],[13.690397880539997,-7.9316946447215],[13.69098585175731,-8.373997954605677],[13.450273649978632,-8.59514957503705],[13.451411577180025,-9.479755775079624],[13.692934051172553,-9.700907243609919],[13.693649591532175,-10.143212217057027],[13.93537481987816,-10.364363914533737],[13.936238718010891,-10.806667239414935],[14.178184555741572,-11.02781888363017],[14.17921307304227,-11.47012217763668],[13.938092386596523,-11.691273844238676],[13.938582930420687,-11.912425535113675],[13.697322669803233,-12.133577258667037],[13.697779316605901,-12.354729023304138],[13.456370192389688,-12.575880837430411],[13.45678849275229,-12.79703270945125],[13.215220873473855,-13.018184647772133],[13.215596173536502,-13.2393366607985],[12.732003800804845,-13.681640944589784],[12.73282740250692,-14.34509814070649],[12.490659079658213,-14.566250778482564],[12.491334911189835,-15.229703750424152],[12.248821099874846,-15.450857474177404],[12.24898259291081,-15.67201128392773],[12.006243677999596,-15.893165148264444],[12.006693067620699,-16.99893418936757],[12.493316770701144,-16.99893418936757],[12.736976524589178,-17.220087721597388],[12.493845663294138,-17.441241088539233],[12.250363176182672,-17.441241088539233],[12.250913663096998,-18.104699883538096],[12.494933683499667,-18.325852275230748],[12.495210948706692,-18.54700434458847],[12.739502943120707,-18.768156060203097],[12.739874042329872,-18.989307390666916],[12.984441448471518,-19.210458304572768],[12.984907331088953,-19.431608770514128],[13.474782803925205,-19.87390823288032],[13.475437088168317,-20.09503928564885],[13.720747094493376,-20.316187003492708],[13.721497988816234,-20.537334328862556],[13.967092020586898,-20.758481378983273],[13.967943849807972,-20.97962827107832],[14.213828746615462,-21.20077512237026],[14.215753378224766,-21.64306917143478],[14.462043283682894,-21.864216603653958],[14.464220034034806,-22.306512869594012],[14.710937895800035,-22.527661937773246],[14.714654873413444,-23.191114289971527],[14.961953030022368,-23.412267180735157],[14.966228581135692,-24.075733814684558],[15.21416510943942,-24.296892404115322],[15.227991213616399,-26.06622231251957],[15.47744540282634,-26.287393230599463],[15.48804821868074,-27.39323221808899],[15.738704592783055,-27.61439383172224],[15.74112214146528,-27.835552363152612],[16.24384328634546,-28.277858429767303],[16.492727031753866,-28.277858429767303],[16.744777311729322,-28.499005090315624],[16.498792312212945,-28.720146919406375],[17.257335488216793,-29.38353904749837],[17.261092617338768,-29.60465718087936],[17.51494427269328,-29.825768298448587],[17.52309008473658,-30.26795214603392],[17.777821958965404,-30.489041301764438],[17.78222258095247,-30.71012627045409],[18.293456586869624,-31.152290170715972],[18.298415538716267,-31.37337236393964],[18.81193182866315,-31.815545390910945],[18.823084417328282,-32.25774081360498],[18.576457794064886,-32.478851003031295],[18.598988836606747,-33.3634130593252],[18.858125868239178,-33.58459207373245],[18.864192358439862,-33.805789762446935],[19.38452022900021,-34.24824772180824],[19.638522722845266,-34.24824772180824],[19.89967119175018,-34.46951127584168],[20.4081214178454,-34.46951127584168],[20.65453269822546,-34.24824772180824],[21.41654017976063,-34.24824772180824],[21.661925407847974,-34.027007764845436],[22.423271710399497,-34.027007764845436],[22.667651608193726,-33.805789762446935],[23.681907408128083,-33.805789762446935],[23.94596431550258,-34.027007764845436],[24.707310618054102,-34.027007764845436],[24.972575093591324,-34.24824772180824],[25.22657758743638,-34.24824772180824],[25.468656920605625,-34.027007764845436],[25.722439021456147,-34.027007764845436],[25.9639829579804,-33.805789762446935],[26.217546907963992,-33.805789762446935],[26.45856758289197,-33.58459207373245],[26.711915640047035,-33.58459207373245],[26.95242529959436,-33.3634130593252],[27.20555973786672,-33.3634130593252],[27.9247691869519,-32.69997168817188],[28.177276571383643,-32.69997168817188],[29.607672697104434,-31.37337236393964],[29.594163679153787,-31.152290170715972],[31.253606279325922,-29.60465718087936],[31.24032862690875,-29.38353904749837],[31.47677586315484,-29.162414334933594],[31.463724689651478,-28.941283479943117],[32.40840011550256,-28.056707374953337],[32.65712878638651,-28.056707374953337],[32.89287002836669,-27.835552363152612],[32.880091263797986,-27.61439383172224],[32.6192423213531,-27.39323221808899],[32.59501030396959,-26.950901494217046],[32.33535046392761,-26.729733259102144],[32.099030223049795,-26.950901494217046],[32.358891284760176,-27.172067959740573],[32.12268597055102,-27.39323221808899],[31.886387688666694,-27.61439383172224],[31.62612961974891,-27.39323221808899],[31.377851444347854,-27.39323221808899],[31.11822681734145,-27.172067959740573],[30.870093923857738,-27.172067959740573],[30.61108998029035,-26.950901494217046],[30.579580243600248,-26.287393230599463],[30.8168857512879,-26.06622231251957],[31.054111728707078,-25.845051375446744],[31.29126481694596,-25.623880857053187],[31.785631859891765,-25.623880857053187],[31.74589074136351,-24.739214853844164],[31.489846797149326,-24.518052711403946],[31.462793035445493,-23.854576825827035],[31.20795087820111,-23.633421320266663],[31.18293892495874,-22.969962530721354],[31.42055335755439,-22.748811785736265],[31.412462356273856,-22.527661937773246],[30.675630394782374,-22.527661937773246],[30.422428617034576,-22.306512869594012],[29.194874110649977,-22.306512869594012],[28.956355817968877,-22.527661937773246],[28.717725035332748,-22.748811785736265],[28.478984558789257,-22.969962530721354],[28.233170525501144,-22.969962530721354],[27.994218968919647,-23.191114289971527],[27.755160673989877,-23.412267180735157],[27.51599725046149,-23.633421320266663],[27.276729942691155,-23.854576825827035],[27.283709241740507,-24.075733814684558],[27.044348982182466,-24.296892404115322],[26.804888410165724,-24.518052711403946],[26.558311652956057,-24.518052711403946],[26.31863390416641,-24.739214853844164],[26.07194041156657,-24.739214853844164],[26.078852971706258,-24.960378948739386],[25.83896782907631,-25.18154282694258],[25.846029839381508,-25.4027111950028],[25.606043823069452,-25.623880857053187],[25.36593681281923,-25.845051375446744],[25.118624859954537,-25.845051375446744],[24.878259260746376,-26.06622231251957],[24.63081649030714,-26.06622231251957],[24.37668900136048,-25.845051375446744],[24.129377048495783,-25.845051375446744],[23.875759172759192,-25.623880857053187],[23.628575651286326,-25.623880857053187],[23.375455143486732,-25.4027111950028],[23.128397673897247,-25.4027111950028],[22.88702508686763,-25.623880857053187],[22.898717097232513,-26.06622231251957],[22.657148851718862,-26.287393230599463],[22.415417620058438,-26.50856369201458],[22.173516499462806,-26.729733259102144],[21.931438564193634,-26.950901494217046],[21.43545848327384,-26.950901494217046],[21.19291107799171,-27.172067959740573],[20.944778184507957,-27.172067959740573],[20.691488361894102,-26.950901494217046],[20.43856923723709,-26.729733259102144],[20.4337248883629,-26.50856369201458],[20.676541003748486,-26.287393230599463],[20.667009708390133,-25.845051375446744],[20.415189872138708,-25.623880857053187],[20.406424434453786,-25.18154282694258],[20.159490643789155,-25.18154282694258],[20.22598321287984,-28.277858429767303],[19.9823140558544,-28.499005090315624],[19.73840930227493,-28.720146919406375],[19.489207995347076,-28.720146919406375],[19.244897973177636,-28.941283479943117],[18.99553416263738,-28.941283479943117],[18.750806687682278,-29.162414334933594],[18.25174907295785,-29.162414334933594],[17.998078920476257,-28.941283479943117],[17.748715109935965,-28.941283479943117],[17.495597539924322,-28.720146919406375],[17.246396232996467,-28.720146919406375],[16.99381859973892,-28.499005090315624],[17.239378267979045,-28.277858429767303],[17.488262013387452,-28.277858429767303],[17.740942463767805,-28.499005090315624],[17.989983751777437,-28.499005090315624],[18.243201460707848,-28.720146919406375],[18.741604074563554,-28.720146919406375],[18.986148903815916,-28.499005090315624],[19.23519019182551,-28.499005090315624],[19.47933197665462,-28.277858429767303],[19.72821572206303,-28.277858429767303],[19.633011945823153,-23.191114289971527],[19.87549339370458,-22.969962530721354],[19.872105071698336,-22.748811785736265],[20.114372280070995,-22.527661937773246],[20.10760890758315,-22.08536446396447],[20.349598234054106,-21.864216603653958],[20.346209356284664,-21.64306917143478],[20.587973810237564,-21.4219220500815],[20.584548243266944,-21.20077512237026],[20.826080948528006,-20.97962827107832],[20.785273122727617,-18.325852275230748],[21.02572216376729,-18.104699883538096],[20.53823280261893,-18.104699883538096],[20.291393976582796,-17.883547200919203],[19.560424395167267,-17.883547200919203],[19.314049240413006,-17.6623942587831],[18.58334190987307,-17.6623942587831],[18.337425353969163,-17.441241088539233],[16.8765304313004,-17.441241088539233],[16.634789028433207,-17.6623942587831],[15.173374367353295,-17.6623942587831],[14.928670534408734,-17.441241088539233],[13.954740585962902,-17.441241088539233],[13.7105633853647,-17.220087721597388],[13.953187879942544,-16.99893418936757],[14.926435286103466,-16.99893418936757],[15.170943676528005,-17.220087721597388],[16.631323967691305,-17.220087721597388],[16.87293009842531,-16.99893418936757],[18.33280120766671,-16.99893418936757],[18.578497689242354,-17.220087721597388],[19.30868783482399,-17.220087721597388],[19.554837789526463,-17.441241088539233],[20.28528525086083,-17.441241088539233],[20.53189479131293,-17.6623942587831],[21.749740342212853,-17.6623942587831],[21.98966266064106,-17.441241088539233],[22.963592609086895,-17.441241088539233],[22.716241847538342,-17.220087721597388],[22.712414535390877,-16.99893418936757],[22.465402801700044,-16.77778052326008],[22.21860291530652,-16.556626754685364],[21.97201419687428,-16.33547291505404],[21.968618351851866,-16.11431903577681],[21.722369533264644,-15.893165148264444],[21.692801479823395,-13.681640944589784],[21.93228200913001,-13.460488756935877],[21.929635610183833,-13.2393366607985],[22.16904038102816,-13.018184647772133],[22.40838002728081,-12.79703270945125],[23.618054558973817,-12.79703270945125],[23.857037634115763,-12.575880837430411],[23.845862234922656,-11.691273844238676],[24.08482225922571,-11.47012217763668],[24.32916808118248,-11.691273844238676],[24.340789608149546,-12.575880837430411],[24.101924371651048,-12.79703270945125],[23.86300623380869,-13.018184647772133],[23.624032167309686,-13.2393366607985],[22.41374891221981,-13.2393366607985],[22.416521032190307,-13.460488756935877],[22.177168921932516,-13.681640944589784],[22.20817582602791,-15.893165148264444],[22.454583585630935,-16.11431903577681],[22.458140755201665,-16.33547291505404],[22.70489306883132,-16.556626754685364],[22.951858707939515,-16.77778052326008],[23.199038238471353,-16.99893418936757],[23.20303527792612,-17.220087721597388],[24.906812284283276,-17.220087721597388],[25.15493499309002,-17.441241088539233],[25.403276994912616,-17.6623942587831],[25.641899967312952,-17.441241088539233],[25.88538245442442,-17.441241088539233],[26.133984325452555,-17.6623942587831],[26.621122545812536,-17.6623942587831],[26.859312402870252,-17.441241088539233],[27.346277377093152,-17.441241088539233],[27.584176151415992,-17.220087721597388],[27.82196341773576,-16.99893418936757],[28.05964572345421,-16.77778052326008],[28.29722983436671,-16.556626754685364],[28.534722734293773,-16.33547291505404],[28.529149007869123,-16.11431903577681],[28.766560778331822,-15.893165148264444],[29.003902346351964,-15.67201128392773],[29.241181508908276,-15.450857474177404],[29.726677520594933,-15.450857474177404],[29.96375117625069,-15.229703750424152],[30.20078150419657,-15.00855014407848],[30.437776365335253,-14.787403549803402],[30.6803019940836,-14.787403549803402],[30.91719393075364,-14.566250778482564],[31.15964833668911,-14.566250778482564],[31.39644328300522,-14.34509814070649],[31.63882790482988,-14.34509814070649],[31.875531549497623,-14.123945628069466],[32.11221642283661,-13.902793232165768],[32.35446572019937,-13.902793232165768],[32.59106892727841,-13.681640944589784],[32.83325264833294,-13.681640944589784],[32.822184905993,-13.2393366607985],[33.05882086318879,-13.018184647772133],[33.03342263799293,-11.912425535113675],[33.270326236989,-11.691273844238676],[33.26104155267615,-11.248970526902289],[33.01505866897637,-11.02781888363017],[33.01072655249708,-10.806667239414935],[32.76509381182624,-10.585515585851255],[32.75701912741659,-10.143212217057027],[32.99438894279987,-9.922058675124262],[32.99054459971759,-9.700907243609919],[32.74561523533591,-9.479755775079624],[32.50085957179609,-9.258604271745266],[32.25972358398703,-9.258604271745266],[32.01517721968674,-9.03745273581877],[31.770793757717158,-8.816301169512066],[31.526568450987256,-8.59514957503705],[31.285551186973805,-8.59514957503705],[31.041517044010213,-8.373997954605677],[29.836619044548208,-8.373997954605677],[29.598430338879652,-8.59514957503705],[29.3574130748662,-8.59514957503705],[29.119179200582558,-8.816301169512066],[28.87812333175213,-8.816301169512066],[28.880936549802506,-9.03745273581877],[29.12495574246941,-9.258604271745266],[29.127952049431713,-9.479755775079624],[28.889802358151776,-9.700907243609919],[28.892904883185324,-9.922058675124262],[28.654775050074385,-10.143212217057027],[28.668087719768344,-11.02781888363017],[28.913164639721693,-11.248970526902289],[28.9205736206507,-11.691273844238676],[29.162226543780612,-11.691273844238676],[29.407820161871612,-11.912425535113675],[29.65361249692468,-12.133577258667037],[29.89537446400228,-12.133577258667037],[30.141426871441233,-12.354729023304138],[30.38768928357169,-12.575880837430411],[30.39223193645487,-12.79703270945125],[30.154879401279302,-13.018184647772133],[29.91750509377723,-13.2393366607985],[29.67544844275924,-13.2393366607985],[29.437986866564394,-13.460488756935877],[29.195867355034274,-13.460488756935877],[28.949278489705307,-13.2393366607985],[28.707221838687317,-13.2393366607985],[28.460913548498738,-13.018184647772133],[28.21481777940737,-12.79703270945125],[27.968929413402833,-12.575880837430411],[27.723243407494856,-12.354729023304138],[27.719516760303907,-12.133577258667037],[27.47416550794025,-11.912425535113675],[27.23245867619882,-11.912425535113675],[26.99423085907113,-12.133577258667037],[26.749045012716003,-11.912425535113675],[26.98735023561146,-11.691273844238676],[27.22562517191802,-11.47012217763668],[27.467225395971283,-11.47012217763668],[27.712309005001167,-11.691273844238676],[27.957579171423106,-11.912425535113675],[28.203040694459084,-12.133577258667037],[28.20688010028411,-12.354729023304138],[28.452681387436584,-12.575880837430411],[28.698687592084596,-12.79703270945125],[28.940622498423217,-12.79703270945125],[29.186898913976137,-13.018184647772133],[29.428894035801903,-13.018184647772133],[29.66642721743903,-12.79703270945125],[29.908362123777636,-12.79703270945125],[29.903937309537902,-12.575880837430411],[29.662061322521012,-12.575880837430411],[29.4159718322573,-12.354729023304138],[29.1700885627695,-12.133577258667037],[28.9283265956919,-12.133577258667037],[28.68269966664736,-11.912425535113675],[28.437267774390868,-11.691273844238676],[28.430067204948962,-11.248970526902289],[28.1850909476341,-11.02781888363017],[28.172158099798814,-10.143212217057027],[28.41037734676007,-9.922058675124262],[28.40736209443814,-9.700907243609919],[28.6455969579778,-9.479755775079624],[28.64268376685129,-9.258604271745266],[28.398745677512608,-9.03745273581877],[28.396011594091277,-8.816301169512066],[28.634361282825864,-8.59514957503705],[28.872700644978607,-8.373997954605677],[29.113680244871013,-8.373997954605677],[29.351973788975954,-8.15284631042984],[29.592916643690323,-8.15284631042984],[29.831167334360266,-7.9316946447215],[30.072074341133714,-7.9316946447215],[30.069412960131686,-7.710542959692556],[29.825978649089798,-7.48939125755496],[29.821040013993148,-7.0470878108015595],[28.849261503556477,-6.162480809316121],[28.847217918873824,-5.941329049352183],[28.60462972385259,-5.720177289975116],[28.600833262130692,-5.277873781829286],[28.83951365849525,-5.056722037484403],[28.82642953455128,-3.287508154016643],[29.065376415818704,-3.0663563708479686],[29.304359001146786,-2.8452045938131674],[29.062835105591653,-2.6240528224698796],[28.82142424288312,-2.4029010563756863],[28.819401512095126,-1.9605975381650904],[29.058739678653943,-1.7394457851638963],[29.057941708857427,-1.5182940356422734],[29.29743783589916,-1.2971422891578035],[29.537018086518408,-1.075990545268129],[30.01739505369123,-1.075990545268129],[30.016871881407177,-0.8548388035308316],[29.77628617418128,-0.6336870635035381],[29.775829080656393,-0.19138358680942688],[29.535613813746764,0.029768150742167817],[29.535691984644636,0.25091988835332424],[29.77606390723541,0.4720716264664013],[29.776383719124297,0.6932233655238169],[30.01700169377493,0.9143751059679439],[30.25774542953107,1.1355268482411554],[30.258416318449115,1.3566785927858693],[30.499403331424432,1.5778303400444442],[30.500295436475206,1.7989820904592966],[30.741521665072298,2.0201338444727868],[30.742625202171112,2.2412856025273316],[30.98408563772029,2.4624373650653046],[30.986782668662983,2.904740905361076],[30.747944318643718,3.1258926840036505],[30.75109363160884,3.5681962604901662],[30.512401615632648,3.789348059218856],[30.273732996855514,4.010499865527709],[30.033335050818643,4.010499865527709],[29.794660651155738,4.2316516798590875],[29.55599662433297,4.45280350265541],[29.31555201855481,4.45280350265541],[29.07339796257292,4.2316516798590875],[28.832977066378632,4.2316516798590875],[28.590947374597427,4.010499865527709],[28.110151482523683,4.010499865527709],[27.871293481601533,4.2316516798590875],[27.632439778107802,4.45280350265541],[27.39358495918166,4.673955334359034],[27.395217913483062,4.895107175412382],[27.15637109762919,5.116258339974113],[26.915851288024044,5.116258339974113],[26.673735581692906,4.895107175412382],[26.431708852630116,4.673955334359034],[25.95077079935433,4.673955334359034],[25.711759139306018,4.895107175412382],[24.990276807515826,4.895107175412382],[24.7484256661649,4.673955334359034],[24.507956639527038,4.673955334359034],[24.266215297213744,4.45280350265541],[23.785326085657438,4.45280350265541],[23.543717350104515,4.2316516798590875],[22.822454661521697,4.2316516798590875],[22.580998723675737,4.010499865527709],[21.619406939528275,4.010499865527709],[21.37992928435602,4.2316516798590875],[21.13950838816177,4.2316516798590875],[20.89999081631969,4.45280350265541],[20.659546210541535,4.45280350265541],[20.419983186682952,4.673955334359034],[20.17951416004506,4.673955334359034],[19.939900484984662,4.895107175412382],[19.69940637438793,4.895107175412382],[19.458107080131413,4.673955334359034],[19.21763805349352,4.673955334359034],[18.97643397009449,4.45280350265541],[18.975720322413245,4.2316516798590875],[18.73463158708588,4.010499865527709],[18.49487853002471,4.2316516798590875],[18.495544758538216,4.45280350265541],[18.736700000217766,4.673955334359034],[18.97792404259774,4.895107175412382],[19.219217380658435,5.116258339974113],[19.459737190263617,5.116258339974113],[19.701127681405207,5.337410086480983],[19.9416737959503,5.337410086480983],[20.181296619079127,5.116258339974113],[20.42181642868431,5.116258339974113],[20.661382816774818,4.895107175412382],[20.901876927371546,4.895107175412382],[21.14139026659663,4.673955334359034],[21.38185929323449,4.673955334359034],[21.62132463365412,4.45280350265541],[22.5831030567667,4.45280350265541],[22.82467345306182,4.673955334359034],[23.546080532975466,4.673955334359034],[23.787806254532214,4.895107175412382],[24.26879447572567,4.895107175412382],[24.510653191972292,5.116258339974113],[24.751173001577442,5.116258339974113],[24.993142201397113,5.337410086480983],[25.714780545032397,5.337410086480983],[25.953772049603316,5.116258339974113],[26.43481166881368,5.116258339974113],[26.676965003212736,5.337410086480983],[26.919210344804384,5.558561839615062],[27.159783388656983,5.558561839615062],[27.161550927875435,5.7797135971643865],[26.92273235248092,6.00086535691704],[26.68210349193913,6.00086535691704],[26.443242237667224,6.222017116661056],[26.204365763549276,6.443168874184523],[25.965473203475963,6.664320627275483],[25.72656360788532,6.885472373721985],[25.728416762590427,7.106624111312118],[25.48950260432327,7.3277758378339115],[25.250568876793608,7.548927551075463],[25.252495681580477,7.770079248824822],[25.013554148988167,7.991230928870034],[24.772637578613086,7.991230928870034],[24.533637230293685,8.212382588999198],[24.292684572564866,8.212382588999198],[24.053622108958272,8.433534227000356],[23.814531996271494,8.654685840661607],[23.81847442685587,9.096988986116632],[23.579372434635225,9.318140513486576],[23.585687721683136,9.98159488762308],[23.346576452449284,10.202748510815603],[23.351064333202828,10.645051866134349],[23.10965033240605,10.645051866134349],[22.870464653669803,10.866203516354522],[22.629002315691572,10.866203516354522],[22.38540833001575,10.645051866134349],[22.141959680777102,10.423900200423159],[21.900592888099403,10.423900200423159],[21.65733157499237,10.202748510815603],[21.414206441141125,9.98159488762308],[21.17121337964165,9.760443466451711],[20.92834840314899,9.539292007668896],[20.687159494860197,9.539292007668896],[20.44446045017097,9.318140513486576],[20.201880596950502,9.096988986116632],[19.960774341623505,9.096988986116632],[19.718349726139486,8.875837427770994],[19.477283300972235,8.875837427770994],[19.235008291998824,8.654685840661607],[18.993980728616044,8.654685840661607],[18.751849849469433,8.433534227000356],[18.509820787073323,8.212382588999198],[18.26789017848608,7.991230928870034],[18.026054748835953,7.770079248824822],[17.784311311051866,7.548927551075463],[16.8209232380529,7.548927551075463],[16.579402724547744,7.3277758378339115],[15.616148683490904,7.3277758378339115],[15.374841548868183,7.106624111312118],[15.133611008043157,6.885472373721985],[15.133172194590962,6.664320627275483],[14.89205655752438,6.443168874184523],[14.891668294458919,6.222017116661056],[14.650660464850175,6.00086535691704],[14.649985108320612,5.558561839615062],[14.890205390503459,5.337410086480983],[14.889860807765304,5.116258339974113],[14.64903005185673,4.895107175412382],[14.408821188554942,5.116258339974113],[14.409113161413272,5.337410086480983],[14.168839020615387,5.558561839615062],[14.169402743766636,6.00086535691704],[14.410352713491893,6.222017116661056],[14.410681697693521,6.443168874184523],[14.65173659419606,6.664320627275483],[14.652113162595775,6.885472373721985],[14.893279911020624,7.106624111312118],[15.134521662962516,7.3277758378339115],[15.37584112855452,7.548927551075463],[15.135478375738163,7.770079248824822],[14.895058193235036,7.991230928870034],[14.896015478932076,8.433534227000356],[14.655484587726152,8.654685840661607],[14.4148883724601,8.875837427770994],[14.41533046910192,9.096988986116632],[14.17463648124246,9.318140513486576],[13.933870062774137,9.539292007668896],[14.175491905153766,9.760443466451711],[14.417211203839074,9.98159488762308],[14.658486901677083,9.98159488762308],[14.900352065164766,10.202748510815603],[15.141672761944331,10.202748510815603],[15.144367528146072,11.08735515948903],[14.903519147355626,11.308506803943262],[14.904198044294898,11.529658458122544],[14.663225305385527,11.750810130432273],[14.42096945794448,11.529658458122544],[14.4203942129948,11.308506803943262],[14.17832024366428,11.08735515948903],[13.936358148475586,10.866203516354522],[13.93591830212874,10.645051866134349],[13.694121937057814,10.423900200423159],[13.693748581266977,10.202748510815603],[13.452108412487073,9.98159488762308],[13.451796580206722,9.760443466451711],[13.210303337907785,9.539292007668896],[13.209087941822006,8.433534227000356],[12.967909659310605,8.212382588999198],[12.96772563023445,7.991230928870034],[12.726664731489988,7.770079248824822],[12.726523927807433,7.548927551075463],[12.485573050056265,7.3277758378339115],[12.24469090285911,7.106624111312118],[12.003910083935363,7.106624111312118],[11.763126089911566,6.885472373721985],[11.522377167187873,6.885472373721985],[11.281687391431833,6.664320627275483],[10.800251791036962,6.664320627275483],[10.559381476293137,6.885472373721985],[10.318632553569445,6.885472373721985],[10.078098390444607,6.664320627275483],[9.837620529300478,6.443168874184523],[9.59693309938508,6.443168874184523],[9.356539113338279,6.222017116661056],[9.356825532931055,6.00086535691704],[9.116504520631624,5.7797135971643865],[8.875567811847482,6.00086535691704],[8.875223532371253,6.222017116661056],[9.11555823955422,6.443168874184523],[9.355944989852285,6.664320627275483],[9.5963857853984,6.885472373721985],[9.837134708122061,6.885472373721985],[10.077663532545156,7.106624111312118],[10.318251457678436,7.3277758378339115],[10.559064967942646,7.3277758378339115],[10.800005989316496,7.106624111312118],[11.281567627164023,7.106624111312118],[11.522319008999455,7.3277758378339115],[11.763132519263666,7.3277758378339115],[12.003982873058241,7.548927551075463],[12.244829891307951,7.548927551075463],[12.244902002640341,7.770079248824822],[12.485892489484286,7.991230928870034],[12.486004343852963,8.212382588999198],[12.727108645504822,8.433534227000356],[12.727925521330194,9.539292007668896],[12.96933303024206,9.760443466451711],[12.969557016811088,9.98159488762308],[13.211107187707881,10.202748510815603],[13.211388351702446,10.423900200423159],[13.453090300535186,10.645051866134349],[13.453433472519126,10.866203516354522],[13.695296601423365,11.08735515948903],[13.937269278634005,11.308506803943262],[13.937740871594094,11.529658458122544],[14.179890673018065,11.750810130432273],[14.180438443690706,11.971961829277797],[14.42277567245178,12.193113563064486],[14.181571468134822,12.414265340197765],[14.182157071525944,12.63541716908301],[13.940804647884343,12.85656905812568],[13.699344227695228,13.077721015731196],[13.69984547499855,13.298873050305072],[13.942494207853652,13.520025170252786],[14.183992359027073,13.298873050305072],[14.183367340001428,13.077721015731196],[14.424706625347465,12.85656905812568],[14.665940515905962,12.63541716908301],[14.665238946220466,12.414265340197765],[14.906329716205025,12.193113563064486],[15.147324657084207,11.971961829277797],[15.146559937753022,11.750810130432273],[15.387426630645317,11.529658458122544],[15.386644081716451,11.308506803943262],[15.62739117038695,11.08735515948903],[15.624314155503427,10.202748510815603],[15.382313995191108,9.98159488762308],[15.140419005083125,9.760443466451711],[14.899187230100775,9.760443466451711],[14.657436787640489,9.539292007668896],[14.416247879351694,9.539292007668896],[14.656930632698483,9.318140513486576],[14.897542979755983,9.096988986116632],[14.897021222794601,8.875837427770994],[15.137539714491709,8.654685840661607],[15.377994775249258,8.433534227000356],[15.3768913339852,7.991230928870034],[15.617241104587778,7.770079248824822],[16.580766562287074,7.770079248824822],[16.822390756235624,7.991230928870034],[17.78605703773595,7.991230928870034],[18.02791547161568,8.212382588999198],[18.269870553152252,8.433534227000356],[18.511925601850518,8.654685840661607],[18.754084025470515,8.875837427770994],[18.99634932031538,9.096988986116632],[19.23745557564241,9.096988986116632],[19.47987214725889,9.318140513486576],[19.72101922298692,9.318140513486576],[19.963592769993845,9.539292007668896],[20.204781678282608,9.539292007668896],[20.44751805469461,9.760443466451711],[20.69037934762713,9.98159488762308],[20.931655045465142,9.98159488762308],[21.174690181433274,10.202748510815603],[21.417859302744,10.423900200423159],[21.661166327625416,10.645051866134349],[21.90461530175692,10.866203516354522],[22.146077639735147,10.866203516354522],[22.389722161759565,11.08735515948903],[22.633518097128615,11.308506803943262],[22.875080564309027,11.308506803943262],[22.63585542590137,11.529658458122544],[22.638246739448956,11.750810130432273],[22.39897125753552,11.971961829277797],[22.401417394380147,12.193113563064486],[22.645752334633933,12.414265340197765],[22.884971438133363,12.193113563064486],[22.882414364232254,11.971961829277797],[23.12158137181645,11.750810130432273],[23.11908401225179,11.529658458122544],[23.358205498669854,11.308506803943262],[23.1142576251209,11.08735515948903],[23.35576944624136,11.08735515948903],[23.594851667604456,10.866203516354522],[23.833892334796353,10.645051866134349],[23.829217846008383,10.202748510815603],[24.068239117359152,9.98159488762308],[24.063857913538556,9.539340797031663],[24.307226454412074,9.760443466451711],[24.30951481519716,9.98159488762308],[24.55317993634707,10.202748510815603],[24.79699440023171,10.423900200423159],[25.52109477826481,10.423900200423159],[25.759783420244865,10.202748510815603],[25.998444700063153,9.98159488762308],[25.99584887928844,9.760443466451711],[26.234504385502312,9.539292007668896],[26.478312429253137,9.760443466451711],[26.722271793577182,9.98159488762308],[29.376304469795173,9.98159488762308],[29.620914568717758,10.202748510815603],[29.862235265497326,10.202748510815603],[29.86569704646329,10.423900200423159],[30.110656355512425,10.645051866134349],[30.35579713099471,10.866203516354522],[30.593484357105943,10.645051866134349],[30.834898357902723,10.645051866134349],[31.072531009851758,10.423900200423159],[31.79663138788483,10.423900200423159],[31.8005543610898,10.645051866134349],[32.04603349684225,10.866203516354522],[32.06783339147057,11.971961829277797],[32.3142752913214,12.193113563064486],[32.560935635390074,12.414265340197765],[32.807819680157344,12.63541716908301],[33.04460311347572,12.414265340197765],[33.28643685251856,12.414265340197765],[33.523160400704484,12.193113563064486],[33.759884264909225,11.971961829277797],[33.731866367464,10.645051866134349],[33.968932521984065,10.423900200423159],[34.206007807529346,10.202748510815603],[34.21029931466177,10.423900200423159],[34.4561083698543,10.645051866134349],[34.465313217782025,11.08735515948903],[34.71164145614894,11.308506803943262],[34.71657008466151,11.529658458122544],[34.96327986481974,11.750810130432273],[35.210213584999465,11.971961829277797],[35.21559955384078,12.193113563064486],[35.46294050390405,12.414265340197765],[35.71052034643758,12.63541716908301],[35.71639363372563,12.85656905812568],[35.9644073937799,13.077721015731196],[36.21267558232423,13.298873050305072],[36.23226311042414,13.962329699891958],[36.48140535032558,14.183482126394617],[36.73082736764926,14.404634671893497],[36.49558838793312,14.625787344794317],[36.50290006625479,14.846940153502823],[36.26774267366275,15.068086935342036],[36.28295386767147,15.51039432637916],[36.53361216834349,15.731548153914504],[36.55804809263414,16.395009787659305],[36.80959709405893,16.616163611251277],[36.81817055215012,16.837317355330573],[37.07018241365082,17.05847098848661],[37.322462438031536,17.27962447930898],[37.57500742655301,17.50077779638746],[37.81851315213156,17.50077779638746],[38.071406504936256,17.721930908312082],[38.32455847103145,17.943083783673178],[38.33419652929596,18.1642363910614],[37.39689757945514,19.048843512713006],[37.406469986970606,19.269994309111635],[37.17177109779722,19.49114464909089],[37.181323955934005,19.712294501245054],[36.94640913483011,19.93344383416906],[37.01383281706536,21.481457084924152],[36.54301854724053,21.923751814368966],[36.552906094867936,22.144899809953344],[35.84605332854826,22.80834772690669],[35.85613297503179,23.029498733409092],[35.62041163209617,23.250650785740483],[35.630685175327564,23.471804001150808],[35.394961915177724,23.692958496896175],[35.4054608256908,23.9141143902395],[35.16975979479663,24.135271798451086],[35.191466351726866,24.577591628601063],[34.9558990077034,24.798754285122726],[34.96715392412947,25.01991630775607],[34.49614509948286,25.462252212883158],[34.50781335860289,25.683422148521174],[34.272353998430866,25.904592822680097],[34.284330046226756,26.125763797692926],[34.04891201001716,26.346934635886697],[34.06118877082866,26.56810489959117],[33.59033754133674,27.010441952916732],[33.60298036953405,27.23160786728881],[33.367519657859845,27.452771456690883],[33.380443106233834,27.673932283596137],[33.144962722860065,27.895089910532402],[33.158159717730406,28.116243900090836],[32.92264278744868,28.3373938149345],[32.88351094959442,27.673932283596137],[33.11920195515346,27.452771456690883],[33.09428102243906,27.010441952916732],[33.3300210406825,26.789274151147477],[33.30607525296676,26.346934635886697],[33.54189485702735,26.125763797692926],[33.518941909925566,25.683422148521174],[33.99076184357087,25.241083453418412],[33.97977430663566,25.01991630775607],[34.21572311405832,24.798754285122726],[34.205034477014784,24.577591628601063],[34.44103625678319,24.35643083880927],[34.430620641470306,24.135271798451086],[34.66665503565688,23.9141143902395],[34.65648387624412,23.692958496896175],[34.8925295710517,23.471804001150808],[34.88257344053081,23.250650785740483],[35.35457515520346,22.80834772690669],[35.34483380265908,22.587197648988862],[35.580753596943396,22.36604838241614],[35.571151118323534,22.144899809953344],[35.80699571519271,21.923751814368966],[35.79749941423704,21.702604278434567],[36.26886929184111,21.260310116613503],[36.25942181380963,21.03916325627965],[36.494901220719676,20.818016386700148],[36.4760919955757,20.37572215091367],[36.71132968777636,20.154574550259117],[36.69251945216096,19.712294501245054],[36.92746061248045,19.49114464909089],[36.91803192095694,19.269994309111635],[37.15276962588673,19.048843512713006],[37.08799597539595,17.50077779638746],[36.83562300023497,17.27962447930898],[36.59220328133668,17.27962447930898],[35.836927957402416,16.616163611251277],[34.86425882074591,16.616163611251277],[34.62891658086581,16.837317355330573],[34.38566613961199,16.837317355330573],[33.67891581729638,17.50077779638746],[33.686740280769854,17.721930908312082],[33.45095469325291,17.943083783673178],[33.49085032236058,19.048843512713006],[33.2547464258546,19.269994309111635],[33.336609205700896,21.481457084924152],[33.09981385977894,21.702604278434567],[33.10824533101748,21.923751814368966],[32.372222498969705,21.923751814368966],[32.34801893362357,21.260310116613503],[32.58504031541767,21.03916325627965],[32.514338508086944,19.048843512713006],[32.26258708822822,18.827692291301407],[32.196412168327676,16.837317355330573],[31.946251410776355,16.616163611251277],[31.932700612875628,16.17385591596535],[30.43927379635754,14.846940153502823],[30.196728745561643,14.846940153502823],[29.70113259781185,14.404634671893497],[29.45872932988641,14.404634671893497],[29.211369637937615,14.183482126394617],[28.72670059044507,14.183482126394617],[28.47971312698155,13.962329699891958],[27.026110005086096,13.962329699891958],[26.779747520366303,13.741177383979892],[24.599936363285135,13.741177383979892],[24.354370757731296,13.520025170252786],[22.417277446126164,13.520025170252786],[22.4090892534893,12.85656905812568],[22.164583903796554,12.63541716908301],[21.92518727602615,12.85656905812568],[21.933004118224865,13.520025170252786],[15.637450855508135,13.520025170252786],[15.39628925560909,13.741177383979892],[13.700880577879277,13.741177383979892],[13.458220879952353,13.520025170252786],[13.216478098527926,13.741177383979892],[12.974276858852232,13.741177383979892],[11.27886818112242,13.741177383979892],[10.794465701771067,13.741177383979892],[7.888050825662825,13.741177383979892],[7.646940945136925,13.520025170252786],[7.162667617235658,13.520025170252786],[6.9217890985994295,13.298873050305072],[4.985201562485405,13.298873050305072],[4.744916650030752,13.077721015731196],[4.26089353772455,13.077721015731196],[4.020814109889993,12.85656905812568],[3.7768704254183803,13.077721015731196],[2.082789532346707,13.077721015731196],[1.8407779761936052,13.077721015731196],[1.6013042225742922,12.85656905812568],[1.3593532338427146,12.85656905812568],[1.1147433077343365,13.077721015731196],[-3.967499371480656,13.077721015731196],[-4.2055195069833875,12.85656905812568],[-4.451522483786823,13.077721015731196],[-5.419568708399195,13.077721015731196],[-5.666029886141798,13.298873050305072],[-6.87639709621307,13.298873050305072],[-7.123395555852278,13.520025170252786],[-8.091942211654848,13.520025170252786],[-8.339432232608084,13.741177383979892],[-9.066035951635145,13.741177383979892],[-9.313968042300937,13.962329699891958],[-9.55623522928351,13.962329699891958],[-9.804488685211263,14.183482126394617],[-10.28915773270379,14.183482126394617],[-10.537809877809186,14.404634671893497],[-10.780213145734608,14.404634671893497],[-11.029205374714836,14.625787344794317],[-11.271678812279356,14.625787344794317],[-11.52101999133159,14.846940153502823],[-11.76356504212749,14.846940153502823],[-11.999099124972952,14.625787344794317],[-12.24865514371927,14.846940153502823],[-12.26325297329719,15.289240576384804],[-12.513531013399467,15.51039432637916],[-12.521250798427447,15.731548153914504],[-13.777921228642965,16.837317355330573],[-13.786750056610709,17.05847098848661],[-14.039098249505424,17.27962447930898],[-14.048206396097603,17.50077779638746],[-14.300995617051369,17.721930908312082],[-14.310362328976685,17.943083783673178],[-14.563574646312132,18.1642363910614],[-14.702185364986844,21.260310116613503],[-16.662610544095614,21.260310116613503],[-16.651671763034557,21.03916325627965],[-16.395939627105207,20.818016386700148],[-16.38522648240349,20.596869390652536],[-16.129883832349613,20.37572215091367],[-16.119351323124704,20.154574550259117],[-15.864354034030042,19.93344383416906],[-15.812762083553759,18.827692291301407],[-15.558635995427272,18.606540676283817],[-15.518958457097595,17.721930908312082],[-15.752746475147392,17.50077779638746],[-15.733426897577663,17.05847098848661],[-15.967175199927278,16.837317355330573],[-15.723924758673474,16.837317355330573],[-15.471369001228632,16.616163611251277],[-15.705267882713754,16.395009787659305],[-15.948353073296756,16.395009787659305],[-16.182134375059015,16.17385591596535],[-16.172965676217196,15.952702027580155],[-16.874413361931076,15.289240576384804],[-16.865626461830544,15.068086935342036],[-16.614466058045295,14.846940153502823],[-16.60609443869903,14.625787344794317],[-16.35548830801946,14.404634671893497],[-16.34752082636046,14.183482126394617],[-16.097449277813176,13.962329699891958],[-15.855182090830587,13.962329699891958],[-15.605469422878658,13.741177383979892],[-15.840315458075404,13.520025170252786],[-15.598178794124776,13.520025170252786],[-15.348967566711972,13.298873050305072]],[[-12.49850023151602,15.068086935342036],[-12.24865514371927,14.846940153502823],[-12.48404600010201,14.625787344794317],[-12.733745245311047,14.846940153502823],[-12.983736479328746,15.068086935342036],[-12.99133092939727,15.289240576384804],[-13.241836757893063,15.51039432637916],[-13.492634223512033,15.731548153914504],[-13.500797053774745,15.952702027580155],[-13.752092203951198,16.17385591596535],[-13.995096421061989,16.17385591596535],[-14.246756739215664,16.395009787659305],[-14.489841929798684,16.395009787659305],[-14.74186714873626,16.616163611251277],[-14.507672552404406,16.837317355330573],[-14.264422111150585,16.837317355330573],[-14.01236529624387,16.616163611251277],[-13.76919801207974,16.616163611251277],[-13.517501167466639,16.395009787659305],[-13.266083769729642,16.17385591596535],[-13.01494821333065,15.952702027580155],[-13.006942510969735,15.731548153914504],[-12.756299594897337,15.51039432637916],[-12.505945625330542,15.289240576384804],[-12.49850023151602,15.068086935342036]],[[-14.325539381473517,11.308506803943262],[-14.567101848653925,11.308506803943262],[-14.814360016255003,11.529658458122544],[-14.578519952847055,11.750810130432273],[-14.336852636663307,11.750810130432273],[-14.100983298069382,11.971961829277797],[-13.865135887112315,12.193113563064486],[-13.871142260833738,12.414265340197765],[-13.635390980326191,12.63541716908301],[-14.844849591276288,12.63541716908301],[-15.093313999904046,12.85656905812568],[-14.858019398369875,13.077721015731196],[-14.616007842216787,13.077721015731196],[-14.864820682683467,13.298873050305072],[-14.62963213832221,13.520025170252786],[-14.878865703851597,13.741177383979892],[-14.63666446417592,13.741177383979892],[-14.401578968935118,13.962329699891958],[-14.15931178195253,13.962329699891958],[-13.91006074514886,13.741177383979892],[-13.661085482519626,13.520025170252786],[-13.89652691462645,13.298873050305072],[-14.131984729910586,13.077721015731196],[-13.647961617604404,13.077721015731196],[-13.399657078783056,12.85656905812568],[-12.431853123856767,12.85656905812568],[-12.184040647186093,12.63541716908301],[-11.942148924996063,12.63541716908301],[-11.70600015766207,12.85656905812568],[-11.464049168930492,12.85656905812568],[-11.469857612226557,13.077721015731196],[-11.71786593649817,13.298873050305072],[-11.723992170914494,13.520025170252786],[-11.972450827743371,13.741177383979892],[-11.978907099109312,13.962329699891958],[-12.227833922673929,14.183482126394617],[-11.992229485361749,14.404634671893497],[-11.743164875181401,14.183482126394617],[-11.494372725144155,13.962329699891958],[-11.488048348392008,13.741177383979892],[-11.239718843013199,13.520025170252786],[-11.233719052469644,13.298873050305072],[-10.985834499920374,13.077721015731196],[-10.980147191467358,12.85656905812568],[-11.216473758426003,12.63541716908301],[-10.969137392319753,12.414265340197765],[-10.722034602716294,12.193113563064486],[-10.480257580839686,12.193113563064486],[-10.24363617519125,12.414265340197765],[-9.518134958062747,12.414265340197765],[-9.281339980905864,12.63541716908301],[-9.039448258715838,12.63541716908301],[-8.792633740934265,12.414265340197765],[-8.54604140582675,12.193113563064486],[-8.541387571056722,11.971961829277797],[-8.29516973206979,11.750810130432273],[-8.290774100524528,11.529658458122544],[-8.044915234782957,11.308506803943262],[-8.032755770377454,10.645051866134349],[-7.795252269564417,10.866203516354522],[-7.312327593607973,10.866203516354522],[-7.067099767190372,10.645051866134349],[-6.342857764800042,10.645051866134349],[-6.105015903716877,10.866203516354522],[-5.863553565738647,10.866203516354522],[-5.867160909333043,11.08735515948903],[-5.629290562978893,11.308506803943262],[-5.633016875597308,11.529658458122544],[-5.395161937864904,11.750810130432273],[-5.15728582417943,11.971961829277797],[-4.919386077677517,12.193113563064486],[-4.923293916248953,12.414265340197765],[-4.685397259295515,12.63541716908301],[-4.4396264381632715,12.414265340197765],[-4.435832033924269,12.193113563064486],[-4.673842717482698,11.971961829277797],[-4.911827305497445,11.750810130432273],[-5.1497882892468905,11.529658458122544],[-5.146165628618066,11.308506803943262],[-5.384137267092127,11.08735515948903],[-5.380628889782189,10.866203516354522],[-5.13578776081618,10.645051866134349],[-4.891121099124602,10.423900200423159],[-4.64662437397938,10.202748510815603],[-4.40229322752503,9.98159488762308],[-4.161017529687024,9.98159488762308],[-3.9226622836407223,10.202748510815603],[-3.440020890081593,10.202748510815603],[-3.1959147383350235,9.98159488762308],[-2.954639040497014,9.98159488762308],[-2.9573794965224636,10.202748510815603],[-3.2015535503807317,10.423900200423159],[-3.207467847978192,10.866203516354522],[-2.9690190558876317,11.08735515948903],[-2.7305409568140337,11.308506803943262],[-0.3149162850099714,11.308506803943262],[-0.0708772024422526,11.08735515948903],[0.16820864935085744,11.308506803943262],[0.40734045378276207,11.529658458122544],[0.6489547469579389,11.529658458122544],[0.8928960508920643,11.308506803943262],[1.1321833333083582,11.529658458122544],[1.373797626483567,11.529658458122544],[1.6131902314635678,11.750810130432273],[1.854857547647283,11.750810130432273],[1.8526392229234663,11.971961829277797],[2.092147556744358,12.193113563064486],[2.3317182550360265,12.414265340197765],[2.087570962025003,12.63541716908301],[2.327157188768986,12.85656905812568],[2.571354406405053,12.63541716908301],[2.813246128595077,12.63541716908301],[3.0572194721645136,12.414265340197765],[3.3010326661274405,12.193113563064486],[3.299053211207351,12.414265340197765],[3.538921295165121,12.63541716908301],[3.782720689293029,12.414265340197765],[3.7845867098806876,12.193113563064486],[3.5446900963621193,11.971961829277797],[3.546528760933482,11.750810130432273],[3.789940558235595,11.529658458122544],[4.033208124237366,11.308506803943262],[4.034823756605406,11.08735515948903],[3.794939953390257,10.866203516354522],[3.799600013305139,10.202748510815603],[3.559804801129019,9.98159488762308],[3.5627470063562523,9.539292007668896],[3.3230180734815367,9.318140513486576],[3.080369189778663,9.539292007668896],[3.0772534054530034,9.98159488762308],[3.3169586197460106,10.202748510815603],[3.3120152774337974,10.866203516354522],[3.551800114364495,11.08735515948903],[3.550083189876542,11.308506803943262],[3.3067119718851767,11.529658458122544],[3.0631941285659874,11.750810130432273],[3.061246989665353,11.971961829277797],[2.8174786223742263,12.193113563064486],[2.575701600497604,12.193113563064486],[2.3360823296202327,11.971961829277797],[2.3381921800147776,11.750810130432273],[2.098640506009163,11.529658458122544],[1.8591459196136828,11.308506803943262],[1.617583452433303,11.308506803943262],[1.3781937242804503,11.08735515948903],[1.136681903159996,11.08735515948903],[1.1388542356298021,10.866203516354522],[1.382390260696635,10.645051866134349],[1.3863930455095623,10.202748510815603],[1.6295992184250174,9.98159488762308],[1.6314396060720462,9.760443466451711],[1.3920468317571633,9.539292007668896],[1.148976056107351,9.760443466451711],[1.1470478227490002,9.98159488762308],[0.9037516519504329,10.202748510815603],[0.8995622591030781,10.645051866134349],[0.6559295596733428,10.866203516354522],[0.653658260919082,11.08735515948903],[0.4121464397986596,11.08735515948903],[0.1730048837169189,10.866203516354522],[0.1753202567127765,10.645051866134349],[0.41894833978467894,10.423900200423159],[0.4232207292350072,9.98159488762308],[0.666512506142654,9.760443466451711],[0.6841730153207042,7.548927551075463],[0.9265245573744885,7.3277758378339115],[0.9279924134417818,7.106624111312118],[0.6886756446220179,6.885472373721985],[0.44643077559425315,7.106624111312118],[0.44489753684609923,7.3277758378339115],[0.2024789788212562,7.548927551075463],[0.18404895617799433,9.760443466451711],[-0.05933066644101004,9.98159488762308],[-0.06378524557072396,10.423900200423159],[-0.30750774488078036,10.645051866134349],[-0.30991979223954047,10.866203516354522],[-2.7245431720217663,10.866203516354522],[-2.7188199650253626,10.423900200423159],[-2.474738102963368,10.202748510815603],[-2.4720876448210287,9.98159488762308],[-2.7107323436101165,9.760443466451711],[-2.466975700863456,9.539292007668896],[-2.459761389246964,8.875837427770994],[-2.698499975833448,8.654685840661607],[-2.687685240175572,7.548927551075463],[-2.92649160685275,7.3277758378339115],[-2.9206628202173963,6.664320627275483],[-3.159500686132363,6.443168874184523],[-3.4020984206122993,6.664320627275483],[-3.408118627381169,7.3277758378339115],[-3.1693792766750217,7.548927551075463],[-3.1805551025989764,8.654685840661607],[-2.941894239581435,8.875837427770994],[-2.949353517441013,9.539292007668896],[-3.1905424257298094,9.539292007668896],[-3.434427668557124,9.760443466451711],[-3.9168912185218208,9.760443466451711],[-4.1552980588849575,9.539292007668896],[-4.3964869671737485,9.539292007668896],[-4.64058654346883,9.760443466451711],[-4.884844623201049,9.98159488762308],[-5.129265767538476,10.202748510815603],[-5.3738546844799675,10.423900200423159],[-6.097955062513071,10.423900200423159],[-6.335869251436266,10.202748510815603],[-7.059831341774958,10.202748510815603],[-7.304789025901526,10.423900200423159],[-7.787522611256909,10.423900200423159],[-7.766445020984277,9.096988986116632],[-7.522156317759082,8.875837427770994],[-7.516021799816249,8.433534227000356],[-7.754018905367412,8.212382588999198],[-7.751099422021978,7.991230928870034],[-7.9891326090442885,7.770079248824822],[-8.227166659919435,7.548927551075463],[-7.983575322401039,7.3277758378339115],[-7.980897886737816,7.106624111312118],[-8.219034496154316,6.885472373721985],[-8.216454424561187,6.664320627275483],[-7.973249284440842,6.443168874184523],[-7.730164010990665,6.222017116661056],[-7.487194704993472,6.00086535691704],[-7.725538792795929,5.7797135971643865],[-7.968452426077031,6.00086535691704],[-8.211479591957678,6.222017116661056],[-8.454624144271682,6.443168874184523],[-8.69789002495609,6.664320627275483],[-8.700532341601702,6.885472373721985],[-8.462459524585357,7.106624111312118],[-8.465202342929446,7.3277758378339115],[-8.94682936345785,7.3277758378339115],[-9.184801981356683,7.106624111312118],[-9.428456383986253,7.3277758378339115],[-9.67224876941785,7.548927551075463],[-9.678431985022579,7.991230928870034],[-9.92259282492675,8.212382588999198],[-10.163545482655556,8.212382588999198],[-10.40789757771926,8.433534227000356],[-10.401181696147807,7.991230928870034],[-10.63882761771727,7.770079248824822],[-10.876483860666527,7.548927551075463],[-10.873337445571485,7.3277758378339115],[-11.111048532746855,7.106624111312118],[-11.348770491562233,6.885472373721985],[-11.592610170594417,7.106624111312118],[-11.354964466099892,7.3277758378339115],[-11.358177897165989,7.548927551075463],[-11.120590346566905,7.770079248824822],[-10.883014836897958,7.991230928870034],[-10.889876874036426,8.433534227000356],[-10.652409567464913,8.654685840661607],[-10.65972008490857,9.096988986116632],[-10.904659394471652,9.318140513486576],[-10.908587490971032,9.539292007668896],[-11.153844467992021,9.760443466451711],[-11.39507624297437,9.760443466451711],[-11.640564162665092,9.98159488762308],[-11.881839860503083,9.98159488762308],[-12.118771567921394,9.760443466451711],[-12.360003342903726,9.760443466451711],[-12.35572094070375,9.539292007668896],[-12.59268892456779,9.318140513486576],[-12.838098757281328,9.539292007668896],[-12.842466892868407,9.760443466451711],[-12.60566695401709,9.98159488762308],[-12.368886670925205,10.202748510815603],[-12.127565974145659,10.202748510815603],[-11.890758086777703,10.423900200423159],[-11.649391294100019,10.423900200423159],[-11.403603883806985,10.202748510815603],[-11.162283187027418,10.202748510815603],[-10.916737069151084,9.98159488762308],[-10.671380918027344,9.760443466451711],[-10.426209674393457,9.539292007668896],[-10.422365243015614,9.318140513486576],[-10.177507574254522,9.096988986116632],[-10.170354440699368,8.654685840661607],[-9.92932687731661,8.654685840661607],[-9.684928633243503,8.433534227000356],[-9.44068750946911,8.212382588999198],[-9.196598844272435,7.991230928870034],[-9.190554732918384,7.548927551075463],[-8.95265806674355,7.770079248824822],[-8.47089533789392,7.770079248824822],[-8.232932562772122,7.991230928870034],[-8.235924220825039,8.212382588999198],[-7.998001096133416,8.433534227000356],[-8.00428916809357,8.875837427770994],[-8.248657531638324,9.096988986116632],[-8.270256196612292,10.423900200423159],[-8.515583771970993,10.645051866134349],[-8.528040169143766,11.308506803943262],[-8.77400268687495,11.529658458122544],[-8.778504364437287,11.750810130432273],[-9.024830677753469,11.971961829277797],[-9.02959544957998,12.193113563064486],[-9.271372471456603,12.193113563064486],[-9.50827378445022,11.971961829277797],[-10.233438444495354,11.971961829277797],[-10.470175577723465,11.750810130432273],[-10.711842893907198,11.750810130432273],[-10.958603104540492,11.971961829277797],[-11.205588646469524,12.193113563064486],[-11.452804870405414,12.414265340197765],[-11.694638609448253,12.414265340197765],[-11.930919712099376,12.193113563064486],[-12.172696733975998,12.193113563064486],[-12.420139826576742,12.414265340197765],[-13.387474782748077,12.414265340197765],[-13.381581843359085,12.193113563064486],[-13.617540191372631,11.971961829277797],[-13.853518004295827,11.750810130432273],[-14.089517136729393,11.529658458122544],[-14.325539381473517,11.308506803943262]],[[26.745697312481546,-11.691273844238676],[26.50733818097457,-11.912425535113675],[26.26239146622172,-11.691273844238676],[26.500824499758266,-11.47012217763668],[26.745697312481546,-11.691273844238676]],[[8.375089992327169,13.077721015731196],[8.616303192699228,13.298873050305072],[9.100450076727716,13.298873050305072],[9.34313621693954,13.077721015731196],[9.585147773092642,13.077721015731196],[9.826670402770468,13.298873050305072],[10.068743844784729,13.298873050305072],[10.310444248594006,13.520025170252786],[10.552580912544656,13.520025170252786],[10.794964170827512,13.298873050305072],[10.553193997705012,13.077721015731196],[10.31118244155191,13.077721015731196],[10.069588828179215,12.85656905812568],[9.827637839447638,12.85656905812568],[9.586214349915593,12.63541716908301],[9.344322627725568,12.63541716908301],[9.10178487325294,12.85656905812568],[8.617882895789819,12.85656905812568],[8.375089992327169,13.077721015731196]],[[12.24714772676334,12.85656905812568],[12.005196738031795,12.85656905812568],[11.763251778470485,13.077721015731196],[11.521240222317383,13.077721015731196],[11.279111054856003,13.298873050305072],[11.521127568347222,13.520025170252786],[11.763264232297871,13.520025170252786],[12.005331380898786,13.298873050305072],[12.247404822913015,13.298873050305072],[12.489674224149788,13.520025170252786],[12.731810888100439,13.520025170252786],[12.973625148955799,13.298873050305072],[12.731298003082856,13.077721015731196],[12.489286446929755,13.077721015731196],[12.24714772676334,12.85656905812568]],[[23.35044773222367,-10.585515585851255],[23.833250095280192,-10.585515585851255],[24.077105667990892,-10.806667239414935],[24.321116770560316,-11.02781888363017],[25.52860870089588,-11.02781888363017],[25.773031313699036,-11.248970526902289],[26.01458003108537,-11.248970526902289],[26.259224275705,-11.47012217763668],[26.020738543091806,-11.691273844238676],[25.779085619961926,-11.691273844238676],[25.53442360354525,-11.47012217763668],[24.326422483278975,-11.47012217763668],[24.082190291994507,-11.248970526902289],[23.838119998426077,-11.02781888363017],[23.35512322629187,-11.02781888363017],[23.115995422449082,-11.248970526902289],[22.632897987676348,-11.248970526902289],[22.389129682023423,-11.02781888363017],[22.62841038942231,-10.806667239414935],[23.11130881561185,-10.806667239414935],[23.35044773222367,-10.585515585851255]],[[26.995491424091558,-29.38353904749837],[27.234786137997332,-29.162414334933594],[27.473903721006984,-28.941283479943117],[27.712851123965986,-28.720146919406375],[27.96205243089384,-28.720146919406375],[28.200676560171914,-28.499005090315624],[28.449717848181542,-28.499005090315624],[28.709656351677367,-28.720146919406375],[28.95885765860522,-28.720146919406375],[29.219450394788936,-28.941283479943117],[29.480545404257192,-29.162414334933594],[29.504542071577546,-29.60465718087936],[29.26676995630155,-29.825768298448587],[29.279041070970365,-30.046857171905277],[29.041098341259882,-30.26795214603392],[28.802971761700363,-30.489041301764438],[28.55240017527459,-30.489041301764438],[28.31389848945473,-30.71012627045409],[27.81239011285937,-30.71012627045409],[27.550113829571416,-30.489041301764438],[27.288357954397657,-30.26795214603392],[27.02711599767033,-30.046857171905277],[26.76638151298064,-29.825768298448587],[26.75601260225863,-29.60465718087936],[26.995491424091558,-29.38353904749837]]],[[[10.56215321373373,0.9143751059679439],[9.841603270028479,0.9143751059679439],[9.841682640310218,0.4720716264664013],[9.601533233365949,0.25091988835332424],[9.601517194871901,-0.4125353247438759],[9.361306802062954,-0.6336870635035381],[9.361103087411498,-1.2971422891578035],[9.60121339528507,-1.5182940356422734],[9.601114888498817,-1.7394457851638963],[9.841234758528527,-1.9605975381650904],[9.841127137815278,-2.1817492950882293],[11.282551209102806,-3.5085101471680855],[11.522755462992665,-3.287508154016643],[11.76308236157666,-3.0663563708479686],[12.00341307609153,-3.287508154016643],[11.76308627354537,-3.5086599437616073],[11.522848441316667,-3.729692078922363],[12.003507454991611,-4.172115356878032],[12.00353330515068,-4.393267177351978],[12.244022336705449,-4.614419006614159],[12.244128252260195,-5.056722037484403],[12.484722107816673,-5.277873781829286],[12.484805048949713,-5.499025533396826],[12.72537078053588,-5.499025533396826],[12.96607623463681,-5.720177289975116],[12.725598137905129,-5.941329049352183],[12.966219328665861,-5.941329049352183],[13.206669365240137,-5.720177289975116],[13.44726249584343,-5.720177289975116],[13.446877997626459,-5.277873781829286],[13.206339025174037,-5.277873781829286],[12.965666748183478,-5.056722037484403],[13.206023817744528,-4.835570845106938],[13.446511112991322,-4.835570845106938],[13.446334262007289,-4.614419006614159],[13.205724059877822,-4.393267177351978],[13.20558066034883,-4.172115356878032],[12.96505006843423,-3.950963544749906],[12.964938301801455,-3.7298117405252365],[12.724568315201342,-3.7298117405252365],[12.484133088225972,-3.5086599437616073],[12.243784149999094,-3.5086599437616073],[11.282530068100696,-2.6240528224698796],[11.282560445382957,-2.4029010563756863],[11.042345042795516,-2.1817492950882293],[11.042420428510285,-1.7394457851638963],[10.802246007233983,-1.5182940356422734],[10.802283912603388,-1.2971422891578035],[10.562127883192483,-1.075990545268129],[10.56215321373373,0.9143751059679439]]],[[[34.33935600448335,0.4720716264664013],[34.099579349608206,0.6932842711832918],[34.09957920121046,0.6932233655238169],[34.33935600448335,0.4720716264664013]]],[[[10.56207495153308,1.3566785927858693],[10.561907258557648,2.0201338444727868],[10.081440248878714,2.0201338444727868],[10.081676381608284,1.3566785927858693],[10.56207495153308,1.3566785927858693]]],[[[33.27644115821246,11.971961829277797],[33.03471960486407,11.971961829277797],[32.79782933507462,12.193113563064486],[32.55127649816734,11.971961829277797],[32.5289581727987,10.866203516354522],[32.28338236268336,10.645051866134349],[32.279364973240234,10.423900200423159],[32.03412153651334,10.202748510815603],[31.78906144817519,9.98159488762308],[31.0652343546612,9.98159488762308],[30.827518052615552,10.202748510815603],[30.586197355835985,10.202748510815603],[30.348430631818694,10.423900200423159],[30.344876659056453,10.202748510815603],[30.100131563309198,9.98159488762308],[29.855557279005907,9.760443466451711],[29.61432550402356,9.760443466451711],[29.369960193256553,9.539292007668896],[26.7168822020799,9.539292007668896],[26.47313734337148,9.318140513486576],[26.234504385502312,9.539292007668896],[25.990843191915427,9.318140513486576],[25.75212656892476,9.539292007668896],[25.51338532932378,9.760443466451711],[25.51589330438717,9.98159488762308],[24.792066210873145,9.98159488762308],[24.789690004376737,9.760443466451711],[24.546182027480814,9.539292007668896],[24.54396073754733,9.318140513486576],[24.30068693750993,9.096988986116632],[24.29658712303705,8.654685840661607],[24.53761468641983,8.654685840661607],[24.776591053434014,8.433534227000356],[25.017580701592603,8.433534227000356],[25.256495203480117,8.212382588999198],[25.495387289738332,7.991230928870034],[25.734258410430122,7.770079248824822],[25.73226291329309,7.548927551075463],[25.971129624851663,7.3277758378339115],[26.209978400437954,7.106624111312118],[26.20806145333267,6.885472373721985],[26.446908803870866,6.664320627275483],[26.685740623380134,6.443168874184523],[26.926428053295567,6.443168874184523],[27.16521560911773,6.222017116661056],[27.403990073564458,6.00086535691704],[27.642752165401948,5.7797135971643865],[27.64092947636224,5.558561839615062],[27.39860334684799,5.337410086480983],[27.63741071683955,5.116258339974113],[27.876206134676522,4.895107175412382],[27.874523012457445,4.673955334359034],[28.113328989664076,4.45280350265541],[28.59421820122038,4.45280350265541],[28.83639911900898,4.673955334359034],[29.076868145646877,4.673955334359034],[29.31917079825684,4.895107175412382],[29.55966490885357,4.895107175412382],[29.798275225560523,4.673955334359034],[30.036885835889272,4.45280350265541],[30.277330441667424,4.45280350265541],[30.515923339738556,4.2316516798590875],[30.754528888929237,4.010499865527709],[30.993153222499238,3.789348059218856],[31.23180266459054,3.5681962604901662],[31.228573722520743,3.1258926840036505],[31.46737520961092,2.904740905361076],[31.464610836688934,2.4624373650653046],[31.223120114339302,2.2412856025273316],[31.221988674751238,2.0201338444727868],[30.98073702414277,1.7989820904592966],[30.97982207375908,1.5778303400444442],[30.738814888373874,1.3566785927858693],[30.73812659626831,1.1355268482411554],[30.497368322911733,0.9143751059679439],[30.256738772689445,0.6932233655238169],[30.256410443787843,0.4720716264664013],[30.01603315937426,0.25091988835332424],[30.01595287858764,0.029768150742167817],[30.25616936346708,-0.19138358680942688],[30.25663862999584,-0.6336870635035381],[30.49723509889761,-0.8548388035308316],[30.497772020864026,-1.075990545268129],[30.258225052693767,-1.2971422891578035],[30.018767798416548,-1.5182940356422734],[29.538354753636973,-1.5182940356422734],[29.539174858657752,-1.7394457851638963],[29.29986142990692,-1.9605975381650904],[29.301941059252968,-2.4029010563756863],[29.543383890388682,-2.6240528224698796],[29.304359001146786,-2.8452045938131674],[29.545995695103187,-3.0663563708479686],[29.30708714765011,-3.287508154016643],[29.310097390608675,-3.7298117405252365],[29.552091415623444,-3.950963544749906],[29.553776253206934,-4.172115356878032],[29.792483319205907,-3.950963544749906],[30.03120735040902,-3.7298117405252365],[30.271577337009134,-3.7298117405252365],[30.268402373847834,-3.287508154016643],[30.50723425367218,-3.0663563708479686],[30.504481459982784,-2.6240528224698796],[30.74349150836258,-2.4029010563756863],[30.50207510347535,-2.1817492950882293],[30.74124118334236,-1.9605975381650904],[30.739387365585884,-1.5182940356422734],[30.9788154652897,-1.2971422891578035],[31.218337471623258,-1.075990545268129],[31.45796153387854,-0.8548388035308316],[31.698143142623742,-0.8548388035308316],[31.697377015128616,-0.4125353247438759],[31.937360353304413,-0.19138358680942688],[31.93730913795107,0.029768150742167817],[32.4179698582737,0.4720716264664013],[32.8983163948261,0.4720716264664013],[33.138869094080206,0.6932233655238169],[33.37904662086277,0.6932233655238169],[33.619751412301085,0.9143751059679439],[33.85993472686947,0.9143751059679439],[34.099579349608206,0.6932842711832918],[34.10011804143789,0.9143751059679439],[34.3409853467977,1.1355268482411554],[34.58200344777214,1.3566785927858693],[34.58296264126878,1.5778303400444442],[34.824269725483184,1.7989820904592966],[34.82549124734314,2.0201338444727868],[34.58658449951648,2.2412856025273316],[34.59122672577245,2.904740905361076],[34.35266484772131,3.1258926840036505],[34.356411378971465,3.5681962604901662],[34.11803866713196,3.789348059218856],[34.36049807948225,4.010499865527709],[34.12223678265272,4.2316516798590875],[34.12444413411775,4.45280350265541],[34.36718673168036,4.673955334359034],[34.61004123138477,4.895107175412382],[35.331523563174926,4.895107175412382],[35.5745644338103,5.116258339974113],[35.815084243415484,5.116258339974113],[36.05300589496512,4.895107175412382],[36.29612386262581,5.116258339974113],[36.05826347047115,5.337410086480983],[36.060986011204044,5.558561839615062],[35.82317320335248,5.7797135971643865],[35.58537133198494,6.00086535691704],[35.347580485556946,6.222017116661056],[35.106922695073436,6.222017116661056],[35.10980067041993,6.443168874184523],[34.87203181078144,6.664320627275483],[34.8780878816938,7.106624111312118],[34.64041599436301,7.3277758378339115],[34.40275557028351,7.548927551075463],[34.161908552033765,7.548927551075463],[33.92422480087388,7.770079248824822],[33.683343436449086,7.770079248824822],[33.44563411211579,7.991230928870034],[33.20471754174071,7.991230928870034],[33.207932908530985,8.212382588999198],[33.4488855662598,8.212382588999198],[33.69320803530165,8.433534227000356],[33.93419768346021,8.433534227000356],[34.1787172217307,8.654685840661607],[34.42340166134136,8.875837427770994],[34.66825591657197,9.096988986116632],[34.67213791812417,9.318140513486576],[34.434927267321115,9.539292007668896],[34.44309412439322,9.98159488762308],[34.206007807529346,10.202748510815603],[33.96054272871721,9.98159488762308],[33.723366413970254,10.202748510815603],[33.486198936628696,10.423900200423159],[33.24903836587044,10.645051866134349],[33.27644115821246,11.971961829277797]],[[29.784941972289616,-2.8452045938131674],[29.543383890388682,-2.6240528224698796],[29.782457875622846,-2.4029010563756863],[30.02271628380779,-2.4029010563756863],[30.26420706758428,-2.6240528224698796],[30.025233457861034,-2.8452045938131674],[29.784941972289616,-2.8452045938131674]]],[[[24.063857913538556,9.539340797031663],[24.063804210903225,9.539292007668896],[24.061666586091278,9.318140513486576],[24.063857913538556,9.539340797031663]]],[[[7.096496076219605,22.587197648988862],[7.10025679853669,22.144899809953344],[7.347446209344923,21.923751814368966],[7.592787153360827,21.923751814368966],[7.836573030944959,22.144899809953344],[8.082011775081059,22.144899809953344],[8.570322392381673,22.587197648988862],[8.569014707910961,22.80834772690669],[8.321847361046665,23.029498733409092],[7.584321853529184,23.029498733409092],[7.096496076219605,22.587197648988862]]],[[[8.06630573443125,24.35643083880927],[8.312798543051368,24.35643083880927],[9.055911859879703,23.692958496896175],[9.302071206190906,23.692958496896175],[9.547258174504197,23.9141143902395],[9.545262586151928,24.35643083880927],[8.553175960338379,25.241083453418412],[8.306209107103104,25.241083453418412],[7.80828424431504,25.683422148521174],[7.3138485199763945,25.683422148521174],[7.0690251909137025,25.462252212883158],[7.071374840926768,25.241083453418412],[8.06630573443125,24.35643083880927]]],[[[32.29357851615809,25.904592822680097],[32.350196244092494,27.010441952916732],[32.113949775824516,27.23160786728881],[32.125931144327794,27.452771456690883],[31.88964663631556,27.673932283596137],[31.901878221876807,27.895089910532402],[31.429087301277697,28.3373938149345],[31.520827597324157,29.885292409626825],[31.28446664324052,30.10637885705198],[31.034205186442115,30.10637885705198],[30.770570429813084,29.885292409626825],[30.65879372089355,27.895089910532402],[31.132660333502102,27.452771456690883],[31.121262713351456,27.23160786728881],[31.35808320629711,27.010441952916732],[31.346923626899297,26.789274151147477],[31.583703669875696,26.56810489959117],[31.531051055313235,25.462252212883158],[31.768060164453473,25.241083453418412],[31.758170167274606,25.01991630775607],[31.99519543312305,24.798754285122726],[31.9761081705821,24.35643083880927],[32.2132031814914,24.135271798451086],[32.18595902204018,23.471804001150808],[32.423112801979556,23.250650785740483],[32.388764312388375,22.36604838241614],[33.125377224208755,22.36604838241614],[33.17952779837693,23.692958496896175],[32.94277485891112,23.9141143902395],[32.971994633624675,24.577591628601063],[32.73537132676813,24.798754285122726],[32.75592757739454,25.241083453418412],[32.51941573670311,25.462252212883158],[32.53007046124824,25.683422148521174],[32.29357851615809,25.904592822680097]]],[[[35.322435711097576,30.548559972391],[35.35740896261997,30.99093035329294],[35.3571605362138,30.99072609577111],[35.322435711097576,30.548559972391]]],[[[33.0824475700757,30.769644092548454],[33.834858884400084,30.769644092548454],[33.85122340547849,30.99072609577111],[33.34924436190008,30.99072609577111],[33.0824475700757,30.769644092548454]]],[[[32.07923248430985,30.769644092548454],[32.33003625575132,30.769644092548454],[32.094296752953994,30.99072609577111],[31.843307231164772,30.99072609577111],[32.07923248430985,30.769644092548454]]],[[[31.34132818758632,30.99072609577111],[31.843307231164772,30.99072609577111],[31.607205229896437,31.21180761288858],[31.104849761382496,31.21180761288858],[31.34132818758632,30.99072609577111]]],[[[35.233557699408124,32.538377844486526],[35.233960502637245,32.537996064859406],[35.25299291372111,32.759786346419],[35.25264262174914,32.75950163424745],[35.233557699408124,32.538377844486526]]],[[[35.52471490754496,32.98063799335977],[35.271944778084,32.98063799335977],[35.25299291372111,32.759786346419],[35.52471490754496,32.98063799335977]]],[[[24.5014414879116,34.97170099768483],[25.77513376921668,34.97170099768483],[25.53282744537858,35.193074544803046],[24.257986158802296,35.193074544803046],[24.5014414879116,34.97170099768483]]],[[[32.41697039289051,35.193074544803046],[32.398333632003094,34.97170099768483],[32.634385262842265,34.75037779501436],[33.143406951758024,34.75037779501436],[33.41728745704715,34.97170099768483],[33.672025913308175,34.97170099768483],[33.94677993678202,35.193074544803046],[33.96698879243971,35.41445959819942],[34.24283123779508,35.63587815332727],[33.98739665521329,35.63587815332727],[33.711788514903134,35.41445959819942],[32.94618768229329,35.41445959819942],[32.671938650205774,35.193074544803046],[32.41697039289051,35.193074544803046]]],[[[23.50377741343896,35.41445959819942],[23.493081386856538,35.193074544803046],[24.003017901487066,35.193074544803046],[23.75897769097557,35.41445959819942],[23.50377741343896,35.41445959819942]]],[[[27.88698373548278,36.078825001245065],[27.631073443252998,36.078825001245065],[27.61622800879696,35.857332517373514],[27.88698373548278,36.078825001245065]]],[[[14.593341130155205,37.18694039097415],[14.847435383469183,36.96522249702237],[14.853568486942208,37.4087103620642],[15.114342982268175,37.630534754142545],[15.121210402445023,38.07435620546422],[14.863029704719112,38.07435620546422],[14.601922921057282,37.852415916768145],[13.828171694350846,37.852415916768145],[13.57212621608959,38.07435620546422],[13.055764820637801,38.07435620546422],[12.796503392075586,37.852415916768145],[13.054420467644409,37.852415916768145],[13.310747839545716,37.630534754142545],[13.568404288506041,37.630534754142545],[13.823973489010616,37.4087103620642],[14.081372238493524,37.4087103620642],[14.336197220610527,37.18694039097415],[14.593341130155205,37.18694039097415]]],[[[8.364362152960744,40.743091852588734],[8.368292453167468,40.520259241591],[8.633174134627694,40.29751344559711],[8.650442894301626,39.18502743338126],[8.909989091471608,39.18502743338126],[9.166732652944102,39.40737231113534],[9.426561931612198,39.40737231113534],[9.410774416936771,40.743091852588734],[9.146120425475667,40.966013246325545],[8.884209199362008,40.966013246325545],[8.625965218954725,40.743091852588734],[8.364362152960744,40.743091852588734]]],[[[19.680324108283898,42.305517226337244],[19.67045796940649,42.082021372425565],[19.39750776436964,41.858626274831494],[19.38815211442732,41.63532991709402],[19.64142849373383,41.41213029135836],[19.595060647865257,40.29751344559711],[19.846806367596294,40.074852504327374],[19.8376693632014,39.852291890048875],[20.10750618277731,40.074852504327374],[20.378052541667962,40.29751344559711],[20.649317361766307,40.520259241591],[20.659706254679104,40.743091852588734],[20.408303148362705,40.966013246325545],[20.418616738157056,41.18902539817913],[20.16650405618949,41.41213029135836],[20.19746242984987,42.082021372425565],[19.94415412216317,42.305517226337244],[19.680324108283898,42.305517226337244]]],[[[8.859687429071371,42.52911586183285],[8.866866530317445,42.082021372425565],[9.13358321809733,41.858626274831494],[9.396760770565857,41.858626274831494],[9.385038200718917,42.75281931318531],[9.123848264928975,42.52911586183285],[8.859687429071371,42.52911586183285]]],[[[25.663073122448075,41.18902539817913],[25.908438896749374,40.966013246325545],[25.925295941662597,41.18902539817913],[26.204873024429382,41.41213029135836],[26.44974158009171,41.18902539817913],[26.414973706547265,40.743091852588734],[27.46138597052329,40.743091852588734],[28.023078495379025,41.18902539817913],[28.547524133808103,41.18902539817913],[27.819189443362283,41.858626274831494],[26.766479233488212,41.858626274831494],[26.521515955170297,42.082021372425565],[26.803734483024073,42.305517226337244],[27.859054538541123,42.305517226337244],[27.879267610818204,42.52911586183285],[27.635167517596045,42.75281931318531],[27.92023391426188,42.97662962387765],[27.982969555723066,43.64872228931766],[28.270412598336293,43.87298066366087],[28.292155361736505,44.09735626020403],[28.580959707590473,44.321851182101874],[28.603359102584847,44.54646754321361],[28.89352519949704,44.771207468327056],[29.161145889584326,44.771207468327056],[29.184551460499087,44.99607309338572],[28.648591010137615,44.99607309338572],[28.403075014119587,45.22108153947509],[28.694386043688986,45.44620717419558],[28.448435430985704,45.67146763267748],[28.15697407624552,45.44620717419558],[27.910290595979312,45.67146763267748],[27.932466787611403,45.89686644376137],[27.684991898766327,46.122407157237234],[27.72943626926208,46.57392859898241],[27.480985381340666,46.79991653717813],[27.525792759265805,47.25236504813613],[27.276395575451428,47.47883297366776],[27.026425732115374,47.705468289759665],[26.775880703790712,47.932274736845166],[26.502979721166078,47.932274736845166],[26.20891829952012,47.705468289759665],[25.391410866924836,47.705468289759665],[25.099532716855826,47.47883297366776],[24.2832091448825,47.47883297366776],[24.02889847926607,47.705468289759665],[23.21139104667082,47.705468289759665],[22.922669858260264,47.47883297366776],[22.650562000935807,47.47883297366776],[22.39388361407557,47.705468289759665],[22.37845414361139,47.47883297366776],[22.091453461814595,47.25236504813613],[21.80536712898111,47.02606079890111],[21.79112468371699,46.79991653717813],[21.506438488736315,46.57392859898241],[21.222623205401266,46.3480933444613],[20.93966451640397,46.122407157237234],[20.40003832581496,46.122407157237234],[20.65754875779778,45.89686644376137],[20.914407740896443,45.67146763267748],[21.170618499480618,45.44620717419558],[21.426183777136586,45.22108153947509],[21.694525747789786,45.22108153947509],[21.94908538061893,44.99607309338572],[22.217065605799682,44.99607309338572],[22.470628637402278,44.771207468327056],[22.723564499563068,44.54646754321361],[22.975883181644484,44.321851182101874],[23.509699993639355,44.321851182101874],[23.76070656132989,44.09735626020403],[25.62659724385027,44.09735626020403],[25.911875647616192,44.321851182101874],[26.445692459611028,44.321851182101874],[26.732515365259726,44.54646754321361],[27.267042147352626,44.54646754321361],[27.51332608360073,44.321851182101874],[27.780234489598165,44.321851182101874],[28.025599549947877,44.09735626020403],[27.738001229921267,43.87298066366087],[27.471795545713753,43.87298066366087],[27.22593211458202,44.09735626020403],[26.69282049100476,44.09735626020403],[26.406972808883744,43.87298066366087],[25.874561440468757,43.87298066366087],[25.59024667362845,43.64872228931766],[23.729239987554834,43.64872228931766],[23.478710282601227,43.87298066366087],[22.946298914186205,43.87298066366087],[22.6944833141754,44.09735626020403],[22.66580759551279,43.64872228931766],[22.917142569040486,43.42457904450276],[22.888438825690116,42.97662962387765],[22.609769589760308,42.75281931318531],[22.596050893666302,42.52911586183285],[22.31862424707655,42.305517226337244],[22.58245426095582,42.305517226337244],[22.832484732066717,42.082021372425565],[23.081993498928924,41.858626274831494],[24.66105881374002,41.858626274831494],[24.908129110688996,41.63532991709402],[24.62964633706244,41.41213029135836],[23.05441964969554,41.41213029135836],[22.778622111088005,41.18902539817913],[22.516399291873448,41.18902539817913],[22.24168173115825,40.966013246325545],[21.717859278930966,40.966013246325545],[21.444515452661115,40.743091852588734],[21.1829123866671,40.743091852588734],[21.171914166387516,40.520259241591],[20.9000471375364,40.29751344559711],[20.628905813139337,40.074852504327374],[20.358481396255403,39.852291890048875],[20.08876148127228,39.62979299247044],[19.8376693632014,39.852291890048875],[20.589567964120498,39.18502743338126],[20.849114161290444,39.18502743338126],[21.098564877312423,38.962755954624214],[20.829600126372377,38.74055547808651],[21.07873417722636,38.518423614527386],[21.596168590479767,38.518423614527386],[21.844335882543376,38.29635798197553],[21.575727845592635,38.07435620546422],[21.317547147866723,38.07435620546422],[21.813410655237394,37.630534754142545],[21.78351566711261,36.96522249702237],[22.050514506951657,37.18694039097415],[22.29729939182692,36.96522249702237],[22.564802326041086,37.18694039097415],[23.056980060794523,36.743554341814004],[23.067974978898427,36.96522249702237],[22.8219462355858,37.18694039097415],[22.832929720912105,37.4087103620642],[23.10169290003917,37.630534754142545],[22.855269339259426,37.852415916768145],[22.597352263690603,37.852415916768145],[22.102783267241833,38.29635798197553],[22.372320210359838,38.518423614527386],[22.63103741698654,38.518423614527386],[22.878125421337295,38.29635798197553],[23.39502019073424,38.29635798197553],[23.886937641534686,37.852415916768145],[23.911914960131217,38.29635798197553],[24.18334065674672,38.518423614527386],[24.196473175505442,38.74055547808651],[23.95049682199916,38.962755954624214],[23.691230281573084,38.962755954624214],[23.431963741147012,38.962755954624214],[23.160512237310666,38.74055547808651],[22.901522002761965,38.74055547808651],[22.65416411986883,38.962755954624214],[22.92548373865027,39.18502743338126],[22.93768442235282,39.40737231113534],[22.689920079394838,39.62979299247044],[22.70213554499834,39.852291890048875],[22.45380451940636,40.074852504327374],[22.478406177940585,40.520259241591],[22.752530782631155,40.743091852588734],[23.01413384862517,40.743091852588734],[23.51002011687868,40.29751344559711],[23.771017414812917,40.29751344559711],[23.784898189493656,40.520259241591],[23.537339980613165,40.743091852588734],[23.813149087840173,40.966013246325545],[24.598882766181113,40.966013246325545],[24.8764046648044,41.18902539817913],[25.40085030323352,41.18902539817913],[25.663073122448075,41.18902539817913]],[[26.485265395335205,41.63532991709402],[26.204873024429382,41.41213029135836],[25.679797461973756,41.41213029135836],[25.433841205571078,41.63532991709402],[25.713769023614134,41.858626274831494],[26.240124128551155,41.858626274831494],[26.485265395335205,41.63532991709402]]],[[[19.39750776436964,41.858626274831494],[19.143453508963137,42.082021372425565],[19.15266408052539,42.305517226337244],[19.426120863375182,42.52911586183285],[19.700328684171186,42.75281931318531],[19.710462980276354,42.97662962387765],[19.44563165982524,42.97662962387765],[19.19034079144904,43.20054884680897],[18.91596901892293,42.97662962387765],[18.64235017304788,42.75281931318531],[18.386306378020663,42.97662962387765],[18.897799191659974,42.52911586183285],[18.88883406664612,42.305517226337244],[19.39750776436964,41.858626274831494]]],[[[18.659999103811153,43.20054884680897],[18.934445664745986,43.42457904450276],[18.95321365107364,43.87298066366087],[19.229257760923304,44.09735626020403],[19.23916549768051,44.321851182101874],[18.981877024912862,44.54646754321361],[19.001302903630698,44.99607309338572],[18.733322678449944,44.99607309338572],[18.45631828609309,44.771207468327056],[18.188697596005802,44.771207468327056],[17.929382002907715,44.99607309338572],[17.125441327365486,44.99607309338572],[16.864370276032346,45.22108153947509],[16.596028305379146,45.22108153947509],[16.32150065182322,44.99607309338572],[16.053520426642468,44.99607309338572],[16.047732075307522,44.771207468327056],[16.309243114448424,44.54646754321361],[16.570081437706232,44.321851182101874],[16.563699643037065,44.09735626020403],[16.82356817741362,43.87298066366087],[17.082787537292024,43.64872228931766],[16.810340649122267,43.42457904450276],[17.068974040897558,43.20054884680897],[17.864486572354352,43.20054884680897],[18.12147505756951,42.97662962387765],[18.386306378020663,42.97662962387765],[18.659999103811153,43.20054884680897]]],[[[14.725742138323088,45.67146763267748],[14.99927917905383,45.89686644376137],[15.27358951521955,46.122407157237234],[15.548683217091273,46.3480933444613],[15.824570949995415,46.57392859898241],[15.83031823858745,46.79991653717813],[15.559372491081554,46.79991653717813],[15.283440708210549,46.57392859898241],[14.47174534553329,46.57392859898241],[14.197745124636507,46.3480933444613],[13.657369887654585,46.3480933444613],[13.654710943452569,46.122407157237234],[13.92151354500737,45.89686644376137],[13.918524885813536,45.67146763267748],[13.646850955272281,45.44620717419558],[13.915556938994015,45.44620717419558],[14.180950569500427,45.22108153947509],[13.909678625196502,44.99607309338572],[13.641698400015748,44.99607309338572],[13.906766554609284,44.771207468327056],[14.449292540153627,45.22108153947509],[15.50244781371653,44.321851182101874],[15.230920584093948,44.09735626020403],[15.492539756376097,43.87298066366087],[16.024951124791084,43.87298066366087],[16.544827522169292,43.42457904450276],[16.810340649122267,43.42457904450276],[16.551071341270983,43.64872228931766],[16.291156808998593,43.87298066366087],[16.030588019459802,44.09735626020403],[16.036264625711365,44.321851182101874],[15.774716332355558,44.54646754321361],[15.512490695132982,44.771207468327056],[15.517559976280996,44.99607309338572],[15.791002393419586,45.22108153947509],[16.065204808767813,45.44620717419558],[16.333910792489547,45.44620717419558],[16.60924906084542,45.67146763267748],[16.878321478348617,45.67146763267748],[17.14002874365475,45.44620717419558],[17.946146694819916,45.44620717419558],[18.206080129298304,45.22108153947509],[18.474422099951504,45.22108153947509],[18.752264645985083,45.44620717419558],[19.020970629706817,45.44620717419558],[18.76182840087091,45.67146763267748],[18.77145889821645,45.89686644376137],[18.492755983367754,45.67146763267748],[17.685538730858166,45.67146763267748],[17.42425185565837,45.89686644376137],[17.15481044714678,45.89686644376137],[16.892468086986533,46.122407157237234],[16.62265499169203,46.122407157237234],[16.35924607256412,46.3480933444613],[16.089058454073157,46.3480933444613],[15.813215705808556,46.122407157237234],[15.538161996077076,45.89686644376137],[15.263886973329479,45.67146763267748],[14.990380873880914,45.44620717419558],[14.725742138323088,45.67146763267748]]],[[[33.26238776695832,45.44620717419558],[33.501572456530226,45.22108153947509],[33.41410014142082,44.54646754321361],[33.681363532467266,44.54646754321361],[33.978318311155384,44.771207468327056],[34.245939001242675,44.771207468327056],[34.54415596411404,44.99607309338572],[34.81213618929479,44.99607309338572],[35.11162428044935,45.22108153947509],[35.379966251102545,45.22108153947509],[35.68074162045385,45.44620717419558],[36.486859571619014,45.44620717419558],[36.520607956081314,45.67146763267748],[35.71339070357177,45.67146763267748],[35.41203563673212,45.44620717419558],[35.14332965301038,45.44620717419558],[34.66850200040181,45.89686644376137],[33.860177774866976,45.89686644376137],[33.56081136354628,45.67146763267748],[33.291738946043075,45.67146763267748],[32.99368178323659,45.44620717419558],[33.26238776695832,45.44620717419558]]],[[[15.293455634106843,47.02606079890111],[15.570246304873146,47.25236504813613],[16.113680234618244,47.25236504813613],[16.37877421658588,47.02606079890111],[16.372209733599206,46.79991653717813],[16.636266312672674,46.57392859898241],[16.90683143356511,46.57392859898241],[17.169808928037,46.3480933444613],[17.439996546527926,46.3480933444613],[17.701907372870004,46.122407157237234],[18.511346658753514,46.122407157237234],[18.77145889821645,45.89686644376137],[19.050972849342482,46.122407157237234],[19.3103417152397,45.89686644376137],[19.299973235877303,45.67146763267748],[19.020970629706817,45.44620717419558],[19.279448011911068,45.22108153947509],[19.53726335399221,44.99607309338572],[19.516403807005766,44.54646754321361],[19.772982309675342,44.321851182101874],[19.76236938450053,44.09735626020403],[19.485625019488662,43.87298066366087],[19.465471918651936,43.42457904450276],[19.73098504560487,43.42457904450276],[19.98585332290584,43.20054884680897],[20.24012562117866,42.97662962387765],[20.218603370947953,42.52911586183285],[20.471814149921716,42.305517226337244],[20.724466890293254,42.082021372425565],[20.691579618645147,41.41213029135836],[20.943062376586134,41.18902539817913],[20.932125600589988,40.966013246325545],[21.20528519580069,41.18902539817913],[21.46750801501525,41.18902539817913],[21.74173074355643,41.41213029135836],[22.26680630601205,41.41213029135836],[22.5424246837197,41.63532991709402],[22.805280731160742,41.63532991709402],[22.55563839399187,41.858626274831494],[22.29246084152334,41.858626274831494],[22.041978041401677,42.082021372425565],[22.31862424707655,42.305517226337244],[22.067729221951133,42.52911586183285],[22.08078033419867,42.75281931318531],[22.358776184787807,42.97662962387765],[22.386116315134537,43.42457904450276],[22.13409139949178,43.64872228931766],[22.161371690598173,44.09735626020403],[22.442066369649616,44.321851182101874],[22.1890377174702,44.54646754321361],[21.92177432642375,44.54646754321361],[21.66776656714045,44.771207468327056],[21.400145877053163,44.771207468327056],[21.145144705076664,44.99607309338572],[20.889499835830225,45.22108153947509],[20.633206532037185,45.44620717419558],[20.37626290589005,45.67146763267748],[20.118665940774534,45.89686644376137],[20.40003832581496,46.122407157237234],[20.14187273143746,46.3480933444613],[20.424178005166624,46.57392859898241],[20.965308246951487,46.57392859898241],[21.249233188705198,46.79991653717813],[21.262707837741573,47.02606079890111],[21.548019532069457,47.25236504813613],[21.83423842896248,47.47883297366776],[21.848878659012044,47.705468289759665],[22.13656399917212,47.932274736845166],[22.151900961901024,48.15925608223023],[22.441108506156667,48.386416120808526],[22.18306206367882,48.61375867578964],[22.214915291898684,49.069006773840144],[21.93995782032669,49.069006773840144],[21.680352362404157,49.29692011164956],[20.028055919580027,49.29692011164956],[19.765195673438072,49.52503155689504],[19.213569526501658,49.52503155689504],[18.926524957697282,49.29692011164956],[18.37575947675593,49.29692011164956],[18.11031723262886,49.52503155689504],[17.844130235326528,49.75334508576745],[17.577186639846904,49.9818647074368],[16.747117663063275,49.9818647074368],[16.478064457875316,50.210594129593666],[15.646655716698946,50.210594129593666],[15.375443370482294,50.439538644199196],[15.097854901537577,50.439538644199196],[14.82534816958777,50.66870082740324],[14.551982328768275,50.89808448025056],[14.273472594031027,50.89808448025056],[13.991209263993515,50.66870082740324],[13.71316296212875,50.66870082740324],[13.43232408786935,50.439538644199196],[12.877147149979915,50.439538644199196],[12.59815699905219,50.210594129593666],[12.321020751993386,50.210594129593666],[12.320083120217157,49.9818647074368],[12.595405856869768,49.75334508576745],[12.871654508367499,49.75334508576745],[13.145681910201262,49.52503155689504],[13.418870148283565,49.29692011164956],[13.691233673167064,49.069006773840144],[13.4137120602647,48.841287599440456],[13.685298079414554,48.61375867578964],[13.408668957762421,48.386416120808526],[13.132884393100895,48.15925608223023],[13.13083157255954,47.932274736845166],[12.856296900464166,47.705468289759665],[12.582571279931273,47.47883297366776],[12.0383555652824,47.47883297366776],[11.766208796657306,47.25236504813613],[12.037499886669728,47.02606079890111],[12.30802352101087,46.79991653717813],[13.12086076352856,46.79991653717813],[13.389484861963595,46.57392859898241],[13.662752258540316,46.79991653717813],[14.204643753552109,46.79991653717813],[14.479466697247574,47.02606079890111],[15.293455634106843,47.02606079890111]],[[21.816285706417837,42.75281931318531],[22.067729221951133,42.52911586183285],[21.79096421931804,42.305517226337244],[21.2633041915595,42.305517226337244],[21.011085878520724,42.52911586183285],[21.287296450856168,42.75281931318531],[21.816285706417837,42.75281931318531]],[[17.824993995814538,49.29692011164956],[18.09055321831887,49.069006773840144],[17.80630548686024,48.841287599440456],[17.522997943275826,48.61375867578964],[17.24887652442862,48.61375867578964],[17.23243737891914,48.15925608223023],[18.87225857324641,48.15925608223023],[19.156585034013283,48.386416120808526],[19.43029532335857,48.386416120808526],[19.71596929405372,48.61375867578964],[19.990090712900926,48.61375867578964],[20.277139289320246,48.841287599440456],[21.37528764596913,48.841287599440456],[21.634819225984337,48.61375867578964],[21.346267348775513,48.386416120808526],[20.251426191394398,48.386416120808526],[19.965472702797932,48.15925608223023],[19.692169170410082,48.15925608223023],[19.40755417292588,47.932274736845166],[19.13465319030125,47.932274736845166],[18.851351406162742,47.705468289759665],[17.216336540972243,47.705468289759665],[16.93629699712244,47.47883297366776],[16.65711416436338,47.25236504813613],[16.39208128247353,47.47883297366776],[16.671331585908717,47.705468289759665],[16.95144532930427,47.932274736845166],[16.68583031414336,48.15925608223023],[16.700633686734136,48.61375867578964],[16.152390849039655,48.61375867578964],[15.8845458627247,48.841287599440456],[14.786397506075778,48.841287599440456],[14.516106087883049,49.069006773840144],[14.795783850636965,49.29692011164956],[15.897314812519747,49.29692011164956],[16.165850917314945,49.069006773840144],[16.715765860458934,49.069006773840144],[16.982694219373585,48.841287599440456],[17.265680803602923,49.069006773840144],[17.54063827517488,49.069006773840144],[17.824993995814538,49.29692011164956]]],[[[6.6109069742745,47.02606079890111],[6.347217075881331,46.79991653717813],[6.084226597868098,46.57392859898241],[6.35479171876053,46.57392859898241],[6.632491806889825,46.3480933444613],[6.90938356109021,46.122407157237234],[6.916036923705373,45.89686644376137],[7.1791966563846765,46.122407157237234],[7.44900975167918,46.122407157237234],[7.713242280853632,46.3480933444613],[9.0641803733084,46.3480933444613],[9.331008048577216,46.57392859898241],[9.601573169469612,46.57392859898241],[9.869511793457875,46.79991653717813],[10.140457540963771,46.79991653717813],[10.409522012951152,47.02606079890111],[10.135907007421935,47.25236504813613],[9.866862721711616,47.02606079890111],[9.595533076091847,47.02606079890111],[9.320756112804267,47.25236504813613],[9.045169134713472,47.47883297366776],[7.684629848091234,47.47883297366776],[7.406247349829077,47.705468289759665],[7.140414133442324,47.47883297366776],[6.87530342895123,47.25236504813613],[6.6109069742745,47.02606079890111]]],[[[28.140385616913832,47.932274736845166],[27.89127514204653,48.15925608223023],[27.0713645448829,48.15925608223023],[27.321682669039973,47.932274736845166],[27.571430687178896,47.705468289759665],[27.820611290100302,47.47883297366776],[28.069226689010904,47.25236504813613],[28.022876876352427,46.79991653717813],[28.270566511046944,46.57392859898241],[28.22461808935533,46.122407157237234],[28.471349604634646,45.89686644376137],[28.764244279944343,46.122407157237234],[28.787876523147986,46.3480933444613],[29.082261873724207,46.57392859898241],[29.37760561388187,46.79991653717813],[29.648551361387767,46.79991653717813],[29.402597206334413,47.02606079890111],[29.156094548501137,47.25236504813613],[28.909042719398123,47.47883297366776],[28.93394307483767,47.705468289759665],[28.6861875821631,47.932274736845166],[28.140385616913832,47.932274736845166]]],[[[10.952181304190653,47.02606079890111],[11.22277486691217,47.25236504813613],[10.679340937167071,47.25236504813613],[10.409522012951152,47.02606079890111],[10.952181304190653,47.02606079890111]]],[[[29.79379751850164,45.67146763267748],[29.81855664719273,45.89686644376137],[30.705652599078768,46.57392859898241],[30.976217719971196,46.57392859898241],[31.274225846423114,46.79991653717813],[31.54517159392897,46.79991653717813],[31.84456401691226,47.02606079890111],[32.115893662532024,47.02606079890111],[32.599608445325764,46.57392859898241],[32.570503182021326,46.3480933444613],[33.11087841900321,46.3480933444613],[33.351066899950744,46.122407157237234],[33.620879995245254,46.122407157237234],[33.92144127447609,46.3480933444613],[34.73200412994893,46.3480933444613],[35.03469453335758,46.57392859898241],[35.30525965424997,46.57392859898241],[35.60935780651731,46.79991653717813],[36.1512493015291,46.79991653717813],[36.45716799244821,47.02606079890111],[36.72849763806795,47.02606079890111],[37.03588652980539,47.25236504813613],[37.307603494677956,47.25236504813613],[37.616494153780415,47.47883297366776],[38.160709868429294,47.47883297366776],[38.47152978844903,47.705468289759665],[38.7440322659808,47.705468289759665],[39.056424921898795,47.932274736845166],[38.510622956649534,47.932274736845166],[38.276809372786076,48.15925608223023],[38.59001557752818,48.386416120808526],[39.13743615621875,48.386416120808526],[39.452711451054554,48.61375867578964],[39.726832869901756,48.61375867578964],[39.76927261983806,48.841287599440456],[39.53723600093388,49.069006773840144],[39.30484775252817,49.29692011164956],[39.3479238896803,49.52503155689504],[39.115276400651304,49.75334508576745],[38.56277909765584,49.75334508576745],[38.32891105943804,49.9818647074368],[37.222152423726484,49.9818647074368],[36.98614674022617,50.210594129593666],[36.15473799904976,50.210594129593666],[35.91699007239075,50.439538644199196],[35.639401603446075,50.439538644199196],[35.40077450757976,50.66870082740324],[35.122728205715,50.66870082740324],[34.883192964586826,50.89808448025056],[34.60468322984961,50.89808448025056],[34.36421093664819,51.127693437566464],[34.1232473518583,51.35753156873702],[34.16170835680392,51.58760277850525],[33.92019502244961,51.81791100778406],[33.67814311582207,52.04846023448637],[33.39723261389133,52.04846023448637],[33.154127783678966,52.27925447437294],[32.309905900835226,52.27925447437294],[31.99268010423753,52.04846023448637],[31.43085910037599,52.04846023448637],[31.11600262247684,51.81791100778406],[30.835583382479555,51.81791100778406],[30.522572589496235,51.58760277850525],[30.210900375217093,51.35753156873702],[29.65199366426834,51.35753156873702],[29.342593321848355,51.127693437566464],[28.505657052715023,51.127693437566464],[28.25472688689647,51.35753156873702],[27.41636682047337,51.35753156873702],[27.163370342750653,51.58760277850525],[26.04363626050214,51.58760277850525],[25.788037062528574,51.81791100778406],[24.66636010253947,51.81791100778406],[24.36403513712935,51.58760277850525],[24.062926554780923,51.35753156873702],[24.041996950670747,51.127693437566464],[24.299823044571678,50.89808448025056],[24.278922432989493,50.66870082740324],[23.980685907768297,50.439538644199196],[23.683606881404003,50.210594129593666],[23.38766947733243,49.9818647074368],[23.11097981840454,49.9818647074368],[23.092854613783288,49.75334508576745],[22.799139481588252,49.52503155689504],[22.506500583816248,49.29692011164956],[22.764830235042634,49.069006773840144],[22.731304901373264,48.61375867578964],[22.441108506156667,48.386416120808526],[22.698508026676762,48.15925608223023],[22.682365964421347,47.932274736845166],[22.955266947045978,47.932274736845166],[23.245115091452547,48.15925608223023],[24.06502568861618,48.15925608223023],[24.319771860169098,47.932274736845166],[25.138474808042957,47.932274736845166],[25.431543350555597,48.15925608223023],[26.251453947719266,48.15925608223023],[26.546762846335838,48.386416120808526],[26.820473135681123,48.386416120808526],[27.11724760292902,48.61375867578964],[27.939611859470702,48.61375867578964],[28.189024582407527,48.386416120808526],[28.736445161098104,48.386416120808526],[28.9844892715981,48.15925608223023],[29.23198954741232,47.932274736845166],[29.478948029901154,47.705468289759665],[29.453258434046994,47.47883297366776],[29.699528478246272,47.25236504813613],[29.94525649757395,47.02606079890111],[30.19044285639952,46.79991653717813],[29.893957236401505,46.57392859898241],[29.59843937862083,46.3480933444613],[29.328251760129866,46.3480933444613],[29.30387047053331,46.122407157237234],[29.01023242165786,45.89686644376137],[28.986580265992053,45.67146763267748],[28.694386043688986,45.44620717419558],[29.50050399485415,45.44620717419558],[29.79379751850164,45.67146763267748]]],[[[13.198268801943316,54.368110710039275],[13.201080488827731,54.60158491978302],[12.91214365277496,54.368110710039275],[12.626018503606604,54.368110710039275],[12.338747066105313,54.13492395310379],[11.767588707647537,54.13492395310379],[11.48249628162727,53.90202020377985],[10.91241905012478,53.90202020377985],[10.625271990731946,54.13492395310379],[10.623142459428186,54.368110710039275],[10.33701731025983,54.368110710039275],[10.04763888392489,54.60158491978302],[8.900932845778414,54.60158491978302],[8.911796915358538,54.13492395310379],[8.075769892055348,53.43704418329124],[7.223848583103217,53.43704418329124],[7.232184446329835,53.20496325469138],[6.957502676065355,52.97314801678634],[6.665285413264021,53.20496325469138],[6.6559010438018325,53.43704418329124],[6.08795350450041,53.43704418329124],[5.814936863665242,53.20496325469138],[5.531487347132316,53.20496325469138],[4.9892558771754985,52.74159425119728],[5.001392907703029,52.510297781918624],[4.463450915022888,52.04846023448637],[4.18254041309212,52.04846023448637],[3.916139740795221,51.81791100778406],[4.756594062732798,51.81791100778406],[5.048622218342386,51.58760277850525],[5.328555738904524,51.58760277850525],[5.619005093472332,51.35753156873702],[5.608489259466626,51.58760277850525],[5.878271022721901,51.81791100778406],[5.868003424676697,52.04846023448637],[6.139027532679981,52.27925447437294],[6.410940931240409,52.510297781918624],[6.701842121242477,52.27925447437294],[6.429824428538236,52.04846023448637],[6.43910950271647,51.81791100778406],[6.1683563005909,51.58760277850525],[6.177911804421092,51.35753156873702],[6.466335298871291,51.127693437566464],[6.492612364251611,50.439538644199196],[6.224023316699909,50.210594129593666],[6.509600282731669,49.9818647074368],[6.526168146964449,49.52503155689504],[6.801981220432658,49.52503155689504],[7.085067117457724,49.29692011164956],[7.360449857928419,49.29692011164956],[7.6421692985833625,49.069006773840144],[7.922970277020234,48.841287599440456],[7.928748283622669,48.61375867578964],[7.660752881511522,48.386416120808526],[7.6668137453432355,48.15925608223023],[7.399910937442425,47.932274736845166],[7.406247349829077,47.705468289759665],[7.672811920067057,47.932274736845166],[9.037316833190177,47.932274736845166],[9.313764692551374,47.705468289759665],[9.589384849362343,47.47883297366776],[9.861492706686798,47.47883297366776],[10.135907007421935,47.25236504813613],[10.405708421335708,47.47883297366776],[10.676277080210145,47.705468289759665],[11.766286990337155,47.705468289759665],[12.03922764206105,47.932274736845166],[12.585029607310275,47.932274736845166],[12.586277328325115,48.15925608223023],[12.861248379071846,48.386416120808526],[13.137055241720109,48.61375867578964],[13.4137120602647,48.841287599440456],[13.141318730023112,49.069006773840144],[12.868104667342175,49.29692011164956],[12.59272192687148,49.29692011164956],[12.318242689796637,49.52503155689504],[12.04290855387434,49.75334508576745],[11.766703802361416,49.9818647074368],[11.766748257875818,50.210594129593666],[12.044381743145802,50.439538644199196],[12.322931452804967,50.66870082740324],[12.600977754669731,50.66870082740324],[12.88092392034482,50.89808448025056],[13.437943389819319,50.89808448025056],[13.719782964693264,51.127693437566464],[13.998761721071041,51.127693437566464],[14.282059113177887,51.35753156873702],[14.561512468652268,51.35753156873702],[14.566361917454818,51.58760277850525],[14.290848222640225,51.81791100778406],[14.299839066835926,52.27925447437294],[14.022500258342246,52.510297781918624],[14.039219054720089,53.43704418329124],[14.328012894897922,53.669395064304894],[14.0478438233884,53.90202020377985],[13.762805207637154,53.90202020377985],[13.198268801943316,54.368110710039275]]],[[[21.127920815008196,56.953121521741124],[21.070083190537492,56.244313207443994],[21.3412630741452,56.00869933641387],[21.302797842391808,55.53842603701665],[22.16960466238588,55.53842603701665],[22.43728762284543,55.30375716871591],[22.1284401446565,55.06939395141792],[21.265054241850237,55.06939395141792],[20.996109332995545,55.303204714329766],[20.081316717706635,54.60158491978302],[19.794640208170005,54.60158491978302],[19.493022083646963,54.368110710039275],[19.206896934478607,54.368110710039275],[18.907068188370033,54.13492395310379],[18.621489009141126,54.13492395310379],[18.348521486973574,54.368110710039275],[18.062396337805218,54.368110710039275],[17.78790464141364,54.60158491978302],[17.214551622340423,54.60158491978302],[16.917895741131833,54.368110710039275],[16.345645442795117,54.368110710039275],[16.051276396081036,54.13492395310379],[15.48011803762322,54.13492395310379],[15.187998286393341,53.90202020377985],[14.902959670642097,53.90202020377985],[14.612516369126942,53.669395064304894],[14.328012894897922,53.669395064304894],[14.607166594021512,53.43704418329124],[14.586319467757214,52.510297781918624],[14.862653655398383,52.27925447437294],[14.851686702634758,51.81791100778406],[15.126228958579055,51.58760277850525],[15.12041917960099,51.35753156873702],[14.835697990204334,51.127693437566464],[15.109001798242735,50.89808448025056],[15.387511532979984,50.89808448025056],[15.659487075182064,50.66870082740324],[16.49362598077632,50.66870082740324],[16.763385715205843,50.439538644199196],[17.596151122039956,50.439538644199196],[17.863745693169292,50.210594129593666],[18.130565957702682,49.9818647074368],[18.396627538321994,49.75334508576745],[18.94912484131742,49.75334508576745],[19.2373245934142,49.9818647074368],[19.79070391126998,49.9818647074368],[20.05411944730831,49.75334508576745],[21.711611356294664,49.75334508576745],[21.971700261183663,49.52503155689504],[22.247513334651877,49.52503155689504],[22.54035731078786,49.75334508576745],[22.5576005005488,49.9818647074368],[22.852198140227593,50.210594129593666],[23.14792050093415,50.439538644199196],[23.425508969878862,50.439538644199196],[23.72282982926,50.66870082740324],[23.742803575097216,50.89808448025056],[23.484039437915193,51.127693437566464],[23.504019843832165,51.35753156873702],[23.244301054880836,51.58760277850525],[23.264263902553083,51.81791100778406],[23.003544042453136,52.04846023448637],[23.04360760898146,52.510297781918624],[23.34638821488373,52.74159425119728],[23.367484955332337,52.97314801678634],[23.10535737217324,53.20496325469138],[23.126379683542574,53.43704418329124],[22.863117121768283,53.669395064304894],[22.88404091167677,53.90202020377985],[22.619597518345717,54.13492395310379],[22.92652387366716,54.368110710039275],[23.190755876803493,54.13492395310379],[23.454118143179222,53.90202020377985],[23.432124070226287,53.669395064304894],[23.739156758930466,53.90202020377985],[24.02419537468171,53.90202020377985],[24.333072593719123,54.13492395310379],[25.189810131405807,54.13492395310379],[25.50165021618229,54.368110710039275],[25.814846908439023,54.60158491978302],[25.842182303718545,54.83535107604993],[26.157574357752473,55.06939395141792],[26.474366151251655,55.30375716871591],[26.21470315569161,55.53842603701665],[25.925767549026908,55.53842603701665],[25.66464814427834,55.7734051953853],[25.375134232724328,55.7734051953853],[25.112533359278075,56.00869933641387],[24.822435645037075,56.00869933641387],[24.55832794794172,56.244313207443994],[23.976953821707667,56.244313207443994],[23.662044788073118,56.00869933641387],[23.081849359591157,56.00869933641387],[22.814205569239604,56.244313207443994],[21.65145731677154,56.244313207443994],[21.380462639776525,56.480251611820044],[21.692224489185808,56.71651941017368],[22.85975487850466,56.71651941017368],[23.128154684392175,56.480251611820044],[23.710718699264035,56.480251611820044],[24.02728526782351,56.71651941017368],[24.61105046248295,56.71651941017368],[24.875846729007787,56.480251611820044],[25.167128736443736,56.480251611820044],[25.430389137292757,56.244313207443994],[25.721076200409783,56.244313207443994],[25.982826502001032,56.00869933641387],[26.272924216242036,56.00869933641387],[26.533189878940334,55.7734051953853],[26.79257436902102,55.53842603701665],[26.822703790494344,55.7734051953853],[27.143217358965032,56.00869933641387],[27.465198579111856,56.244313207443994],[27.497384795931247,56.480251611820044],[27.23799383845037,56.71651941017368],[27.27018737532061,56.953121521741124],[27.00958523805968,57.19006292571367],[27.041774235003246,57.42734866262329],[26.16061796913212,57.42734866262329],[25.89689849800273,57.664983835763906],[25.30821360413375,57.664983835763906],[25.042265903912504,57.90297361264979],[24.45232180679192,57.90297361264979],[24.42518626333032,57.664983835763906],[23.46783188560338,56.953121521741124],[23.175343001779012,56.953121521741124],[22.906172374067193,57.19006292571367],[22.613071455210576,57.19006292571367],[22.342274150357333,57.42734866262329],[21.461117884486246,57.42734866262329],[21.440667779784157,57.19006292571367],[21.127920815008196,56.953121521741124]]],[[[27.723412787446993,56.00869933641387],[27.40173161360233,55.7734051953853],[27.37044558235039,55.53842603701665],[27.051091655309705,55.30375716871591],[26.79257436902102,55.53842603701665],[26.474366151251655,55.30375716871591],[26.733164959623345,55.06939395141792],[26.41664879117142,54.83535107604993],[26.388199927512275,54.60158491978302],[26.073900514518964,54.368110710039275],[25.760968489863586,54.13492395310379],[25.449388453437898,53.90202020377985],[25.13914491560037,53.669395064304894],[24.285634492913346,53.669395064304894],[23.97830099249471,53.43704418329124],[23.694327222844,53.43704418329124],[23.672256405239096,53.20496325469138],[23.93334641323811,52.97314801678634],[23.911223056044,52.74159425119728],[23.607426818396434,52.510297781918624],[23.565365046314675,52.04846023448637],[23.825102382547655,51.81791100778406],[23.80416809600511,51.58760277850525],[24.10552162254494,51.81791100778406],[24.408096552106944,52.04846023448637],[24.711908955241775,52.27925447437294],[25.837538132366724,52.27925447437294],[26.09355956369152,52.04846023448637],[27.21720157141456,52.04846023448637],[27.47055250251225,51.81791100778406],[28.311810222504064,51.81791100778406],[28.563037945561305,51.58760277850525],[29.402838507247722,51.58760277850525],[29.713906422490453,51.81791100778406],[30.27474490248502,51.81791100778406],[30.588127594583717,52.04846023448637],[30.902869429429025,52.27925447437294],[31.18427672371027,52.27925447437294],[30.937076540790784,52.510297781918624],[31.006614637060053,52.97314801678634],[31.325393351627874,53.20496325469138],[31.645592773063683,53.43704418329124],[32.213540312365105,53.43704418329124],[32.25173177132567,53.669395064304894],[31.682724822867627,53.669395064304894],[31.435199384213853,53.90202020377985],[31.186972895212676,54.13492395310379],[31.22415319954922,54.368110710039275],[30.97502408009823,54.60158491978302],[31.01238069079431,54.83535107604993],[30.76229917271931,55.06939395141792],[30.511444679657885,55.30375716871591],[30.548737255662047,55.53842603701665],[29.10405922233857,55.53842603701665],[28.849301171372346,55.7734051953853],[27.98075943671035,55.7734051953853],[27.723412787446993,56.00869933641387]]],[[[21.302797842391808,55.53842603701665],[20.995473862700344,55.30375716871591],[20.996109332995545,55.303204714329766],[21.302797842391808,55.53842603701665]]],[[[10.317549932987536,56.00869933641387],[10.030896920362137,55.7734051953853],[10.034309182468686,55.53842603701665],[10.323244789133389,55.53842603701665],[10.60992474347016,55.7734051953853],[10.317549932987536,56.00869933641387]]],[[[11.186723044558901,56.244313207443994],[11.188952566578145,55.7734051953853],[11.478987215792165,55.53842603701665],[11.191140293713781,55.30375716871591],[11.767865797771831,55.30375716871591],[12.05685842912157,55.53842603701665],[12.058784233909977,56.244313207443994],[11.186723044558901,56.244313207443994]]],[[[9.447256790264538,56.00869933641387],[10.020464349774855,56.480251611820044],[10.311746357210804,56.480251611820044],[10.600685790656684,56.71651941017368],[10.30880319332696,56.71651941017368],[10.013343229680995,56.953121521741124],[10.009731944376496,57.19006292571367],[10.299805183452245,57.42734866262329],[10.296748810475215,57.664983835763906],[10.002406363540725,57.664983835763906],[9.13587657820781,56.953121521741124],[8.550898810558992,56.953121521741124],[8.265625012018944,56.71651941017368],[8.293813451038105,55.7734051953853],[8.589631149145207,55.53842603701665],[8.602061000691466,55.06939395141792],[9.753242204433166,55.06939395141792],[9.460963781539673,55.30375716871591],[9.447256790264538,56.00869933641387]]],[[[17.642774065711464,57.42734866262329],[17.66796468990499,57.90297361264979],[17.97634692042849,58.14132322651251],[17.680739304508492,58.14132322651251],[17.37299264134468,57.90297361264979],[17.337254915791668,57.19006292571367],[17.642774065711464,57.42734866262329]]],[[[21.8192459273889,58.14132322651251],[22.114853543308897,58.14132322651251],[22.433622260581195,58.38003797783734],[21.841123849050256,58.38003797783734],[21.8192459273889,58.14132322651251]]],[[[26.877360347063444,58.38003797783734],[26.943865345278198,58.85858444059114],[27.275802151986774,59.098427103671455],[26.08295937943705,59.098427103671455],[25.8161296050989,59.33865681089018],[24.022867838363204,59.33865681089018],[23.697273834337558,59.098427103671455],[23.39906314120016,59.098427103671455],[23.373257124855847,58.85858444059114],[24.45232180679192,57.90297361264979],[24.184106854749118,58.14132322651251],[24.507366700939592,58.38003797783734],[25.099865112470535,58.38003797783734],[25.366537318429227,58.14132322651251],[25.9577525502693,58.14132322651251],[26.222154098153702,57.90297361264979],[27.107070243834634,57.90297361264979],[27.14018301394941,58.14132322651251],[26.877360347063444,58.38003797783734]]],[[[19.592876820852503,60.06171729597173],[19.87521717732821,59.82030008028887],[20.175445703393624,59.82030008028887],[19.893790729354457,60.06171729597173],[20.214147734324108,60.303551651047655],[19.912541889471427,60.303551651047655],[19.592876820852503,60.06171729597173]]],[[[19.3093301997661,60.303551651047655],[19.291962912350584,60.06171729597173],[19.592876820852503,60.06171729597173],[19.3093301997661,60.303551651047655]]],[[[23.401113758338266,67.01561159408122],[23.304386289814286,66.24978788240588],[23.59233774278075,65.99580009031686],[23.911834303242813,65.99580009031686],[24.48184161866522,65.48966916280185],[24.447875153955643,65.23749852954697],[24.73033449542678,64.98589249084205],[24.38094383304348,64.73486774608807],[24.065683819207674,64.73486774608807],[21.679355814547492,62.99279529923635],[21.36968802667856,62.99279529923635],[21.0368904093682,62.74598359595003],[20.991291813265708,62.253821287905595],[21.275455851171508,62.00845524773602],[21.207110489707865,61.27512749386451],[21.48848074488192,61.03158401192108],[21.792202184570165,61.03158401192108],[22.071648160508403,60.788478180843754],[22.37465770026038,60.788478180843754],[22.652210761949757,60.54580301993338],[22.95451512721211,60.54580301993338],[23.230206182850857,60.303551651047655],[24.73823540711423,60.303551651047655],[25.070645684048557,60.54580301993338],[25.977558779835583,60.54580301993338],[26.313781717036463,60.788478180843754],[27.525819876044476,60.788478180843754],[27.866630978334967,61.03158401192108],[28.170352418023178,61.03158401192108],[28.513673797223333,61.27512749386451],[28.818113935036486,61.27512749386451],[28.8588181076574,61.51911571264012],[29.20581028229858,61.76355586227456],[29.55467564192905,62.00845524773602],[29.905439904493065,62.253821287905595],[29.949990947221195,62.499661518642974],[30.30387071062774,62.74598359595003],[29.99497136725242,62.74598359595003],[29.73071829913959,62.99279529923635],[29.465352794649334,63.24010453469116],[29.198857413124188,63.48791933876557],[29.24323253371095,63.736247881769984],[28.975222770698757,63.985098471591485],[29.01966033933968,64.23447955753632],[28.750094684774602,64.48439973430244],[28.9770024017377,65.74243181292202],[28.704282710173615,65.99580009031686],[28.430312644592902,66.24978788240588],[28.476332417696504,66.50440936384763],[28.200713529786626,66.75967900720639],[28.569911553908952,67.01561159408122],[28.617502005892305,67.27222222672319],[28.990535385832843,67.52952634016819],[28.7143662601111,67.78753971491467],[28.43690538675866,68.04627849017761],[28.158136126760468,68.305759177752],[27.878041042050356,68.56599867652167],[27.975149311412075,69.08882373050379],[28.356347303080106,69.3514451593223],[28.074845520235108,69.61489718073125],[27.076729256470266,69.61489718073125],[26.79074915253198,69.87919887209894],[26.457007682741512,69.87919887209894],[26.078612992705423,69.61489718073125],[25.70288023701952,69.3514451593223],[25.32974987345496,69.08882373050379],[24.95916466536491,68.82701428765154],[24.59106957957362,68.56599867652167],[22.290189555839852,68.56599867652167],[22.586776507888715,68.305759177752],[22.88183323585927,68.04627849017761],[22.523738198418435,67.78753971491467],[22.228295335753437,68.04627849017761],[21.90152638570052,68.04627849017761],[21.603595398676024,68.305759177752],[21.304098117096835,68.56599867652167],[21.66236816877214,68.82701428765154],[20.343649570135042,68.82701428765154],[19.989309532106134,68.56599867652167],[19.33191523961076,68.56599867652167],[18.981779107442264,68.305759177752],[18.326325034633847,68.305759177752],[17.980298985065662,68.04627849017761],[17.653530035012746,68.04627849017761],[17.310577725414078,67.78753971491467],[16.969700505614117,67.52952634016819],[16.954822680998507,67.27222222672319],[16.61706665165179,67.01561159408122],[16.281283445564192,66.75967900720639],[15.947438044371253,66.50440936384763],[15.615496757646387,66.24978788240588],[15.295126360472716,66.24978788240588],[14.965930610305339,65.99580009031686],[14.646434049843275,65.99580009031686],[14.319934263280242,65.74243181292202],[14.313003325700292,65.48966916280185],[13.989213433917936,65.23749852954697],[13.983259112504799,64.98589249084205],[13.662103362624944,64.73486774608807],[13.657087336437753,64.48439973430244],[13.338496713182167,64.23447955753632],[13.021567173737502,63.985098471591485],[12.706274773954444,63.736247881769984],[12.394256703015634,63.736247881769984],[12.081368884699812,63.48791933876557],[12.07797259248705,62.499661518642974],[12.384528138977236,62.253821287905595],[12.379869860798133,61.51911571264012],[12.68278663093983,61.27512749386451],[12.678352428196247,60.788478180843754],[12.37386234302997,60.54580301993338],[12.372395768154561,60.303551651047655],[12.070029108303789,60.06171729597173],[12.069275499627741,59.82030008028887],[11.768979385147194,59.579279223537064],[11.768912432336041,59.33865681089018],[11.470635415702834,59.098427103671455],[11.172424722565392,59.098427103671455],[10.87612835337752,58.85858444059114],[10.57600333629055,59.098427103671455],[10.872281548968173,59.33865681089018],[11.468818447496918,59.82030008028887],[11.468201291299874,60.06171729597173],[11.769184078449237,60.303551651047655],[11.769253612505299,60.54580301993338],[12.072333348692261,60.788478180843754],[12.073906355313564,61.27512749386451],[11.769538444247813,61.51911571264012],[11.769759305099512,62.253821287905595],[11.4616960974962,62.499661518642974],[11.458914756393453,63.48791933876557],[11.770220561138053,63.736247881769984],[12.083116844504502,63.985098471591485],[12.397626895612689,64.23447955753632],[12.711250168135848,64.23447955753632],[13.02821203025703,64.48439973430244],[13.031583334953243,64.73486774608807],[13.35107820762706,64.98589249084205],[13.35535514785507,65.23749852954697],[13.677450932390009,65.48966916280185],[13.68267043117342,65.74243181292202],[14.007440928919152,65.99580009031686],[14.334015168951744,66.24978788240588],[14.662423236850723,66.50440936384763],[14.983676938730866,66.50440936384763],[15.31484316846505,66.75967900720639],[15.636989927498096,66.75967900720639],[15.970966927205438,67.01561159408122],[16.306896051837768,67.27222222672319],[16.319925647223943,67.52952634016819],[16.65893266628856,67.78753971491467],[16.999992134906915,68.04627849017761],[17.343143925421153,68.305759177752],[17.688429508372366,68.56599867652167],[18.017126654620053,68.56599867652167],[18.365571672179417,68.82701428765154],[19.024930971497945,68.82701428765154],[19.37760113805143,69.08882373050379],[20.03895099754073,69.08882373050379],[20.395946104898293,69.3514451593223],[21.72267963792859,69.3514451593223],[22.023000576008542,69.08882373050379],[24.6684000139657,69.08882373050379],[25.039513470504346,69.3514451593223],[25.413202150195502,69.61489718073125],[25.78952474316049,69.87919887209894],[26.168542411802044,70.14436617492593],[26.550326071458567,70.41041978427283],[25.20689585197772,70.41041978427283],[24.913321502406703,70.6773653659106],[23.228626605601463,70.6773653659106],[22.85589296788633,70.41041978427283],[21.848320303275695,70.41041978427283],[21.48145479346013,70.14436617492593],[20.811870847982696,70.14436617492593],[20.44966122651244,69.87919887209894],[20.115919756721972,69.87919887209894],[19.757209988861323,69.61489718073125],[19.424504567606363,69.61489718073125],[19.069212571868,69.3514451593223],[18.07416242209529,69.3514451593223],[17.72422648932822,69.08882373050379],[17.062876629838918,69.08882373050379],[16.717173423883036,68.82701428765154],[16.38749377422375,68.82701428765154],[16.044943777133977,68.56599867652167],[15.716246630886289,68.56599867652167],[15.704508743400044,68.305759177752],[15.36614738464238,68.04627849017761],[15.355642548037437,67.78753971491467],[14.687079478935852,67.27222222672319],[14.36311616435546,67.27222222672319],[12.729454687070948,65.99580009031686],[12.726774683013124,65.74243181292202],[12.406346145769355,65.48966916280185],[12.404567718760706,65.23749852954697],[11.45602376480527,64.48439973430244],[11.141586111714908,64.48439973430244],[10.519032962449474,63.985098471591485],[10.20621618603846,63.985098471591485],[9.286514510005839,63.24010453469116],[8.97607084408828,63.24010453469116],[8.673308724052614,62.99279529923635],[8.363640936183678,62.99279529923635],[8.063117987604874,62.74598359595003],[7.136419957478938,62.74598359595003],[6.8396223850649385,62.499661518642974],[6.531484137569512,62.499661518642974],[5.943567349768718,62.00845524773602],[5.636929579740653,62.00845524773602],[5.345748602744848,61.76355586227456],[5.361058570469201,61.51911571264012],[5.07178318561121,61.27512749386451],[5.087523001716952,61.03158401192108],[5.406123474148138,60.788478180843754],[5.420861941996005,60.54580301993338],[5.737067181395744,60.303551651047655],[5.449923121260871,60.06171729597173],[5.47843881329152,59.579279223537064],[5.7913732098837505,59.33865681089018],[5.804632246091611,59.098427103671455],[6.115317392814386,58.85858444059114],[6.412868077849592,58.85858444059114],[7.028663560776102,58.38003797783734],[8.213660383838025,58.38003797783734],[8.502849690656229,58.61912323594088],[8.799746566523627,58.61912323594088],[9.090824243166365,58.85858444059114],[9.38837492820153,58.85858444059114],[9.975650665600346,59.33865681089018],[10.27452762672297,59.33865681089018],[11.472401647258348,58.38003797783734],[11.472979370187867,58.14132322651251],[12.062803492082113,57.664983835763906],[12.06143837637276,57.19006292571367],[12.353254300276182,56.953121521741124],[12.350720409262363,56.480251611820044],[12.640158360143989,56.244313207443994],[12.636522124348163,55.7734051953853],[13.794577770564171,55.7734051953853],[13.79872250387941,56.00869933641387],[14.093593675729077,56.244313207443994],[14.674967801963128,56.244313207443994],[14.97225847618582,56.480251611820044],[15.263540483621767,56.480251611820044],[15.5626899452618,56.71651941017368],[15.570632022344594,56.953121521741124],[15.871750321508634,57.19006292571367],[15.88925530223036,57.664983835763906],[16.19310444710348,57.90297361264979],[16.212388939506084,58.38003797783734],[16.827142054081477,58.85858444059114],[17.124692739116682,58.85858444059114],[17.74645165478833,59.33865681089018],[18.045328615910915,59.33865681089018],[18.059519957002827,59.579279223537064],[18.374074547001193,59.82030008028887],[18.389221186844708,60.06171729597173],[18.08830727834275,60.06171729597173],[17.801300975502727,60.303551651047655],[17.499695130650046,60.303551651047655],[16.628937709870065,61.03158401192108],[16.640508422510695,61.27512749386451],[16.34702406837539,61.51911571264012],[16.358084762538894,61.76355586227456],[16.675889300750658,62.00845524773602],[16.68790997612147,62.253821287905595],[17.008184552413695,62.499661518642974],[17.021198945489086,62.74598359595003],[17.668493489780843,63.24010453469116],[17.978937155698446,63.24010453469116],[18.305910167763194,63.48791933876557],[18.617137231916374,63.48791933876557],[18.94663619273049,63.736247881769984],[19.2586542636693,63.736247881769984],[20.937249066160224,64.98589249084205],[20.961654580609768,65.23749852954697],[21.994854940470486,65.99580009031686],[22.314351500932545,65.99580009031686],[22.663645495466987,66.24978788240588],[22.75501403389196,67.01561159408122],[23.11012565802578,67.27222222672319],[23.401113758338266,67.01561159408122]]],[[[49.46370559799188,-16.77778052326008],[49.693996589458685,-16.556626754685364],[49.66863667725809,-16.11431903577681],[49.89913451353335,-15.893165148264444],[49.8747620055917,-15.450857474177404],[50.10556437069585,-15.229703750424152],[50.06005916350352,-14.34509814070649],[49.80693466425057,-14.123945628069466],[49.77602583509633,-13.460488756935877],[49.52409382623376,-13.2393366607985],[49.51448914734267,-13.018184647772133],[49.263258982718035,-12.797124529765501],[49.27249402551687,-13.018184647772133],[49.03998052419778,-13.2393366607985],[49.04966730050588,-13.460488756935877],[48.81737823793363,-13.681640944589784],[48.82741794086658,-13.902793232165768],[48.13145675217174,-14.566250778482564],[47.88900234623625,-14.566250778482564],[46.2668800408047,-16.11431903577681],[45.537932190136125,-16.11431903577681],[45.30608899658807,-16.33547291505404],[44.81996243826069,-16.33547291505404],[44.8310950542105,-16.556626754685364],[44.59914653559695,-16.77778052326008],[44.610481174011746,-16.99893418936757],[44.378549499793884,-17.220087721597388],[44.4611907669815,-18.768156060203097],[44.717433238390555,-18.989307390666916],[44.77932668685961,-20.09503928564885],[44.54715536548489,-20.316187003492708],[44.55958749465788,-20.537334328862556],[44.09476039061385,-20.97962827107832],[44.107204846287864,-21.20077512237026],[43.874617503910535,-21.4219220500815],[43.88716031203477,-21.64306917143478],[43.42177852986911,-22.08536446396447],[43.487043747010205,-23.191114289971527],[43.746670228949256,-23.412267180735157],[43.81868465763247,-24.518052711403946],[44.080565371356855,-24.739214853844164],[44.096163316075085,-24.960378948739386],[44.34297578654589,-24.960378948739386],[44.605935919590415,-25.18154282694258],[44.85286971025508,-25.18154282694258],[45.11651246736071,-25.4027111950028],[45.610627406539685,-25.4027111950028],[45.84060487291371,-25.18154282694258],[46.334472454243006,-25.18154282694258],[46.56428802078314,-24.960378948739386],[47.05791296172477,-24.960378948739386],[47.04088728255528,-24.739214853844164],[47.27075925856775,-24.518052711403946],[47.25424643145181,-24.296892404115322],[47.484377525132345,-24.075733814684558],[47.468328390094484,-23.854576825827035],[47.698677082104744,-23.633421320266663],[47.63752329088418,-22.748811785736265],[47.868376162917166,-22.527661937773246],[47.81065213799314,-21.64306917143478],[48.041701112252035,-21.4219220500815],[48.013695875596746,-20.97962827107832],[48.24467179363546,-20.758481378983273],[48.23078862630567,-20.537334328862556],[48.46161990783299,-20.316187003492708],[48.43391828242107,-19.87390823288032],[48.6644927891994,-19.652758757085053],[48.636834707959025,-19.210458304572768],[48.867192828719055,-18.989307390666916],[48.85342446566991,-18.768156060203097],[49.08365591528161,-18.54700434458847],[49.05636042979735,-18.104699883538096],[49.286520706065815,-17.883547200919203],[49.25970121712449,-17.441241088539233],[49.489880518865405,-17.220087721597388],[49.46370559799188,-16.77778052326008]]],[[[44.182521597755525,-12.79703270945125],[44.43259158900103,-13.018184647772133],[44.42445650409411,-12.79703270945125],[44.182521597755525,-12.79703270945125]]],[[[49.26315463086627,-12.79703270945125],[49.263258982718035,-12.797124529765501],[49.25401627088873,-12.575880837430411],[49.26315463086627,-12.79703270945125]]],[[[111.20202834291834,-7.0470878108015595],[110.23893972364112,-7.0470878108015595],[110.01142066960288,-7.268239540520659],[109.52981140963068,-7.268239540520659],[109.02227472849303,-6.825936070609628],[108.78153425948287,-6.825936070609628],[108.52836171376374,-6.6047843221567755],[107.80623306045712,-6.6047843221567755],[107.5535122781304,-6.383632567654969],[106.59079475942822,-6.383632567654969],[106.3619757538438,-6.6047843221567755],[106.12126620274157,-6.6047843221567755],[105.89264863136094,-6.825936070609628],[105.9050409368936,-7.0470878108015595],[106.14581309171291,-7.0470878108015595],[106.39935121981152,-7.268239540520659],[106.88096047978372,-7.268239540520659],[107.13494968664007,-7.48939125755496],[107.61662551864974,-7.48939125755496],[107.87108007428654,-7.710542959692556],[108.59369617751396,-7.710542959692556],[108.82081509867389,-7.48939125755496],[109.54332884668837,-7.48939125755496],[109.79805634955972,-7.710542959692556],[110.27980041837803,-7.710542959692556],[110.5350146034616,-7.9316946447215],[110.77592161023505,-7.9316946447215],[111.0316015371441,-8.15284631042984],[112.95914437485897,-8.15284631042984],[113.2155606073191,-8.373997954605677],[114.42045860678108,-8.373997954605677],[114.67752453562682,-8.59514957503705],[115.15955906365369,-8.59514957503705],[115.41718024187306,-8.816301169512066],[116.14034784836436,-8.816301169512066],[116.36464538372094,-8.59514957503705],[116.10731580602793,-8.373997954605677],[115.14339740645828,-8.373997954605677],[114.88668721257388,-8.15284631042984],[114.6457443578595,-8.15284631042984],[114.38952671183661,-7.9316946447215],[114.14861970506314,-7.9316946447215],[113.89288093451526,-7.710542959692556],[113.17026483128778,-7.710542959692556],[112.40588911701487,-7.0470878108015595],[112.16511696219555,-7.0470878108015595],[111.91116035661494,-6.825936070609628],[111.42967941859465,-6.825936070609628],[111.20202834291834,-7.0470878108015595]]],[[[47.98254780340491,10.866203516354522],[47.733878413676706,10.645051866134349],[46.76822241048963,10.645051866134349],[46.52000574122413,10.423900200423159],[45.79590536319107,10.423900200423159],[45.54808055616854,10.202748510815603],[44.82411846582988,10.202748510815603],[44.5890713998026,10.423900200423159],[44.347704607124896,10.423900200423159],[44.112668401725166,10.645051866134349],[43.87125440092839,10.645051866134349],[43.40125059923865,11.08735515948903],[43.40789027464354,11.308506803943262],[43.173070345793576,11.529658458122544],[42.931456052618394,11.529658458122544],[42.69663398269942,11.750810130432273],[42.94530329214754,11.971961829277797],[43.18702484549589,11.971961829277797],[43.194241275769116,12.193113563064486],[42.46891021013928,12.193113563064486],[42.234285197103354,12.414265340197765],[41.98535616638603,12.193113563064486],[42.22013863210239,11.971961829277797],[42.200077938741515,11.308506803943262],[42.44164040592192,11.308506803943262],[42.67671513587731,11.08735515948903],[42.924765340282754,11.308506803943262],[43.15973877811818,11.08735515948903],[42.911838705862266,10.866203516354522],[43.14701239853805,10.645051866134349],[43.13487358837297,10.202748510815603],[43.37029494439928,9.98159488762308],[43.36453667801698,9.760443466451711],[43.60010578229505,9.539292007668896],[43.84129469058385,9.539292007668896],[44.076873871516966,9.318140513486576],[44.31250612965292,9.096988986116632],[44.55361238497995,9.096988986116632],[44.78925794353285,8.875837427770994],[45.51245721903457,8.875837427770994],[45.74804026410377,8.654685840661607],[46.471122954252074,8.654685840661607],[46.706649035865176,8.433534227000356],[47.42961798034095,8.433534227000356],[47.665092372259814,8.212382588999198],[47.900628334620265,7.991230928870034],[48.136225301938104,7.770079248824822],[47.890188592268615,7.548927551075463],[47.644345548629985,7.3277758378339115],[47.39869046573,7.106624111312118],[47.153217730293306,6.885472373721985],[46.90792182065368,6.664320627275483],[46.662797306360254,6.443168874184523],[46.65849663828175,6.222017116661056],[46.41367005636497,6.00086535691704],[46.16899981017228,5.7797135971643865],[45.92448080916156,5.558561839615062],[45.92065416681971,5.337410086480983],[45.67639643722762,5.116258339974113],[45.4322762082373,4.895107175412382],[45.191782097640605,4.895107175412382],[44.94782390374736,4.673955334359034],[44.46688585047158,4.673955334359034],[44.22311757679992,4.45280350265541],[43.26133915368734,4.45280350265541],[43.01780994184097,4.2316516798590875],[42.77442619077262,4.010499865527709],[42.534028244735744,4.010499865527709],[42.29081598386373,3.789348059218856],[42.047755906678375,3.5681962604901662],[42.045185595606576,3.347044468899223],[41.80242060781495,3.1258926840036505],[41.559818569517425,2.904740905361076],[41.55766128445292,2.683589132529081],[41.315377415545996,2.4624373650653046],[41.3039958681125,-0.19138358680942688],[41.544444978503925,-0.4125353247438759],[41.54558910117804,-0.8548388035308316],[41.786630749425015,-1.075990545268129],[41.78767165422878,-1.2971422891578035],[41.548680873126095,-1.5182940356422734],[41.3072780458315,-1.2971422891578035],[41.306253782252234,-1.075990545268129],[41.06522588368757,-0.8548388035308316],[41.06410019980268,-0.4125353247438759],[40.823655585301815,-0.19138358680942688],[40.83485221657734,2.4624373650653046],[41.07710351051509,2.683589132529081],[41.07922602856949,2.904740905361076],[41.32179120393797,3.1258926840036505],[41.564517329006364,3.347044468899223],[41.56704687369671,3.5681962604901662],[41.81006437699714,3.789348059218856],[41.56968857356388,3.789348059218856],[41.33203851455141,4.010499865527709],[40.61084467644082,4.010499865527709],[40.36780955639745,3.789348059218856],[40.12743375296415,3.789348059218856],[39.88456525826081,3.5681962604901662],[39.40385622527914,3.5681962604901662],[39.16117599600523,3.347044468899223],[38.68050772940499,3.347044468899223],[38.44243815931575,3.5681962604901662],[38.20208364282494,3.5681962604901662],[37.96405152206457,3.789348059218856],[37.72367571863128,3.789348059218856],[37.485671377961516,4.010499865527709],[37.24527343192464,4.010499865527709],[37.007287536984066,4.2316516798590875],[36.76933479767738,4.45280350265541],[36.52889019189923,4.45280350265541],[36.29093894478344,4.673955334359034],[36.05300589496512,4.895107175412382],[35.810000891507684,4.673955334359034],[35.569531864869795,4.673955334359034],[35.32666716300849,4.45280350265541],[34.60533334567406,4.45280350265541],[34.603078575041295,4.2316516798590875],[34.36049807948225,4.010499865527709],[34.59879027399855,3.789348059218856],[34.83712041195316,3.5681962604901662],[34.833294251598325,3.1258926840036505],[35.07181926672037,2.904740905361076],[35.06707941168463,2.2412856025273316],[35.30595825702204,2.0201338444727868],[35.30471131315071,1.7989820904592966],[35.063381383603385,1.5778303400444442],[35.0624020176969,1.3566785927858693],[34.82136651353497,1.1355268482411554],[34.58048467057472,0.9143751059679439],[34.5799342547756,0.6932233655238169],[34.33935600448335,0.4720716264664013],[34.33910373194072,0.25091988835332424],[34.819402050168456,-0.19138358680942688],[34.81961807668666,-0.4125353247438759],[34.57981073232678,-0.6336870635035381],[34.580976241832914,-1.075990545268129],[34.82116472541932,-1.075990545268129],[35.06216113666668,-1.2971422891578035],[35.30235794086533,-1.2971422891578035],[35.543517813381534,-1.5182940356422734],[35.78483219870756,-1.7394457851638963],[36.02504978870949,-1.7394457851638963],[36.2665302381782,-1.9605975381650904],[36.50676019708411,-1.9605975381650904],[36.7484082093726,-2.1817492950882293],[37.22889537136467,-2.1817492950882293],[37.47072693754072,-2.4029010563756863],[37.71098534572565,-2.4029010563756863],[37.95298762433711,-2.6240528224698796],[38.19514396728902,-2.8452045938131674],[38.199252989978866,-3.287508154016643],[38.441818416728026,-3.5086599437616073],[38.444156881412724,-3.7298117405252365],[38.68698375175665,-3.950963544749906],[38.929947254993216,-4.172115356878032],[38.93260621103859,-4.393267177351978],[38.694884693345905,-4.614419006614159],[38.45172990914772,-4.393267177351978],[38.449117972850324,-4.172115356878032],[38.20619994459176,-3.950963544749906],[37.96341690821253,-3.7298117405252365],[37.9611205402743,-3.5086599437616073],[37.71859537688,-3.287508154016643],[37.71456099614618,-2.8452045938131674],[37.474269510574764,-2.8452045938131674],[37.23216444714151,-2.6240528224698796],[36.75161566234448,-2.6240528224698796],[36.50969330480099,-2.4029010563756863],[36.26943489661605,-2.4029010563756863],[36.027677466384475,-2.1817492950882293],[35.78743388538842,-2.1817492950882293],[35.54584036146049,-1.9605975381650904],[35.30439701870372,-1.7394457851638963],[35.0641794287018,-1.7394457851638963],[34.8228982462122,-1.5182940356422734],[34.10227867904283,-1.5182940356422734],[34.10330906869414,-1.7394457851638963],[33.62524165642399,-2.1817492950882293],[33.6265924065818,-2.4029010563756863],[33.38777416876511,-2.6240528224698796],[33.14749977636658,-2.6240528224698796],[32.90581718202698,-2.4029010563756863],[32.66555877384204,-2.4029010563756863],[32.424023751443755,-2.1817492950882293],[32.1837801704477,-2.1817492950882293],[31.942390977871895,-1.9605975381650904],[31.939602682084278,-1.2971422891578035],[31.459209073687006,-1.2971422891578035],[31.219800410365465,-1.5182940356422734],[31.22170110115419,-1.9605975381650904],[30.982562265467465,-2.1817492950882293],[30.74349150836258,-2.4029010563756863],[30.98503024477985,-2.6240528224698796],[30.9878535329567,-3.0663563708479686],[30.74905998694667,-3.287508154016643],[30.752317310209328,-3.7298117405252365],[30.513659029953253,-3.950963544749906],[30.275020176421286,-4.172115356878032],[30.034605535349833,-4.172115356878032],[29.795956475112334,-4.393267177351978],[29.807595376869195,-5.720177289975116],[30.050323872677453,-5.941329049352183],[30.052511170283253,-6.162480809316121],[30.295431402281338,-6.383632567654969],[30.297757605543154,-6.6047843221567755],[30.540881831180997,-6.825936070609628],[30.543356478451052,-7.0470878108015595],[30.786697404179442,-7.268239540520659],[30.78933031310911,-7.48939125755496],[31.032901097768274,-7.710542959692556],[31.035702368227454,-7.9316946447215],[31.279516626690864,-8.15284631042984],[31.520459481405226,-8.15284631042984],[31.764455843687408,-8.373997954605677],[32.008602979014135,-8.59514957503705],[32.252905495378016,-8.816301169512066],[32.493961364208445,-8.816301169512066],[32.73846352812156,-9.03745273581877],[32.983131547414175,-9.258604271745266],[33.22797032678983,-9.479755775079624],[33.46540352303228,-9.258604271745266],[33.94767549865036,-9.258604271745266],[34.19268050969762,-9.479755775079624],[34.43786539085847,-9.700907243609919],[34.44197155207561,-9.922058675124262],[34.93319670004971,-10.364363914533737],[34.95188257438067,-11.248970526902289],[36.15962616131247,-11.248970526902289],[36.40643368594171,-11.47012217763668],[37.61443480620798,-11.47012217763668],[37.85046718301696,-11.248970526902289],[38.3335646177897,-11.248970526902289],[38.56952154851997,-11.02781888363017],[39.05251832065421,-11.02781888363017],[39.288406092960905,-10.806667239414935],[39.77130451915041,-10.806667239414935],[40.01851186492266,-11.02781888363017],[39.782856922107825,-11.248970526902289],[39.29975948733512,-11.248970526902289],[39.06403615052752,-11.47012217763668],[38.580835702421,-11.47012217763668],[38.345037622717044,-11.691273844238676],[37.86173177645721,-11.691273844238676],[37.62585244107992,-11.912425535113675],[36.41731828237282,-11.912425535113675],[36.17016131454789,-11.691273844238676],[34.96189669889835,-11.691273844238676],[35.00069476515486,-13.2393366607985],[35.2488551432878,-13.460488756935877],[35.49727357993305,-13.681640944589784],[35.74595588327791,-13.902793232165768],[35.994907940724666,-14.123945628069466],[36.0158658265478,-14.787403549803402],[36.26573917451385,-15.00855014407848],[36.28865006523943,-15.67201128392773],[36.05365516978063,-15.893165148264444],[35.818627514554976,-16.11431903577681],[35.58355783004065,-16.33547291505404],[35.34843706047656,-16.556626754685364],[35.11325636392686,-16.77778052326008],[34.862146906951764,-16.556626754685364],[34.61900183018935,-16.556626754685364],[34.36824143422222,-16.33547291505404],[34.11774919632826,-16.11431903577681],[34.10322574957316,-15.67201128392773],[34.33888963161828,-15.450857474177404],[34.3249527200123,-15.00855014407848],[34.075660796560804,-14.787403549803402],[33.82664680197925,-14.566250778482564],[33.584192396043775,-14.566250778482564],[33.33552025760243,-14.34509814070649],[33.09313563577778,-14.34509814070649],[32.84479658272751,-14.123945628069466],[32.602480324420064,-14.123945628069466],[32.365981770303826,-14.34509814070649],[32.12359714847916,-14.34509814070649],[31.887011554495494,-14.566250778482564],[31.650404509077113,-14.787403549803402],[31.407878880328738,-14.787403549803402],[31.17117473144733,-15.00855014407848],[30.928576424634635,-15.00855014407848],[30.691768520628216,-15.229703750424152],[30.449096072502392,-15.229703750424152],[30.21217353228161,-15.450857474177404],[29.97520204220362,-15.67201128392773],[30.703676814092354,-15.67201128392773],[30.95268909576646,-15.893165148264444],[31.438495388529724,-15.893165148264444],[31.68792302743301,-16.11431903577681],[31.930905644322515,-16.11431903577681],[32.18067192174905,-16.33547291505404],[32.423735200912745,-16.33547291505404],[32.67384121609009,-16.556626754685364],[32.92420478584911,-16.77778052326008],[33.17482415162085,-16.99893418936757],[33.18230060087528,-17.220087721597388],[33.433339554879645,-17.441241088539233],[33.441057630852086,-17.6623942587831],[33.692502969201016,-17.883547200919203],[33.700445553624355,-18.104699883538096],[33.464615794488004,-18.325852275230748],[33.488671993972304,-18.989307390666916],[33.252582822015775,-19.210458304572768],[33.27681059244384,-19.87390823288032],[33.04036808735037,-20.09503928564885],[33.05649061549471,-20.537334328862556],[32.81976089576363,-20.758481378983273],[32.82782087128808,-20.97962827107832],[32.590904217725544,-21.20077512237026],[32.59897950486889,-21.4219220500815],[32.36190307328212,-21.64306917143478],[32.37002292439533,-21.864216603653958],[32.13281218644641,-22.08536446396447],[31.8954940246961,-22.306512869594012],[31.649983123419176,-22.306512869594012],[31.903683663934856,-22.527661937773246],[31.911976688867426,-22.748811785736265],[31.674566991535023,-22.969962530721354],[31.70021136189974,-23.633421320266663],[31.95527104635778,-23.854576825827035],[31.983000311568667,-24.518052711403946],[32.23927772656322,-24.739214853844164],[32.27999890283753,-25.623880857053187],[32.04335954016586,-25.845051375446744],[32.30154237392325,-26.06622231251957],[32.32407204133223,-26.50838514830219],[32.56018809157059,-26.287393230599463],[32.53798344589522,-25.845051375446744],[32.77436594578332,-25.623880857053187],[32.763638987886864,-25.4027111950028],[33.00004775835143,-25.18154282694258],[33.24698154901606,-25.18154282694258],[33.483227085830414,-24.960378948739386],[33.73003955630123,-24.960378948739386],[33.96613217476231,-24.739214853844164],[34.21282566736218,-24.739214853844164],[34.44876788366526,-24.518052711403946],[34.695344640874936,-24.518052711403946],[35.40261712274372,-23.854576825827035],[35.38188061558591,-23.412267180735157],[35.617672431154666,-23.191114289971527],[35.58784347139229,-22.527661937773246],[35.33264664257296,-22.306512869594012],[35.3231722400224,-22.08536446396447],[35.06848560998215,-21.864216603653958],[35.059303703628494,-21.64306917143478],[34.80508259163791,-21.4219220500815],[34.79615327425876,-21.20077512237026],[34.542355145968074,-20.97962827107832],[34.524971068153846,-20.537334328862556],[34.760994009614556,-20.316187003492708],[34.75229954977882,-20.09503928564885],[36.39966166020231,-18.54700434458847],[36.39061794950965,-18.325852275230748],[36.62538172051443,-18.104699883538096],[36.61638129486315,-17.883547200919203],[37.08557686155154,-17.441241088539233],[37.329059348663,-17.441241088539233],[37.56344147436515,-17.220087721597388],[37.806838189559045,-17.220087721597388],[38.04106118242549,-16.99893418936757],[38.28437303396573,-16.99893418936757],[38.518447707603315,-16.77778052326008],[38.76167566072303,-16.77778052326008],[38.9956132119127,-16.556626754685364],[39.23875828867511,-16.556626754685364],[40.17384884864605,-15.67201128392773],[40.16484177185831,-15.450857474177404],[40.39866644566204,-15.229703750424152],[40.389910390329575,-15.00855014407848],[40.623852772766874,-14.787403549803402],[40.6153701681723,-14.566250778482564],[40.849443534166696,-14.34509814070649],[40.83319112789573,-13.902793232165768],[40.583131722078726,-13.681640944589784],[40.5534980026764,-12.79703270945125],[40.30460475126398,-12.575880837430411],[40.2720372707938,-11.47012217763668],[40.50750307426692,-11.248970526902289],[40.49565215843472,-10.806667239414935],[40.24853043920268,-10.585515585851255],[40.24299073871377,-10.364363914533737],[39.996273381549926,-10.143212217057027],[39.75496490641214,-10.143212217057027],[39.50851068454066,-9.922058675124262],[39.498586515690505,-9.479755775079624],[39.25266723044946,-9.258604271745266],[39.24352569146021,-8.816301169512066],[38.998103635404135,-8.59514957503705],[38.98167823327016,-7.710542959692556],[39.21865737327816,-7.48939125755496],[39.21485945369259,-7.268239540520659],[38.97038189712675,-7.0470878108015595],[38.72605777752643,-6.825936070609628],[38.709541209192025,-5.720177289975116],[38.94703552342723,-5.499025533396826],[38.93816440915418,-4.835570845106938],[39.17580946346665,-4.614419006614159],[39.17036189606467,-4.172115356878032],[39.408159462504024,-3.950963544749906],[39.40563682781318,-3.7298117405252365],[40.119619839362215,-3.0663563708479686],[40.1174758518603,-2.8452045938131674],[42.2661339274137,-0.8548388035308316],[42.26545002535955,-0.6336870635035381],[42.50513453590638,-0.4125353247438759],[42.51133512816397,1.7989820904592966],[42.99524546245942,2.2412856025273316],[42.999334606266316,2.683589132529081],[43.48462352138451,3.1258926840036505],[43.48719039540726,3.347044468899223],[43.73023752211428,3.5681962604901662],[43.970592038605126,3.5681962604901662],[44.21382241133002,3.789348059218856],[44.2168138669938,4.010499865527709],[44.46033531900665,4.2316516798590875],[44.70075621520093,4.2316516798590875],[45.18829293038526,4.673955334359034],[45.42876195702312,4.673955334359034],[45.916916246832805,5.116258339974113],[46.15743605643799,5.116258339974113],[46.646199940719406,5.558561839615062],[47.12734602842467,5.558561839615062],[47.616814359073864,6.00086535691704],[47.85744321961566,6.00086535691704],[48.10244338118279,6.222017116661056],[48.343101171666305,6.222017116661056],[49.570853630743635,7.3277758378339115],[49.576117720016775,7.548927551075463],[49.82239485291184,7.770079248824822],[49.82796089762088,7.991230928870034],[50.07461894954796,8.212382588999198],[50.08050411008536,8.433534227000356],[50.32756396837645,8.654685840661607],[50.33378572237946,8.875837427770994],[50.58126876815556,9.096988986116632],[50.5878449161735,9.318140513486576],[50.835773030958705,9.539292007668896],[50.84272170246957,9.760443466451711],[51.09111727521532,9.98159488762308],[51.15499004913031,11.750810130432273],[50.9133227329466,11.750810130432273],[50.66311343422487,11.529658458122544],[50.421499141049665,11.529658458122544],[50.171639355694914,11.308506803943262],[49.930076888514535,11.308506803943262],[49.68055794837035,11.08735515948903],[49.197534306129434,11.08735515948903],[48.94839715531779,10.866203516354522],[47.98254780340491,10.866203516354522]]],[[[107.89460688931216,-3.287508154016643],[107.88693821847687,-3.0663563708479686],[107.64662857883461,-3.0663563708479686],[107.65427808276272,-3.287508154016643],[107.89460688931216,-3.287508154016643]]],[[[106.69296285656502,-3.287508154016643],[106.68539002026561,-3.0663563708479686],[105.94437327024679,-2.4029010563756863],[105.70411486206184,-2.4029010563756863],[105.71036628072146,-2.6240528224698796],[105.95734289842694,-2.8452045938131674],[106.20477074098109,-3.0663563708479686],[106.21230524346615,-3.287508154016643],[106.46056793493253,-3.5086599437616073],[106.69296285656502,-3.287508154016643]]],[[[99.43490466190401,-1.2971422891578035],[99.19167832657565,-1.075990545268129],[99.19470785770535,-1.2971422891578035],[99.43845276906359,-1.5182940356422734],[99.43490466190401,-1.2971422891578035]]],[[[103.62924683054858,-4.835570845106938],[103.63900440254012,-5.056722037484403],[103.88953163974692,-5.277873781829286],[104.13007061219938,-5.277873781829286],[104.38091451486255,-5.499025533396826],[104.62148024644871,-5.499025533396826],[104.87265212510499,-5.720177289975116],[104.88351419926344,-5.941329049352183],[105.84599896230634,-5.941329049352183],[105.79363248776997,-4.835570845106938],[106.02435251024886,-4.614419006614159],[105.99671675484336,-3.950963544749906],[105.74775312944256,-3.7298117405252365],[105.72415146169658,-3.0663563708479686],[105.48384182205436,-3.0663563708479686],[104.49709805025796,-2.1817492950882293],[104.49183856745555,-1.9605975381650904],[104.24684534925336,-1.7394457851638963],[104.24258321685923,-1.5182940356422734],[103.75525951471732,-1.075990545268129],[103.51507103113092,-1.075990545268129],[103.03003568589999,-0.6336870635035381],[103.02857665226179,-0.4125353247438759],[103.26789235068905,-0.19138358680942688],[103.02749073439827,0.029768150742167817],[103.02789171827457,0.25091988835332424],[102.78873746320234,0.4720716264664013],[102.79035186102399,0.6932233655238169],[102.55017433424143,0.6932233655238169],[102.3121793788663,0.9143751059679439],[102.0719960642979,0.9143751059679439],[101.36116782578185,1.5778303400444442],[101.12095845461452,1.5778303400444442],[100.41438746655567,2.2412856025273316],[100.17414001047158,2.2412856025273316],[99.47121975374286,2.904740905361076],[99.4779490730563,3.1258926840036505],[99.24470932103361,3.347044468899223],[99.25213083149859,3.5681962604901662],[98.78714761736272,4.010499865527709],[98.54674967132584,4.010499865527709],[97.8510097640823,4.673955334359034],[97.85999231832295,4.895107175412382],[97.62867531194529,5.116258339974113],[96.66659607352459,5.116258339974113],[96.435338221288,5.337410086480983],[95.71369987765273,5.337410086480983],[95.94503664470906,5.116258339974113],[95.93603943354918,4.895107175412382],[96.16772657761713,4.673955334359034],[96.15915242487966,4.45280350265541],[98.492407817883,2.2412856025273316],[98.4873700298001,2.0201338444727868],[98.72300088526735,1.7989820904592966],[98.71886474294142,1.5778303400444442],[98.95541181769279,1.3566785927858693],[98.95225227295812,1.1355268482411554],[99.4278664860681,0.6932233655238169],[99.42631170733546,0.4720716264664013],[100.38668036940501,-0.4125353247438759],[100.38809717891996,-0.6336870635035381],[100.8729977116805,-1.075990545268129],[100.87608548709589,-1.2971422891578035],[101.11989842579204,-1.5182940356422734],[101.12401667922845,-1.7394457851638963],[101.36884910167875,-1.9605975381650904],[101.37946351473305,-2.4029010563756863],[101.62570160994653,-2.6240528224698796],[101.63209615814155,-2.8452045938131674],[101.87919722742059,-3.0663563708479686],[101.88638672557651,-3.287508154016643],[103.62924683054858,-4.835570845106938]]],[[[116.49311585873812,-1.5182940356422734],[116.73332238112792,-1.5182940356422734],[117.68078558824374,-0.6336870635035381],[117.4389200132988,-0.4125353247438759],[117.4381269601628,0.25091988835332424],[118.16427814038137,0.9143751059679439],[118.40446145494975,0.9143751059679439],[118.64206862867327,0.6932233655238169],[118.88224615545585,0.6932233655238169],[118.88482808408659,0.9143751059679439],[118.1758238074938,1.5778303400444442],[118.18088518580315,1.7989820904592966],[117.71220430460977,2.2412856025273316],[117.72606845359562,2.683589132529081],[117.49344003929018,2.904740905361076],[117.51907408480251,3.5681962604901662],[117.76881826191592,3.789348059218856],[117.77858535427522,4.010499865527709],[118.53134605494054,4.673955334359034],[118.54248582964117,4.895107175412382],[118.79441855720063,5.116258339974113],[117.4249017014947,6.443168874184523],[116.9435268416639,6.443168874184523],[116.43666847402261,6.00086535691704],[116.42438048904152,5.7797135971643865],[115.66788990388616,5.116037688232782],[115.89705061307721,4.895107175412382],[115.64571773528591,4.673955334359034],[115.63516549290956,4.45280350265541],[115.38449969631846,4.2316516798590875],[115.13420794786967,4.010499865527709],[114.88430862071647,3.789348059218856],[114.65341205579595,4.010499865527709],[114.42281611154135,4.2316516798590875],[114.67338706979697,4.45280350265541],[114.90365790392988,4.2316516798590875],[115.15427628135325,4.45280350265541],[115.16477968201012,4.673955334359034],[115.41606239188376,4.895107175412382],[115.17556828128703,4.895107175412382],[114.92431065537224,4.673955334359034],[114.44337260209647,4.673955334359034],[114.19249785824067,4.45280350265541],[113.9520532524625,4.45280350265541],[113.94197431915278,4.2316516798590875],[113.6918202716485,4.010499865527709],[113.68242960355006,3.789348059218856],[113.43304730445823,3.5681962604901662],[113.4244231857403,3.347044468899223],[112.92781090028485,2.904740905361076],[112.68751462981088,2.904740905361076],[112.43993294027973,2.683589132529081],[112.19965405331082,2.683589132529081],[111.95258166393572,2.4624373650653046],[111.71231906445139,2.4624373650653046],[111.46577044642355,2.2412856025273316],[111.45997929113094,2.0201338444727868],[111.21448216462367,1.7989820904592966],[111.20975204364173,1.5778303400444442],[110.72159085802082,1.1355268482411554],[110.48497749588753,1.3566785927858693],[110.24477821092513,1.3566785927858693],[110.00870518780515,1.5778303400444442],[109.76849581663782,1.5778303400444442],[109.52418035603797,1.3566785927858693],[109.52063794117768,1.1355268482411554],[109.27749550135017,0.9143751059679439],[109.27214588582243,-0.19138358680942688],[109.75497006730369,-0.6336870635035381],[109.75997160437744,-1.075990545268129],[110.00016008796386,-1.075990545268129],[110.24376085084309,-1.2971422891578035],[110.25735758119725,-1.9605975381650904],[110.50318757515913,-2.1817492950882293],[110.52288112428376,-2.8452045938131674],[111.0034640954266,-2.8452045938131674],[111.25127317346838,-3.0663563708479686],[111.73189245275285,-3.0663563708479686],[111.98019660065236,-3.287508154016643],[111.98859351415057,-3.5086599437616073],[112.22052540720179,-3.287508154016643],[112.70118302030063,-3.287508154016643],[112.93344065096412,-3.0663563708479686],[113.41405993024864,-3.0663563708479686],[113.66249824649836,-3.287508154016643],[114.14315585959717,-3.287508154016643],[114.64144263364652,-3.7298117405252365],[114.65082528381168,-3.950963544749906],[114.8818126202466,-3.7298117405252365],[115.12218260684672,-3.7298117405252365],[115.35347864932675,-3.5086599437616073],[115.59382758755362,-3.5086599437616073],[115.82545750544318,-3.287508154016643],[116.06578631199258,-3.287508154016643],[116.31487440223424,-3.5086599437616073],[116.32403253984727,-3.7298117405252365],[116.30611511854201,-3.287508154016643],[116.05746596631336,-3.0663563708479686],[116.28987677799763,-2.8452045938131674],[116.27548482219893,-2.4029010563756863],[116.50927710006033,-2.1817492950882293],[116.26310655384492,-1.9605975381650904],[116.25772484934912,-1.7394457851638963],[116.49311585873812,-1.5182940356422734]],[[118.02912955445552,4.2316516798590875],[117.77858535427522,4.010499865527709],[117.53818740823834,4.010499865527709],[117.30786686587267,4.2316516798590875],[116.82702507348414,4.2316516798590875],[116.5765956240909,4.010499865527709],[116.33619767805402,4.010499865527709],[116.3265634413162,3.789348059218856],[116.07694698585746,3.5681962604901662],[116.06809865204153,3.347044468899223],[115.81934880487468,3.1258926840036505],[115.8038373578444,2.683589132529081],[115.55652065620052,2.4624373650653046],[115.54997719985302,2.2412856025273316],[115.30371536856231,2.0201338444727868],[115.05801486596404,1.7989820904592966],[114.81289261115138,1.5778303400444442],[114.57268323998409,1.5778303400444442],[114.32816605528578,1.3566785927858693],[114.08425902518157,1.1355268482411554],[113.84406844181294,1.1355268482411554],[113.60756820039863,1.3566785927858693],[113.12716963047383,1.3566785927858693],[112.88330610833846,1.1355268482411554],[112.64311552496982,1.1355268482411554],[112.39987859073953,0.9143751059679439],[112.15969527617112,0.9143751059679439],[111.91709787876145,0.6932233655238169],[111.19656529841379,0.6932233655238169],[110.9546285845934,0.4720716264664013],[110.47428204804096,0.4720716264664013],[110.23585519128349,0.6932233655238169],[109.99804544505544,0.9143751059679439],[109.76082852454631,1.1355268482411554],[110.00457892596276,1.3566785927858693],[110.24120969128356,1.1355268482411554],[110.47841207419224,0.9143751059679439],[110.95877870332907,0.9143751059679439],[111.20197202475809,1.1355268482411554],[111.92254377486395,1.1355268482411554],[112.16637249062427,1.3566785927858693],[112.40657177558668,1.3566785927858693],[112.65100827064558,1.5778303400444442],[112.89121764181289,1.5778303400444442],[113.13624851529386,1.7989820904592966],[113.61669010296143,1.7989820904592966],[113.85205512648213,1.5778303400444442],[114.09226449764945,1.5778303400444442],[114.33735248446273,1.7989820904592966],[114.58301485404394,2.0201338444727868],[114.82324835888338,2.0201338444727868],[115.06948228768483,2.2412856025273316],[115.07599545723185,2.4624373650653046],[115.32327958390657,2.683589132529081],[115.33871940099766,3.1258926840036505],[115.58743038544131,3.347044468899223],[115.5962379528758,3.5681962604901662],[115.84581183444965,3.789348059218856],[115.8554017859803,4.010499865527709],[116.1057623849013,4.2316516798590875],[116.35649931024399,4.45280350265541],[116.59694391602217,4.45280350265541],[116.84806286847535,4.673955334359034],[117.3290009217511,4.673955334359034],[117.55872233913472,4.45280350265541],[117.79916694491288,4.45280350265541],[118.02912955445552,4.2316516798590875]]],[[[97.76211770993224,1.7989820904592966],[97.52189691609847,1.7989820904592966],[97.75802725827215,1.5778303400444442],[97.76211770993224,1.7989820904592966]]],[[[108.39416192801771,3.789348059218856],[108.15378612458443,3.789348059218856],[108.38560245815054,3.5681962604901662],[108.39416192801771,3.789348059218856]]],[[[115.41606239188376,4.895107175412382],[115.66788990388616,5.116037688232782],[115.66766103233337,5.116258339974113],[115.41606239188376,4.895107175412382]]],[[[103.76763755577662,1.7989820904592966],[104.01274064110768,2.0201338444727868],[103.77785185173285,2.2412856025273316],[103.78989300939915,2.683589132529081],[103.0900554538354,3.347044468899223],[103.15086275145087,4.895107175412382],[102.92011112325912,5.116258339974113],[102.93008331400534,5.337410086480983],[102.46954460077296,5.7797135971643865],[102.22894398200974,5.7797135971643865],[101.08097642039883,6.885472373721985],[100.84022749767514,6.885472373721985],[100.61125144788382,7.106624111312118],[100.62331780675478,7.3277758378339115],[100.16660001769863,7.770079248824822],[100.1795241060115,7.991230928870034],[99.9518190994125,8.212382588999198],[99.97924202522752,8.654685840661607],[99.75240288166447,8.875837427770994],[99.76694485486848,9.096988986116632],[99.52583859954146,9.096988986116632],[99.29955421323358,9.318140513486576],[99.31474359700508,9.539292007668896],[99.08907669893773,9.760443466451711],[99.13796654496137,10.423900200423159],[99.39647458418578,10.645051866134349],[99.44431516877762,11.23383325561347],[99.43199309918292,11.08735515948903],[99.17256345478805,10.866203516354522],[98.94896945694204,11.08735515948903],[98.97046960399176,11.3443528513844],[98.96725772613696,11.308506803943262],[98.70745763582158,11.08735515948903],[98.68986014311763,10.86639229107237],[98.6896387788316,10.866203516354522],[98.67223258179547,10.645051866134349],[98.89659975228368,10.423900200423159],[98.63863384767117,10.202748510815603],[98.57611298604952,9.318140513486576],[98.32030732290633,9.096988986116632],[98.27843374180217,8.433534227000356],[98.51942338996076,8.433534227000356],[98.97494125413611,7.991230928870034],[99.21585782451118,7.991230928870034],[100.35872965222775,6.885472373721985],[100.33609417749965,6.443168874184523],[100.56584170658715,6.222017116661056],[100.53456176370685,5.558561839615062],[100.76516828309957,5.337410086480983],[100.73663808373696,4.673955334359034],[100.9680445404426,4.45280350265541],[100.95924592466183,4.2316516798590875],[101.19112707773137,4.010499865527709],[101.1828878250191,3.789348059218856],[101.41532147991616,3.5681962604901662],[101.40771652073461,3.347044468899223],[101.64078139050284,3.1258926840036505],[101.63388618800855,2.904740905361076],[101.86766191364794,2.683589132529081],[102.10794080061684,2.683589132529081],[102.81157311691038,2.0201338444727868],[103.05180662174983,2.0201338444727868],[103.52305216628767,1.5778303400444442],[103.76763755577662,1.7989820904592966]],[[101.9989368415159,6.00086535691704],[102.22894398200974,5.7797135971643865],[101.9780000268226,5.558561839615062],[101.49685393911734,5.558561839615062],[101.2665415069567,5.7797135971643865],[101.03642139934878,6.00086535691704],[100.80649949707067,6.222017116661056],[101.05815646724595,6.443168874184523],[101.28781507803767,6.222017116661056],[101.51767912043232,6.00086535691704],[101.9989368415159,6.00086535691704]]],[[[81.57128504908574,6.664320627275483],[81.821062602504,6.885472373721985],[81.83034757182955,7.106624111312118],[81.59905049588272,7.3277758378339115],[81.6187349569877,7.770079248824822],[81.38803161675565,7.991230928870034],[81.3984644542938,8.212382588999198],[80.70815529345221,8.875837427770994],[80.71955068403359,9.096988986116632],[80.49008230644802,9.318140513486576],[80.46708886828496,8.875837427770994],[80.21498182784019,8.654685840661607],[80.16368903773302,7.548927551075463],[80.3949829445617,7.3277758378339115],[80.35903749451955,6.443168874184523],[80.59124509645616,6.222017116661056],[80.83190288693963,6.222017116661056],[81.08109978426579,6.443168874184523],[81.56247464409665,6.443168874184523],[81.57128504908574,6.664320627275483]]],[[[42.4289140299058,10.866203516354522],[42.66418439694453,10.645051866134349],[42.911838705862266,10.866203516354522],[42.67671513587731,11.08735515948903],[42.4289140299058,10.866203516354522]]],[[[99.45061335658656,11.308702704466903],[99.45038266049777,11.308506803943262],[99.44431516877762,11.23383325561347],[99.45061335658656,11.308702704466903]]],[[[98.9871639100443,11.53066905449396],[98.98597206926537,11.529658458122544],[98.97046960399176,11.3443528513844],[98.9871639100443,11.53066905449396]]],[[[99.28651035114412,12.193113563064486],[99.06624369799957,12.413236187751998],[98.9871639100443,11.53066905449396],[99.24678596969467,11.750810130432273],[99.28651035114412,12.193113563064486]]],[[[102.67138865741674,12.193113563064486],[102.89224852254496,11.971961829277797],[102.89263373091352,11.972286120813381],[102.67143608053884,12.193599794698182],[102.67138865741674,12.193113563064486]]],[[[99.08034091700742,12.570567694175763],[99.06521387216895,12.414265340197765],[99.06624369799957,12.413236187751998],[99.08034091700742,12.570567694175763]]],[[[41.3198740370583,13.962329699891958],[41.554023140583105,13.741177383979892],[41.78821056217758,13.520025170252786],[42.02243819066631,13.298873050305072],[42.25670785376033,13.077721015731196],[42.249070329478,12.85656905812568],[41.99970512337805,12.63541716908301],[42.234285197103354,12.414265340197765],[42.483488567758094,12.63541716908301],[42.967272012138146,12.63541716908301],[42.26451163268057,13.298873050305072],[42.27248389007885,13.520025170252786],[41.570430348997185,14.183482126394617],[41.32809582525091,14.183482126394617],[40.15835986590911,15.289240576384804],[39.91566721387574,15.289240576384804],[39.21380213440828,15.952702027580155],[39.2319851890473,16.395009787659305],[38.99810265153608,16.616163611251277],[39.02640047031948,17.27962447930898],[38.55854691332577,17.721891821221043],[38.30552460328865,17.50077779638746],[38.052721594726364,17.27962447930898],[37.80018622901341,17.05847098848661],[37.55685162389254,17.05847098848661],[37.30467143465776,16.837317355330573],[37.2959316623872,16.616163611251277],[37.04421847380018,16.395009787659305],[37.01930388088578,15.731548153914504],[36.768491030667185,15.51039432637916],[36.75297892147546,15.068086935342036],[36.98799016784658,14.846940153502823],[36.980535263062194,14.625787344794317],[37.465482138191234,14.625787344794317],[37.715625320234246,14.846940153502823],[39.413440675805504,14.846940153502823],[39.64774307627204,14.625787344794317],[40.37516338896562,14.625787344794317],[40.60927965445612,14.404634671893497],[40.843426777758395,14.183482126394617],[41.08576130150464,14.183482126394617],[41.3198740370583,13.962329699891958]]],[[[98.84703307187242,16.837317355330573],[98.81725455591162,16.616163611251277],[99.0309420724686,16.395009787659305],[98.88998165798284,15.289240576384804],[99.1058367654105,15.068086935342036],[99.02846722448425,14.404634671893497],[99.24604700060856,14.183482126394617],[99.19791818339624,13.741177383979892],[99.41673658243057,13.520025170252786],[99.39384394804463,13.298873050305072],[99.61344666204363,13.077721015731196],[99.5488813502546,12.414265340197765],[99.77006439489735,12.193113563064486],[99.73012060206214,11.750810130432273],[99.46920065561577,11.529658458122544],[99.45061335658656,11.308702704466903],[99.71081494879097,11.529658458122544],[99.87799083207312,13.298873050305072],[100.1431465742825,13.520025170252786],[100.38528323823314,13.520025170252786],[100.65112562145036,13.741177383979892],[100.8695565661344,13.520025170252786],[100.8012096025179,12.85656905812568],[101.76901355744418,12.85656905812568],[102.20905247972577,12.414265340197765],[102.45088621876862,12.414265340197765],[102.67143608053884,12.193599794698182],[102.71452739307273,12.63541716908301],[102.4948665236389,12.85656905812568],[102.51758533588078,13.077721015731196],[102.29872525221568,13.298873050305072],[102.32237654983827,13.520025170252786],[102.58873553885584,13.741177383979892],[102.61347234365108,13.962329699891958],[102.88106485680255,14.183482126394617],[103.1493227792165,14.404634671893497],[103.41825715574355,14.625787344794317],[103.66073059330805,14.625787344794317],[103.93042418751246,14.846940153502823],[104.41551428910424,14.846940153502823],[104.63062434356617,14.625787344794317],[104.87309778113071,14.625787344794317],[105.08854892261996,14.404634671893497],[105.17128986306956,15.068086935342036],[105.44268326288366,15.289240576384804],[105.50183534934821,15.731548153914504],[105.28924443480359,15.952702027580155],[105.07696996322075,16.17385591596535],[104.86498664646093,16.395009787659305],[104.65326937585068,16.616163611251277],[104.68504366196393,16.837317355330573],[104.47386803213142,17.05847098848661],[104.53908196065173,17.50077779638746],[104.32858500345084,17.721930908312082],[104.11820947104161,17.943083783673178],[103.90793130458894,18.1642363910614],[103.66416277382575,18.1642363910614],[103.38716890437485,17.943083783673178],[103.14348871548592,17.943083783673178],[102.86702959539537,17.721930908312082],[102.62343702738612,17.721930908312082],[102.41244814881911,17.943083783673178],[102.16876795993021,17.943083783673178],[101.89265932335839,17.721930908312082],[101.61701325370922,17.50077779638746],[101.34184850827899,17.27962447930898],[101.13000180255217,17.50077779638746],[100.91828905132142,17.721930908312082],[100.95036701548558,17.943083783673178],[100.7389404046677,18.1642363910614],[100.80415307178271,18.606540676283817],[101.08110722245422,18.827692291301407],[101.14763760175137,19.269994309111635],[100.90341856874456,19.269994309111635],[100.69249728015605,19.49114464909089],[100.48150719454223,19.712294501245054],[100.51492035660621,19.93344383416906],[100.30381608978696,20.154574550259117],[100.33729986110363,20.37572215091367],[100.05922960362537,20.154574550259117],[99.81464311746379,20.154574550259117],[99.53694326088657,19.93344383416906],[99.25949593510964,19.712294501245054],[98.9823238829387,19.49114464909089],[98.73801339762193,19.49114464909089],[98.46122823867633,19.269994309111635],[98.42888597155756,19.048843512713006],[98.152659557168,18.827692291301407],[98.05748656627281,18.1642363910614],[98.26988493770737,17.943083783673178],[98.23877080321972,17.721930908312082],[98.4514388211882,17.50077779638746],[98.42081188149965,17.27962447930898],[98.63383750923057,17.05847098848661],[98.84703307187242,16.837317355330573]]],[[[38.55854691332577,17.721891821221043],[38.55859164095476,17.721930908312082],[38.32455847103145,17.943083783673178],[38.55854691332577,17.721891821221043]]],[[[101.56918183333524,18.827692291301407],[101.29204736556558,18.606540676283817],[101.22647746619407,18.1642363910614],[101.4377273932634,17.943083783673178],[101.40547418733989,17.721930908312082],[101.68140758215233,17.943083783673178],[101.95778305848356,18.1642363910614],[102.2345813999034,18.385388699067796],[102.47843893592436,18.385388699067796],[102.68908865077306,18.1642363910614],[102.93285718153624,18.1642363910614],[103.21001154398733,18.385388699067796],[103.45386908000833,18.385388699067796],[103.7315188344798,18.606540676283817],[103.97546598137124,18.606540676283817],[104.18544168807125,18.385388699067796],[104.39546836611527,18.1642363910614],[104.60556984881947,17.943083783673178],[104.81577013946931,17.721930908312082],[105.0260934118088,17.50077779638746],[104.96053724237315,17.05847098848661],[105.17154454447157,16.837317355330573],[105.13960394417896,16.616163611251277],[105.35115702762698,16.395009787659305],[105.56297839744232,16.17385591596535],[105.77509327524767,15.952702027580155],[105.98752706189048,15.731548153914504],[105.92806856695037,15.289240576384804],[105.65652611088227,15.068086935342036],[105.57335545847079,14.404634671893497],[105.81575872639623,14.404634671893497],[106.031413665504,14.183482126394617],[106.30056526224709,14.404634671893497],[106.54296853017249,14.404634671893497],[106.81288528164694,14.625787344794317],[107.29783215677601,14.625787344794317],[107.38422447915055,15.289240576384804],[107.17137966504812,15.51039432637916],[107.20175634324619,15.731548153914504],[106.98971537635786,15.952702027580155],[106.7779994829962,16.17385591596535],[106.56658298054205,16.395009787659305],[106.59860764916375,16.616163611251277],[106.38779675074063,16.837317355330573],[106.1772102679775,17.05847098848661],[105.9668231673463,17.27962447930898],[106.00011631412296,17.50077779638746],[105.79014041150633,17.721930908312082],[105.58029060437518,17.943083783673178],[105.37054248916795,18.1642363910614],[105.16087183215518,18.385388699067796],[105.19520171582836,18.606540676283817],[104.98570410950248,18.827692291301407],[104.74166680406199,18.827692291301407],[104.5320848107678,19.048843512713006],[104.28795685719938,19.048843512713006],[104.07826599783323,19.269994309111635],[103.86853358927401,19.49114464909089],[103.93784019162493,19.93344383416906],[103.72802689604907,20.154574550259117],[103.79771034728033,20.596869390652536],[103.58791229620121,20.818016386700148],[103.3430472922761,20.818016386700148],[103.13316508454322,21.03916325627965],[102.92332538153917,21.260310116613503],[102.71356134011036,21.481457084924152],[102.74914999306051,21.702604278434567],[102.53973248752553,21.923751814368966],[102.57592826747711,22.144899809953344],[102.85806620987243,22.36604838241614],[102.64956890739312,22.587197648988862],[102.36699093532549,22.36604838241614],[102.12145329805202,22.36604838241614],[102.04905059949364,21.923751814368966],[102.25866171043174,21.702604278434567],[102.22326485859507,21.481457084924152],[101.94311279198479,21.260310116613503],[101.73296837707984,21.481457084924152],[101.45300649720764,21.260310116613503],[100.96290020243042,21.260310116613503],[100.92853618550805,21.03916325627965],[100.64953224909982,20.818016386700148],[100.6156773965962,20.596869390652536],[100.826657775782,20.37572215091367],[100.7929890621101,20.154574550259117],[101.00390890446604,19.93344383416906],[100.97031169831529,19.712294501245054],[101.21471395020181,19.712294501245054],[101.42542873610637,19.49114464909089],[101.63607566776498,19.269994309111635],[101.56918183333524,18.827692291301407]]],[[[109.24336426624284,19.49114464909089],[108.96264665796969,19.269994309111635],[108.89030099655078,18.827692291301407],[109.30644994451193,18.385388699067796],[109.5503074805329,18.385388699067796],[110.11048752375336,18.827692291301407],[110.14702774284122,19.048843512713006],[110.42796085601063,19.269994309111635],[110.46491669282665,19.49114464909089],[110.74640177377603,19.712294501245054],[109.76879276622994,19.712294501245054],[109.4876747515596,19.49114464909089],[109.24336426624284,19.49114464909089]]],[[[95.22715303753843,17.05847098848661],[95.11379706167874,16.17385591596535],[95.32934320569987,15.952702027580155],[95.81519204614396,15.952702027580155],[95.84280971301106,16.17385591596535],[96.38558171427036,16.616163611251277],[96.62874899843446,16.616163611251277],[96.90102954184192,16.837317355330573],[96.96029356810998,17.27962447930898],[97.2339101932955,17.50077779638746],[97.44713300590655,17.27962447930898],[97.38753042434956,16.837317355330573],[97.63078086560336,16.837317355330573],[97.84458541925511,16.616163611251277],[97.7868434498973,16.17385591596535],[98.00151182814234,15.952702027580155],[97.91921104984941,15.289240576384804],[98.13536426978504,15.068086935342036],[98.08384152932386,14.625787344794317],[98.30125742070797,14.404634671893497],[98.25266297796463,13.962329699891958],[98.47131446436916,13.741177383979892],[98.44818992662798,13.520025170252786],[98.66762362200184,13.298873050305072],[98.64540043743126,13.077721015731196],[99.08615156022245,12.63541716908301],[99.08034091700742,12.570567694175763],[99.12942354973747,13.077721015731196],[98.90969706401611,13.298873050305072],[98.93246325452927,13.520025170252786],[98.71351570404485,13.741177383979892],[98.761377953116,14.183482126394617],[98.54366068863337,14.404634671893497],[98.62060051759777,15.068086935342036],[98.40459635391613,15.289240576384804],[98.5447716913026,16.395009787659305],[98.33091998758337,16.616163611251277],[98.3605321893648,16.837317355330573],[98.14716829898883,17.05847098848661],[97.9339724437031,17.27962447930898],[97.96442737003112,17.50077779638746],[97.75158566720123,17.721930908312082],[97.78252455992951,17.943083783673178],[97.56994950474649,18.1642363910614],[97.66458494628698,18.827692291301407],[97.94063006442073,19.048843512713006],[97.97279017266266,19.269994309111635],[98.24939242698841,19.49114464909089],[98.5262891794501,19.712294501245054],[98.80346043909685,19.93344383416906],[99.04795471302677,19.93344383416906],[99.32547014514061,20.154574550259117],[99.60326298908605,20.37572215091367],[99.88136210028449,20.596869390652536],[100.12613386572174,20.596869390652536],[100.15980224124961,20.818016386700148],[100.43861865238914,21.03916325627965],[100.47279390765326,21.260310116613503],[99.98268761287603,21.260310116613503],[99.77178245101877,21.481457084924152],[99.56097615597365,21.702604278434567],[99.59564115933436,21.923751814368966],[99.38522459370789,22.144899809953344],[99.42053928804394,22.36604838241614],[99.21064083634832,22.587197648988862],[99.2467376900296,22.80834772690669],[99.03748478569413,23.029498733409092],[98.82855004286333,23.250650785740483],[98.8660152749602,23.471804001150808],[98.61996340686825,23.471804001150808],[98.41175457084398,23.692958496896175],[98.16559522453278,23.692958496896175],[97.95768438189457,23.9141143902395],[97.75020810975687,24.135271798451086],[97.78968807215193,24.35643083880927],[97.5832824272663,24.577591628601063],[97.66575963498627,25.01991630775607],[97.95517683150501,25.241083453418412],[98.04280393612123,25.683422148521174],[98.33521023701105,25.904592822680097],[98.38123471377378,26.125763797692926],[98.6757098734006,26.346934635886697],[98.72354990570086,26.56810489959117],[98.52434851880561,26.789274151147477],[98.57374151693497,27.010441952916732],[98.37581119589969,27.23160786728881],[98.42675776694087,27.452771456690883],[98.23008954767991,27.673932283596137],[97.98162346936019,27.673932283596137],[97.78535677398921,27.895089910532402],[97.53673987379256,27.895089910532402],[97.23622523440102,27.673932283596137],[97.18516925340877,27.452771456690883],[96.88678060219016,27.23160786728881],[96.5895154413442,27.010441952916732],[96.34148718189535,27.010441952916732],[96.0454767515766,26.789274151147477],[95.79758957485369,26.789274151147477],[95.20913834049882,26.346934635886697],[94.99157459268183,25.241083453418412],[94.70362078250483,25.01991630775607],[94.58528156009048,24.35643083880927],[94.3008920609008,24.135271798451086],[94.26365543172504,23.9141143902395],[93.98088633724242,23.692958496896175],[93.9449779131211,23.471804001150808],[93.6636827019057,23.250650785740483],[93.56097329106042,22.587197648988862],[93.77317363075426,22.36604838241614],[93.70745850295204,21.923751814368966],[93.42987262311438,21.702604278434567],[93.15277995056277,21.481457084924152],[92.90763170980513,21.481457084924152],[92.69414019917126,21.702604278434567],[92.48075378287243,21.923751814368966],[92.51293975789729,22.144899809953344],[92.2999478071135,22.36604838241614],[92.33278469425872,22.587197648988862],[92.12030417652977,22.80834772690669],[92.15391338219784,23.029498733409092],[91.94206025491982,23.250650785740483],[91.97656296838545,23.471804001150808],[91.69611419106468,23.250650785740483],[91.4163878746804,23.029498733409092],[91.20422206335445,23.250650785740483],[90.99235549601764,23.471804001150808],[91.06216367491147,23.9141143902395],[91.3443354475956,24.135271798451086],[91.62736785664914,24.35643083880927],[91.87386066526923,24.35643083880927],[92.1579071163498,24.577591628601063],[92.19616811625721,24.798754285122726],[91.98832683439684,25.01991630775607],[91.70271752049383,24.798754285122726],[91.20926692473041,24.798754285122726],[90.92486727295969,24.577591628601063],[90.71581632896701,24.798754285122726],[90.46909103108536,24.798754285122726],[90.2604125037827,25.01991630775607],[90.05223752797649,25.241083453418412],[89.84456725731617,25.462252212883158],[89.63739662236394,25.683422148521174],[89.67806750206778,25.904592822680097],[89.1833736314996,25.904592822680097],[88.97705565058155,26.125763797692926],[88.6886797609314,25.904592822680097],[88.64852517368661,25.683422148521174],[88.85620257592629,25.462252212883158],[89.10329374627378,25.462252212883158],[89.3113369682707,25.241083453418412],[89.51987779066233,25.01991630775607],[89.23546454167685,24.798754285122726],[88.95200352353554,24.577591628601063],[88.6694541532078,24.35643083880927],[88.91594696182791,24.35643083880927],[89.1269179876167,24.135271798451086],[89.33828349816568,23.9141143902395],[89.30385875732969,23.692958496896175],[89.51604428746589,23.471804001150808],[89.44965318796716,23.029498733409092],[89.17143513646086,22.80834772690669],[88.95796951628887,23.029498733409092],[89.023940551282,23.471804001150808],[88.81154006470732,23.692958496896175],[88.84574630480977,23.9141143902395],[88.59947770813179,23.9141143902395],[88.38777883429037,24.135271798451086],[88.17646853596759,24.35643083880927],[88.45878758617947,24.577591628601063],[88.74201394591344,24.798754285122726],[89.02618798191544,25.01991630775607],[88.77934307754198,25.01991630775607],[88.57043640856486,25.241083453418412],[88.36202023523137,25.462252212883158],[88.15408944934798,25.683422148521174],[88.19398589036324,25.904592822680097],[88.48209885778196,26.125763797692926],[88.77121977939545,26.346934635886697],[89.06135801198431,26.56810489959117],[89.26644428409573,26.346934635886697],[89.76166878879597,26.346934635886697],[89.96696923618073,26.125763797692926],[90.17276137263597,25.904592822680097],[90.13183234670261,25.683422148521174],[90.33874959801113,25.462252212883158],[90.54617123444703,25.241083453418412],[90.79313808768227,25.241083453418412],[91.00094721690304,25.01991630775607],[91.28707179415281,25.241083453418412],[91.78100550062337,25.241083453418412],[92.06838779044341,25.462252212883158],[92.27493920709388,25.241083453418412],[92.48201664314377,25.01991630775607],[92.68961871202062,24.798754285122726],[92.65112305370586,24.577591628601063],[92.36684628250947,24.35643083880927],[92.0834746009219,24.135271798451086],[91.80096946494537,23.9141143902395],[91.55470086826742,23.9141143902395],[91.48445923220154,23.471804001150808],[91.76545222044166,23.692958496896175],[92.04723806162335,23.9141143902395],[92.25777091306406,23.692958496896175],[92.46866670456937,23.471804001150808],[92.43395238263008,23.250650785740483],[92.64559705387617,23.029498733409092],[92.6117823498746,22.80834772690669],[92.82406013297938,22.587197648988862],[92.79102308166041,22.36604838241614],[93.00381724616946,22.144899809953344],[92.97143567090427,21.923751814368966],[93.21677661492022,21.923751814368966],[93.28209835620736,22.36604838241614],[93.06969785233973,22.587197648988862],[93.17179057419546,23.250650785740483],[93.4528741769372,23.471804001150808],[93.48856764462006,23.692958496896175],[93.77111823836913,23.9141143902395],[93.80813262534994,24.135271798451086],[94.09229594285023,24.35643083880927],[94.2099309737579,25.01991630775607],[94.49764088621127,25.241083453418412],[94.71391383579854,26.346934635886697],[95.00732225427141,26.56810489959117],[95.053928044685,26.789274151147477],[95.34937414409995,27.010441952916732],[95.59740240354881,27.010441952916732],[95.89409353971709,27.23160786728881],[96.14226530533536,27.23160786728881],[96.44021614528955,27.452771456690883],[96.68853384799597,27.452771456690883],[96.73929307776162,27.673932283596137],[97.03950607339928,27.895089910532402],[97.34086517959948,28.116243900090836],[96.84332482718192,28.116243900090836],[96.64767686407689,28.3373938149345],[96.39875094971505,28.3373938149345],[96.2034734435527,28.558539217807112],[94.95805282956982,28.558539217807112],[94.65626954918227,28.3373938149345],[94.40734363482044,28.3373938149345],[93.5092340596053,27.673932283596137],[93.26076798128557,27.673932283596137],[92.96376830739972,27.452771456690883],[92.46713290198687,27.452771456690883],[92.17151705544323,27.23160786728881],[91.92334528982497,27.23160786728881],[91.87697851181608,27.010441952916732],[91.58350757056436,26.789274151147477],[91.29109460284197,26.56810489959117],[89.55685503217492,26.56810489959117],[89.35252298005827,26.789274151147477],[89.14866765787875,27.010441952916732],[88.94528410240584,27.23160786728881],[88.44894057116935,27.23160786728881],[88.36097427316668,26.789274151147477],[88.56586099179374,26.56810489959117],[88.27599527469523,26.346934635886697],[87.98714206498238,26.125763797692926],[87.244706875783,26.125763797692926],[87.03793401294459,26.346934635886697],[86.29509725589418,26.346934635886697],[86.08837589084078,26.56810489959117],[85.34513036055486,26.56810489959117],[85.13844097576893,26.789274151147477],[84.89055379904605,26.789274151147477],[84.68415898779949,27.010441952916732],[84.18810246890177,27.010441952916732],[83.98184879004069,27.23160786728881],[83.23733349318589,27.23160786728881],[83.03106019914306,27.452771456690883],[82.53442479373025,27.452771456690883],[82.32826053521804,27.673932283596137],[82.07979445689831,27.673932283596137],[81.87387516140356,27.895089910532402],[81.62525826120694,27.895089910532402],[81.41957390223662,28.116243900090836],[81.17080372602783,28.116243900090836],[80.96534425928165,28.3373938149345],[80.71641834491982,28.3373938149345],[80.5111737073689,28.558539217807112],[80.26208958457232,28.558539217807112],[80.05704969353187,28.77967967154155],[79.8523676196945,29.000814739068623],[79.9901545226593,29.664183255362403],[79.49032949522228,29.664183255362403],[79.08440489174124,30.10637885705198],[78.8341434349428,30.10637885705198],[78.02537924038057,30.99072609577111],[78.07508606743788,31.21180761288858],[77.67331032628248,31.65397571206761],[77.77642036821565,32.09616143817099],[77.57675855047248,32.31726499016316],[77.32460338944125,32.31726499016316],[76.92550483814357,32.75950163424745],[76.67294203683211,32.75950163424745],[76.2741862376546,33.201788556665726],[76.02120646263371,33.201788556665726],[75.8218703883077,33.422954960057055],[75.56867866624148,33.422954960057055],[74.97089139580753,34.08656558795439],[75.02594087043775,34.30781173584841],[74.82725840167845,34.52908192328614],[74.31868755632405,34.52908192328614],[74.00969204292501,34.30781173584841],[73.95552654381035,34.08656558795439],[74.15553199595571,33.865341836639075],[74.0495283338442,33.422954960057055],[74.45131484453223,32.98063799335977],[74.70408497399315,32.98063799335977],[74.90500242765171,32.75950163424745],[75.15756522896321,32.75950163424745],[75.35844893510932,32.538377844486526],[75.55951726222267,32.31726499016316],[75.256871559676,32.09616143817099],[75.20698134991814,31.875065556090348],[74.90613404028915,31.65397571206761],[74.85764973968826,31.43289027469468],[75.06095325635413,31.21180761288858],[75.01350497890999,30.99072609577111],[74.71587362935895,30.769644092548454],[74.41923364024338,30.548559972391],[74.12358166214607,30.327472104312946],[74.07917575577258,30.10637885705198],[73.78531470044884,29.885292409626825],[73.49242916597775,29.664183255362403],[73.20051071826754,29.443066967764814],[73.15912324484754,29.22194398342558],[72.86894407451373,29.000814739068623],[72.57970539983125,28.77967967154155],[72.54048177787868,28.558539217807112],[72.25293725661766,28.3373938149345],[71.96630720630242,28.116243900090836],[71.6805822533409,27.895089910532402],[70.93473155275096,27.895089910532402],[70.72245632525843,28.116243900090836],[70.51045585608483,28.3373938149345],[70.22491597284085,28.116243900090836],[70.18888085216098,27.895089910532402],[69.90495661923222,27.673932283596137],[69.87022195570303,27.452771456690883],[70.08422991541815,27.23160786728881],[70.29851993976628,27.010441952916732],[70.51309754911775,26.789274151147477],[70.447913105486,26.346934635886697],[70.66365431699668,26.125763797692926],[70.87970042047667,25.904592822680097],[70.84883909749469,25.683422148521174],[71.06563831090845,25.462252212883158],[71.28275668209619,25.241083453418412],[71.2533548670269,25.01991630775607],[71.47124309419463,24.798754285122726],[71.44283774739601,24.577591628601063],[71.16846474117985,24.35643083880927],[70.89481887223457,24.135271798451086],[70.4020594366837,24.135271798451086],[70.12933295728423,23.9141143902395],[69.88306436060624,23.9141143902395],[69.66292028335738,24.135271798451086],[69.17016084780653,24.135271798451086],[68.89798997389438,23.9141143902395],[68.62662438678898,23.69308126126395],[69.29062264915663,23.029498733409092],[69.7823063208349,23.029498733409092],[70.0528605718137,23.250650785740483],[70.49526454935783,22.80834772690669],[70.22538995182782,22.587197648988862],[69.97975223246746,22.587197648988862],[69.71048517795482,22.36604838241614],[69.46494754068137,22.36604838241614],[69.44169780910445,22.144899809953344],[69.66404598939096,21.923751814368966],[69.64119091562031,21.702604278434567],[70.08620363146736,21.260310116613503],[70.33125677885593,21.260310116613503],[70.55364913213454,21.03916325627965],[71.53348419837239,21.03916325627965],[72.07003124540654,21.481457084924152],[72.31517948616417,21.481457084924152],[72.3869627387376,22.144899809953344],[72.65693682523641,22.36604838241614],[72.87784022700977,22.144899809953344],[72.82936475270715,21.702604278434567],[73.27189454751908,21.260310116613503],[73.20123966762556,20.596869390652536],[72.93325663911462,20.37572215091367],[72.84110195404487,19.49114464909089],[73.06244880596674,19.269994309111635],[72.99417832616018,18.606540676283817],[73.21553461340638,18.385388699067796],[73.14873629826751,17.721930908312082],[73.37034908659854,17.50077779638746],[73.3485808349769,17.27962447930898],[73.5703731817811,17.05847098848661],[73.54898718147588,16.837317355330573],[73.77102428700641,16.616163611251277],[73.75008225183521,16.395009787659305],[73.97243017304076,16.17385591596535],[73.95199422616022,15.952702027580155],[74.17471989037072,15.731548153914504],[74.15485258133846,15.51039432637916],[74.37802380261323,15.289240576384804],[74.35878812696157,15.068086935342036],[74.58247304120965,14.846940153502823],[74.545737164016,14.404634671893497],[74.77026010223565,14.183482126394617],[74.75274584065436,13.962329699891958],[74.97779421582769,13.741177383979892],[74.94442630460493,13.298873050305072],[75.17027949058115,13.077721015731196],[75.15440479697152,12.85656905812568],[75.38076278560061,12.63541716908301],[75.36550744597137,12.414265340197765],[75.59236220723571,12.193113563064486],[75.5777129941784,11.971961829277797],[75.80505629987185,11.750810130432273],[75.79099992444593,11.529658458122544],[76.01882334399838,11.308506803943262],[76.00534645049933,11.08735515948903],[76.23364134685693,10.866203516354522],[76.22073050769575,10.645051866134349],[76.44948803325815,10.423900200423159],[76.41328985059766,9.760443466451711],[76.642986217859,9.539292007668896],[76.61002606560903,8.875837427770994],[76.8510924907763,8.875837427770994],[77.08162350386417,8.654685840661607],[77.32265106724694,8.654685840661607],[77.55332400016394,8.433534227000356],[77.79431364832253,8.433534227000356],[78.29749104177976,8.875837427770994],[78.30848813076335,9.096988986116632],[78.56090570062382,9.318140513486576],[78.80205277635186,9.318140513486576],[79.05487530074689,9.539292007668896],[79.06683937540343,9.760443466451711],[79.57429880208615,10.202748510815603],[80.05694019564525,10.202748510815603],[80.08335452044408,10.645051866134349],[79.85557641653024,10.866203516354522],[79.86953558842652,11.08735515948903],[79.64226035170448,11.308506803943262],[79.71851474874238,12.414265340197765],[79.97670550721097,12.63541716908301],[80.010510613643,13.077721015731196],[80.27004202891852,13.298873050305072],[80.30622148869277,13.741177383979892],[80.08262395427111,13.962329699891958],[80.1408071495486,14.625787344794317],[79.91846415871927,14.846940153502823],[79.95995479938058,15.289240576384804],[81.28572315990866,16.395009787659305],[81.52880835049163,16.395009787659305],[82.06275262535934,16.837317355330573],[82.30600306661316,16.837317355330573],[82.57375357125326,17.05847098848661],[82.59853015311151,17.27962447930898],[82.86707238416159,17.50077779638746],[82.89243901863729,17.721930908312082],[83.70140866230868,18.385388699067796],[83.94526619832963,18.385388699067796],[84.21574708316575,18.606540676283817],[84.45969423005718,18.606540676283817],[84.48657045249901,18.827692291301407],[84.75772057172661,19.048843512713006],[84.78496239029423,19.269994309111635],[85.60076964688182,19.93344383416906],[85.84526392081173,19.93344383416906],[86.11779989241536,20.154574550259117],[86.36238637857694,20.154574550259117],[86.63527825010911,20.37572215091367],[86.87995720744831,20.37572215091367],[86.93709202929338,20.818016386700148],[86.72092772505916,21.03916325627965],[86.99487080128046,21.260310116613503],[87.024073931622,21.481457084924152],[87.57393490255384,21.923751814368966],[88.06461679058567,21.923751814368966],[88.34048110758367,22.144899809953344],[89.32223608412804,22.144899809953344],[89.59903379710539,22.36604838241614],[90.09010907165235,22.36604838241614],[90.36768293937594,22.587197648988862],[90.61332065873628,22.587197648988862],[90.89160874316772,22.80834772690669],[91.13734782984014,22.80834772690669],[91.35023381681734,22.587197648988862],[91.59587153617765,22.587197648988862],[92.02206226962508,22.144899809953344],[91.99007189484055,21.923751814368966],[92.20365191654253,21.702604278434567],[92.17218698753224,21.481457084924152],[92.38604004382958,21.260310116613503],[92.35497935592684,21.03916325627965],[92.56898711957103,20.818016386700148],[92.53820913716736,20.596869390652536],[92.7829809026046,20.596869390652536],[92.99693114092801,20.37572215091367],[93.24161009826719,20.37572215091367],[93.45539447726271,20.154574550259117],[93.6999809634243,20.154574550259117],[94.12704864549278,19.712294501245054],[93.85180369128663,19.49114464909089],[93.79045485375777,19.048843512713006],[94.0652856445535,19.269994309111635],[94.49209997556022,18.827692291301407],[94.46152725260565,18.606540676283817],[94.6749977832529,18.385388699067796],[94.64472713558843,18.1642363910614],[94.85836229326242,17.943083783673178],[94.82847485109029,17.721930908312082],[95.04235866308865,17.50077779638746],[95.01293581692376,17.27962447930898],[95.22715303753843,17.05847098848661]]],[[[40.343733868080726,24.135271798451086],[40.35686366366588,24.35643083880927],[40.123625725287305,24.577591628601063],[40.13713026321906,24.798754285122726],[39.904052011598516,25.01991630775607],[39.91796632121728,25.241083453418412],[39.685059676779744,25.462252212883158],[39.69938846415887,25.683422148521174],[37.138482537071106,28.116243900090836],[36.88971236086234,28.116243900090836],[36.18996317048837,28.77967967154155],[36.20597046231468,29.000814739068623],[35.956562478558226,29.000814739068623],[35.48943921566246,29.443020646131316],[35.48949484756561,29.443066967764814],[35.25581456704391,29.664183255362403],[35.28864995201546,30.10637885705198],[35.5558643963644,30.327472104312946],[35.322435711097576,30.548559972391],[35.05498495135423,30.327472104312946],[34.82119471200595,30.548559972391],[34.872515775237176,31.21180761288858],[35.14144371237942,31.43289027469468],[35.159420114203165,31.65397571206761],[35.42937819314241,31.875065556090348],[35.97115698031986,32.31726499016316],[35.73827331243582,32.538377844486526],[35.46684665825739,32.31726499016316],[35.233960502637245,32.537996064859406],[35.1960455038957,32.09616143817099],[34.92586422913257,31.875065556090348],[34.89007531980151,31.43289027469468],[34.62133804098022,31.21180761288858],[34.370160306723236,31.21180761288858],[34.35320244905694,30.99072609577111],[34.587270198724504,30.769644092548454],[34.554105506344094,30.327472104312946],[34.28760412482173,30.10637885705198],[33.78708121122486,30.10637885705198],[32.992076577982694,29.443066967764814],[32.97776507183743,29.22194398342558],[33.918346444895995,28.3373938149345],[33.90447024635678,28.116243900090836],[34.15324042256558,28.116243900090836],[34.16727235925783,28.3373938149345],[34.43061099000377,28.558539217807112],[34.44524950195826,28.77967967154155],[34.70952255977594,29.000814739068623],[34.72478064457698,29.22194398342558],[34.99001119364901,29.443066967764814],[35.22392795107402,29.22194398342558],[35.19298393132831,28.77967967154155],[34.928779235596885,28.558539217807112],[34.9140501023433,28.3373938149345],[35.16297601670514,28.3373938149345],[35.631131724826574,27.895089910532402],[35.61663781111131,27.673932283596137],[35.85069668492401,27.452771456690883],[35.83652626009838,27.23160786728881],[36.07062013582522,27.010441952916732],[36.056779984634424,26.789274151147477],[36.99317028655587,25.904592822680097],[36.97999198029621,25.683422148521174],[37.91660258228375,24.798754285122726],[37.90415400718508,24.577591628601063],[38.138428386084875,24.35643083880927],[38.12631640810182,24.135271798451086],[39.297918676779936,23.029498733409092],[39.27503731242456,22.587197648988862],[39.50935579331882,22.36604838241614],[39.47616153395262,21.702604278434567],[39.7104634653993,21.481457084924152],[39.68884454564213,21.03916325627965],[39.923011275671286,20.818016386700148],[39.91227956816123,20.596869390652536],[40.38012698020006,20.154574550259117],[40.36932896984882,19.93344383416906],[40.60295548234526,19.712294501245054],[40.847357734231785,19.712294501245054],[41.547072790118094,19.048843512713006],[41.53600469496789,18.827692291301407],[41.768943524057725,18.606540676283817],[41.75791246669953,18.385388699067796],[41.990724490743524,18.1642363910614],[41.979761304365354,17.943083783673178],[42.910212936551666,17.05847098848661],[43.15354754167255,17.05847098848661],[43.385932466003055,16.837317355330573],[43.13194648232628,16.616163611251277],[43.090450287664375,15.731548153914504],[43.32324273110954,15.51039432637916],[43.2757156016358,14.404634671893497],[43.5091065389673,14.183482126394617],[43.500278719901516,13.962329699891958],[43.73383429766427,13.741177383979892],[43.725303873782714,13.520025170252786],[43.95902572678037,13.298873050305072],[43.950788746832,13.077721015731196],[44.18467823933059,12.85656905812568],[44.66858021679371,12.85656905812568],[44.918834971444376,13.077721015731196],[45.88688119605675,13.077721015731196],[46.13768670490865,13.298873050305072],[46.37976014692291,13.298873050305072],[46.630943841190415,13.520025170252786],[46.87308050514106,13.520025170252786],[47.12465165312387,13.741177383979892],[47.366852892799564,13.741177383979892],[47.6188208986054,13.962329699891958],[47.86108808558795,13.962329699891958],[48.11346249014636,14.183482126394617],[48.355797013892634,14.183482126394617],[48.60858749599524,14.404634671893497],[49.09339403184608,14.404634671893497],[49.34668057885324,14.625787344794317],[49.58915401641777,14.625787344794317],[49.84287786002881,14.846940153502823],[50.32796796162058,14.846940153502823],[50.5822119841381,15.068086935342036],[50.824830108044466,15.068086935342036],[51.3346059205391,15.51039432637916],[51.57737450203697,15.51039432637916],[52.08879640617649,15.952702027580155],[52.102050633070476,16.17385591596535],[52.872699674901774,16.837317355330573],[53.115950116155595,16.837317355330573],[53.37360095674902,17.05847098848661],[53.6169355618699,17.05847098848661],[53.87500332311452,17.27962447930898],[54.848682198707664,17.27962447930898],[55.36647883359263,17.721930908312082],[55.610071401601886,17.721930908312082],[56.64971948443468,18.606540676283817],[56.66631763227999,18.827692291301407],[57.44954137908868,19.49114464909089],[57.46671086251501,19.712294501245054],[57.7284224188723,19.93344383416906],[57.745767497672176,20.154574550259117],[58.00784024142419,20.37572215091367],[58.025390210516825,20.596869390652536],[59.605067284737885,21.923751814368966],[59.643442049742845,22.36604838241614],[59.19126656242705,22.80834772690669],[58.945527475754645,22.80834772690669],[58.04162177580777,23.692958496896175],[57.795462429496574,23.692958496896175],[57.56963452670789,23.9141143902395],[57.323365930029915,23.9141143902395],[57.097554676810255,24.135271798451086],[56.85117495903482,24.135271798451086],[56.39975165803671,24.577591628601063],[56.420999923411095,24.798754285122726],[56.19581570024634,25.01991630775607],[56.24016809006025,25.462252212883158],[56.51020309167347,25.683422148521174],[56.286231238715175,25.904592822680097],[56.309907325808545,26.125763797692926],[56.038884303431075,25.904592822680097],[56.01576736733479,25.683422148521174],[54.673495877290556,24.577591628601063],[55.1265169346068,24.135271798451086],[55.37289665238224,24.135271798451086],[55.59948575328412,23.9141143902395],[55.86565608793308,24.135271798451086],[56.09202294664007,23.9141143902395],[56.07234700531821,23.692958496896175],[56.31850635162941,23.692958496896175],[56.545093963143806,23.471804001150808],[56.79114583123577,23.471804001150808],[57.01771918749206,23.250650785740483],[57.26366525134719,23.250650785740483],[57.490214528877274,23.029498733409092],[57.47109295572021,22.80834772690669],[57.6978662644503,22.587197648988862],[57.57083450448296,21.03916325627965],[57.30842655435446,20.818016386700148],[57.29107491420512,20.596869390652536],[57.02912441206744,20.37572215091367],[57.01200803918744,20.154574550259117],[56.48910185496894,19.712294501245054],[56.24469960308242,19.712294501245054],[55.72289746248231,19.269994309111635],[55.47867842947548,19.269994309111635],[54.95805649419639,18.827692291301407],[54.71401918875586,18.827692291301407],[54.698142309303286,18.606540676283817],[54.43850433979067,18.385388699067796],[54.194646803769665,18.385388699067796],[53.67641037103383,17.943083783673178],[53.4327301821449,17.943083783673178],[53.17414572150943,17.721930908312082],[53.14474416641969,17.27962447930898],[52.88693174650727,17.05847098848661],[52.657904728623116,17.27962447930898],[52.67236241242254,17.50077779638746],[52.414485009724864,17.27962447930898],[52.17106529082658,17.27962447930898],[51.9135933260238,17.05847098848661],[51.67025872090293,17.05847098848661],[51.41319702737889,16.837317355330573],[50.92669614487128,16.837317355330573],[50.67013229141424,16.616163611251277],[50.183797723086,16.616163611251277],[49.9277335746999,16.395009787659305],[49.44156319353386,16.395009787659305],[49.18600002774108,16.17385591596535],[48.942995810630336,16.17385591596535],[48.68785452306791,15.952702027580155],[48.44493010284586,15.952702027580155],[48.19021326935836,15.731548153914504],[46.00460056291808,15.731548153914504],[45.540936771079394,16.17385591596535],[45.29793255396861,16.17385591596535],[45.06602976303962,16.395009787659305],[44.822944572456606,16.395009787659305],[43.89479484828507,17.27962447930898],[43.65137512938678,17.27962447930898],[43.41914484043799,17.50077779638746],[43.67403556914888,17.721930908312082],[43.20956714455938,18.1642363910614],[43.22105768282544,18.385388699067796],[42.98867925851486,18.606540676283817],[43.00022852761101,18.827692291301407],[42.767712557960145,19.048843512713006],[42.77928871312069,19.269994309111635],[42.54660177476604,19.49114464909089],[42.558173497437394,19.712294501245054],[42.09223238333113,20.154574550259117],[42.10370801437701,20.37572215091367],[41.87045369165913,20.596869390652536],[41.8819313070722,20.818016386700148],[41.41498538700161,21.260310116613503],[41.42650115070269,21.481457084924152],[41.19287052315323,21.702604278434567],[41.240139067307325,22.587197648988862],[41.00657414866885,22.80834772690669],[41.018811527654016,23.029498733409092],[40.78527897305381,23.250650785740483],[40.79777440525865,23.471804001150808],[40.56430818771283,23.692958496896175],[40.57710135592811,23.9141143902395],[40.343733868080726,24.135271798451086]],[[56.132403415353046,24.35643083880927],[56.39975165803671,24.577591628601063],[56.625389032593255,24.35643083880927],[56.35841552348396,24.135271798451086],[56.132403415353046,24.35643083880927]]],[[[68.40545278053844,23.9141143902395],[68.6264736671892,23.692958496896175],[68.62662438678898,23.69308126126395],[68.40545278053844,23.9141143902395]]],[[[56.110806169309974,26.56810489959117],[56.383528475912364,26.789274151147477],[56.13564129918945,26.789274151147477],[55.86305765921467,26.56810489959117],[56.110806169309974,26.56810489959117]]],[[[91.2255443884548,27.452771456690883],[89.4873204695099,27.452771456690883],[89.44162763364237,27.23160786728881],[89.64472417677645,27.010441952916732],[91.38092199291837,27.010441952916732],[91.42700175858843,27.23160786728881],[91.2255443884548,27.452771456690883]]],[[[83.04798741101213,28.77967967154155],[82.845263424772,29.000814739068623],[82.59585544101554,29.000814739068623],[82.39334841504241,29.22194398342558],[82.14377476179389,29.22194398342558],[81.94147466180775,29.443066967764814],[81.69173283484945,29.443066967764814],[81.48962960497045,29.664183255362403],[80.48997955009636,29.664183255362403],[80.35118358720743,29.000814739068623],[80.6005915709639,29.000814739068623],[80.8047841229019,28.77967967154155],[81.05402893269193,28.77967967154155],[81.25842607575859,28.558539217807112],[81.50751019855517,28.558539217807112],[81.71212200236717,28.3373938149345],[81.96104791672896,28.3373938149345],[82.165884430863,28.116243900090836],[82.41465460707182,28.116243900090836],[82.61972586199354,27.895089910532402],[83.1169596623868,27.895089910532402],[83.32212484849688,27.673932283596137],[84.06752308345607,27.673932283596137],[84.27264871267516,27.452771456690883],[84.769284118088,27.452771456690883],[84.97453585251372,27.23160786728881],[85.22270761813196,27.23160786728881],[85.42824376614601,27.010441952916732],[86.17232854449257,27.010441952916732],[86.37787685938342,26.789274151147477],[87.12153838955216,26.789274151147477],[87.32711844131727,26.56810489959117],[88.07036397160314,26.56810489959117],[87.86519991972085,26.789274151147477],[87.95259703993281,27.23160786728881],[87.74909655056497,27.452771456690883],[87.00414344244574,27.452771456690883],[86.80064994497292,27.673932283596137],[86.5521838666532,27.673932283596137],[86.34897936494329,27.895089910532402],[85.60312866435332,27.895089910532402],[85.39989672157733,28.116243900090836],[84.65358619295095,28.116243900090836],[84.45030706034726,28.3373938149345],[83.95245523162362,28.3373938149345],[83.74926730372428,28.558539217807112],[83.50018318092769,28.558539217807112],[83.29723222080212,28.77967967154155],[83.04798741101213,28.77967967154155]]],[[[50.554598816719874,30.10637885705198],[51.00030293131079,29.664183255362403],[50.97348811897965,29.443066967764814],[51.19664175897867,29.22194398342558],[51.17044948770207,29.000814739068623],[51.39389656767958,28.77967967154155],[51.36833134017039,28.558539217807112],[51.592086364585846,28.3373938149345],[51.567152757181226,28.116243900090836],[51.79123023760885,27.895089910532402],[52.03984713780551,27.895089910532402],[52.2638650585323,27.673932283596137],[52.512331136852026,27.673932283596137],[52.736300468960316,27.452771456690883],[52.98461817166674,27.452771456690883],[53.20854985337655,27.23160786728881],[53.45672161899478,27.23160786728881],[53.68062655669345,27.010441952916732],[53.92865481614231,27.010441952916732],[54.15254388540625,26.789274151147477],[55.14409259229785,26.789274151147477],[55.4168243728354,27.010441952916732],[55.912880891733074,27.010441952916732],[56.18661104079564,27.23160786728881],[56.68295457203217,27.23160786728881],[56.46106600955656,27.452771456690883],[55.467795198730904,27.452771456690883],[55.24545799836892,27.673932283596137],[53.75466152845061,27.673932283596137],[53.53154853898539,27.895089910532402],[53.28293163878877,27.895089910532402],[52.836715936394995,28.3373938149345],[52.587790022033154,28.3373938149345],[51.69578906547568,29.22194398342558],[51.72271359985452,29.443066967764814],[51.055121730316756,30.10637885705198],[50.804860273518315,30.10637885705198],[50.58224774666894,30.327472104312946],[50.08136830165881,30.327472104312946],[50.30433735992143,30.10637885705198],[50.554598816719874,30.10637885705198]]],[[[47.27622811505702,29.885292409626825],[47.50152773925149,29.664183255362403],[48.00135276668851,29.664183255362403],[47.7763995600644,29.885292409626825],[47.27622811505702,29.885292409626825]]],[[[50.08136830165881,30.327472104312946],[49.85842468475436,30.548559972391],[49.60780418520854,30.548559972391],[49.83092857915373,30.327472104312946],[50.08136830165881,30.327472104312946]]],[[[35.78917286561234,30.10637885705198],[35.77228487988701,29.885292409626825],[35.80630411886948,30.327472104312946],[36.07429720973499,30.548559972391],[36.223312141351066,32.31726499016316],[35.97115698031986,32.31726499016316],[36.20386502731155,32.09616143817099],[36.12840444652208,31.21180761288858],[35.85913957979224,30.99072609577111],[35.823676710189204,30.548559972391],[35.5558643963644,30.327472104312946],[35.78917286561234,30.10637885705198]]],[[[35.644180497535245,31.43289027469468],[35.37487124375115,31.21180761288858],[35.35740896261997,30.99093035329294],[35.62604897800814,31.21180761288858],[35.66254307529288,31.65397571206761],[35.644180497535245,31.43289027469468]]],[[[46.58965899253111,32.538377844486526],[46.36540587945433,32.75950163424745],[45.860280276831354,32.75950163424745],[45.67315834828736,31.21180761288858],[46.34973769111307,30.548559972391],[46.60035819065889,30.548559972391],[46.8256519090928,30.327472104312946],[47.827410799113096,30.327472104312946],[48.05198424873554,30.10637885705198],[48.552507162332425,30.10637885705198],[48.82916968913343,30.327472104312946],[49.07960941163847,30.327472104312946],[49.35718368566273,30.548559972391],[49.106563186116915,30.548559972391],[48.88308517088804,30.769644092548454],[48.63228139944656,30.769644092548454],[48.60532218702533,30.548559972391],[48.32829024412326,30.327472104312946],[48.1040811879337,30.548559972391],[48.13067385656362,30.769644092548454],[47.682580222343226,31.21180761288858],[47.73749414144558,31.65397571206761],[47.51371332937808,31.875065556090348],[47.54183466573995,32.09616143817099],[47.28987978488598,32.09616143817099],[46.84201679904497,32.538377844486526],[46.58965899253111,32.538377844486526]]],[[[59.946535645272306,25.462252212883158],[60.16924828650919,25.241083453418412],[61.15711569945025,25.241083453418412],[61.4290826673571,25.462252212883158],[61.676173837704575,25.462252212883158],[61.701778197229416,25.683422148521174],[61.97521075024932,25.904592822680097],[62.196213921568095,25.683422148521174],[62.17035617839953,25.462252212883158],[63.405812030136886,25.462252212883158],[63.62678423180292,25.241083453418412],[64.86161849797925,25.241083453418412],[65.13545022256916,25.462252212883158],[65.38254139291664,25.462252212883158],[65.65726399193875,25.683422148521174],[66.15169971627739,25.683422148521174],[66.3709060743065,25.462252212883158],[66.61799724465399,25.462252212883158],[66.83735332386138,25.241083453418412],[67.08432017709666,25.241083453418412],[67.52363832808746,24.798754285122726],[67.49711024854766,24.577591628601063],[67.71756542049829,24.35643083880927],[67.69188254115392,24.135271798451086],[67.93826225892936,24.135271798451086],[68.1591841838605,23.9141143902395],[68.40545278053844,23.9141143902395],[68.67740141225565,24.135271798451086],[68.95002946359885,24.35643083880927],[69.22336602929383,24.577591628601063],[69.71658196664985,24.577591628601063],[69.9360006980793,24.35643083880927],[70.18249350669942,24.35643083880927],[70.45640587268393,24.577591628601063],[70.94962181003996,24.577591628601063],[70.97779249843123,24.798754285122726],[70.75966505827998,25.01991630775607],[70.78882297562564,25.241083453418412],[70.57145597021352,25.462252212883158],[70.35440337315605,25.683422148521174],[70.3850065499085,25.904592822680097],[70.16869752419709,26.125763797692926],[69.95268860078572,26.346934635886697],[70.01732319567192,26.789274151147477],[69.8024634208686,27.010441952916732],[69.58788638418163,27.23160786728881],[69.37358655029018,27.452771456690883],[69.40802446259276,27.673932283596137],[69.6916470517677,27.895089910532402],[69.72737562042327,28.116243900090836],[70.0126040273612,28.3373938149345],[70.29872467270958,28.558539217807112],[70.5857469215111,28.77967967154155],[70.79689291830272,28.558539217807112],[71.0083076848085,28.3373938149345],[71.75508542789399,28.3373938149345],[72.04231353228558,28.558539217807112],[72.08121578025124,28.77967967154155],[72.37012810700084,29.000814739068623],[72.65997593835051,29.22194398342558],[72.70102706435095,29.443066967764814],[72.9926041385407,29.664183255362403],[73.28514325544141,29.885292409626825],[73.57865284217573,30.10637885705198],[73.62270221713594,30.327472104312946],[73.91799264115178,30.548559972391],[74.21426608647602,30.769644092548454],[74.51152593533153,30.99072609577111],[74.55859778784016,31.21180761288858],[74.35491295453245,31.43289027469468],[74.40301107919942,31.65397571206761],[74.7034673859083,31.875065556090348],[74.75296179796806,32.09616143817099],[75.0552069401602,32.31726499016316],[74.80305177912896,32.31726499016316],[74.60137551556777,32.538377844486526],[74.34901770905395,32.538377844486526],[74.14731402371729,32.75950163424745],[73.8947512224058,32.75950163424745],[73.69300445614934,32.98063799335977],[73.74438848744597,33.201788556665726],[73.54314488971174,33.422954960057055],[73.64828708202893,33.865341836639075],[73.44784411781178,34.08656558795439],[73.50156762916866,34.30781173584841],[73.81011671096965,34.52908192328614],[74.119652909478,34.75037779501436],[74.43017891507063,34.97170099768483],[74.93965582759267,34.97170099768483],[74.14839251704232,35.857332517373514],[74.26570369177088,36.300357919812924],[74.58167498901939,36.521933592157275],[74.7032393126882,36.96522249702237],[74.44634745033103,36.96522249702237],[74.12884590142038,36.743554341814004],[73.35891827568227,36.743554341814004],[73.04329969123997,36.521933592157275],[72.27411204235027,36.521933592157275],[71.96033730277689,36.300357919812924],[71.64764370677388,36.078825001245065],[71.59168018142448,35.857332517373514],[71.79171487731772,35.63587815332727],[71.9918301453937,35.41445959819942],[71.88279435246045,34.97170099768483],[71.57454446489913,34.75037779501436],[71.26726248419779,34.52908192328614],[71.46906997414314,34.30781173584841],[71.36568496935848,33.865341836639075],[71.06137942714028,33.64413884059647],[70.04775560840783,33.64413884059647],[70.25165250285097,33.422954960057055],[70.45565141217477,33.201788556665726],[70.40699277315692,32.98063799335977],[70.10630920273357,32.75950163424745],[69.80657719180472,32.538377844486526],[69.5542193852909,32.538377844486526],[69.41657076380521,31.875065556090348],[69.12021998775765,31.65397571206761],[68.82480831781857,31.43289027469468],[67.81933474750696,31.43289027469468],[67.5256212286447,31.21180761288858],[67.23282980344426,30.99072609577111],[66.73085075986585,30.99072609577111],[66.61038998699382,30.327472104312946],[66.32107059502117,30.10637885705198],[66.03265730283422,29.885292409626825],[65.74514124070356,29.664183255362403],[65.49522872698506,29.664183255362403],[65.20877225560224,29.443066967764814],[64.20980494776909,29.443066967764814],[63.924898074652674,29.22194398342558],[62.677029808410126,29.22194398342558],[62.46161215906103,29.443066967764814],[61.71238667818618,29.443066967764814],[61.678735195416095,29.22194398342558],[61.894992789229654,29.000814739068623],[62.11142338865043,28.77967967154155],[62.3280327432194,28.558539217807112],[62.544826596506326,28.3373938149345],[62.761810686577014,28.116243900090836],[62.978990746458116,27.895089910532402],[62.917326279923365,27.452771456690883],[63.13542047810689,27.23160786728881],[63.10570041574967,27.010441952916732],[62.828595070707784,26.789274151147477],[62.55226743178768,26.56810489959117],[62.276708777931766,26.346934635886697],[62.00191044300384,26.125763797692926],[61.7814842732315,26.346934635886697],[62.05677041159707,26.56810489959117],[62.332820717262,26.789274151147477],[62.609643896852,27.010441952916732],[62.6390769468704,27.23160786728881],[62.42069087451055,27.452771456690883],[62.48175694606483,27.895089910532402],[62.264270334159406,28.116243900090836],[62.04697476778265,28.3373938149345],[61.82986449762625,28.558539217807112],[61.612933769070416,28.77967967154155],[61.396176821716764,29.000814739068623],[61.17958788891906,29.22194398342558],[61.21290302426958,29.443066967764814],[60.996803480051646,29.664183255362403],[61.13634716431563,30.548559972391],[61.423273742961285,30.769644092548454],[61.49735560647715,31.21180761288858],[61.246177872220166,31.21180761288858],[61.03238814790356,31.43289027469468],[60.81869112977767,31.65397571206761],[60.85683337563829,31.875065556090348],[60.64348847014608,32.09616143817099],[60.682362761380205,32.31726499016316],[60.46933835079252,32.538377844486526],[60.548957724179616,32.98063799335977],[60.3364604113403,33.201788556665726],[60.41832933044971,33.64413884059647],[60.20629686296963,33.865341836639075],[60.29033287150291,34.30781173584841],[60.58727473175578,34.52908192328614],[60.630578153209946,34.75037779501436],[60.9290407332368,34.97170099768483],[61.01821821131974,35.41445959819942],[61.31889699146448,35.63587815332727],[61.109159605391156,35.857332517373514],[61.15532172535319,36.078825001245065],[60.9458089998056,36.300357919812924],[60.99269319196791,36.521933592157275],[60.78343372196035,36.743554341814004],[60.270148638134955,36.743554341814004],[60.060403158329905,36.96522249702237],[59.80351129597273,36.96522249702237],[59.593525300478646,37.18694039097415],[59.33638139093393,37.18694039097415],[59.126153398000895,37.4087103620642],[58.61135589903509,37.4087103620642],[58.40062640760765,37.630534754142545],[57.88531350968693,37.630534754142545],[57.6740745410496,37.852415916768145],[57.15824038991199,37.852415916768145],[56.94648343404149,38.07435620546422],[56.430122038589666,38.07435620546422],[56.12657208763673,37.852415916768145],[55.610737936499085,37.852415916768145],[55.3087490200834,37.630534754142545],[55.05109257112303,37.630534754142545],[54.75037465679163,37.4087103620642],[54.450647109584544,37.18694039097415],[53.93635929049511,37.18694039097415],[53.894998461757986,36.96522249702237],[53.30081670307087,36.521933592157275],[53.044420820107625,36.521933592157275],[52.74895072782698,36.300357919812924],[52.49279890682764,36.300357919812924],[52.19846149731117,36.078825001245065],[51.94255120508139,36.078825001245065],[51.72434344382965,36.300357919812924],[51.468191622830304,36.300357919812924],[51.24964963936496,36.521933592157275],[50.99325375640176,36.521933592157275],[50.77437458736533,36.743554341814004],[50.517732045452625,36.743554341814004],[50.2985123887577,36.96522249702237],[50.04162052640053,36.96522249702237],[49.82205673777985,37.18694039097415],[49.56491282823514,37.18694039097415],[49.34500091765072,37.4087103620642],[49.08760216816782,37.4087103620642],[48.646976896141055,37.852415916768145],[48.68470110681257,38.07435620546422],[48.46441650648695,38.29635798197553],[48.502758079656026,38.518423614527386],[48.28256498853411,38.74055547808651],[48.06228508162325,38.962755954624214],[48.10146486413782,39.18502743338126],[47.84191866696787,39.18502743338126],[47.62146589582127,39.40737231113534],[47.361636617153174,39.40737231113534],[47.063280075457925,39.18502743338126],[46.80373387828794,39.18502743338126],[46.50668583906688,38.962755954624214],[46.21064311214455,38.74055547808651],[45.174682173949776,38.74055547808651],[44.95108659651048,38.962755954624214],[44.72736430092815,39.18502743338126],[44.50351455180419,39.40737231113534],[44.24368527313609,39.40737231113534],[43.94872570941824,39.18502743338126],[44.173286975232266,38.962755954624214],[44.39771147030367,38.74055547808651],[44.363282773628896,38.518423614527386],[44.58770573600972,38.29635798197553],[44.52030368703998,37.852415916768145],[44.744834612708885,37.630534754142545],[44.711823426958546,37.4087103620642],[44.42203463734102,37.18694039097415],[44.19702592799273,37.4087103620642],[44.22952171478817,37.630534754142545],[44.00446953590234,37.852415916768145],[44.07081096661275,38.29635798197553],[43.84584836037552,38.518423614527386],[43.8797310012063,38.74055547808651],[43.65475389438015,38.962755954624214],[43.42963331507828,39.18502743338126],[43.72402671579993,39.40737231113534],[44.019420583999775,39.62979299247044],[43.759304724187515,39.62979299247044],[43.534616867157844,39.852291890048875],[43.30978973388686,40.074852504327374],[43.084817461945796,40.29751344559711],[42.85968155816847,40.520259241591],[42.89596686416976,40.743091852588734],[42.67075736802312,40.966013246325545],[42.707556371393856,41.18902539817913],[42.183110732964735,41.18902539817913],[41.95713989809871,41.41213029135836],[41.69460211687088,41.41213029135836],[41.46824902514345,41.63514377882626],[41.16952655441522,41.41213029135836],[41.13421945610654,41.18902539817913],[40.541539270223694,40.743091852588734],[39.49512700624763,40.743091852588734],[39.20150392581988,40.520259241591],[38.41760871888802,40.520259241591],[38.187111676277624,40.743091852588734],[37.40230247829558,40.743091852588734],[37.170621619636414,40.966013246325545],[36.90871039352279,40.966013246325545],[36.676431529459194,41.18902539817913],[36.41420871024464,41.18902539817913],[36.18130871108661,41.41213029135836],[35.91877092985877,41.41213029135836],[35.68522705577138,41.63532991709402],[34.633802866007215,41.63532991709402],[34.39862825507531,41.858626274831494],[32.81956294026418,41.858626274831494],[32.53095448647896,41.63532991709402],[32.26809843903792,41.63532991709402],[31.69419796438273,41.18902539817913],[31.431975145168174,41.18902539817913],[31.146663419022424,40.966013246325545],[30.62284096679514,40.966013246325545],[30.38308386830998,41.18902539817913],[29.071969772237225,41.18902539817913],[29.313284836226877,40.966013246325545],[29.29260743248136,40.743091852588734],[29.01086623570594,40.520259241591],[27.965672626463487,40.520259241591],[27.685976883826342,40.29751344559711],[26.641987692089433,40.29751344559711],[26.364301747121466,40.074852504327374],[26.331542116766407,39.62979299247044],[26.591657976578666,39.62979299247044],[27.320961847538,38.962755954624214],[27.304355990089775,38.74055547808651],[27.029229929640334,38.518423614527386],[26.511795516386968,38.518423614527386],[26.75483619181452,38.29635798197553],[27.013283576512976,38.29635798197553],[27.49777669949811,37.852415916768145],[27.481852532365167,37.630534754142545],[27.72350596108719,37.4087103620642],[27.707680516935195,37.18694039097415],[27.43513663897019,36.96522249702237],[27.692028501327357,36.96522249702237],[27.964824426479908,37.18694039097415],[28.44647344096105,36.743554341814004],[28.95975852478645,36.743554341814004],[29.439135016887718,36.300357919812924],[29.951438658886396,36.300357919812924],[30.225187236379696,36.521933592157275],[30.242971234349916,36.743554341814004],[30.517838987256127,36.96522249702237],[31.545406436684807,36.96522249702237],[31.782826485826043,36.743554341814004],[32.03946902773875,36.743554341814004],[32.512956868879726,36.300357919812924],[33.79371597387639,36.300357919812924],[34.628108784970756,36.96522249702237],[35.14189250968509,36.96522249702237],[35.37582207260374,36.743554341814004],[35.632464614516444,36.743554341814004],[35.91256809675657,36.96522249702237],[36.37868842749734,36.521933592157275],[36.09908236287038,36.300357919812924],[36.35523418386972,36.300357919812924],[36.58793367129502,36.078825001245065],[36.30904994989775,35.857332517373514],[36.053378716335956,35.857332517373514],[35.96467201965731,34.97170099768483],[36.47414893217932,34.97170099768483],[36.70655877416846,34.75037779501436],[36.68444500009991,34.52908192328614],[36.40848542495328,34.30781173584841],[36.17587415474555,34.52908192328614],[35.92158873206836,34.52908192328614],[35.87934459391635,34.08656558795439],[35.60491853752142,33.865341836639075],[35.56438657977966,33.422954960057055],[35.79742223431675,33.201788556665726],[35.52471490754496,32.98063799335977],[35.757768224372114,32.75950163424745],[35.73827331243582,32.538377844486526],[36.0103310256836,32.75950163424745],[36.515456628306545,32.75950163424745],[37.887520650191874,33.865341836639075],[37.91007429791068,34.08656558795439],[38.46444295884026,34.52908192328614],[38.48813468537369,34.75037779501436],[39.60695747201262,35.63587815332727],[39.86239205459441,35.63587815332727],[40.144118453324545,35.857332517373514],[40.39978968688633,35.857332517373514],[40.96596696185769,36.300357919812924],[41.22211878285703,36.300357919812924],[41.250210203798815,36.521933592157275],[42.10773945143868,37.18694039097415],[42.62202727052811,37.18694039097415],[42.848648380399965,36.96522249702237],[43.61932396747147,36.96522249702237],[43.87621582982861,36.96522249702237],[44.1016684976353,36.743554341814004],[44.6149535814607,36.743554341814004],[44.646891416900125,36.96522249702237],[44.93632245643045,37.18694039097415],[45.160675141614426,36.96522249702237],[45.12823866528607,36.743554341814004],[45.35254433121056,36.521933592157275],[47.147315511953224,36.521933592157275],[47.592076237175235,36.078825001245065],[47.333160320715336,34.30781173584841],[47.55604039188384,34.08656558795439],[47.52517401480045,33.865341836639075],[48.193431210338936,33.201788556665726],[48.44641098535981,33.201788556665726],[49.55747371257166,32.09616143817099],[50.061383474279594,32.09616143817099],[50.50467042743888,31.65397571206761],[50.75623190798374,31.65397571206761],[50.97765244478738,31.43289027469468],[51.2290208373653,31.43289027469468],[51.45024623619795,31.21180761288858],[51.7014239704549,31.21180761288858],[52.14353419962707,30.769644092548454],[52.394337971068545,30.769644092548454],[52.615250179758206,30.548559972391],[52.865870679304024,30.548559972391],[53.08664497171971,30.327472104312946],[53.33708469422479,30.327472104312946],[53.557736298301094,30.10637885705198],[53.80799775509949,30.10637885705198],[54.02854262265681,29.885292409626825],[54.27862834516051,29.885292409626825],[54.4990781233701,29.664183255362403],[54.748990637088625,29.664183255362403],[54.96935735031229,29.443066967764814],[55.718582831187184,29.443066967764814],[55.93854117070037,29.22194398342558],[56.43768847719736,29.22194398342558],[56.71755013902034,29.443066967764814],[56.811135236680705,30.10637885705198],[56.592801086790764,30.327472104312946],[56.62517817249112,30.548559972391],[55.97144545282359,31.21180761288858],[55.7202677185666,31.21180761288858],[55.50228351118965,31.43289027469468],[55.250915118611736,31.43289027469468],[55.03277707724617,31.65397571206761],[54.78121559670132,31.65397571206761],[54.56290882551554,31.875065556090348],[54.31115184351062,31.875065556090348],[54.092661567943,32.09616143817099],[53.84070668708907,32.09616143817099],[53.62201825250582,32.31726499016316],[53.369863091474585,32.31726499016316],[53.15096196189104,32.538377844486526],[52.898604155377186,32.538377844486526],[52.67947591224137,32.75950163424745],[52.42691311092988,32.75950163424745],[51.98812783565187,33.201788556665726],[51.73514806063103,33.201788556665726],[51.51546506995115,33.422954960057055],[51.26227334788493,33.422954960057055],[50.82226595532442,33.865341836639075],[50.56864349836106,33.865341836639075],[50.127844596375404,34.30781173584841],[50.161572401990995,34.52908192328614],[50.739502482796205,34.97170099768483],[50.99424093905719,34.97170099768483],[51.28462143421944,35.193074544803046],[55.10914529394829,35.193074544803046],[55.324794695494475,34.97170099768483],[56.34374852053853,34.97170099768483],[56.55840464188375,34.75037779501436],[56.812915486341645,34.75037779501436],[57.027278814275114,34.52908192328614],[57.28156423695231,34.52908192328614],[59.20754931822329,32.538377844486526],[59.45990712473715,32.538377844486526],[59.67374211725529,32.31726499016316],[59.56088372705342,31.65397571206761],[59.775546185014036,31.43289027469468],[59.7391114666783,31.21180761288858],[59.95413367155699,30.99072609577111],[59.8832446665866,30.548559972391],[60.09895720186183,30.327472104312946],[60.06453417506033,30.10637885705198],[60.280685685249225,29.885292409626825],[60.24706593889609,29.664183255362403],[60.46367754339472,29.443066967764814],[60.27410892448906,28.116243900090836],[60.49282174449164,27.895089910532402],[60.463245643082985,27.673932283596137],[60.682466955565616,27.452771456690883],[60.6254178212612,27.010441952916732],[60.349723303478804,26.789274151147477],[60.32253084093003,26.56810489959117],[60.04819850678062,26.346934635886697],[58.31491274032971,26.346934635886697],[58.09279425007233,26.56810489959117],[57.84504573997706,26.56810489959117],[57.62296435952687,26.789274151147477],[57.37507718280396,26.789274151147477],[56.931126337650404,27.23160786728881],[56.68295457203217,27.23160786728881],[57.79477770420733,26.125763797692926],[57.77031285041974,25.904592822680097],[57.993510264689434,25.683422148521174],[58.48794598902812,25.683422148521174],[58.71107979353495,25.462252212883158],[59.946535645272306,25.462252212883158]],[[41.88043718264664,37.4087103620642],[42.10773945143868,37.18694039097415],[41.82108093097132,36.96522249702237],[41.05040534389983,36.96522249702237],[40.7653154527703,36.743554341814004],[39.99538782703224,36.743554341814004],[39.71183490601939,36.521933592157275],[39.199043140092904,36.521933592157275],[38.968817659381436,36.743554341814004],[37.68560494981801,36.743554341814004],[37.404271959350275,36.521933592157275],[36.89148019342379,36.521933592157275],[36.65903478216721,36.743554341814004],[36.94013554618522,36.96522249702237],[37.453919270899554,36.96522249702237],[37.73629298917871,37.18694039097415],[39.022012536902196,37.18694039097415],[39.25216230739968,36.96522249702237],[39.76594603211402,36.96522249702237],[40.05058817508105,37.18694039097415],[40.82201990371515,37.18694039097415],[41.10824093419795,37.4087103620642],[41.88043718264664,37.4087103620642]],[[36.03025516646689,32.98063799335977],[35.79742223431675,33.201788556665726],[35.817578301845884,33.422954960057055],[36.09135768087132,33.64413884059647],[36.112163451448204,33.865341836639075],[36.38702701991492,34.08656558795439],[36.61940836537495,33.865341836639075],[36.59816959023752,33.64413884059647],[36.32396174597829,33.422954960057055],[36.30338178435845,33.201788556665726],[36.03025516646689,32.98063799335977]]],[[[54.53577967320234,37.630534754142545],[54.83698670979265,37.852415916768145],[55.13921854996014,38.07435620546422],[55.39739924768605,38.07435620546422],[55.70094327804442,38.29635798197553],[56.2178380474414,38.29635798197553],[56.522991485083544,38.518423614527386],[57.04042589833695,38.518423614527386],[57.251627586235315,38.29635798197553],[57.76852235563226,38.29635798197553],[57.979206224945095,38.07435620546422],[58.49556762039692,38.07435620546422],[58.70574284332486,37.852415916768145],[59.2215769944625,37.852415916768145],[59.43125220344907,37.630534754142545],[59.688908652409424,37.630534754142545],[59.89834964644959,37.4087103620642],[60.15574839593249,37.4087103620642],[60.36495702911275,37.18694039097415],[60.87924484820217,37.18694039097415],[61.08797060775855,36.96522249702237],[61.296718805785716,36.743554341814004],[61.505484957894396,36.521933592157275],[61.458112641804284,36.300357919812924],[61.667142309812746,36.078825001245065],[61.620502072514746,35.857332517373514],[61.31889699146448,35.63587815332727],[61.52861876639296,35.41445959819942],[61.43851764575885,34.97170099768483],[61.139599842125726,34.75037779501436],[61.095845577110175,34.52908192328614],[60.798457285259275,34.30781173584841],[60.713541776896385,33.865341836639075],[60.92514123981594,33.64413884059647],[60.84241996138204,33.201788556665726],[61.05449798310155,32.98063799335977],[60.97405396382022,32.538377844486526],[61.18667308344268,32.31726499016316],[61.14739823185403,32.09616143817099],[61.36034733964809,31.875065556090348],[61.32181409086734,31.65397571206761],[61.5733755714122,31.65397571206761],[61.78649332563726,31.43289027469468],[61.99971107499113,31.21180761288858],[61.924881285844236,30.769644092548454],[61.63758816340726,30.548559972391],[61.49662850748871,29.664183255362403],[61.781200020271406,29.885292409626825],[62.53145718778248,29.885292409626825],[62.74619107608131,29.664183255362403],[63.995753644673925,29.664183255362403],[64.28205724530837,29.885292409626825],[65.28240013532314,29.885292409626825],[65.57028622462587,30.10637885705198],[65.82054768142429,30.10637885705198],[66.10951054198365,30.327472104312946],[66.2288717162874,30.99072609577111],[66.52091029161677,31.21180761288858],[66.81386117719535,31.43289027469468],[67.31659796235112,31.43289027469468],[67.61085110448855,31.65397571206761],[67.90602887177575,31.875065556090348],[68.91305679979538,31.875065556090348],[69.09605799748765,32.75950163424745],[69.39591225531309,32.98063799335977],[69.90145251423499,32.98063799335977],[69.94969186213304,33.201788556665726],[69.74526905871856,33.422954960057055],[70.04775560840783,33.64413884059647],[69.84395022757822,33.865341836639075],[70.14790834882095,34.08656558795439],[70.90943198781885,34.08656558795439],[70.96094556038679,34.30781173584841],[71.26726248419779,34.52908192328614],[71.06552277598337,34.75037779501436],[71.37331743993846,34.97170099768483],[71.48142959032052,35.41445959819942],[71.28084571215416,35.63587815332727],[71.08033771430088,35.857332517373514],[71.13582312231432,36.078825001245065],[71.44803366077825,36.300357919812924],[71.76132027642382,36.521933592157275],[72.07570556611881,36.743554341814004],[72.39121255147373,36.96522249702237],[73.16188813854521,36.96522249702237],[73.47929641589269,37.18694039097415],[74.25072814452683,37.18694039097415],[74.57007836697484,37.4087103620642],[74.3753262431496,37.630534754142545],[74.05528086800906,37.4087103620642],[73.54048336904324,37.4087103620642],[73.222152506348,37.18694039097415],[72.45072077771388,37.18694039097415],[72.13432068911655,36.96522249702237],[71.87742882675943,36.96522249702237],[71.67928904907978,37.18694039097415],[71.48129337318007,37.4087103620642],[71.6015966217657,37.852415916768145],[71.4046025066921,38.07435620546422],[71.1464218089662,38.07435620546422],[70.94933897525483,38.29635798197553],[70.69089159055635,38.29635798197553],[70.3718797157885,38.07435620546422],[70.31201124392162,37.852415916768145],[69.99516661082356,37.630534754142545],[69.67950212679975,37.4087103620642],[69.36499386317745,37.18694039097415],[69.10784995363272,37.18694039097415],[68.79472647847345,36.96522249702237],[68.53783461611627,36.96522249702237],[68.22606743742841,36.743554341814004],[67.71278235360305,36.743554341814004],[67.51026716668763,36.96522249702237],[67.25337530433046,36.96522249702237],[67.0506986772751,37.18694039097415],[66.79355476773038,37.18694039097415],[66.59071713300497,37.4087103620642],[65.81852088455629,37.4087103620642],[65.50783522000685,37.18694039097415],[65.25069131046214,37.18694039097415],[64.94134854311599,36.96522249702237],[64.8897143925634,36.743554341814004],[64.5822355534532,36.521933592157275],[64.53193449379626,36.300357919812924],[64.22624523211047,36.078825001245065],[63.92154317457083,35.857332517373514],[63.66587194100903,35.857332517373514],[63.617808234700554,35.63587815332727],[63.31502070914917,35.41445959819942],[63.013161270721206,35.193074544803046],[62.712209927063924,34.97170099768483],[62.4574714708029,34.97170099768483],[62.248256498775454,35.193074544803046],[61.99328824146019,35.193074544803046],[61.783819043929576,35.41445959819942],[62.085200739209824,35.63587815332727],[62.340635321791616,35.63587815332727],[62.549419876539375,35.41445959819942],[62.804620154075984,35.41445959819942],[63.10693906953696,35.63587815332727],[63.15452947388544,35.857332517373514],[63.45851435542113,36.078825001245065],[63.763479030798266,36.300357919812924],[64.0196308517976,36.300357919812924],[64.06944378752675,36.521933592157275],[64.37642930873804,36.743554341814004],[64.42756481840169,36.96522249702237],[64.73640349137273,37.18694039097415],[65.04632463610757,37.4087103620642],[65.3573505295372,37.630534754142545],[65.61500697849756,37.630534754142545],[65.92742095925175,37.852415916768145],[66.44325511038936,37.852415916768145],[66.24098855217403,38.07435620546422],[65.98280785444814,38.07435620546422],[65.78039128128519,38.29635798197553],[65.5219438965867,38.29635798197553],[65.31937651039117,38.518423614527386],[64.8019420971378,38.518423614527386],[64.59894976510192,38.74055547808651],[64.33995953055323,38.74055547808651],[64.13681058803932,38.962755954624214],[63.87754404761325,38.962755954624214],[63.67423669433634,39.18502743338126],[63.41469049716636,39.18502743338126],[63.21122261590659,39.40737231113534],[62.9513933372385,39.40737231113534],[62.74776249048217,39.62979299247044],[62.54425607362841,39.852291890048875],[62.601576057281356,40.074852504327374],[62.39861750907865,40.29751344559711],[62.45706173146449,40.520259241591],[62.052188100433355,40.966013246325545],[61.266454422092416,40.966013246325545],[61.06315371641239,41.18902539817913],[60.80093089719783,41.18902539817913],[60.597322365274046,41.41213029135836],[60.393695515228494,41.63532991709402],[60.190028396990314,41.858626274831494],[59.98629919332419,42.082021372425565],[59.7227969631025,42.082021372425565],[59.51865620405291,42.305517226337244],[58.19950613465659,42.305517226337244],[57.878281351550726,42.082021372425565],[57.55825287230511,41.858626274831494],[57.23942294593608,41.63532991709402],[56.92179342808455,41.41213029135836],[56.605365789765045,41.18902539817913],[55.81869733212137,41.18902539817913],[55.60910452194544,41.41213029135836],[55.92514270873091,41.63532991709402],[55.71601000502548,41.858626274831494],[55.399430613848864,41.63532991709402],[55.13657456640782,41.63532991709402],[54.9264773476199,41.858626274831494],[54.7162545888905,42.082021372425565],[54.50588594034688,42.305517226337244],[54.24205592646761,42.305517226337244],[54.031190360720096,42.52911586183285],[53.76702952486249,42.52911586183285],[54.400122242682876,41.858626274831494],[54.34800642408474,41.63532991709402],[54.980584995364765,40.966013246325545],[54.356811259835446,40.520259241591],[54.09551285752486,40.520259241591],[53.785706677249124,40.29751344559711],[53.52470937931489,40.29751344559711],[53.311617650593,40.520259241591],[53.05031924828241,40.520259241591],[53.26371208138066,40.29751344559711],[53.21638271076511,40.074852504327374],[53.43004549518361,39.852291890048875],[53.38359153724095,39.62979299247044],[54.239340383154094,38.74055547808651],[54.106495759056536,38.07435620546422],[54.321152558655,37.852415916768145],[54.27812322424198,37.630534754142545],[54.53577967320234,37.630534754142545]]],[[[70.8772486024922,39.852291890048875],[70.68327032789253,40.074852504327374],[70.42257051271152,40.074852504327374],[70.22853644710548,40.29751344559711],[70.5573122030935,40.520259241591],[70.36428879354058,40.743091852588734],[69.57947959555852,40.743091852588734],[69.51211859385104,40.520259241591],[69.18454725536856,40.29751344559711],[69.11907143680648,40.074852504327374],[68.79400047027626,39.852291890048875],[68.47031140635177,39.62979299247044],[68.14797891060027,39.40737231113534],[67.88814963193218,39.40737231113534],[67.82697584905591,39.18502743338126],[68.02580869443031,38.962755954624214],[67.96582281423495,38.74055547808651],[68.16526578328482,38.518423614527386],[68.10641774357153,38.29635798197553],[68.36486512827001,38.29635798197553],[68.56461483170715,38.07435620546422],[68.50659171493987,37.852415916768145],[68.1915714681011,37.630534754142545],[68.13510962990239,37.4087103620642],[67.8221304059092,37.18694039097415],[68.3364182249986,37.18694039097415],[68.64990712886816,37.4087103620642],[68.90730587835107,37.4087103620642],[69.22219726394252,37.630534754142545],[69.47985371290288,37.630534754142545],[69.79617709278396,37.852415916768145],[69.85551832033667,38.07435620546422],[70.17399682115935,38.29635798197553],[70.49372064292507,38.518423614527386],[70.81471539427062,38.74055547808651],[71.07370562881933,38.74055547808651],[71.26987226280514,38.518423614527386],[71.52858946943184,38.518423614527386],[71.72468112935026,38.29635798197553],[71.92096390214394,38.07435620546422],[72.11743077290335,37.852415916768145],[71.99609087214588,37.4087103620642],[72.25348962162876,37.4087103620642],[72.5717311004271,37.630534754142545],[73.34470044730816,37.630534754142545],[73.66493322631621,37.852415916768145],[74.18076737745386,37.852415916768145],[74.3753262431496,37.630534754142545],[74.43868445302267,37.852415916768145],[74.24459018167707,38.07435620546422],[74.37447874232551,38.518423614527386],[74.1157615356988,38.518423614527386],[73.92259820885495,38.74055547808651],[73.72967258380375,38.962755954624214],[73.53699218679537,39.18502743338126],[73.34456448396206,39.40737231113534],[73.01789979245541,39.18502743338126],[72.69260642209949,38.962755954624214],[72.17407334124736,38.962755954624214],[71.97971500377552,39.18502743338126],[71.72016880660554,39.18502743338126],[71.52575953328542,39.40737231113534],[70.74627169728117,39.40737231113534],[70.5512382848498,39.62979299247044],[70.8772486024922,39.852291890048875]],[[70.03471539847229,40.520259241591],[70.22853644710548,40.29751344559711],[69.90117088234953,40.074852504327374],[70.09603055291124,39.852291890048875],[70.0310065652253,39.62979299247044],[69.70695458260882,39.40737231113534],[69.51077484560078,39.62979299247044],[69.57521851985723,39.852291890048875],[69.3797712519875,40.074852504327374],[69.706541851237,40.29751344559711],[70.03471539847229,40.520259241591]]],[[[47.7766052380589,41.63532991709402],[47.47043330388294,41.41213029135836],[47.20789552265512,41.41213029135836],[46.98803709573581,41.63532991709402],[46.72518104829477,41.63532991709402],[46.42028217897166,41.41213029135836],[46.116453021183005,41.18902539817913],[45.813692081386925,40.966013246325545],[45.55178085527331,40.966013246325545],[45.32978456353936,41.18902539817913],[45.027958403045986,40.966013246325545],[44.766047176932325,40.966013246325545],[44.54311610589569,41.18902539817913],[44.018670467466606,41.18902539817913],[43.71840227247772,40.966013246325545],[43.19457982025044,40.966013246325545],[43.41917299615775,40.743091852588734],[43.38227836278968,40.520259241591],[43.60681205781423,40.29751344559711],[43.83118936424889,40.074852504327374],[44.091889179429906,40.074852504327374],[44.315834916738815,39.852291890048875],[44.576240933265815,39.852291890048875],[44.799768163436525,39.62979299247044],[45.02317310914037,39.40737231113534],[45.24645669526812,39.18502743338126],[45.50600289243807,39.18502743338126],[45.80266094514463,39.40737231113534],[46.02509528677803,39.18502743338126],[46.284641483948015,39.18502743338126],[46.582148781148916,39.40737231113534],[46.880695041934565,39.62979299247044],[47.140810901746825,39.62979299247044],[47.44070711506276,39.852291890048875],[47.70111313158976,39.852291890048875],[47.92115848118361,39.62979299247044],[48.18127434099584,39.62979299247044],[48.400953731825524,39.40737231113534],[48.62055725847779,39.18502743338126],[48.5808181624754,38.962755954624214],[48.800545457631515,38.74055547808651],[48.92061228916172,39.40737231113534],[49.22173778024485,39.62979299247044],[49.26354923075169,39.852291890048875],[49.56658529823102,40.074852504327374],[49.7843612638057,39.852291890048875],[49.82728511341204,40.074852504327374],[49.60974991030147,40.29751344559711],[49.34875261236723,40.29751344559711],[49.1308432136232,40.520259241591],[49.17444044802595,40.743091852588734],[48.956626794750775,40.966013246325545],[49.00090403254307,41.18902539817913],[48.564857180168026,41.63510012345552],[48.25804664756643,41.41213029135836],[47.995508866338604,41.41213029135836],[47.7766052380589,41.63532991709402]],[[45.25039445811583,40.743091852588734],[45.55178085527331,40.966013246325545],[45.77360059010382,40.743091852588734],[45.7339639835852,40.520259241591],[45.95578773922228,40.29751344559711],[46.21678503715652,40.29751344559711],[46.43818751605896,40.074852504327374],[46.659489065481786,39.852291890048875],[46.360463322310075,39.62979299247044],[46.138677032427786,39.852291890048875],[45.878271015900786,39.852291890048875],[45.656088070515914,40.074852504327374],[45.433793143353846,40.29751344559711],[45.21136717896399,40.520259241591],[45.25039445811583,40.743091852588734]],[[45.35745898284682,39.852291890048875],[45.58011574287328,39.62979299247044],[45.28300238780847,39.40737231113534],[45.05988402324879,39.62979299247044],[45.35745898284682,39.852291890048875]]],[[[74.69956891250105,38.74055547808651],[74.89191315557888,38.518423614527386],[74.76095157712885,38.07435620546422],[74.95451860416028,37.852415916768145],[74.89063914107028,37.630534754142545],[74.57007836697484,37.4087103620642],[74.82747711645774,37.4087103620642],[75.02215987316094,37.18694039097415],[75.21243567972911,37.852415916768145],[75.5354936703066,38.07435620546422],[75.60139189982749,38.29635798197553],[78.24356496814171,40.074852504327374],[78.50426478332272,40.074852504327374],[79.18015947934376,40.520259241591],[79.44145788165437,40.520259241591],[79.78199916932483,40.743091852588734],[79.8621514761617,40.966013246325545],[80.2054195190746,41.18902539817913],[80.97514740126132,43.20054884680897],[80.88649800449093,42.97662962387765],[80.53409307376168,42.75281931318531],[80.36122730051481,42.305517226337244],[80.0124686901722,42.082021372425565],[79.83356727275627,42.305517226337244],[79.48546422972885,42.082021372425565],[79.66516727966082,41.858626274831494],[79.31933093098289,41.63532991709402],[78.97496705122155,41.41213029135836],[78.63208260378728,41.18902539817913],[78.29068411947978,40.966013246325545],[78.02877289336615,40.966013246325545],[77.68917464137279,40.743091852588734],[77.42757157537878,40.743091852588734],[77.08977226085885,40.520259241591],[76.82847385854824,40.520259241591],[76.49247159752696,40.29751344559711],[76.23147429959272,40.29751344559711],[75.89726663151266,40.074852504327374],[75.63656681633164,40.074852504327374],[75.44848240579002,40.29751344559711],[75.1874851078558,40.29751344559711],[74.85446737078864,40.074852504327374],[74.59376755560764,40.074852504327374],[74.26252681734312,39.852291890048875],[74.00212080081612,39.852291890048875],[73.67262860259687,39.62979299247044],[73.86422304129822,39.40737231113534],[74.05608458113531,39.18502743338126],[74.24820566465588,38.962755954624214],[74.50747220508197,38.962755954624214],[74.69956891250105,38.74055547808651]]],[[[62.27866419907932,43.64872228931766],[62.078534492689286,43.87298066366087],[61.54612312427426,43.87298066366087],[61.34507602352582,44.09735626020403],[61.07852021173719,44.09735626020403],[60.876876833279134,44.321851182101874],[60.076151615286875,44.321851182101874],[59.74574115279408,44.09735626020403],[58.94607371742822,44.09735626020403],[58.53685889978649,44.54646754321361],[58.72571769793022,45.22108153947509],[58.18903375662382,45.22108153947509],[57.85843555483905,44.99607309338572],[56.786514654116026,44.99607309338572],[56.45845627848707,44.771207468327056],[55.92321489831248,44.771207468327056],[55.86422498932206,44.54646754321361],[56.07252552532546,44.321851182101874],[55.9558037559167,43.87298066366087],[56.163927944837525,43.64872228931766],[55.99235388208329,42.97662962387765],[56.200587317925475,42.75281931318531],[56.088866023622444,42.305517226337244],[56.29726797022062,42.082021372425565],[56.2423651099625,41.858626274831494],[55.92514270873091,41.63532991709402],[56.71371085105403,41.63532991709402],[57.031897767368086,41.858626274831494],[57.35127689110735,42.082021372425565],[57.67184610689804,42.305517226337244],[57.993602898584015,42.52911586183285],[58.316544340172136,42.75281931318531],[59.639017479076266,42.75281931318531],[59.84272874958717,42.52911586183285],[60.10688958544477,42.52911586183285],[60.31014624569069,42.305517226337244],[60.51330365376757,42.082021372425565],[60.71638350192737,41.858626274831494],[60.91940761011054,41.63532991709402],[61.18226365755158,41.63532991709402],[61.3849357089575,41.41213029135836],[62.17254905264096,41.41213029135836],[62.374267812485144,41.18902539817913],[62.6364906316997,41.18902539817913],[62.83792177877434,40.966013246325545],[62.77779987971435,40.743091852588734],[62.979658536085736,40.520259241591],[62.92061210494712,40.29751344559711],[63.12297568764334,40.074852504327374],[63.06506810668238,39.852291890048875],[63.325474123209375,39.852291890048875],[63.52811006991892,39.62979299247044],[63.788225929731176,39.62979299247044],[63.99071045191084,39.40737231113534],[64.25053973057894,39.40737231113534],[64.45287528584625,39.18502743338126],[64.71242148301623,39.18502743338126],[64.91461020931754,38.962755954624214],[65.43314329016965,38.962755954624214],[65.63491070329671,38.74055547808651],[65.8939009378454,38.74055547808651],[66.09552813027128,38.518423614527386],[66.35424533689795,38.518423614527386],[66.55573343538063,38.29635798197553],[66.75734994762584,38.07435620546422],[66.959089261527,37.852415916768145],[66.90328922329932,37.630534754142545],[67.16094567225969,37.630534754142545],[67.36291338145367,37.4087103620642],[67.62031213093657,37.4087103620642],[67.67625857018038,37.630534754142545],[67.99075756380226,37.852415916768145],[68.1915714681011,37.630534754142545],[67.79007273852945,38.07435620546422],[67.58952297417454,38.29635798197553],[67.64783137003141,38.518423614527386],[67.44784234513759,38.74055547808651],[67.5072756135782,38.962755954624214],[67.30788345471598,39.18502743338126],[67.36849107459602,39.40737231113534],[67.689963826915,39.62979299247044],[68.01278242069526,39.852291890048875],[68.27318843722226,39.852291890048875],[68.5976718064445,40.074852504327374],[68.66255265950011,40.29751344559711],[68.98952178922984,40.520259241591],[69.05627346357053,40.743091852588734],[69.3857024316156,40.966013246325545],[69.71650675049256,41.18902539817913],[70.50317520813623,41.18902539817913],[70.69525856218387,40.966013246325545],[70.88749492552857,40.743091852588734],[70.5573122030935,40.520259241591],[70.81861060540412,40.520259241591],[71.01152834090816,40.29751344559711],[71.2725256388424,40.29751344559711],[71.60250581233598,40.520259241591],[71.86380421464656,40.520259241591],[72.1955102554986,40.743091852588734],[72.52863714497944,40.966013246325545],[72.26672591886579,40.966013246325545],[72.0765121234235,41.18902539817913],[71.28984366577987,41.18902539817913],[70.95716978829752,40.966013246325545],[70.76539802735074,41.18902539817913],[70.57375805193126,41.41213029135836],[70.9079374128698,41.63532991709402],[71.09883361438689,41.41213029135836],[71.43364950775188,41.63532991709402],[72.22221765007497,41.63532991709402],[72.411522520526,41.41213029135836],[72.67406030175383,41.41213029135836],[72.86318058106717,41.18902539817913],[73.05245959720676,40.966013246325545],[72.71871638748664,40.743091852588734],[72.38640101926781,40.520259241591],[72.05551753264507,40.29751344559711],[71.72606958861654,40.074852504327374],[71.46536977343557,40.074852504327374],[71.1376546190192,39.852291890048875],[71.65846665207317,39.852291890048875],[71.85181758391107,39.62979299247044],[72.11193344372333,39.62979299247044],[72.30524736928972,39.40737231113534],[72.82490592662587,39.40737231113534],[73.15239688297234,39.62979299247044],[73.48130876776214,39.852291890048875],[73.81166811006463,40.074852504327374],[74.14349591611887,40.29751344559711],[74.4044932140531,40.29751344559711],[74.73808664006333,40.520259241591],[74.99938504237396,40.520259241591],[75.33474704742672,40.743091852588734],[75.5963501134207,40.743091852588734],[75.78328024930578,40.520259241591],[76.0445786516164,40.520259241591],[76.38115931140275,40.743091852588734],[76.64276237739676,40.743091852588734],[76.98112798891151,40.966013246325545],[77.24303921502518,40.966013246325545],[77.58319132692908,41.18902539817913],[77.84541414614364,41.18902539817913],[78.18735370753811,41.41213029135836],[78.4498914887659,41.41213029135836],[78.7936188361008,41.63532991709402],[79.1388121747238,41.858626274831494],[79.48546422972885,42.082021372425565],[79.30590724499777,42.305517226337244],[79.04207723111848,42.305517226337244],[78.862308931334,42.52911586183285],[78.59814809547643,42.52911586183285],[78.41813605151506,42.75281931318531],[77.36015754039177,42.75281931318531],[77.01318308033085,42.52911586183285],[76.22070057275805,42.52911586183285],[76.03768440148761,42.75281931318531],[75.2442005181451,42.75281931318531],[75.06020895456572,42.97662962387765],[74.7953776341146,42.97662962387765],[74.45071663480263,42.75281931318531],[74.1862220070218,42.75281931318531],[73.8432530500397,42.52911586183285],[73.50164693965395,42.305517226337244],[72.44632688413685,42.305517226337244],[72.25828803489415,42.52911586183285],[71.20164469146374,42.52911586183285],[71.12717681474054,42.305517226337244],[70.78989063241326,42.082021372425565],[70.45395294326264,41.858626274831494],[70.11936927054671,41.63532991709402],[69.78614470824778,41.41213029135836],[69.52360692701996,41.41213029135836],[69.19206111206347,41.18902539817913],[68.86187997938832,40.966013246325545],[68.59996875327467,40.966013246325545],[68.27146426558849,40.743091852588734],[68.00986119959451,40.743091852588734],[67.81423507493372,40.966013246325545],[67.55232384882005,40.966013246325545],[67.3565013775616,41.18902539817913],[66.83205573913251,41.18902539817913],[66.63569133351395,41.41213029135836],[66.3731535522861,41.41213029135836],[66.17652855893121,41.63532991709402],[65.97993455129776,41.858626274831494],[65.78334825820126,42.082021372425565],[65.58674652327599,42.305517226337244],[65.39010630259666,42.52911586183285],[65.45789929025447,42.75281931318531],[65.26145009787335,42.97662962387765],[65.0648967721251,43.20054884680897],[64.86821662760916,43.42457904450276],[62.74411161198541,43.42457904450276],[62.54452229708985,43.64872228931766],[62.27866419907932,43.64872228931766]]],[[[48.565173380381985,41.63532991709402],[48.34703853590691,41.858626274831494],[48.346355953337465,41.858626274831494],[48.564857180168026,41.63510012345552],[48.565173380381985,41.63532991709402]]],[[[41.767599724193886,41.858626274831494],[41.468060099474094,41.63532991709402],[41.46824902514345,41.63514377882626],[41.767599724193886,41.858626274831494]]],[[[52.87173897733872,42.082021372425565],[53.18673587095056,42.305517226337244],[52.92290585707128,42.305517226337244],[52.87173897733872,42.082021372425565]]],[[[53.50286868900492,42.52911586183285],[53.18673587095056,42.305517226337244],[53.45056588482983,42.305517226337244],[53.76702952486249,42.52911586183285],[53.50286868900492,42.52911586183285]]],[[[88.20470846917556,49.069006773840144],[87.92975099760356,49.069006773840144],[87.53872613406486,48.841287599440456],[87.26418904490264,48.841287599440456],[87.10487858288762,49.069006773840144],[86.71511486657816,48.841287599440456],[86.32747407393151,48.61375867578964],[85.94189563426167,48.386416120808526],[85.72249295070947,47.932274736845166],[85.88696087897425,47.705468289759665],[85.6732232419937,47.25236504813613],[85.29650420400522,47.02606079890111],[84.92148385258908,46.79991653717813],[84.65053810508317,46.79991653717813],[84.27754653577888,46.57392859898241],[84.00698141488648,46.57392859898241],[83.83770086256551,46.79991653717813],[83.56675511505964,46.79991653717813],[83.19528605220918,46.57392859898241],[82.82540022133855,46.3480933444613],[82.62907271546945,45.89686644376137],[82.2629189316233,45.67146763267748],[81.89817082059079,45.44620717419558],[81.53478520345149,45.22108153947509],[81.2664432327983,45.22108153947509],[80.90473492038326,44.99607309338572],[80.63675469520254,44.99607309338572],[80.2766976962551,44.771207468327056],[80.45245696559486,44.54646754321361],[80.36119047109133,44.321851182101874],[80.53709447230669,44.09735626020403],[80.71293238721455,43.87298066366087],[80.88873105981526,43.64872228931766],[80.79900424478713,43.42457904450276],[80.97514740126132,43.20054884680897],[81.33003049869308,43.42457904450276],[81.69573250107847,44.321851182101874],[82.0560373118735,44.54646754321361],[82.244636046287,44.99607309338572],[82.60815308606426,45.22108153947509],[82.87649505671746,45.22108153947509],[83.97627975802754,45.89686644376137],[84.24572116653916,45.89686644376137],[84.9869011692662,46.3480933444613],[85.25708878775716,46.3480933444613],[85.35980701934861,46.57392859898241],[85.73432109510672,46.79991653717813],[85.83916349524469,47.02606079890111],[86.21665717173879,47.25236504813613],[86.32380061485644,47.47883297366776],[87.08699786383258,47.932274736845166],[88.17860179433107,47.932274736845166],[88.4515027769557,47.932274736845166],[88.83796286454437,48.15925608223023],[89.65787346170804,48.15925608223023],[89.81600769007883,47.932274736845166],[90.08890867270341,47.932274736845166],[90.20448052648378,48.15925608223023],[89.89105251894556,48.61375867578964],[89.61693110009831,48.61375867578964],[89.4604857582004,48.841287599440456],[89.18594866903817,48.841287599440456],[88.87374103725189,49.29692011164956],[88.5983582967812,49.29692011164956],[88.20470846917556,49.069006773840144]],[[88.40528823836918,48.386416120808526],[88.01805226738072,48.15925608223023],[87.85786765967862,48.386416120808526],[87.69808116816765,48.61375867578964],[88.08780031238928,48.841287599440456],[88.24632400586214,48.61375867578964],[88.40528823836918,48.386416120808526]]],[[[29.60085632352078,63.985098471591485],[29.86726867558857,63.736247881769984],[29.821311541430546,63.48791933876557],[30.08624012648449,63.24010453469116],[30.396683792402094,63.24010453469116],[30.65972166274635,62.99279529923635],[30.921669397378395,62.74598359595003],[30.56626744221205,62.499661518642974],[30.520208738370826,62.253821287905595],[30.167951181985146,62.00845524773602],[29.817606735620444,61.76355586227456],[29.46914952420775,61.51911571264012],[29.42699421066279,61.27512749386451],[29.081516737087924,61.03158401192108],[28.73785803505249,60.788478180843754],[28.43484849530047,60.788478180843754],[28.093689336671986,60.54580301993338],[27.79138497140967,60.54580301993338],[27.525819876044476,60.788478180843754],[28.05589970049362,60.303551651047655],[28.96071723505166,60.303551651047655],[29.22212189291492,60.06171729597173],[28.882072959290326,59.82030008028887],[28.281615907159505,59.82030008028887],[27.944655141347432,59.579279223537064],[27.645105590306713,59.579279223537064],[27.609391371834597,59.33865681089018],[27.275802151986774,59.098427103671455],[27.538966715348607,58.85858444059114],[27.469858758594423,58.38003797783734],[27.731398245789446,58.14132322651251],[27.697014340955214,57.90297361264979],[27.368610732675137,57.664983835763906],[27.62921174558396,57.42734866262329],[27.59578707577287,57.19006292571367],[27.855165142969383,56.953121521741124],[27.82175903310977,56.71651941017368],[28.07994881080314,56.480251611820044],[28.04657270534591,56.244313207443994],[28.918633894696946,56.244313207443994],[29.173901358651953,56.00869933641387],[30.62438992985691,56.00869933641387],[30.87589855225039,55.7734051953853],[31.126608468991456,55.53842603701665],[31.08817018371594,55.30375716871591],[31.33788977459014,55.06939395141792],[31.58684717824714,54.83535107604993],[31.548377099171447,54.60158491978302],[31.796403497885933,54.368110710039275],[31.75813125367049,54.13492395310379],[32.329289612128306,54.13492395310379],[32.57535384721879,53.90202020377985],[32.82073871978367,53.669395064304894],[32.78148785166648,53.43704418329124],[32.45919141775954,53.20496325469138],[32.1383375528716,52.97314801678634],[31.572476094965822,52.97314801678634],[31.500895750205757,52.510297781918624],[32.06471495962072,52.510297781918624],[32.383745673447784,52.74159425119728],[33.230997935188185,52.74159425119728],[33.4742629831581,52.510297781918624],[33.75617258786554,52.510297781918624],[33.99834966652267,52.27925447437294],[34.239964119683606,52.04846023448637],[34.481033502444184,51.81791100778406],[34.72157539792819,51.58760277850525],[34.682154062807065,51.35753156873702],[34.9616074182814,51.35753156873702],[35.20114720578148,51.127693437566464],[35.480125962159256,51.127693437566464],[35.71872216879857,50.89808448025056],[35.997231903535784,50.89808448025056],[36.23491341317402,50.66870082740324],[37.069052318768314,50.66870082740324],[37.3049324171143,50.439538644199196],[38.41528629289317,50.439538644199196],[38.64896422257891,50.210594129593666],[39.203236716696516,50.210594129593666],[39.43566969514956,49.9818647074368],[39.667773703646766,49.75334508576745],[39.89955003661668,49.52503155689504],[39.85561323346952,49.29692011164956],[40.08715094407783,49.069006773840144],[40.31834679816252,48.841287599440456],[40.27507570759624,48.61375867578964],[39.958567024254585,48.386416120808526],[39.643327034725495,48.15925608223023],[39.37002350233764,48.15925608223023],[39.056424921898795,47.932274736845166],[39.32932590452343,47.932274736845166],[39.56153969857605,47.705468289759665],[38.93790528391333,47.25236504813613],[38.666188319040764,47.25236504813613],[38.89913480302606,47.02606079890111],[38.28147598406665,46.57392859898241],[38.244443170331316,46.3480933444613],[38.47751571054616,46.122407157237234],[37.86597004359726,45.67146763267748],[37.058752791087706,45.67146763267748],[37.02427153906249,45.44620717419558],[37.49193844110226,44.99607309338572],[37.75991866628299,44.99607309338572],[38.22484118025679,44.54646754321361],[38.492104571303244,44.54646754321361],[38.7234791354927,44.321851182101874],[38.9903875414901,44.321851182101874],[39.22094364507006,44.09735626020403],[39.487499456858686,44.09735626020403],[39.94658396619616,43.64872228931766],[40.21244206420668,43.64872228931766],[40.441008947936254,43.42457904450276],[40.70652207488922,43.42457904450276],[40.93434998460187,43.20054884680897],[41.19952082842078,43.20054884680897],[41.65338278997994,42.75281931318531],[41.578215260262894,42.305517226337244],[41.804645308027986,42.082021372425565],[41.767599724193886,41.858626274831494],[42.03077727666241,41.858626274831494],[42.25662824179718,41.63532991709402],[42.78234033667927,41.63532991709402],[43.007291023009984,41.41213029135836],[43.79490436669344,41.41213029135836],[44.09662057388444,41.63532991709402],[44.62233266876648,41.63532991709402],[44.84505549160473,41.41213029135836],[45.10759327283255,41.41213029135836],[45.32978456353936,41.18902539817913],[45.63266883528821,41.41213029135836],[45.895206616516,41.41213029135836],[46.19946895341269,41.63532991709402],[46.504795668627246,41.858626274831494],[46.24161811615872,41.858626274831494],[46.02068099157492,42.082021372425565],[45.757178761353266,42.082021372425565],[45.535665468451874,42.305517226337244],[45.271835454572596,42.305517226337244],[45.04972194156186,42.52911586183285],[44.25723943398909,42.52911586183285],[44.03383444000739,42.75281931318531],[43.769339812226555,42.75281931318531],[43.54528182087947,42.97662962387765],[43.28045050042831,42.97662962387765],[43.055716735153354,43.20054884680897],[42.52537504751547,43.20054884680897],[42.22112521862373,42.97662962387765],[41.95629389817258,42.97662962387765],[41.72986251605867,43.20054884680897],[41.464691672239724,43.20054884680897],[41.23754832879514,43.42457904450276],[40.9720352018422,43.42457904450276],[40.74415826022772,43.64872228931766],[41.04828544029648,43.87298066366087],[41.31449112450396,43.87298066366087],[41.541732554259255,43.64872228931766],[41.80759065226977,43.64872228931766],[42.03408770965407,43.42457904450276],[42.29960083660704,43.42457904450276],[42.6051649463013,43.64872228931766],[43.136881142322345,43.64872228931766],[43.36165334441889,43.42457904450276],[43.627166471371865,43.42457904450276],[43.851229266610154,43.20054884680897],[44.1164001104291,43.20054884680897],[44.339775782232884,42.97662962387765],[45.13426974358631,42.97662962387765],[45.35630757891153,42.75281931318531],[45.62080220669237,42.75281931318531],[45.84220444913467,42.52911586183285],[46.10636528499223,42.52911586183285],[46.32715551008965,42.305517226337244],[46.590985523968925,42.305517226337244],[46.811187682239996,42.082021372425565],[47.074689912461686,42.082021372425565],[47.294328326032804,41.858626274831494],[47.557505878501324,41.858626274831494],[47.7766052380589,41.63532991709402],[48.08386098343838,41.858626274831494],[48.346355953337465,41.858626274831494],[47.47226460115815,42.75281931318531],[47.51775162764662,42.97662962387765],[47.29845023625636,43.20054884680897],[47.39061071049057,43.64872228931766],[47.17101617706907,43.87298066366087],[46.90481049286156,43.87298066366087],[46.463822909418056,44.321851182101874],[46.51000630269652,44.54646754321361],[46.8241114353449,44.771207468327056],[46.87124632242839,44.99607309338572],[48.1405724259826,45.89686644376137],[48.41001383449422,45.89686644376137],[49.69853667682352,46.79991653717813],[49.96948242432942,46.79991653717813],[50.29497991905602,47.02606079890111],[50.83763921029552,47.02606079890111],[51.165168703178516,47.25236504813613],[51.980319597796225,47.25236504813613],[52.194287438394326,47.02606079890111],[52.46561708401409,47.02606079890111],[52.678939899388304,46.79991653717813],[52.9498856468942,46.79991653717813],[53.587049047037894,46.122407157237234],[53.52940059621492,45.89686644376137],[53.952748513531255,45.44620717419558],[53.30277172676632,44.99607309338572],[53.034791501585566,44.99607309338572],[52.82219434356002,45.22108153947509],[52.01716843160042,45.22108153947509],[51.69489037568183,44.99607309338572],[51.426910150501115,44.99607309338572],[51.10604247674142,44.771207468327056],[51.05348395048608,44.54646754321361],[50.734357405376905,44.321851182101874],[50.68284355198087,44.09735626020403],[50.897895755974126,43.87298066366087],[50.84676598462724,43.64872228931766],[51.27601289354038,43.20054884680897],[51.541183737359326,43.20054884680897],[51.75505275486495,42.97662962387765],[52.01988407531611,42.97662962387765],[52.233167901213086,42.75281931318531],[52.49766252899388,42.75281931318531],[52.92290585707128,42.305517226337244],[52.71038618143211,42.52911586183285],[53.02665178455556,42.75281931318531],[53.29114641233639,42.75281931318531],[53.608871998022984,42.97662962387765],[54.13853463892526,42.97662962387765],[54.349124923459705,42.75281931318531],[54.61361955124053,42.75281931318531],[54.82367286829286,42.52911586183285],[55.03354596810539,42.305517226337244],[55.243259049333886,42.082021372425565],[55.506761279555576,42.082021372425565],[55.71601000502548,41.858626274831494],[55.770263509777266,42.082021372425565],[55.561205995863936,42.305517226337244],[55.67159806236385,42.75281931318531],[55.462691241180984,42.97662962387765],[55.63221174881648,43.64872228931766],[55.42339238750168,43.87298066366087],[55.538708713330585,44.321851182101874],[55.32969820722915,44.54646754321361],[55.3879735181379,44.771207468327056],[55.714593753393046,44.99607309338572],[56.04229799139831,45.22108153947509],[56.578981932704714,45.22108153947509],[56.908514334470226,45.44620717419558],[57.98333826935716,45.44620717419558],[58.31547377383954,45.67146763267748],[58.853618608845935,45.67146763267748],[58.91822876644726,45.89686644376137],[58.713497857633314,46.122407157237234],[58.778702175643744,46.3480933444613],[59.45258358703554,46.79991653717813],[59.72352933454143,46.79991653717813],[60.062847161367394,47.02606079890111],[60.334176806987166,47.02606079890111],[61.34320144305179,45.89686644376137],[61.20781007401786,45.44620717419558],[60.87245346315574,45.22108153947509],[60.74038731988354,44.771207468327056],[61.00800800997082,44.771207468327056],[61.20949281025093,44.54646754321361],[61.47675620129738,44.54646754321361],[61.67760205127141,44.321851182101874],[62.211418863266275,44.321851182101874],[62.41129927068031,44.09735626020403],[62.67785508246894,44.09735626020403],[62.87715154531178,43.87298066366087],[65.00679701897184,43.87298066366087],[65.20310327719494,43.64872228931766],[65.39924288151506,43.42457904450276],[65.59523845976298,43.20054884680897],[65.79111273877565,42.97662962387765],[65.98688854581614,42.75281931318531],[65.91842797431187,42.52911586183285],[66.1144065510345,42.305517226337244],[66.31035271864461,42.082021372425565],[66.5062896562348,41.858626274831494],[66.76946720870333,41.858626274831494],[66.96509670125432,41.63532991709402],[67.49080879613638,41.63532991709402],[67.68584245842521,41.41213029135836],[67.94838023965305,41.41213029135836],[68.14316983520527,41.18902539817913],[68.4053926544198,41.18902539817913],[68.7359935833365,41.41213029135836],[68.99853136456433,41.41213029135836],[69.33080112822363,41.63532991709402],[69.66442028585703,41.858626274831494],[69.92759783832557,41.858626274831494],[70.26288617196988,42.082021372425565],[70.59951678698202,42.305517226337244],[70.67332301974858,42.52911586183285],[71.01228647365188,42.75281931318531],[71.3525704682497,42.97662962387765],[72.41189575005428,42.97662962387765],[72.59925424033682,42.75281931318531],[73.65723275146017,42.75281931318531],[74.00088367276115,42.97662962387765],[74.3458763057879,43.20054884680897],[74.61104714960683,43.20054884680897],[74.95771545182188,43.42457904450276],[75.22322857877482,43.42457904450276],[75.40655968106364,43.20054884680897],[76.20207221252048,43.20054884680897],[76.38436555682145,42.97662962387765],[77.1788595181749,42.97662962387765],[77.52792643161517,43.20054884680897],[78.5886098068909,43.20054884680897],[78.7678474408818,42.97662962387765],[79.0326787613329,42.97662962387765],[79.21161993485754,42.75281931318531],[79.47611456263837,42.75281931318531],[79.6547914389068,42.52911586183285],[79.83356727275627,42.305517226337244],[80.00510381820001,42.75281931318531],[80.35683536358863,42.97662962387765],[80.44480571362344,43.20054884680897],[80.26797799088118,43.42457904450276],[80.35701486379423,43.64872228931766],[80.18052101879957,43.87298066366087],[80.00398284872945,44.09735626020403],[79.82737365909645,44.321851182101874],[79.91793018350195,44.54646754321361],[79.74145631608052,44.771207468327056],[80.10079424484104,44.99607309338572],[80.46141732083873,45.22108153947509],[80.8233468857039,45.44620717419558],[81.0920528694256,45.44620717419558],[81.45570167911373,45.67146763267748],[81.72477409661691,45.67146763267748],[82.09018989844624,45.89686644376137],[82.28502498435667,46.3480933444613],[82.65415581042436,46.57392859898241],[83.02486362004784,46.79991653717813],[83.39719668466685,47.02606079890111],[83.77120448788575,47.25236504813613],[84.04292145275832,47.25236504813613],[84.21118562152616,47.02606079890111],[84.48251526714589,47.02606079890111],[84.858072347376,47.25236504813613],[85.12978931224856,47.25236504813613],[85.34195592391073,47.705468289759665],[85.1766909854602,47.932274736845166],[85.39447505557109,48.386416120808526],[85.77923123623704,48.61375867578964],[86.16604068825374,48.841287599440456],[86.55496363974366,49.069006773840144],[86.94606185395706,49.29692011164956],[86.6706791134864,49.29692011164956],[86.51195945274257,49.52503155689504],[85.96033330580616,49.52503155689504],[85.56914815160363,49.29692011164956],[85.29376541113297,49.29692011164956],[85.13289408540156,49.52503155689504],[84.85708101193336,49.52503155689504],[84.69630389777579,49.75334508576745],[84.42005524627807,49.75334508576745],[84.25939444146636,49.9818647074368],[83.98270478253846,49.9818647074368],[83.8221724931625,50.210594129593666],[83.54503624610369,50.210594129593666],[83.38461826193603,50.439538644199196],[83.10702979299134,50.439538644199196],[82.94669212645312,50.66870082740324],[82.39059952272358,50.66870082740324],[81.99667591721251,50.439538644199196],[81.44149897932307,50.439538644199196],[81.27841431526456,50.66870082740324],[81.0003680133998,50.66870082740324],[80.83729919623158,50.89808448025056],[80.55878946149433,50.89808448025056],[80.16622910780553,50.66870082740324],[79.33209020221128,50.66870082740324],[79.16624078780812,50.89808448025056],[79.00081195709122,51.127693437566464],[79.11523758323222,51.35753156873702],[78.95107164674474,51.58760277850525],[79.06769266201123,51.81791100778406],[78.78727342201394,51.81791100778406],[78.6238234247439,52.04846023448637],[78.34291292281314,52.04846023448637],[78.17929486867725,52.27925447437294],[77.61648028011479,52.27925447437294],[77.45216131752433,52.510297781918624],[77.17025171281685,52.510297781918624],[77.00569812510783,52.74159425119728],[76.84139272742642,52.97314801678634],[76.96076551342769,53.20496325469138],[76.79742214752547,53.43704418329124],[76.51344837787477,53.43704418329124],[76.34977027682247,53.669395064304894],[76.18626205715807,53.90202020377985],[75.90122344140683,53.90202020377985],[75.73732485492103,54.13492395310379],[75.33114620990438,53.90202020377985],[75.04610759415313,53.90202020377985],[74.6427494314484,53.669395064304894],[74.35824595721938,53.669395064304894],[73.95768445101845,53.43704418329124],[73.67371068136774,53.43704418329124],[73.50473553453236,53.669395064304894],[73.22023206030333,53.669395064304894],[73.0508372838945,53.90202020377985],[71.9106828208895,53.90202020377985],[71.73921634571644,54.13492395310379],[70.8824788080297,54.13492395310379],[70.70942378478128,54.368110710039275],[70.53638239615191,54.60158491978302],[70.24970588661527,54.60158491978302],[70.0761018375887,54.83535107604993],[69.9024600999373,55.06939395141792],[68.46348359526016,55.06939395141792],[68.06546913150372,54.83535107604993],[67.2037694003244,54.83535107604993],[66.8095877721758,54.60158491978302],[66.23623475310258,54.60158491978302],[65.84529624891937,54.368110710039275],[64.98692080141434,54.368110710039275],[64.59973686499393,54.13492395310379],[64.02857850653612,54.13492395310379],[63.644562964103635,53.90202020377985],[62.21936988534748,53.90202020377985],[61.84009309114288,53.669395064304894],[61.55558961691386,53.669395064304894],[61.4628385863875,53.43704418329124],[61.654491620650134,53.20496325469138],[61.563133363971,52.97314801678634],[61.19032257262074,52.74159425119728],[61.10140424449072,52.510297781918624],[60.7320426232404,52.27925447437294],[60.3646407992444,52.04846023448637],[60.64555130117517,52.04846023448637],[60.840442062188224,51.81791100778406],[61.03532633076843,51.58760277850525],[61.230222832872414,51.35753156873702],[61.42515030529175,51.127693437566464],[61.06310802988749,50.89808448025056],[60.7029879772726,50.66870082740324],[60.42494167540784,50.66870082740324],[60.067186870580464,50.439538644199196],[59.78959840163574,50.439538644199196],[59.434182751988565,50.210594129593666],[59.15704650492976,50.210594129593666],[58.95683299480164,50.439538644199196],[58.4016560569122,50.439538644199196],[58.2005712604898,50.66870082740324],[57.64447865676027,50.66870082740324],[57.44248147830333,50.89808448025056],[56.88546200882887,50.89808448025056],[56.53229344930124,50.66870082740324],[55.69815454370699,50.66870082740324],[55.34818289852042,50.439538644199196],[55.070594429575706,50.439538644199196],[54.8640156381127,50.66870082740324],[54.585969336247935,50.66870082740324],[54.37887439619371,50.89808448025056],[54.10036466145646,50.89808448025056],[53.892723883092,51.127693437566464],[53.055787613958714,51.127693437566464],[52.84662216864124,51.35753156873702],[52.0082621022181,51.35753156873702],[51.797520152218134,51.58760277850525],[50.95771959053172,51.58760277850525],[50.61099532484628,51.35753156873702],[50.3315419693719,51.35753156873702],[49.987021293803245,51.127693437566464],[49.70804253742546,51.127693437566464],[49.36569917092334,50.89808448025056],[49.02504329895284,50.66870082740324],[48.90300536375436,50.210594129593666],[48.566428439769645,49.9818647074368],[48.231481900076204,49.75334508576745],[47.955233248578466,49.75334508576745],[47.73635946298598,49.9818647074368],[47.45966980405812,49.9818647074368],[47.40273594558304,49.75334508576745],[47.07068994678991,49.52503155689504],[46.85398975992985,48.61375867578964],[47.07503454723188,48.386416120808526],[47.34874483657713,48.386416120808526],[47.569129473974094,48.15925608223023],[47.78925636588675,47.932274736845166],[48.009116502060444,47.705468289759665],[48.2816189795922,47.705468289759665],[48.500808446758285,47.47883297366776],[48.71971601932548,47.25236504813613],[48.66700204533744,47.02606079890111],[48.93833169095722,47.02606079890111],[49.15664518181176,46.79991653717813],[49.37464594065611,46.57392859898241],[49.051947909969456,46.3480933444613],[48.83351569887124,46.57392859898241],[48.5629505779788,46.57392859898241],[48.343807939294074,46.79991653717813],[48.12434275409794,47.02606079890111],[48.17628208958038,47.25236504813613],[47.904565124707815,47.25236504813613],[47.68448487478495,47.47883297366776],[47.46411154699692,47.705468289759665],[47.24345440063748,47.932274736845166],[46.97055341801289,47.932274736845166],[46.74921887681046,48.15925608223023],[46.5276139685413,48.386416120808526],[46.30574692223537,48.61375867578964],[46.5190637998535,49.52503155689504],[46.85023864258758,49.75334508576745],[46.906290486202344,49.9818647074368],[47.240187881401575,50.210594129593666],[47.57570576806857,50.439538644199196],[47.85329423701325,50.439538644199196],[48.07159662257794,50.210594129593666],[48.34873286963675,50.210594129593666],[48.46895069522331,50.66870082740324],[48.80867970144889,50.89808448025056],[49.15008502466995,51.127693437566464],[49.493181902948756,51.35753156873702],[49.837985508283204,51.58760277850525],[50.11791902884534,51.58760277850525],[50.46493018228898,51.81791100778406],[50.74534942228627,51.81791100778406],[51.09459423552927,52.04846023448637],[51.93732574132159,52.04846023448637],[52.14744562227261,51.81791100778406],[52.98870334226447,51.81791100778406],[53.197187755028786,51.58760277850525],[54.03698831671516,51.58760277850525],[54.2438889460131,51.35753156873702],[54.52334230148748,51.35753156873702],[54.72966015222529,51.127693437566464],[55.008638908603075,51.127693437566464],[55.21440360040541,50.89808448025056],[55.49291333514266,50.89808448025056],[55.84557517773641,51.127693437566464],[56.6825114468697,51.127693437566464],[57.03842250075682,51.35753156873702],[57.59732921170555,51.35753156873702],[57.798426472380775,51.127693437566464],[58.356383985136326,51.127693437566464],[58.55652041725229,50.89808448025056],[59.113539886726784,50.89808448025056],[59.312756467948816,50.66870082740324],[59.590802769813585,50.66870082740324],[59.949069090938494,50.89808448025056],[60.227578825675735,50.89808448025056],[60.58821403615846,51.127693437566464],[60.86719279253625,51.127693437566464],[60.67131612192365,51.35753156873702],[60.47545928964415,51.58760277850525],[60.19552576908201,51.58760277850525],[59.999184342196415,51.81791100778406],[59.802819795382895,52.04846023448637],[60.16922803467795,52.27925447437294],[60.53758503507575,52.510297781918624],[60.62548773146047,52.74159425119728],[60.99727190606522,52.97314801678634],[61.08759258758428,53.20496325469138],[60.89489104708607,53.43704418329124],[60.986582668455824,53.669395064304894],[61.36425403809375,53.90202020377985],[61.74394507270494,54.13492395310379],[62.02952425193385,54.13492395310379],[62.41179445889922,54.368110710039275],[63.84242020474092,54.368110710039275],[64.22949918634622,54.60158491978302],[64.80285220541947,54.60158491978302],[65.19313669423941,54.83535107604993],[66.05483642541869,54.83535107604993],[66.44891648871219,55.06939395141792],[67.02450709058303,55.06939395141792],[67.42187693937198,55.30375716871591],[68.28696519545906,55.30375716871591],[68.68823733540181,55.53842603701665],[70.13291536872528,55.53842603701665],[70.30550445966216,55.30375716871591],[70.47805070180816,55.06939395141792],[70.76584600274359,55.06939395141792],[70.93780156876798,54.83535107604993],[71.10973541522513,54.60158491978302],[71.969764943835,54.60158491978302],[72.14004953062302,54.368110710039275],[73.28455012729644,54.368110710039275],[73.45269142108981,54.13492395310379],[73.73827060031871,54.13492395310379],[73.9059531311482,53.90202020377985],[74.19099174689943,53.90202020377985],[74.5950081380054,54.13492395310379],[74.8805873172343,54.13492395310379],[75.28742617147486,54.368110710039275],[75.57355132064322,54.368110710039275],[75.9832360773477,54.60158491978302],[76.14580161897989,54.368110710039275],[76.43192676814824,54.368110710039275],[76.59406239260771,54.13492395310379],[76.75633928866058,53.90202020377985],[77.0413779044118,53.90202020377985],[77.20328069950949,53.669395064304894],[77.36536968682685,53.43704418329124],[77.52766454649354,53.20496325469138],[77.4072541853322,52.97314801678634],[77.69018491428508,52.97314801678634],[77.85295038684824,52.74159425119728],[78.41778522800847,52.74159425119728],[78.57979973635422,52.510297781918624],[78.86170934106171,52.510297781918624],[79.02351675152094,52.27925447437294],[79.3049240458022,52.27925447437294],[79.46655493053619,52.04846023448637],[79.6285311420058,51.81791100778406],[79.51093868786901,51.58760277850525],[79.67414429418096,51.35753156873702],[79.55876946984677,51.127693437566464],[80.39570573898007,51.127693437566464],[80.79195771607846,51.35753156873702],[81.07141107155283,51.35753156873702],[81.23264200811334,51.127693437566464],[81.51162076449113,51.127693437566464],[81.67282840044328,50.89808448025056],[82.22984786991778,50.89808448025056],[82.6275357900022,51.127693437566464],[83.18549330275775,51.127693437566464],[83.34388680886674,50.89808448025056],[83.62239654360395,50.89808448025056],[83.78083103204737,50.66870082740324],[84.05887733391212,50.66870082740324],[84.21738366877017,50.439538644199196],[84.49497213771488,50.439538644199196],[84.65358123433887,50.210594129593666],[84.93071748139768,50.210594129593666],[85.08946341824999,49.9818647074368],[85.36615307717787,49.9818647074368],[85.52504985226899,49.75334508576745],[85.80129850376669,49.75334508576745],[86.1962220539615,49.9818647074368],[86.74960137181729,49.9818647074368],[86.90629310975761,49.75334508576745],[87.18254176125531,49.75334508576745],[87.33939867314716,49.52503155689504],[87.49682733489846,49.29692011164956],[87.77221007536914,49.29692011164956],[88.16683789355174,49.52503155689504],[88.44265096701996,49.52503155689504],[88.68642898431243,49.9818647074368],[89.08776118727961,50.210594129593666],[89.21397610977493,50.439538644199196],[90.02812044256052,50.89808448025056],[90.15996221220199,51.127693437566464],[92.24965958273924,52.27925447437294],[92.53106687702044,52.27925447437294],[93.3859085187552,52.74159425119728],[100.72876145383849,52.74159425119728],[100.8506585082448,52.510297781918624],[101.9782969270747,52.510297781918624],[102.09891488258258,52.27925447437294],[102.94313676542632,52.27925447437294],[103.06303709272012,52.04846023448637],[103.3439475946509,52.04846023448637],[103.46416654177435,51.81791100778406],[103.74458578177163,51.81791100778406],[103.62485809658166,52.04846023448637],[104.06876594255128,52.27925447437294],[104.63158053111374,52.27925447437294],[105.07930257885697,52.510297781918624],[105.36121218356445,52.510297781918624],[107.64515244201377,53.669395064304894],[108.00777210778665,54.13492395310379],[108.47794347500327,54.368110710039275],[109.04262102715533,55.06939395141792],[109.52283873560837,55.30375716871591],[109.71428947183597,54.83535107604993],[109.15008882470225,54.13492395310379],[108.68066425279912,53.90202020377985],[108.31851057875348,53.43704418329124],[107.85676281551576,53.20496325469138],[107.68084218329022,52.97314801678634],[106.77076020710182,52.510297781918624],[106.48885060239432,52.510297781918624],[105.14668198175801,51.81791100778406],[104.58584350176346,51.81791100778406],[104.70495553846074,51.58760277850525],[106.66449018239561,51.58760277850525],[106.78111977519504,51.35753156873702],[107.89893319709252,51.35753156873702],[108.01460262037916,51.127693437566464],[109.13051764589025,51.127693437566464],[109.2452921394301,50.89808448025056],[111.47337001732802,50.89808448025056],[111.585461218523,50.66870082740324],[112.69764642598201,50.66870082740324],[112.80899597007522,50.439538644199196],[115.02970372163287,50.439538644199196],[115.24863624138906,49.9818647074368],[116.0787052181727,49.9818647074368],[116.18865016851636,49.75334508576745],[116.4648988200141,49.75334508576745],[116.57607420485064,49.525284640295475],[117.01739612300955,49.75334508576745],[117.29364477450724,49.75334508576745],[117.73884317173999,49.9818647074368],[118.29222248959577,49.9818647074368],[118.7413396225707,50.210594129593666],[118.91594228685882,50.439538644199196],[118.81466506700669,50.66870082740324],[119.35652077154181,51.35753156873702],[119.82136564881577,51.58760277850525],[120.00890170161371,51.81791100778406],[119.91766720856583,52.04846023448637],[119.82757442230067,52.27925447437294],[120.02051162835318,52.510297781918624],[119.93314605328712,52.74159425119728],[119.84686352826401,52.97314801678634],[120.32854154296417,53.20496325469138],[120.81335644338444,53.43704418329124],[121.09733021303514,53.43704418329124],[121.58582267923535,53.669395064304894],[122.43933310192237,53.669395064304894],[122.93259504036098,53.90202020377985],[123.50267227186342,53.90202020377985],[123.57734699883841,53.669395064304894],[124.07274950336591,53.90202020377985],[124.35778811911715,53.90202020377985],[124.43085742152545,53.669395064304894],[125.2843678442125,53.669395064304894],[125.35693675779568,53.43704418329124],[125.92488429709705,53.43704418329124],[125.99753187362255,53.20496325469138],[126.28098139015547,53.20496325469138],[126.35427029418025,52.97314801678634],[126.42874672663004,52.74159425119728],[126.5044325366251,52.510297781918624],[126.58134948505042,52.27925447437294],[126.65951925490413,52.04846023448637],[126.73896346154834,51.81791100778406],[126.81970366286902,51.58760277850525],[126.90176136934984,51.35753156873702],[126.7061792976897,51.127693437566464],[126.79140542787628,50.89808448025056],[126.87800782108462,50.66870082740324],[127.15605412294936,50.66870082740324],[127.24359635520007,50.439538644199196],[127.33256328139332,50.210594129593666],[127.42298123421587,49.9818647074368],[127.69967089314373,49.9818647074368],[127.79109353142077,49.75334508576745],[127.88392047297262,49.52503155689504],[128.43554661990902,49.52503155689504],[128.5288556650309,49.29692011164956],[129.6303866269136,49.29692011164956],[129.7232866765456,49.069006773840144],[130.27320161968956,49.069006773840144],[130.3665120433716,48.841287599440456],[130.46102250833613,48.61375867578964],[130.73514392718334,48.61375867578964],[130.8303830868876,48.386416120808526],[130.92670685227833,48.15925608223023],[131.024056066397,47.932274736845166],[131.56985803164622,47.932274736845166],[131.6673771043089,47.705468289759665],[132.21238205937243,47.705468289759665],[132.66146196214476,47.932274736845166],[133.11313511138135,48.15925608223023],[133.38643864376925,48.15925608223023],[133.84119626968567,48.386416120808526],[134.114906559031,48.386416120808526],[134.5728437910446,48.61375867578964],[134.66232713772152,48.386416120808526],[134.9360374270668,48.386416120808526],[135.02625983809654,48.15925608223023],[135.11757080576635,47.932274736845166],[134.93740683468997,47.705468289759665],[134.48689136128354,47.47883297366776],[134.31055995418197,47.25236504813613],[134.40717006118192,47.02606079890111],[134.23360989866083,46.79991653717813],[134.33209390087748,46.57392859898241],[134.4312353531106,46.3480933444613],[133.99135144479752,46.122407157237234],[133.8229403326765,45.89686644376137],[133.386678257229,45.67146763267748],[132.95230772771882,45.44620717419558],[132.51975962755787,45.22108153947509],[132.08895792990597,44.99607309338572],[131.6598701930131,44.771207468327056],[131.39224950292586,44.771207468327056],[131.49976465546553,44.54646754321361],[131.34069601659988,44.321851182101874],[131.44925452393377,44.09735626020403],[131.5582180708478,43.87298066366087],[131.40176968181282,43.64872228931766],[131.51201149280368,43.42457904450276],[131.20444889020854,42.97662962387765],[132.04303774670962,43.42457904450276],[132.30855087366257,43.42457904450276],[132.41829110213507,43.20054884680897],[132.94863278977297,43.20054884680897],[133.05826813336654,42.97662962387765],[133.32309945381772,42.97662962387765],[133.74414532122975,43.20054884680897],[134.0093161650487,43.20054884680897],[134.8579249559495,43.64872228931766],[135.18103588897446,44.09735626020403],[135.6112305125587,44.321851182101874],[135.77597891220861,44.54646754321361],[136.20942192449692,44.771207468327056],[136.54488918735575,45.22108153947509],[136.9828974835447,45.44620717419558],[137.32567864332754,45.89686644376137],[137.76873477892048,46.122407157237234],[138.29779611124914,46.79991653717813],[138.2057850998586,47.02606079890111],[138.93818456251108,47.932274736845166],[139.39911635630264,48.15925608223023],[139.97531016404938,48.841287599440456],[139.89671312470912,49.069006773840144],[140.4985315003161,49.75334508576745],[140.42739520382625,49.9818647074368],[140.63510314021548,50.210594129593666],[140.5678428645461,50.439538644199196],[140.29025439560138,50.439538644199196],[140.09715960382263,51.127693437566464],[140.3155224321197,51.35753156873702],[140.25651264985123,51.58760277850525],[140.4795062214149,51.81791100778406],[140.42413384951138,52.04846023448637],[140.65171419911235,52.27925447437294],[140.50080674182416,52.97314801678634],[140.21787601287127,52.97314801678634],[140.03491198543514,53.90202020377985],[139.7498733696839,53.90202020377985],[139.70706100219448,54.13492395310379],[139.1359026437367,54.13492395310379],[138.609718906679,53.90202020377985],[138.32468029092774,53.90202020377985],[137.802520710289,53.669395064304894],[137.23351376183098,53.669395064304894],[137.1845258279228,53.90202020377985],[136.3294099806691,53.90202020377985],[136.2801108514477,54.13492395310379],[135.99453167221878,54.13492395310379],[135.94595779516467,54.368110710039275],[135.65983264599632,54.368110710039275],[135.61195006096483,54.60158491978302],[135.32527355142818,54.60158491978302],[135.23199341227905,55.06939395141792],[136.2991692949405,55.53842603701665],[136.54847626946164,55.7734051953853],[137.0902510563007,56.00869933641387],[137.6019836067166,56.480251611820044],[138.15338082374163,56.71651941017368],[138.9486200006336,57.42734866262329],[139.51308301471246,57.664983835763906],[140.06229229540045,58.14132322651251],[142.9758983651636,59.33865681089018],[143.57365228740883,59.33865681089018],[144.16988094515673,59.579279223537064],[145.96717825140115,59.579279223537064],[145.96466797638973,59.33865681089018],[147.45905278200286,59.33865681089018],[148.06402510868642,59.579279223537064],[148.96267376180865,59.579279223537064],[149.5739404375825,59.82030008028887],[150.47462601577874,59.82030008028887],[150.46042151701235,59.579279223537064],[151.05952061909386,59.579279223537064],[151.0455763154742,59.33865681089018],[151.3444532765968,59.33865681089018],[151.33145049715876,59.098427103671455],[152.2260825765711,59.098427103671455],[152.83883808220986,59.33865681089018],[153.4365920044551,59.33865681089018],[153.75546657846056,59.579279223537064],[153.77713980249814,59.82030008028887],[155.09283611163835,60.788478180843754],[155.7333570870839,61.03158401192108],[156.41808416667894,61.51911571264012],[157.72926351365652,62.00845524773602],[158.95581459376876,62.00845524773602],[158.90665838653928,61.76355586227456],[159.82435306652206,61.76355586227456],[159.77490695770584,61.51911571264012],[160.08007266598096,61.51911571264012],[159.98545724271926,61.03158401192108],[160.59290012209576,61.03158401192108],[161.24957388375427,61.27512749386451],[161.60590120735685,61.51911571264012],[161.65974242648775,61.76355586227456],[162.02219229404932,62.00845524773602],[163.37385211273673,62.499661518642974],[163.68199036023216,62.499661518642974],[164.36618573551553,62.74598359595003],[164.1069282397753,61.76355586227456],[163.74206116528305,61.51911571264012],[163.68509498625943,61.27512749386451],[163.32639307928991,61.03158401192108],[163.27409368494247,60.788478180843754],[162.6191318784162,60.54580301993338],[162.27050065993365,60.303551651047655],[161.62424163377273,60.06171729597173],[161.28285295413323,59.82030008028887],[160.6451062523977,59.579279223537064],[159.00450611846867,58.38003797783734],[158.38996448244225,58.14132322651251],[158.07465980460856,57.90297361264979],[157.46797227771586,57.664983835763906],[157.15918282863646,57.42734866262329],[156.56019137267972,57.19006292571367],[156.5502740257054,56.953121521741124],[156.25010185818388,56.71651941017368],[156.23956753995049,56.244313207443994],[155.94660248196507,56.00869933641387],[155.9532550796298,55.06939395141792],[155.67160846806465,54.83535107604993],[155.7120358517532,53.90202020377985],[155.99707446750443,53.90202020377985],[156.04318062611185,53.20496325469138],[156.32663014264475,53.20496325469138],[156.43603245956479,52.04846023448637],[156.18298366126243,51.81791100778406],[156.2443636941589,51.35753156873702],[156.80327040510767,51.35753156873702],[157.33245740414117,51.58760277850525],[157.6123909247033,51.58760277850525],[157.8654991012461,51.81791100778406],[157.84058496921858,52.04846023448637],[158.09896644454918,52.27925447437294],[158.07830826386243,52.510297781918624],[158.60837339480844,52.97314801678634],[159.16112530797392,53.20496325469138],[159.14981534622936,53.43704418329124],[159.4247847516939,53.669395064304894],[159.4175378565193,53.90202020377985],[159.69760354821744,54.13492395310379],[160.83948290018742,54.60158491978302],[161.12615940972407,54.60158491978302],[161.12904009886682,54.83535107604993],[161.42136579740287,55.06939395141792],[161.436567074769,55.53842603701665],[162.03865448102593,56.00869933641387],[162.05330880229084,56.244313207443994],[162.67151899943755,56.71651941017368],[162.69254058601777,56.953121521741124],[162.4000517021934,56.953121521741124],[162.44612042386308,57.42734866262329],[162.1524016685727,57.42734866262329],[162.17745142866755,57.664983835763906],[161.5887665347986,57.664983835763906],[161.6416482575626,58.14132322651251],[162.62697772132822,58.85858444059114],[162.32942703629303,58.85858444059114],[162.40290083813355,59.33865681089018],[164.33246681029027,60.06171729597173],[164.93429462729418,60.06171729597173],[165.58816495331303,60.303551651047655],[166.49298248787107,60.303551651047655],[167.1536973573514,60.54580301993338],[167.45600172261373,60.54580301993338],[168.1222463209745,60.788478180843754],[168.42525586072654,60.788478180843754],[169.09710043336648,61.03158401192108],[169.40082187305472,61.03158401192108],[169.3342844799825,60.788478180843754],[169.63729401973453,60.788478180843754],[169.57213227945016,60.54580301993338],[169.87443664471252,60.54580301993338],[169.81064678125045,60.303551651047655],[171.15234171849457,60.788478180843754],[171.45535125824657,60.788478180843754],[171.83059339056064,61.03158401192108],[172.51385898284065,61.27512749386451],[172.8970324135382,61.51911571264012],[174.28770309517154,62.00845524773602],[174.5943408651996,62.00845524773602],[175.29826911658054,62.253821287905595],[175.60565353351942,62.253821287905595],[176.31565850754427,62.499661518642974],[177.5482114975259,62.499661518642974],[177.44996003515269,62.253821287905595],[178.16448799251674,62.499661518642974],[178.47262624001218,62.499661518642974],[178.88445487415547,62.74598359595003],[178.57555553078012,62.74598359595003],[178.6809242640929,62.99279529923635],[178.06158868835504,62.99279529923635],[178.16786876917575,63.24010453469116],[177.5469814373406,63.24010453469116],[177.65416701418664,63.48791933876557],[177.34293995003347,63.48791933876557],[177.45181622964182,63.736247881769984],[177.139798158703,63.736247881769984],[177.2503747895152,63.985098471591485],[176.62474123669324,63.985098471591485],[176.73622169774362,64.23447955753632],[176.1089751526973,64.23447955753632],[176.33627050191856,64.73486774608807],[177.84158038117533,65.23749852954697],[178.7923678102697,65.23749852954697],[178.66638483316217,64.98589249084205],[179.2985657380399,64.98589249084205],[179.68989869500695,65.74243181292202],[180.0,65.84347377938295],[180.0,68.04627849017761],[179.73092926125443,68.04627849017761],[179.89575398191508,68.305759177752],[179.56802694551084,68.305759177752],[179.73612260847747,68.56599867652167],[179.07872831598215,68.56599867652167],[179.2492407059062,68.82701428765154],[177.93052210726913,68.82701428765154],[178.1015674154792,69.08882373050379],[176.448192766756,69.08882373050379],[176.6188196192163,69.3514451593223],[174.96040270292843,69.3514451593223],[175.13064171492417,69.61489718073125],[172.46899834488457,69.61489718073125],[172.6357714509814,69.87919887209894],[170.6333226322384,69.87919887209894],[170.1653691016078,69.08882373050379],[168.56041963605642,68.56599867652167],[168.2317224898088,68.56599867652167],[168.3698122671501,68.82701428765154],[168.04013261749083,68.82701428765154],[168.18131952313993,69.08882373050379],[167.5199696636507,69.08882373050379],[167.6633682712618,69.3514451593223],[166.0049513549739,69.3514451593223],[166.1475953410405,69.61489718073125],[163.48595197100087,69.61489718073125],[162.68811752239816,69.3514451593223],[159.70296707308,69.3514451593223],[159.82619233719637,69.61489718073125],[158.82807607343153,69.61489718073125],[158.9523711895708,69.87919887209894],[158.6186297197803,69.87919887209894],[158.74616361633036,70.14436617492593],[158.4113716435917,70.14436617492593],[158.54234513544793,70.41041978427283],[158.20648758057774,70.41041978427283],[158.3411573293818,70.6773653659106],[157.33034039129865,70.6773653659106],[156.52719980622675,70.41041978427283],[153.5044818123949,70.41041978427283],[153.6240116183271,70.6773653659106],[148.90686590727242,70.6773653659106],[149.01585302119798,70.94521196749457],[148.67781597093534,70.94521196749457],[148.79057347460264,71.21396879067898],[148.4514208711062,71.21396879067898],[148.56821090793142,71.48364519481166],[147.8876378911574,71.48364519481166],[148.00757737635894,71.75425070074377],[147.6661377070635,71.75425070074377],[147.79063799043098,72.02579499475866],[147.10541193571424,72.02579499475866],[146.30037902988184,71.75425070074377],[145.617499691291,71.75425070074377],[145.73495982628063,72.02579499475866],[145.3923467989223,72.02579499475866],[145.5145267902867,72.29828793262408],[143.45168141622875,72.29828793262408],[143.57278670481492,72.57173954377352],[141.1576166424425,72.57173954377352],[140.35741335514186,72.29828793262408],[139.66979823045585,72.29828793262408],[139.47158564397344,71.75425070074377],[137.93769016271642,71.21396879067898],[137.59853755922,71.21396879067898],[136.8465192117411,70.94521196749457],[136.5084821614784,70.94521196749457],[135.7662457121915,70.6773653659106],[135.0923677534695,70.6773653659106],[135.15633396042765,70.94521196749457],[133.46614870911418,70.94521196749457],[133.52870631726265,71.21396879067898],[132.5112485067733,71.21396879067898],[131.7759634578007,70.94521196749457],[131.43792640753804,70.94521196749457],[130.71216102177584,70.6773653659106],[130.3752220424148,70.6773653659106],[129.65859541661055,70.41041978427283],[128.98688030687012,70.41041978427283],[129.02746612497063,70.6773653659106],[128.69052714560954,70.6773653659106],[128.7336300054365,70.94521196749457],[128.3955929551738,70.94521196749457],[128.44141726481598,71.21396879067898],[128.1022646613196,71.21396879067898],[128.1510204047096,71.48364519481166],[127.81073389632256,71.48364519481166],[127.98034111079427,72.29828793262408],[127.6365335484513,72.29828793262408],[127.7016691520816,72.57173954377352],[127.35664485745698,72.57173954377352],[127.42590155070963,72.84616003562061],[126.73337297611256,72.84616003562061],[126.8057380854717,73.12155979801264],[122.63539430425352,73.12155979801264],[121.88567295393284,72.84616003562061],[120.84688009203715,72.84616003562061],[120.11113467033962,72.57173954377352],[119.07606178646569,72.57173954377352],[119.11555865554443,72.84616003562061],[118.07676579364878,72.84616003562061],[118.11752187460046,73.12155979801264],[117.07493592929592,73.12155979801264],[117.117080968456,73.3979494078281],[116.41944390147852,73.3979494078281],[115.68482133555652,73.12155979801264],[114.64223539025197,73.12155979801264],[113.92159434606617,72.84616003562061],[113.22906577146905,72.84616003562061],[113.25212079651256,73.12155979801264],[112.55706349964288,73.12155979801264],[112.5824400331022,73.3979494078281],[111.53598443263597,73.3979494078281],[111.56253206224558,73.6753396337246],[110.86226176648897,73.6753396337246],[110.14071029868092,73.3979494078281],[109.09425469821467,73.3979494078281],[108.38671971842467,73.12155979801264],[107.34413377312015,73.12155979801264],[106.65004431279658,72.84616003562061],[105.95751573819949,72.84616003562061],[105.95488789681589,73.3979494078281],[107.3766406951164,73.95374144104268],[107.72812044485936,73.95374144104268],[109.19543859905778,74.51362467528648],[109.54969682906088,74.51362467528648],[110.30206008204432,74.7951290627561],[110.65775499799832,74.7951290627561],[111.42379710925975,75.07768922584607],[111.78096227911776,75.07768922584607],[112.2025115617795,75.36136158547234],[112.27366356098699,75.64627252680587],[111.91345336125472,75.64627252680587],[112.0727626856918,76.22038197685221],[110.61917677739115,76.22038197685221],[110.70225007902108,76.50988357494502],[107.4168598201816,76.50988357494502],[106.62181552956433,76.22038197685221],[104.80483314418852,76.22038197685221],[104.92421262879542,76.80123187152498],[104.55748606925395,76.80123187152498],[104.62434868537892,77.09460016287541],[104.25590221326851,77.09460016287541],[104.3268966187272,77.39017265331381],[102.1056754027598,77.39017265331381],[99.75094921622278,76.50988357494502],[99.38590585412949,76.50988357494502],[97.1448351722326,75.64627252680587],[95.70399437330362,75.64627252680587],[95.70941878455035,75.93256337900166],[93.1769200391743,75.93256337900166],[92.4621025757134,75.64627252680587],[91.02126177678437,75.64627252680587],[90.32363131634938,75.36136158547234],[88.53028047656002,75.36136158547234],[87.85089589863239,75.07768922584607],[87.13656555891639,75.07768922584607],[86.8261956290808,74.7951290627561],[86.9321135972809,74.23316599687193],[85.6525311192523,73.6753396337246],[85.30239597137404,73.6753396337246],[84.67695735400191,73.3979494078281],[83.9793202870244,73.3979494078281],[83.90185537986086,73.6753396337246],[82.851449936226,73.6753396337246],[82.23522761958061,73.3979494078281],[80.49113495213685,73.3979494078281],[80.68022276540525,72.84616003562061],[80.43334078850634,72.57173954377352],[80.77836508313098,72.57173954377352],[80.87870506980474,72.29828793262408],[81.56632019449073,72.29828793262408],[81.76828153304757,71.75425070074377],[81.19148224729929,71.48364519481166],[80.17062272213816,71.48364519481166],[80.06108318657047,71.75425070074377],[79.03676417868418,71.75425070074377],[78.92541949139421,72.02579499475866],[78.2401934366774,72.02579499475866],[78.12824457106085,72.29828793262408],[77.78443700871784,72.29828793262408],[77.897580409319,72.02579499475866],[77.6710055015025,71.75425070074377],[77.10804414665489,71.48364519481166],[76.9881261629117,71.75425070074377],[76.30524682432085,71.75425070074377],[76.42747112988086,71.48364519481166],[76.7677576382679,71.48364519481166],[76.89022153335651,71.21396879067898],[78.24683194734233,71.21396879067898],[78.48661922081335,70.6773653659106],[77.93653196659945,70.41041978427283],[77.60067441172927,70.41041978427283],[77.47580228273023,70.6773653659106],[75.79110738592497,70.6773653659106],[75.6618131141939,70.94521196749457],[75.32377606393119,70.94521196749457],[75.19445851587429,71.21396879067898],[74.85530591237789,71.21396879067898],[74.59804847784373,71.75425070074377],[75.25797636913677,72.57173954377352],[75.02396946867917,73.12155979801264],[75.1399941686284,72.84616003562061],[74.47145013573508,72.02579499475866],[73.91516913925288,71.75425070074377],[73.57372946995748,71.75425070074377],[73.02460604601055,71.48364519481166],[72.8203902913992,71.21396879067898],[73.15954289489565,71.21396879067898],[73.43253453039763,70.6773653659106],[73.23452619841662,70.41041978427283],[73.51455492320228,69.87919887209894],[73.8482963929928,69.87919887209894],[73.98819365341858,69.61489718073125],[76.64983702345825,69.61489718073125],[76.78212125868616,69.3514451593223],[77.44548802520127,69.3514451593223],[77.84000727169737,68.56599867652167],[77.45224789469464,68.04627849017761],[77.77901684474756,68.04627849017761],[77.91356822408959,67.78753971491467],[77.39876233590266,67.52952634016819],[76.7489874775125,67.52952634016819],[76.6102781058385,67.78753971491467],[76.98946455098951,68.305759177752],[76.7188696618713,68.82701428765154],[76.05951036255277,68.82701428765154],[75.92301412438508,69.08882373050379],[74.93098933515117,69.08882373050379],[74.41111211425637,68.82701428765154],[74.22433866297295,68.56599867652167],[74.51132734421849,68.04627849017761],[74.32952039889909,67.78753971491467],[73.8250006147566,67.52952634016819],[73.47384240292912,67.01561159408122],[72.48808957527491,66.50440936384763],[72.16683587339477,66.50440936384763],[71.6803162630373,66.24978788240588],[71.35994586586366,66.24978788240588],[70.87782869116458,65.99580009031686],[70.23883557024045,65.99580009031686],[70.07846427716899,66.24978788240588],[69.11735308564802,66.24978788240588],[68.9542988545934,66.50440936384763],[69.11335192698255,66.75967900720639],[69.5972440562511,67.01561159408122],[69.75764544504865,66.75967900720639],[70.4019389631147,66.75967900720639],[70.88944350514377,67.01561159408122],[71.05669621592241,67.27222222672319],[72.04876269195971,67.78753971491467],[72.22394469384817,68.04627849017761],[72.07355900492617,68.305759177752],[72.25215578548688,68.56599867652167],[71.80687050982252,69.3514451593223],[71.99196112588889,69.61489718073125],[71.70025070426631,70.14436617492593],[72.08477861295344,70.6773653659106],[71.94340556130427,70.94521196749457],[71.60536851104162,70.94521196749457],[71.32317350407537,71.48364519481166],[71.93970844888705,72.29828793262408],[71.80773342289038,72.57173954377352],[68.01246618201937,72.57173954377352],[67.42781542263991,71.75425070074377],[66.37649082496677,71.21396879067898],[66.85323265588278,70.41041978427283],[66.33596896455467,69.61489718073125],[67.66679064957448,69.61489718073125],[67.98681581051368,69.08882373050379],[68.64816567000298,69.08882373050379],[68.80655807004865,68.82701428765154],[68.6364871767624,68.56599867652167],[67.64917939310747,68.04627849017761],[67.32241044305455,68.04627849017761],[66.83560221895534,67.78753971491467],[66.50219938605443,68.305759177752],[66.17447234965019,68.305759177752],[66.006910006781,68.56599867652167],[65.02081856803797,68.56599867652167],[64.85040227413737,68.82701428765154],[63.53168367550026,68.82701428765154],[63.357366794088705,69.08882373050379],[62.3653420048548,69.08882373050379],[62.18805239535282,69.3514451593223],[61.19300224558007,69.3514451593223],[61.01268222447546,69.61489718073125],[60.01456596071057,69.61489718073125],[59.83115466179168,69.87919887209894],[59.16367172221071,69.87919887209894],[58.97815574019541,70.14436617492593],[58.30857179471802,70.14436617492593],[57.8287058430487,69.87919887209894],[58.16244731283921,69.87919887209894],[58.351038854435814,69.61489718073125],[59.68186053945561,69.61489718073125],[60.050617496642296,69.08882373050379],[59.90520752924821,68.82701428765154],[58.96447754875729,68.305759177752],[58.7755727893321,68.56599867652167],[57.4607842043414,68.56599867652167],[56.99811533033199,68.305759177752],[55.35948014831089,68.305759177752],[54.905190341044104,68.04627849017761],[53.59811454083248,68.04627849017761],[53.187721303121556,68.56599867652167],[51.87293271813085,68.56599867652167],[51.426755711460196,68.305759177752],[50.44357460224755,68.305759177752],[50.0036560902505,68.04627849017761],[49.676887140197586,68.04627849017761],[49.241185622565716,67.78753971491467],[48.91536309300293,67.78753971491467],[48.05530088071526,67.27222222672319],[47.73133756613486,67.27222222672319],[47.306803562852636,67.01561159408122],[46.66070383840628,67.01561159408122],[46.240932035636796,66.75967900720639],[45.91878527660374,66.75967900720639],[45.6915542517368,67.01561159408122],[45.36850438951362,67.01561159408122],[44.9100194163927,67.52952634016819],[45.331315267812435,67.78753971491467],[45.657137797375206,67.78753971491467],[45.42889078950981,68.04627849017761],[45.10212183945689,68.04627849017761],[44.872214983375805,68.305759177752],[43.233579801354686,68.305759177752],[43.93535712880741,67.52952634016819],[43.84377779117029,67.27222222672319],[44.07630494062096,67.01561159408122],[43.98590472240554,66.75967900720639],[44.217763809823104,66.50440936384763],[44.040117612352155,65.99580009031686],[43.634070540195204,65.74243181292202],[43.31543862414177,65.74243181292202],[42.84698051740769,66.24978788240588],[42.206239723060385,66.24978788240588],[41.80364168911777,65.99580009031686],[40.84515200773162,65.99580009031686],[40.447751379660964,65.74243181292202],[40.12911946360754,65.74243181292202],[40.0528752547678,65.48966916280185],[40.294332305527945,65.23749852954697],[40.143944524835526,64.73486774608807],[39.75541254293694,64.48439973430244],[38.81209958366589,64.48439973430244],[38.56764445565632,64.73486774608807],[37.93712442798462,64.73486774608807],[37.69004304542096,64.98589249084205],[37.37395259298207,64.98589249084205],[37.125040875213486,65.23749852954697],[36.741771688104286,64.98589249084205],[36.99134438647712,64.73486774608807],[37.30660440031297,64.73486774608807],[37.55434897130449,64.48439973430244],[37.86878662439481,64.48439973430244],[38.11473524251105,64.23447955753632],[37.355702378119815,63.736247881769984],[36.419648165303386,63.736247881769984],[35.91937233484902,64.23447955753632],[34.978502517279544,64.23447955753632],[33.95574944489903,65.23749852954697],[34.135724238028494,65.99580009031686],[33.49673111710437,65.99580009031686],[33.23586860219785,66.24978788240588],[32.91549820502417,66.24978788240588],[32.1234600383638,67.01561159408122],[32.50506178085688,67.27222222672319],[32.829025095437274,67.27222222672319],[33.09260962503328,67.01561159408122],[33.415659487256455,67.01561159408122],[33.67720843334827,66.75967900720639],[34.32150195141436,66.75967900720639],[34.58015275341906,66.50440936384763],[35.2226601571793,66.50440936384763],[35.478461382413464,66.24978788240588],[36.43957257393447,66.24978788240588],[36.6916967217249,65.99580009031686],[38.28917952403517,65.99580009031686],[38.68216535415009,66.24978788240588],[39.002535751323755,66.24978788240588],[39.398958281621084,66.50440936384763],[39.72021198350118,66.50440936384763],[40.12014361400905,66.75967900720639],[40.280181330786064,67.27222222672319],[40.0367079784662,67.52952634016819],[39.71182054927113,67.52952634016819],[39.46650973568255,67.78753971491467],[38.81486467655699,67.78753971491467],[38.56674283839879,68.04627849017761],[37.913204938292964,68.04627849017761],[37.6622201824829,68.305759177752],[37.334493146078664,68.305759177752],[37.08156113698537,68.56599867652167],[36.42416684449,68.56599867652167],[36.168272753780315,68.82701428765154],[35.1792338048025,68.82701428765154],[34.91932283604956,69.08882373050379],[33.596623117071005,69.08882373050379],[33.20115590684683,68.82701428765154],[32.541796607528305,68.82701428765154],[32.27392339809244,69.08882373050379],[32.668231285428625,69.3514451593223],[32.336547902171034,69.3514451593223],[32.06731057529456,69.61489718073125],[31.7346051540396,69.61489718073125],[31.463129729599004,69.87919887209894],[30.461905320227515,69.87919887209894],[30.186046084666515,70.14436617492593],[29.516462139189123,70.14436617492593],[29.237186510420166,70.41041978427283],[28.22961384580953,70.41041978427283],[27.945772316656132,70.6773653659106],[26.934955378572965,70.6773653659106],[26.550326071458567,70.41041978427283],[26.88618362632873,70.41041978427283],[27.17291833001815,70.14436617492593],[28.177294248234254,70.14436617492593],[28.45945650148449,69.87919887209894],[28.74025636274503,69.61489718073125],[29.126939441065517,69.87919887209894],[29.405667205254957,69.61489718073125],[29.01971406959528,69.3514451593223],[28.636499170901374,69.08882373050379],[28.53543533454573,68.56599867652167],[28.813590199568928,68.305759177752],[29.09044328686449,68.04627849017761],[29.366011319236613,67.78753971491467],[29.640310244223016,67.52952634016819],[29.26542863505305,67.27222222672319],[29.21601127835526,67.01561159408122],[28.845007047852718,66.75967900720639],[29.118839821456746,66.50440936384763],[29.071053438940204,66.24978788240588],[29.343275831097692,65.99580009031686],[29.614266233844567,65.74243181292202],[29.378969990955326,64.48439973430244],[29.646906884386,64.23447955753632],[29.60085632352078,63.985098471591485]],[[77.24285339257585,46.57392859898241],[76.88127261453761,46.3480933444613],[75.80052214057379,46.3480933444613],[75.0847132771442,45.89686644376137],[74.7411897412261,44.99607309338572],[74.38904251433492,44.771207468327056],[74.30539897152666,44.54646754321361],[73.95538872715306,44.321851182101874],[73.77087218943376,44.54646754321361],[74.10569729266072,45.44620717419558],[73.92167398902444,45.67146763267748],[74.00694764309773,45.89686644376137],[74.71977166660997,46.3480933444613],[74.80776730454403,46.57392859898241],[75.1674369423771,46.79991653717813],[75.43838268988296,46.79991653717813],[75.79996660731354,47.02606079890111],[78.78459270913093,47.02606079890111],[79.15201608505225,47.25236504813613],[79.42373304992478,47.25236504813613],[79.77351464997719,46.79991653717813],[79.40737435971523,46.57392859898241],[77.24285339257585,46.57392859898241]],[[30.340314624102213,61.27512749386451],[30.644754761915365,61.27512749386451],[31.161934353068517,60.788478180843754],[31.07195814902036,60.303551651047655],[30.38321558961735,59.82030008028887],[30.082987063551933,59.82030008028887],[29.0408675748045,60.788478180843754],[30.079480940758067,61.51911571264012],[30.340314624102213,61.27512749386451]],[[32.97928407388181,62.253821287905595],[33.3395116696708,62.499661518642974],[33.955788164661655,62.499661518642974],[33.701763487756246,62.74598359595003],[33.392864144380916,62.74598359595003],[33.13706396569774,62.99279529923635],[33.50112045157801,63.24010453469116],[34.12200778341322,63.24010453469116],[34.62846151788219,62.74598359595003],[34.51620615857618,62.253821287905595],[34.76751773240599,62.00845524773602],[34.65696656488564,61.51911571264012],[34.29803641567308,61.27512749386451],[33.99359627785993,61.27512749386451],[33.48838545555181,61.76355586227456],[33.18248722889085,61.76355586227456],[32.927691112237646,62.00845524773602],[32.97928407388181,62.253821287905595]]],[[[47.49403127460956,68.305759177752],[47.92856696315874,68.56599867652167],[47.707060491854996,68.82701428765154],[47.04770119253642,68.82701428765154],[46.94247552441568,68.56599867652167],[47.16630423820533,68.305759177752],[47.49403127460956,68.305759177752]]],[[[56.24864658298418,70.6773653659106],[55.911707603623114,70.6773653659106],[55.52360751308057,71.21396879067898],[55.97034665838193,72.02579499475866],[56.468368143452516,72.29828793262408],[56.62666445940634,72.57173954377352],[58.16674880885664,73.3979494078281],[56.771474674901626,73.3979494078281],[56.59131384535449,73.6753396337246],[55.540908401719605,73.6753396337246],[55.02738200745786,73.3979494078281],[55.21483650789277,73.12155979801264],[54.2114943970339,72.57173954377352],[53.86647010240925,72.57173954377352],[53.37410008236562,72.29828793262408],[53.57205546687316,72.02579499475866],[52.607415542788694,71.48364519481166],[52.47123408161258,71.21396879067898],[53.149539288605446,71.21396879067898],[53.351367796856245,70.94521196749457],[54.0274418973816,70.94521196749457],[54.227012706817874,70.6773653659106],[54.56395168617893,70.6773653659106],[54.762360680555524,70.41041978427283],[56.441648454906534,70.41041978427283],[56.24864658298418,70.6773653659106]]],[[[136.37143499227943,-34.027007764845436],[136.51786515082594,-33.805789762446935],[136.7714291008095,-33.805789762446935],[137.2142001518507,-33.14225108123],[137.46712326109525,-33.14225108123],[137.7654814147583,-32.69997168817188],[138.01798879919005,-32.69997168817188],[138.16808952165732,-32.478851003031295],[138.5230035680535,-32.69997168817188],[138.62678832538364,-32.921104502711316],[138.47881569807345,-33.14225108123],[138.22589258882894,-33.14225108123],[138.43840884544295,-33.58459207373245],[137.43328093755858,-35.13348085803455],[137.6881871151791,-35.13348085803455],[138.11434875888582,-34.46951127584168],[138.36857387193345,-34.46951127584168],[138.73501127453494,-34.69080007120077],[138.84831874879035,-34.91211575401226],[138.42873509334558,-35.576266595449106],[139.19484892454207,-35.576266595449106],[139.56825038698298,-35.79771109220942],[139.68747630997262,-36.01919308629559],[140.06401564620506,-36.24071489148738],[140.30921731125056,-36.68388721126838],[140.17696495597477,-36.90554237511825],[140.3026433019765,-37.12724664909119],[140.17237951113256,-37.34900237015657],[140.30060968608623,-37.57081188067094],[140.68813828934213,-37.792677528631316],[140.94598490976807,-37.792677528631316],[141.72764875690956,-38.23658665861161],[141.9860240413128,-38.23658665861161],[142.38025646352997,-38.458634867131046],[143.15618922978808,-38.458634867131046],[143.5533888952458,-38.680748666614505],[143.81230530846113,-38.680748666614505],[144.05302631653845,-38.23658665861161],[144.31140160094165,-38.23658665861161],[144.4331009353184,-38.014601667930044],[146.43021915994012,-39.12518256590976],[146.7772088056591,-38.458634867131046],[147.03585306107848,-38.458634867131046],[147.27230465842095,-38.014601667930044],[147.78852351716688,-38.014601667930044],[147.90784366126917,-37.792677528631316],[148.93923014297303,-37.792677528631316],[149.33718009340467,-38.014601667930044],[149.59528952277762,-38.014601667930044],[149.71277000425096,-37.792677528631316],[149.57373407303388,-37.57081188067094],[149.9362950917503,-36.90554237511825],[149.80252486020888,-36.68388721126838],[150.43118511542346,-35.576266595449106],[150.68655639248894,-35.576266595449106],[151.0728131322707,-34.91211575401226],[150.94860851570928,-34.69080007120077],[151.21181453458098,-34.24824772180824],[151.09079684160915,-34.027007764845436],[151.49456892959157,-33.3634130593252],[151.74770336786395,-33.3634130593252],[151.88374048803476,-33.14225108123],[152.13666359727924,-33.14225108123],[152.27334896873853,-32.921104502711316],[152.5260630547266,-32.921104502711316],[152.41090971179912,-32.69997168817188],[153.25555096214822,-31.37337236393964],[153.14856122146045,-31.152290170715972],[153.29389047509395,-30.931208683151343],[153.18948426169584,-30.71012627045409],[153.33705021532052,-30.489041301764438],[153.23527432464164,-30.26795214603392],[153.53607558935076,-29.825768298448587],[153.43823450632092,-29.60465718087936],[153.5915185904634,-29.38353904749837],[153.49636266327417,-29.162414334933594],[153.6519918543898,-28.941283479943117],[153.2905341650956,-28.056707374953337],[153.4522573493402,-27.835552363152612],[152.8821148557693,-26.287393230599463],[153.0536143482675,-26.06622231251957],[152.83356920837278,-25.4027111950028],[152.20002538228812,-24.960378948739386],[152.13231513009868,-24.739214853844164],[150.8887106816726,-23.854576825827035],[150.8272484169647,-23.633421320266663],[150.2153922183007,-23.191114289971527],[150.15693103641567,-22.969962530721354],[149.85357620399316,-22.748811785736265],[149.74072663761729,-22.306512869594012],[149.43989723331683,-22.08536446396447],[149.3851775630231,-21.864216603653958],[149.08578489554301,-21.64306917143478],[149.03219797323374,-21.4219220500815],[148.73402119514128,-21.20077512237026],[148.6813511460944,-20.97962827107832],[148.38417270204167,-20.758481378983273],[148.33220614923604,-20.537334328862556],[148.03581170381344,-20.316187003492708],[147.98433770754497,-20.09503928564885],[145.92107359348316,-18.54700434458847],[145.87186524990219,-18.325852275230748],[146.06674329831873,-18.104699883538096],[145.92224860037385,-17.441241088539233],[146.11837645083668,-17.220087721597388],[145.97944698737246,-16.556626754685364],[145.69122329119008,-16.33547291505404],[145.51747630786545,-15.450857474177404],[145.23316403602712,-15.229703750424152],[145.15239876331512,-14.787403549803402],[143.75339689131937,-13.681640944589784],[143.71839630879137,-13.460488756935877],[143.44207442121072,-13.2393366607985],[143.34377522045716,-12.575880837430411],[143.07059463773672,-12.354729023304138],[143.01003108033944,-11.912425535113675],[142.73910041483643,-11.691273844238676],[142.7105322693739,-11.47012217763668],[142.46893204532066,-11.47012217763668],[142.4974474917065,-11.691273844238676],[142.2849105851152,-11.912425535113675],[142.3146891550852,-12.133577258667037],[142.10332125215817,-12.354729023304138],[142.1661586648917,-12.79703270945125],[141.95662568479526,-13.018184647772133],[142.05811084393744,-13.681640944589784],[141.85114812816363,-13.902793232165768],[142.16031691307035,-15.67201128392773],[141.75904847838933,-16.11431903577681],[141.80221082457112,-16.33547291505404],[141.20528623548378,-16.99893418936757],[141.25044214695902,-17.220087721597388],[140.65771838300807,-17.883547200919203],[140.4140618558696,-17.883547200919203],[140.21687096453851,-18.104699883538096],[139.3482214483644,-17.441241088539233],[139.104738961253,-17.441241088539233],[138.52885586854123,-16.99893418936757],[138.28554401700097,-16.99893418936757],[137.71251437745056,-16.556626754685364],[137.46936930068816,-16.556626754685364],[136.61555777177406,-15.893165148264444],[136.37265462539244,-15.893165148264444],[135.80755607413207,-15.450857474177404],[135.73104496771703,-15.00855014407848],[135.4513736133802,-14.787403549803402],[135.37944604578138,-14.34509814070649],[135.58689010509562,-14.123945628069466],[135.55266639673206,-13.902793232165768],[135.9705719398268,-13.460488756935877],[135.93831823965326,-13.2393366607985],[136.3597209127651,-12.79703270945125],[136.2996809386869,-12.354729023304138],[136.08749560995062,-12.575880837430411],[135.84561962293373,-12.575880837430411],[135.57422589950298,-12.354729023304138],[135.0905892067137,-12.354729023304138],[134.82006817567972,-12.133577258667037],[134.09478227444689,-12.133577258667037],[133.82517147416544,-11.912425535113675],[133.34175781068262,-11.912425535113675],[133.0729834896402,-11.691273844238676],[132.58967764338038,-11.691273844238676],[132.85834414719974,-11.912425535113675],[132.88597243905892,-12.133577258667037],[132.67240574276735,-12.354729023304138],[132.43058739637272,-12.354729023304138],[132.2174798176804,-12.575880837430411],[131.97560383066352,-12.575880837430411],[131.70513235718877,-12.354729023304138],[131.27908787965436,-12.79703270945125],[131.03715297331576,-12.79703270945125],[130.82485008080883,-13.018184647772133],[130.58285495898303,-13.018184647772133],[130.61307191725766,-13.2393366607985],[129.98093255738877,-13.902793232165768],[130.01361616402377,-14.123945628069466],[129.80459974381438,-14.34509814070649],[129.83859155242382,-14.566250778482564],[130.11580978091607,-14.787403549803402],[129.49610792220537,-15.450857474177404],[129.21678245972134,-15.229703750424152],[128.9741100115955,-15.229703750424152],[128.695694070149,-15.00855014407848],[128.4530957633363,-15.00855014407848],[127.34813732264158,-14.123945628069466],[127.10582106433415,-14.123945628069466],[126.89598428191856,-14.34509814070649],[126.41121503826925,-14.34509814070649],[126.20177546339181,-14.566250778482564],[125.95932105745638,-14.566250778482564],[125.75034846344539,-14.787403549803402],[125.50782283469702,-14.787403549803402],[125.54191608158402,-15.00855014407848],[124.91974731170343,-15.67201128392773],[124.95620674545599,-15.893165148264444],[124.54471800394946,-16.33547291505404],[124.30165472478576,-16.33547291505404],[124.09639007875569,-16.556626754685364],[123.85324500199327,-16.556626754685364],[123.89145925263433,-16.77778052326008],[124.17345662766758,-16.99893418936757],[124.21267208338728,-17.220087721597388],[123.80519750762615,-17.6623942587831],[123.23908522261173,-17.220087721597388],[123.1617753932751,-16.77778052326008],[122.75229179222399,-17.220087721597388],[122.79141232478521,-17.441241088539233],[122.58735195672622,-17.6623942587831],[122.62713537475817,-17.883547200919203],[122.4235092826238,-18.104699883538096],[122.46384800972916,-18.325852275230748],[122.26054584843138,-18.54700434458847],[122.30133242707062,-18.768156060203097],[121.28582298585997,-19.87390823288032],[121.04135350698941,-19.87390823288032],[120.83799594617989,-20.09503928564885],[120.5934343086901,-20.09503928564885],[120.38990587347982,-20.316187003492708],[118.92198167009929,-20.316187003492708],[118.71785035394372,-20.537334328862556],[118.47310361183386,-20.537334328862556],[118.2688704728633,-20.758481378983273],[117.77919076181978,-20.758481378983273],[117.57480073404284,-20.97962827107832],[117.3298672662314,-20.97962827107832],[117.12545138483195,-21.20077512237026],[116.6353960389357,-21.20077512237026],[116.43089680209158,-21.4219220500815],[116.18577423689503,-21.4219220500815],[115.98132261401943,-21.64306917143478],[115.73610437489707,-21.64306917143478],[115.53173659838866,-21.864216603653958],[115.28642180878985,-21.864216603653958],[115.08217357942172,-22.08536446396447],[114.59134895579469,-22.08536446396447],[114.38715685374092,-22.306512869594012],[114.141645952464,-22.306512869594012],[114.18325269715139,-22.527661937773246],[113.9796730181424,-22.748811785736265],[114.02226814305993,-22.969962530721354],[113.81954988246889,-23.191114289971527],[113.90771213956853,-23.633421320266663],[113.70662085779574,-23.854576825827035],[113.89482377711929,-24.739214853844164],[114.19090492978397,-24.960378948739386],[114.34492803183764,-25.623880857053187],[114.1509278912427,-25.845051375446744],[114.6122103183474,-27.61439383172224],[114.42581650523125,-27.835552363152612],[115.03009356220878,-29.825768298448587],[115.35262165043866,-30.046857171905277],[115.65299952055464,-30.931208683151343],[115.98179122905923,-31.152290170715972],[116.2214241493362,-31.815545390910945],[116.05140325255874,-32.03663948698336],[116.13407436604756,-32.25774081360498],[115.96542371569083,-32.478851003031295],[116.1352346724468,-32.921104502711316],[115.96865897530837,-33.14225108123],[116.05574757146228,-33.3634130593252],[115.72562125217149,-33.805789762446935],[115.47205730218792,-33.805789762446935],[115.30752062168695,-34.027007764845436],[115.65146539627406,-34.24824772180824],[115.74253881069676,-34.46951127584168],[115.99676392374434,-34.46951127584168],[116.34341633238189,-34.69080007120077],[116.85231621743084,-34.69080007120077],[117.2007766113772,-34.91211575401226],[117.71013054402219,-34.91211575401226],[117.87011598752868,-34.69080007120077],[118.37901587257765,-34.69080007120077],[118.53901505422037,-34.46951127584168],[119.04746528031559,-34.46951127584168],[119.20750031010478,-34.24824772180824],[119.46150280394981,-34.24824772180824],[119.62181633614563,-34.027007764845436],[120.12938053784667,-34.027007764845436],[120.28977235187614,-33.805789762446935],[121.81115605177767,-33.805789762446935],[121.97078513036192,-33.58459207373245],[123.74422153044758,-33.58459207373245],[123.9029151579052,-33.3634130593252],[124.15604959617752,-33.3634130593252],[124.31512158037859,-33.14225108123],[124.56804468962315,-33.14225108123],[124.72751359604065,-32.921104502711316],[124.98022768202867,-32.921104502711316],[125.14011219317135,-32.69997168817188],[125.3926195776031,-32.69997168817188],[125.55293849553999,-32.478851003031295],[126.05754453658467,-32.478851003031295],[126.21811477524123,-32.25774081360498],[126.97441780593077,-32.25774081360498],[127.13506351288116,-32.03663948698336],[127.89076762153951,-32.03663948698336],[128.05151753195025,-31.815545390910945],[130.0651504481399,-31.815545390910945],[130.22505925741052,-31.594456893665964],[131.73411482469763,-31.594456893665964],[132.07878336432947,-31.815545390910945],[132.3304874788532,-31.815545390910945],[133.37433213173276,-32.478851003031295],[133.6266351522551,-32.478851003031295],[134.3306488635867,-32.921104502711316],[134.43204595016067,-33.14225108123],[134.7876960036163,-33.3634130593252],[134.89153604527164,-33.58459207373245],[135.25004540090796,-33.805789762446935],[135.5720976284098,-34.46951127584168],[135.42716202171684,-34.69080007120077],[135.6816119642413,-34.69080007120077],[136.04687211924275,-34.91211575401226],[135.82632274145743,-34.46951127584168],[136.11765289142895,-34.027007764845436],[136.37143499227943,-34.027007764845436]]],[[[131.64980998849265,-11.912425535113675],[131.86471887399065,-11.691273844238676],[131.38141302773084,-11.691273844238676],[131.16639632500983,-11.912425535113675],[131.64980998849265,-11.912425535113675]]],[[[132.32172263508394,-11.47012217763668],[132.34802472025046,-11.691273844238676],[132.58967764338038,-11.691273844238676],[132.32172263508394,-11.47012217763668]]],[[[120.33187303576875,-9.922058675124262],[120.59330407756762,-10.143212217057027],[120.57313680398138,-9.922058675124262],[120.31223233188388,-9.700907243609919],[119.82979206817024,-9.700907243609919],[120.09060926755612,-9.922058675124262],[120.33187303576875,-9.922058675124262]]],[[[124.17175444159291,-9.700907243609919],[123.73031425435873,-10.143212217057027],[124.2129312046343,-10.143212217057027],[124.65419470530651,-9.700907243609919],[124.89541483716333,-9.700907243609919],[124.85594290266187,-9.258604271745266],[124.59582469934438,-9.03745273581877],[124.15190506584949,-9.479755775079624],[124.17175444159291,-9.700907243609919]]],[[[125.30047086392032,-8.816301169512066],[125.0594149950899,-8.816301169512066],[125.07801557163425,-9.03745273581877],[125.33821487827997,-9.258604271745266],[125.57935086608899,-9.258604271745266],[125.80130188006906,-9.03745273581877],[126.04239731621401,-9.03745273581877],[126.264694339242,-8.816301169512066],[126.7468060769028,-8.816301169512066],[126.48737047228579,-8.59514957503705],[125.52330141623196,-8.59514957503705],[125.30047086392032,-8.816301169512066]]],[[[118.79196240549895,-8.816301169512066],[118.533800759842,-8.59514957503705],[117.0876971757613,-8.59514957503705],[116.8635154548556,-8.816301169512066],[117.10457132368603,-8.816301169512066],[117.36296161499612,-9.03745273581877],[117.84515248728599,-9.03745273581877],[118.06879479900769,-8.816301169512066],[118.79196240549895,-8.816301169512066]]],[[[119.75618588082062,-8.816301169512066],[119.99724174965104,-8.816301169512066],[119.97990434392266,-8.59514957503705],[119.4978698158958,-8.59514957503705],[119.75618588082062,-8.816301169512066]]],[[[122.64885630678569,-8.816301169512066],[122.8722902417345,-8.59514957503705],[122.87211151208405,-8.59514957503705],[122.64885630678569,-8.816301169512066]]],[[[121.42600792800336,-8.59514957503705],[121.16788740376833,-8.373997954605677],[120.68592820398355,-8.373997954605677],[120.46193887194957,-8.59514957503705],[120.97939315717022,-9.03745273581877],[121.46158402946013,-9.03745273581877],[121.68463283146401,-8.816301169512066],[122.40780043795526,-8.816301169512066],[122.1490597200437,-8.59514957503705],[121.42600792800336,-8.59514957503705]]],[[[123.09572420290756,-8.373997954605677],[122.8722902417345,-8.59514957503705],[123.11312877609751,-8.59514957503705],[123.56062998229082,-8.15284631042984],[123.33670380279993,-8.373997954605677],[123.09572420290756,-8.373997954605677]]],[[[132.45755221984433,-7.9316946447215],[132.68089961842878,-7.710542959692556],[132.66376878315202,-7.48939125755496],[132.44002758401965,-7.710542959692556],[132.45755221984433,-7.9316946447215]]],[[[134.97588210885783,-6.162480809316121],[135.20178423511504,-5.941329049352183],[135.17332815789095,-5.499025533396826],[134.94679345051998,-5.720177289975116],[134.9611630443543,-5.941329049352183],[134.73523217551246,-6.162480809316121],[134.76570278390543,-6.6047843221567755],[134.9909615611422,-6.383632567654969],[134.97588210885783,-6.162480809316121]]],[[[130.98660172245374,-3.7298117405252365],[130.4855147049581,-3.287508154016643],[128.32255544601327,-3.287508154016643],[128.33232131357778,-3.5086599437616073],[130.25511281939274,-3.5086599437616073],[130.75708282383601,-3.950963544749906],[130.99747472741842,-3.950963544749906],[130.98660172245374,-3.7298117405252365]]],[[[126.90031195025196,-3.7298117405252365],[127.13057662244343,-3.5086599437616073],[127.12091141326616,-3.287508154016643],[126.39992499361786,-3.287508154016643],[126.4095298077628,-3.5086599437616073],[126.65994196365185,-3.7298117405252365],[126.90031195025196,-3.7298117405252365]]],[[[122.31433528227765,-3.287508154016643],[122.30551659701189,-3.0663563708479686],[122.0568724317115,-2.8452045938131674],[122.04902496382125,-2.6240528224698796],[121.8014282104524,-2.4029010563756863],[121.79463588197335,-2.1817492950882293],[122.02862556758667,-1.9605975381650904],[122.02294700939508,-1.7394457851638963],[122.49379786497408,-1.2971422891578035],[122.73399466917274,-1.2971422891578035],[122.97033820162966,-1.075990545268129],[122.48996123445689,-1.075990545268129],[122.25360106077545,-1.2971422891578035],[121.53301064817951,-1.2971422891578035],[121.29724630653376,-1.5182940356422734],[121.05703978414398,-1.5182940356422734],[120.08254786731648,-0.6336870635035381],[120.08081629615558,-0.4125353247438759],[120.31997239046788,-0.19138358680942688],[120.31969706866921,0.029768150742167817],[120.80173258391787,0.4720716264664013],[121.2820791204703,0.4720716264664013],[121.52419895006408,0.6932233655238169],[122.48490905719433,0.6932233655238169],[122.72311873012754,0.4720716264664013],[122.96329199840372,0.4720716264664013],[123.20222105691808,0.25091988835332424],[123.44239164428289,0.25091988835332424],[123.68207052255524,0.029768150742167817],[123.92273281901248,0.25091988835332424],[124.1629034063773,0.25091988835332424],[124.40433160806099,0.4720716264664013],[124.6445048763372,0.4720716264664013],[124.64650679823741,0.6932233655238169],[124.88941094829686,0.9143751059679439],[124.89283527676977,1.1355268482411554],[125.13713387859333,1.3566785927858693],[124.896934593631,1.3566785927858693],[124.65264469340114,1.1355268482411554],[124.41245411003251,1.1355268482411554],[124.16886100459162,0.9143751059679439],[123.92867769002318,0.9143751059679439],[123.68579669110716,0.6932233655238169],[123.205441637542,0.6932233655238169],[122.96794443174954,0.9143751059679439],[121.7670278589075,0.9143751059679439],[121.53016710960901,1.1355268482411554],[121.04978594287174,1.1355268482411554],[120.08000342117563,0.25091988835332424],[120.07980224906254,-0.19138358680942688],[119.84064390680494,-0.4125353247438759],[119.8665559374335,-1.9605975381650904],[119.63244365300892,-2.1817492950882293],[119.639102536788,-2.4029010563756863],[119.40600664743744,-2.6240528224698796],[119.43038960368452,-3.287508154016643],[119.67071841023395,-3.287508154016643],[119.9201084756373,-3.5086599437616073],[119.94968129606953,-4.172115356878032],[119.71982492870235,-4.393267177351978],[119.7651038216085,-5.277873781829286],[120.48672073896586,-5.277873781829286],[120.46335749782595,-4.835570845106938],[120.21163322881058,-4.614419006614159],[120.44113938153866,-4.393267177351978],[120.38303947987389,-3.0663563708479686],[120.84765300182862,-2.6240528224698796],[121.3442780384429,-3.0663563708479686],[121.3718022584495,-3.7298117405252365],[121.87299842464107,-4.172115356878032],[121.89486992423313,-4.614419006614159],[122.12420643815665,-4.393267177351978],[122.36464458910208,-4.393267177351978],[122.61625707941425,-4.614419006614159],[122.38725585980052,-4.835570845106938],[122.39900529654497,-5.056722037484403],[122.65157149103788,-5.277873781829286],[122.88003096049383,-5.056722037484403],[122.62774315504733,-4.835570845106938],[122.60508274004751,-4.393267177351978],[122.83465698892685,-4.172115356878032],[122.58375810203262,-3.950963544749906],[122.56394679613288,-3.5086599437616073],[122.31433528227765,-3.287508154016643]]],[[[125.86642844942573,-1.7394457851638963],[126.1125348689871,-1.9605975381650904],[126.34686362942955,-1.7394457851638963],[125.86642844942573,-1.7394457851638963]]],[[[132.81188794640204,-0.6336870635035381],[132.33153549058747,-0.6336870635035381],[132.09405559812825,-0.8548388035308316],[131.6136923806378,-0.8548388035308316],[131.3769351271538,-1.075990545268129],[131.1367466435674,-1.075990545268129],[131.14571372451482,-1.5182940356422734],[131.86633329168419,-1.5182940356422734],[132.1120857894755,-1.7394457851638963],[132.1182838416347,-1.9605975381650904],[132.36535344579946,-2.1817492950882293],[133.80681493177573,-2.1817492950882293],[134.05460702788403,-2.4029010563756863],[134.0190084466043,-1.075990545268129],[133.53863147943144,-1.075990545268129],[133.29496364185437,-0.8548388035308316],[133.05478203310912,-0.8548388035308316],[132.81188794640204,-0.6336870635035381]]],[[[128.02302893344765,-1.5182940356422734],[128.26323545583745,-1.5182940356422734],[128.01832436154294,-1.2971422891578035],[128.02302893344765,-1.5182940356422734]]],[[[128.48684992342714,-0.4125353247438759],[128.24558853488588,-0.1910186366490244],[128.24558705684393,-0.19138358680942688],[128.48684992342714,-0.4125353247438759]]],[[[127.76524677403327,-0.19138358680942688],[127.5247830412821,0.029768150742167817],[127.52507663262793,-0.19138358680942688],[127.76633275537532,-0.4125353247438759],[127.76524677403327,-0.19138358680942688]]],[[[131.36779889511328,-0.19138358680942688],[131.36749556000896,0.029768150742167817],[130.88715649516809,0.029768150742167817],[130.8874586123026,-0.19138358680942688],[131.36779889511328,-0.19138358680942688]]],[[[129.20987980710612,0.6932233655238169],[128.73588461066777,1.1355268482411554],[129.2254548811902,1.5778303400444442],[129.237258649251,2.0201338444727868],[128.99702514441154,2.0201338444727868],[128.7506001144892,1.7989820904592966],[128.74503613885554,1.5778303400444442],[128.2555034439305,1.1355268482411554],[128.01952529814204,1.3566785927858693],[128.0244080253536,1.5778303400444442],[128.2701585268217,1.7989820904592966],[128.2904384288694,2.4624373650653046],[128.04284491622542,2.2412856025273316],[128.02993773298792,1.7989820904592966],[127.78419865418634,1.5778303400444442],[127.77932601317966,1.3566785927858693],[128.0153128605619,1.1355268482411554],[128.00512210612294,0.029768150742167817],[128.24558853488588,-0.1910186366490244],[128.24916969997585,0.6932233655238169],[128.49216066682297,0.9143751059679439],[128.73234398139138,0.9143751059679439],[128.96970228032356,0.6932233655238169],[129.20987980710612,0.6932233655238169]]],[[[122.47933772971862,6.443168874184523],[122.70635843106975,6.222017116661056],[122.72002515963403,6.443168874184523],[122.47933772971862,6.443168874184523]]],[[[126.58551368600791,6.664320627275483],[126.63117691528879,7.3277758378339115],[126.40631654168199,7.548927551075463],[126.45661144958204,8.212382588999198],[126.23323292819795,8.433534227000356],[126.25124643394967,8.654685840661607],[126.02864322489404,8.875837427770994],[126.04752668551411,9.096988986116632],[125.82573254331578,9.318140513486576],[125.86580372197753,9.760443466451711],[125.60433460048294,9.539292007668896],[125.3631456921942,9.539292007668896],[125.58458546758776,9.318140513486576],[125.54651037455953,8.875837427770994],[125.02828468740503,8.433534227000356],[124.78729503924644,8.433534227000356],[124.27118114351893,7.991230928870034],[123.78934800276879,7.991230928870034],[123.56517955683627,8.212382588999198],[123.08327424137866,8.212382588999198],[122.8256817212685,7.991230928870034],[122.80944827363142,7.770079248824822],[122.55276424968623,7.548927551075463],[122.50763054280682,6.885472373721985],[122.74837946553052,6.885472373721985],[122.77816075106153,7.3277758378339115],[123.29121100248103,7.770079248824822],[123.77297373133068,7.770079248824822],[124.22304181264674,7.3277758378339115],[124.20777170241357,7.106624111312118],[124.4336219245963,6.885472373721985],[124.39096296445427,6.222017116661056],[124.84540214575532,5.7797135971643865],[125.32660338328178,5.7797135971643865],[125.78196419578862,5.337410086480983],[125.83490970735532,6.222017116661056],[125.38192468502068,6.664320627275483],[125.89323743487999,7.106624111312118],[126.13401825380377,7.106624111312118],[126.35961330638578,6.885472373721985],[126.3303366083654,6.443168874184523],[126.58551368600791,6.664320627275483]]],[[[117.04368403226671,7.991230928870034],[117.26917689186062,7.770079248824822],[117.28460060264179,7.991230928870034],[118.83246734720322,9.318140513486576],[118.8699567735239,9.758968053645816],[117.31661594633034,8.433534227000356],[117.30041045588712,8.212382588999198],[117.04368403226671,7.991230928870034]]],[[[124.13770301321966,9.318140513486576],[124.11867664289792,9.096988986116632],[124.35978289822494,9.096988986116632],[124.6199971646757,9.318140513486576],[124.39839005903902,9.539292007668896],[124.13770301321966,9.318140513486576]]],[[[123.99945802924522,10.4231842499145],[123.9773070095247,10.202748510815603],[123.71510232445381,9.98159488762308],[123.49466561596556,10.202748510815603],[123.53787466386291,10.645051866134349],[123.29646066306616,10.645051866134349],[123.03327902005303,10.423900200423159],[122.79212142966044,10.423900200423159],[123.01202422240647,10.202748510815603],[122.99127523093982,9.98159488762308],[122.72979064720712,9.760443466451711],[122.69082055885154,9.318140513486576],[123.13584612288713,8.875837427770994],[123.37691254805435,8.875837427770994],[123.39535787691683,9.096988986116632],[123.65540886176362,9.318140513486576],[123.6753465553785,9.539735131102239],[123.93594952211883,9.760443466451711],[123.95637802229182,9.98159488762308],[124.21862770630426,10.202748510815603],[123.99945802924522,10.4231842499145]]],[[[119.13086406553178,9.98159488762308],[118.87008224748965,9.760443466451711],[118.8699567735239,9.758968053645816],[119.13086406553178,9.98159488762308]]],[[[122.79191222737533,10.423900200423159],[122.79212142966044,10.423900200423159],[122.57221866067584,10.645051866134349],[122.79191222737533,10.423900200423159]]],[[[123.99945802924522,10.4231842499145],[124.06619885346878,11.08735515948903],[123.9987461907638,10.423900200423159],[123.99945802924522,10.4231842499145]]],[[[120.22475483801269,11.308506803943262],[119.96049789442111,11.08735515948903],[119.93832452091513,10.866203516354522],[119.15089307393355,10.202748510815603],[119.13086406553178,9.98159488762308],[119.3721397633698,9.98159488762308],[120.42124919687159,10.866203516354522],[120.20200971554156,11.08735515948903],[120.24802986868316,11.529658458122544],[120.22475483801269,11.308506803943262]]],[[[122.18094421408482,11.529658458122544],[122.06781184934226,10.423900200423159],[122.33080465987905,10.645051866134349],[122.57221866067584,10.645051866134349],[123.10015156898697,11.08735515948903],[123.1235044441776,11.308506803943262],[122.90578709361041,11.529658458122544],[122.18094421408482,11.529658458122544]]],[[[124.96421336147458,10.423900200423159],[125.00903361845782,10.866203516354522],[125.27375795907103,11.08735515948903],[125.7567816013119,11.08735515948903],[125.53912911598165,11.308506803943262],[125.58852343372237,11.750810130432273],[125.37235298394403,11.971961829277797],[125.39842871381867,12.193113563064486],[125.18325768879484,12.414265340197765],[124.69959021070916,12.414265340197765],[124.6730976481888,12.193113563064486],[124.88890987724726,11.971961829277797],[124.86352148517113,11.750810130432273],[125.08031573218723,11.529658458122544],[125.05600418162082,11.308506803943262],[124.79073431683013,11.08735515948903],[124.54922249570966,11.08735515948903],[124.50353066704999,10.645051866134349],[124.72284656879688,10.423900200423159],[124.68020511580582,9.98159488762308],[124.90087662204819,9.760443466451711],[125.16275651148183,9.98159488762308],[125.18391049342249,10.202748510815603],[124.96421336147458,10.423900200423159]]],[[[123.92202366385375,11.971961829277797],[123.94776658255896,12.193113563064486],[123.73225525453783,12.414265340197765],[123.49042151549503,12.414265340197765],[123.46421253880574,12.193113563064486],[123.70598956068234,12.193113563064486],[123.92202366385375,11.971961829277797]]],[[[121.60899463343291,12.85656905812568],[121.3944867158221,13.077721015731196],[120.91046360351592,13.077721015731196],[120.88314166723822,12.85656905812568],[121.09829827951413,12.63541716908301],[121.0720841250667,12.414265340197765],[121.31391786410951,12.414265340197765],[121.52999636379279,12.193113563064486],[121.60899463343291,12.85656905812568]]],[[[122.9336396716134,13.741177383979892],[122.44923719226205,13.741177383979892],[122.8749678234273,13.298873050305072],[123.14612964959356,13.520025170252786],[123.3882663135442,13.520025170252786],[123.60118814947008,13.298873050305072],[123.8432615914843,13.298873050305072],[124.27045550948019,12.85656905812568],[124.24289066798435,12.63541716908301],[124.29862538965925,13.077721015731196],[124.08533503349858,13.298873050305072],[124.14464586999182,13.741177383979892],[123.90244463031614,13.741177383979892],[123.69071761113554,13.962329699891958],[123.20618323717038,13.962329699891958],[122.9336396716134,13.741177383979892]]],[[[122.39717666042127,15.068086935342036],[122.36384804800018,14.846940153502823],[122.60639309879608,14.846940153502823],[122.39717666042127,15.068086935342036]]],[[[121.25546920954008,18.385388699067796],[120.97172845801086,18.1642363910614],[120.73957278471558,16.837317355330573],[120.45914284651906,16.616163611251277],[120.42243884377382,16.395009787659305],[120.14323142408918,16.17385591596535],[120.0725867256168,15.731548153914504],[120.28088306593287,15.51039432637916],[120.24693503691879,15.289240576384804],[120.45623166917034,15.068086935342036],[120.42348764163302,14.846940153502823],[120.66603269242891,14.846940153502823],[121.51031292829231,13.962329699891958],[121.23823099388362,13.741177383979892],[121.20903633798842,13.520025170252786],[121.45117300193904,13.520025170252786],[121.66460061335601,13.298873050305072],[121.90667405537027,13.298873050305072],[122.44923719226205,13.741177383979892],[122.23711448924007,13.962329699891958],[122.29918094532533,14.404634671893497],[122.08871184821237,14.625787344794317],[121.66932228870215,15.068086935342036],[121.8081050099024,15.952702027580155],[122.36712036843791,16.395009787659305],[122.4423258734923,16.837317355330573],[122.72396341619657,17.05847098848661],[122.7627837713276,17.27962447930898],[122.15054344882216,17.943083783673178],[122.19057111182673,18.1642363910614],[122.47475688964502,18.385388699067796],[122.23089935362401,18.385388699067796],[121.94680258106358,18.1642363910614],[121.7030340503004,18.1642363910614],[121.49932674556108,18.385388699067796],[121.25546920954008,18.385388699067796]]],[[[120.82676014005851,22.587197648988862],[121.02785136810873,22.36604838241614],[121.11751640387395,22.80834772690669],[121.40909184705707,23.029498733409092],[121.55073312409645,23.692958496896175],[121.84573825965744,23.9141143902395],[121.94598331692289,24.35643083880927],[121.75086335771239,24.577591628601063],[121.85656026358456,25.01991630775607],[121.6097153592111,25.01991630775607],[121.01103945167833,24.577591628601063],[120.96001208244245,24.35643083880927],[120.66352186287226,24.135271798451086],[120.6143952762676,23.9141143902395],[120.31993639254044,23.692958496896175],[120.27252779896037,23.471804001150808],[120.47180366211434,23.250650785740483],[120.42572450370045,23.029498733409092],[120.62603823052915,22.80834772690669],[120.5811224206982,22.587197648988862],[120.82676014005851,22.587197648988862]]],[[[127.72824668629795,27.452771456690883],[127.41190777323602,27.23160786728881],[127.16373600761776,27.23160786728881],[127.03137384193931,26.789274151147477],[127.2146285666599,26.56810489959117],[127.2792610186622,26.789274151147477],[127.59304787245021,27.010441952916732],[127.66007953885426,27.23160786728881],[127.97656438900438,27.452771456690883],[128.04601894604588,27.673932283596137],[127.79755286772615,27.673932283596137],[127.72824668629795,27.452771456690883]]],[[[129.6421636108413,29.443066967764814],[129.39242178388307,29.443066967764814],[129.3131952257623,29.22194398342558],[129.6421636108413,29.443066967764814]]],[[[125.08305124115768,38.518423614527386],[124.96484237723743,38.29635798197553],[125.10618763368015,38.07435620546422],[125.88072972685788,38.07435620546422],[126.02209956678593,37.852415916768145],[126.28001664235472,37.852415916768145],[126.65527182003558,38.07435620546422],[127.0324214548253,38.29635798197553],[127.41150610079795,38.518423614527386],[127.9289405140513,38.518423614527386],[128.0662109936192,38.29635798197553],[127.79256699498359,38.74055547808651],[127.53357676043495,38.74055547808651],[127.12922516825645,39.40737231113534],[127.25649572392145,39.62979299247044],[128.03722966771392,40.074852504327374],[128.29792948289494,40.074852504327374],[128.6919311843725,40.29751344559711],[128.9529284823067,40.29751344559711],[129.08815432067095,40.520259241591],[129.4865817081863,40.743091852588734],[129.62528443775557,40.966013246325545],[129.3822210469633,41.41213029135836],[129.52483599222018,41.63532991709402],[129.93207980114823,41.858626274831494],[130.0778924322922,42.082021372425565],[130.90199359528017,42.52911586183285],[130.4889299375751,42.305517226337244],[130.37367192356498,42.52911586183285],[129.5811894159922,42.52911586183285],[129.43360988205808,42.305517226337244],[129.02388351140547,42.082021372425565],[128.61619203880565,41.858626274831494],[128.21055575501506,41.63532991709402],[127.94769970757402,41.63532991709402],[127.54445657836857,41.41213029135836],[127.14330415847914,41.18902539817913],[127.01938101591291,41.41213029135836],[126.7568432346851,41.41213029135836],[126.61885852005005,41.18902539817913],[126.22043849827811,40.966013246325545],[125.8241387842702,40.743091852588734],[125.4299766883224,40.520259241591],[125.0379690132933,40.29751344559711],[124.90737988370118,40.520259241591],[125.30093265228217,40.743091852588734],[125.69661604605079,40.966013246325545],[126.09441288162095,41.18902539817913],[126.23176767222947,41.41213029135836],[126.63341947036886,41.63532991709402],[127.03712672399455,41.858626274831494],[127.30030427646305,41.858626274831494],[127.42198761269196,41.63532991709402],[127.82665938140012,41.858626274831494],[128.23337682074043,42.082021372425565],[128.49687905096212,42.082021372425565],[128.90594985429954,42.305517226337244],[129.05286774427702,42.52911586183285],[129.4655992132149,42.75281931318531],[129.8802922879528,42.97662962387765],[130.67478624930624,42.97662962387765],[130.98098523889774,43.42457904450276],[130.8700534857918,43.64872228931766],[131.02580670243276,43.87298066366087],[130.91614290035653,44.09735626020403],[130.80687920460505,44.321851182101874],[130.96523787337264,44.54646754321361],[130.8570081227513,44.771207468327056],[131.28501725436377,44.99607309338572],[131.71473371559833,45.22108153947509],[131.98307568625148,45.22108153947509],[132.41489576027533,45.44620717419558],[132.8485334222226,45.67146763267748],[133.28405751565327,45.89686644376137],[133.45172525420855,46.122407157237234],[133.8908601161287,46.3480933444613],[133.79096365909265,46.57392859898241],[133.69171840364902,46.79991653717813],[133.8645107699424,47.02606079890111],[133.7671260244368,47.25236504813613],[133.94267564663465,47.47883297366776],[134.39240187962645,47.705468289759665],[134.57176884051708,47.932274736845166],[134.29886785789245,47.932274736845166],[134.20634924093284,48.15925608223023],[133.75306589264324,47.932274736845166],[133.4801649100186,47.932274736845166],[133.02988949196768,47.705468289759665],[132.7573870144359,47.705468289759665],[132.310028502688,47.47883297366776],[131.8651072703289,47.25236504813613],[131.3216733405838,47.25236504813613],[131.22159707339017,47.47883297366776],[130.67738135874134,47.47883297366776],[130.5773671941819,47.705468289759665],[130.47825410114774,47.932274736845166],[130.38009978750253,48.15925608223023],[130.1067962551147,48.15925608223023],[130.00925221885177,48.386416120808526],[129.91277967064167,48.61375867578964],[129.36453683294715,48.61375867578964],[129.26836368672272,48.841287599440456],[128.17021533007383,48.841287599440456],[128.0735418471137,49.069006773840144],[127.52362690396971,49.069006773840144],[127.42732470314812,49.29692011164956],[127.33229432603622,49.52503155689504],[127.05648125256803,49.52503155689504],[126.96234757692758,49.75334508576745],[126.86960191636007,49.9818647074368],[126.77829078727571,50.210594129593666],[126.50115454021696,50.210594129593666],[126.41083094836596,50.439538644199196],[126.3219152173551,50.66870082740324],[126.23438595840179,50.89808448025056],[126.14822178493415,51.127693437566464],[126.3428546584011,51.35753156873702],[126.25983662174475,51.58760277850525],[126.1781249815538,51.81791100778406],[126.09769825104256,52.04846023448637],[126.01853489648792,52.27925447437294],[125.94061332721017,52.510297781918624],[125.8639118854698,52.74159425119728],[125.58149446488966,52.74159425119728],[125.5054781073216,52.97314801678634],[124.93961664941587,52.97314801678634],[124.86373380749087,53.20496325469138],[124.0133852578921,53.20496325469138],[123.93706790954218,53.43704418329124],[123.65309413989145,53.43704418329124],[123.57734699883841,53.669395064304894],[123.08514660059002,53.43704418329124],[122.51719906128866,53.43704418329124],[122.0292386421617,53.20496325469138],[121.17889009256295,53.20496325469138],[120.69565571512268,52.97314801678634],[120.41272498616978,52.97314801678634],[120.49798089444738,52.74159425119728],[120.58433083776815,52.510297781918624],[120.39038901086316,52.27925447437294],[120.47948821242736,52.04846023448637],[120.56974018160825,51.81791100778406],[120.38123268994,51.58760277850525],[119.91542748249053,51.35753156873702],[119.37075767073618,50.66870082740324],[119.47111922474825,50.439538644199196],[119.29561211668826,50.210594129593666],[118.84560180745153,49.9818647074368],[118.39863938049818,49.75334508576745],[117.95464982811743,49.52503155689504],[117.403023681181,49.52503155689504],[116.96278056526198,49.29692011164956],[116.68739782479132,49.29692011164956],[116.25037056951825,49.069006773840144],[116.71492316810841,48.15925608223023],[116.56030398729193,47.932274736845166],[116.83320496991657,47.932274736845166],[117.2615302328842,48.15925608223023],[117.80813729765994,48.15925608223023],[117.92480890041507,47.932274736845166],[118.7435118482889,47.932274736845166],[118.85976066031648,47.705468289759665],[119.13226313784823,47.705468289759665],[119.24885135111455,47.47883297366776],[119.52095920843897,47.47883297366776],[119.63784385106369,47.25236504813613],[119.75536919771483,47.02606079890111],[119.87348528084873,46.79991653717813],[119.45101225179413,46.57392859898241],[119.03054109912627,46.3480933444613],[118.49016586214438,46.3480933444613],[118.36875176822443,46.57392859898241],[117.82762152643957,46.57392859898241],[117.40941538818053,46.3480933444613],[116.99312644124436,46.122407157237234],[116.70418837203137,45.67146763267748],[116.8299487044152,45.44620717419558],[116.68758335901957,45.22108153947509],[116.81408509460339,44.99607309338572],[116.53301475686469,44.54646754321361],[116.6607336867414,44.321851182101874],[116.24785809521359,43.64872228931766],[116.3777632564846,43.42457904450276],[115.58526977009959,42.082021372425565],[115.19413686291112,41.858626274831494],[114.45544379127661,40.520259241591],[114.07608250005573,40.29751344559711],[113.84424132944616,39.852291890048875],[113.47035515387189,39.62979299247044],[113.24756035380152,39.18502743338126],[112.8789201881397,38.962755954624214],[112.7711333911593,38.74055547808651],[112.40590811644964,38.518423614527386],[112.19715274738496,38.07435620546422],[111.47785489344055,37.630534754142545],[111.37809954302945,37.4087103620642],[111.0223072094197,37.18694039097415],[110.82872939493544,36.743554341814004],[110.47709860387235,36.521933592157275],[110.29009783346953,36.078825001245065],[109.94236521569263,35.857332517373514],[109.7614712208111,35.41445959819942],[109.07460896656869,34.97170099768483],[108.98763860020868,34.75037779501436],[108.64721961774472,34.52908192328614],[108.47793151171432,34.08656558795439],[108.14094122904909,33.865341836639075],[107.8873187720857,33.865341836639075],[107.55183690150791,33.64413884059647],[107.47083564658445,33.422954960057055],[107.1377187901997,33.201788556665726],[106.88473901517885,33.201788556665726],[103.94639269590694,31.21180761288858],[103.69521496164994,31.21180761288858],[103.62631046288065,30.99072609577111],[103.30750357368602,30.769644092548454],[103.05669980224455,30.769644092548454],[102.1084589171971,30.10637885705198],[101.85819746039866,30.10637885705198],[101.54482989835907,29.885292409626825],[101.29474417585537,29.885292409626825],[100.98280567501516,29.664183255362403],[100.92185351063786,29.443066967764814],[100.30382228772392,29.000814739068623],[100.05441430396746,29.000814739068623],[99.74738966694342,28.77967967154155],[98.99965523757338,28.77967967154155],[98.69431467151837,28.558539217807112],[98.44523054872181,28.558539217807112],[98.14123235024786,28.3373938149345],[97.89230643588601,28.3373938149345],[98.08717570822589,28.116243900090836],[98.3359458844347,28.116243900090836],[98.53120747457915,27.895089910532402],[98.72702170431933,27.673932283596137],[98.92339317235371,27.452771456690883],[98.87215472713622,27.23160786728881],[99.06979803583269,27.010441952916732],[99.02012287225143,26.789274151147477],[99.21904692589143,26.56810489959117],[99.17093437810084,26.346934635886697],[98.87619150657338,26.125763797692926],[98.82990410757925,25.904592822680097],[98.5372396604599,25.683422148521174],[98.44911053797557,25.241083453418412],[98.15944944373315,25.01991630775607],[98.07649836462232,24.577591628601063],[98.28267368939215,24.35643083880927],[98.24296754530775,24.135271798451086],[98.48934726308319,24.135271798451086],[98.69649017192846,23.9141143902395],[98.94275876860644,23.9141143902395],[99.15023260977758,23.692958496896175],[99.35811901114413,23.471804001150808],[99.32044217057357,23.250650785740483],[99.52916845737245,23.029498733409092],[99.7382158633744,22.80834772690669],[99.70191627506898,22.587197648988862],[99.91161456259086,22.36604838241614],[99.87610208198006,22.144899809953344],[100.08632304736622,21.923751814368966],[100.0514644386024,21.702604278434567],[100.54195272123116,21.702604278434567],[100.7523754140493,21.481457084924152],[101.03244100385989,21.702604278434567],[101.52292928648865,21.702604278434567],[101.73296837707984,21.481457084924152],[101.76817342780302,21.702604278434567],[101.55836871146182,21.923751814368966],[101.63037802350512,22.36604838241614],[101.91265574931211,22.587197648988862],[102.19560673009849,22.80834772690669],[102.4413458167709,22.80834772690669],[102.64956890739312,22.587197648988862],[102.93282399011574,22.80834772690669],[103.42430216346054,22.80834772690669],[103.70847966663804,23.029498733409092],[104.44600517415549,23.029498733409092],[104.73125557538633,23.250650785740483],[104.97720163924144,23.250650785740483],[105.26336384535107,23.471804001150808],[105.75546758153496,23.471804001150808],[105.96098589466195,23.250650785740483],[106.20693195851707,23.250650785740483],[106.41273986086873,23.029498733409092],[106.61891029020188,22.80834772690669],[106.82541013651895,22.587197648988862],[107.03220604352131,22.36604838241614],[106.99382566192679,22.144899809953344],[107.23926440606289,22.144899809953344],[107.44655136784412,21.923751814368966],[107.16354453671919,21.702604278434567],[106.91830039540481,21.702604278434567],[106.71052853579631,21.923751814368966],[106.50294817365462,22.144899809953344],[106.5411307689744,22.36604838241614],[106.33413469779828,22.587197648988862],[106.12743211685704,22.80834772690669],[105.88169303018462,22.80834772690669],[105.67521435335125,23.029498733409092],[105.18353068167296,23.029498733409092],[104.89873668349499,22.80834772690669],[104.65299759682259,22.80834772690669],[104.36903294291551,22.587197648988862],[103.63211978483449,22.587197648988862],[103.34914148441935,22.36604838241614],[102.85806620987243,22.36604838241614],[103.06680575574927,22.144899809953344],[103.03041437555737,21.923751814368966],[103.23963827568923,21.702604278434567],[103.2038578216256,21.481457084924152],[103.41343167631638,21.260310116613503],[103.658484823705,21.260310116613503],[103.86804138422164,21.03916325627965],[104.07764230405144,20.818016386700148],[104.28725387815479,20.596869390652536],[104.2171998683722,20.154574550259117],[104.42682873948473,19.93344383416906],[104.35715455990753,19.49114464909089],[104.60146504522429,19.49114464909089],[104.81092309685371,19.269994309111635],[105.05514212986051,19.269994309111635],[105.26446867147303,19.048843512713006],[105.47377872038354,18.827692291301407],[105.68309600961122,18.606540676283817],[105.64858690419717,18.385388699067796],[105.8580795506943,18.1642363910614],[106.06765098215301,17.943083783673178],[106.27732554752481,17.721930908312082],[106.48712776528005,17.50077779638746],[106.45366260514288,17.27962447930898],[106.66387947821924,17.05847098848661],[106.87429763324823,16.837317355330573],[107.08494221749197,16.616163611251277],[107.05275336170806,16.395009787659305],[107.26400791721777,16.17385591596535],[107.47556421680197,15.952702027580155],[107.6874480557885,15.731548153914504],[107.65691682804388,15.51039432637916],[107.86960978321726,15.289240576384804],[107.78277903190506,14.625787344794317],[107.51258160187423,14.404634671893497],[107.72775533172785,14.183482126394617],[107.94335045726783,13.962329699891958],[107.89151982070307,13.520025170252786],[108.10848786055779,13.298873050305072],[108.03614528125313,12.63541716908301],[107.77122847771092,12.414265340197765],[107.7266795895125,11.971961829277797],[107.46347471994181,11.750810130432273],[107.20085803722226,11.529658458122544],[106.93881914309037,11.308506803943262],[106.69725667590995,11.308506803943262],[106.43583591167595,11.08735515948903],[106.17497125615645,10.866203516354522],[105.69204658020004,10.866203516354522],[105.46978862719416,11.08735515948903],[105.73100680718834,11.308506803943262],[106.21413174154912,11.308506803943262],[106.47601515769662,11.529658458122544],[106.7384727713906,11.750810130432273],[106.98014008757436,11.750810130432273],[107.24323648281576,11.971961829277797],[107.28756099962526,12.414265340197765],[107.55236183687308,12.63541716908301],[107.62434097652925,13.298873050305072],[107.40724649280179,13.520025170252786],[107.45881608330268,13.962329699891958],[107.24308628423533,14.183482126394617],[106.7584172367428,14.183482126394617],[106.48974733537233,13.962329699891958],[106.24748014838978,13.962329699891958],[105.97955289431543,13.741177383979892],[105.76294577442461,13.962329699891958],[105.52067858744202,13.962329699891958],[105.30441009426522,14.183482126394617],[105.03614421347687,13.962329699891958],[104.81974104677266,14.183482126394617],[104.5774065230264,14.183482126394617],[104.36133911884365,14.404634671893497],[103.8765325829928,14.404634671893497],[103.60806842804134,14.183482126394617],[103.36573390429507,14.183482126394617],[103.09800671761622,13.962329699891958],[103.07313801820719,13.741177383979892],[102.80664987773957,13.520025170252786],[102.7828721362442,13.298873050305072],[103.00160844818696,13.077721015731196],[102.97876850110204,12.85656905812568],[103.19831083745275,12.63541716908301],[103.15494270116999,12.193113563064486],[102.89263373091352,11.972286120813381],[103.335029346419,11.529658458122544],[103.31538213538427,11.308506803943262],[103.98334059932442,10.645051866134349],[103.96530239851522,10.423900200423159],[104.20666919119292,10.423900200423159],[104.46616860091798,10.645051866134349],[104.70758260171476,10.645051866134349],[104.96765956626538,10.866203516354522],[105.1904106033083,10.645051866134349],[105.1721363619037,10.423900200423159],[105.39561335749877,10.202748510815603],[105.36110284847858,9.760443466451711],[105.10327739593598,9.539292007668896],[105.07128247206302,9.096988986116632],[105.29693066051107,8.875837427770994],[105.81052525789013,9.318140513486576],[106.05167233361813,9.318140513486576],[106.30922193737992,9.539292007668896],[106.32602994840792,9.760443466451711],[106.5845277779557,9.98159488762308],[106.60221684139655,10.202748510815603],[106.86170391064755,10.423900200423159],[107.10307070332526,10.423900200423159],[107.36313661047923,10.645051866134349],[107.60455061127601,10.645051866134349],[107.86520762200404,10.866203516354522],[108.10666995998227,10.866203516354522],[108.36793048063957,11.08735515948903],[108.60944230176001,11.08735515948903],[108.6297564133532,11.308506803943262],[108.89215808944867,11.529658458122544],[108.91347861704426,11.750810130432273],[109.17700890960276,11.971961829277797],[109.26949420812285,12.85656905812568],[109.05189735201431,13.077721015731196],[109.15468639218072,13.962329699891958],[108.93942795045919,14.183482126394617],[108.96700120942678,14.404634671893497],[108.75267278216322,14.625787344794317],[108.7813252034303,14.846940153502823],[108.56794359775863,15.068086935342036],[108.59768773931737,15.289240576384804],[108.38522257253746,15.51039432637916],[108.41598562460192,15.731548153914504],[108.20433747746809,15.952702027580155],[108.23602478566089,16.17385591596535],[107.39388329358184,17.05847098848661],[107.15054868846096,17.05847098848661],[106.10184808145745,18.1642363910614],[106.13630197623912,18.385388699067796],[105.71781602582406,18.827692291301407],[105.75272457860986,19.048843512713006],[105.54358019587417,19.269994309111635],[105.61395448415912,19.712294501245054],[105.8937943830642,19.93344383416906],[105.96491587990494,20.37572215091367],[107.37137791450535,21.481457084924152],[107.61652615526293,21.481457084924152],[107.89927696066228,21.702604278434567],[108.38976524329104,21.702604278434567],[108.67325608792376,21.923751814368966],[109.1639379759556,21.923751814368966],[109.37074180854853,21.702604278434567],[109.6159859498629,21.702604278434567],[110.02986665580848,21.260310116613503],[109.9544023982542,20.818016386700148],[110.16177624864848,20.596869390652536],[110.1244581546711,20.37572215091367],[110.61381606934951,20.37572215091367],[110.65131977952296,20.596869390652536],[110.44413240610443,20.818016386700148],[110.48192808132714,21.03916325627965],[111.61734741611492,21.923751814368966],[111.86268836013085,21.923751814368966],[112.14803928878476,22.144899809953344],[112.39347803292084,22.144899809953344],[112.67957170081097,22.36604838241614],[112.88435552119306,22.144899809953344],[113.8661104977374,22.144899809953344],[114.15279752445174,22.36604838241614],[114.39833516172521,22.36604838241614],[114.68581715604995,22.587197648988862],[114.93145487541027,22.587197648988862],[115.21977832373615,22.80834772690669],[115.71125649708098,22.80834772690669],[116.00057145859572,23.029498733409092],[116.492255130274,23.029498733409092],[116.78261270428744,23.250650785740483],[117.02855876814259,23.250650785740483],[117.61218358311727,23.692958496896175],[117.65917211613197,23.9141143902395],[118.84250028748053,24.798754285122726],[118.89442141110311,25.01991630775607],[119.194326209738,25.241083453418412],[119.3035400826838,25.683422148521174],[119.6070466714431,25.904592822680097],[119.782173263801,26.56810489959117],[120.09053289369807,26.789274151147477],[120.21492657030652,27.23160786728881],[120.52703330781193,27.452771456690883],[120.72526174322623,28.116243900090836],[121.0424164715361,28.3373938149345],[121.25409292326623,29.000814739068623],[121.57641197505848,29.22194398342558],[121.72554431365245,29.664183255362403],[121.55168769865476,29.885292409626825],[120.8014305311437,29.885292409626825],[120.45493032558512,30.327472104312946],[121.11457134603008,30.769644092548454],[121.36537511747154,30.769644092548454],[121.44656650991502,30.99072609577111],[121.27765635963858,31.21180761288858],[121.36080236660051,31.43289027469468],[121.1094339740226,31.43289027469468],[120.77499509280678,31.875065556090348],[120.52323811080187,31.875065556090348],[120.02578068805967,32.538377844486526],[120.11374386240688,32.75950163424745],[119.94993814750434,32.98063799335977],[120.03968731626365,33.201788556665726],[119.87723002782894,33.422954960057055],[119.9687286809802,33.64413884059647],[119.80757424936472,33.865341836639075],[119.90078609668248,34.08656558795439],[119.64694488368319,34.08656558795439],[119.4868270741206,34.30781173584841],[119.2327648672424,34.30781173584841],[118.91356153406633,34.75037779501436],[119.10617788007754,35.193074544803046],[119.45908176720205,35.41445959819942],[119.65787209104057,35.857332517373514],[120.73293392240174,36.521933592157275],[120.98932980536497,36.521933592157275],[121.71445012404907,36.96522249702237],[121.9713419864062,36.96522249702237],[122.33663922938669,37.18694039097415],[122.07949531984198,37.18694039097415],[121.93144827182834,37.4087103620642],[121.15925202337962,37.4087103620642],[121.01114350497367,37.630534754142545],[120.49583060705295,37.630534754142545],[119.40242336283461,36.96522249702237],[119.10006202751643,37.4087103620642],[118.84266327803353,37.4087103620642],[118.69223546433045,37.630534754142545],[118.43457901537013,37.630534754142545],[118.28458729972145,37.852415916768145],[118.02667022415261,37.852415916768145],[117.4329576130358,38.74055547808651],[117.54571791580886,38.962755954624214],[118.29502969354145,39.40737231113534],[118.55485897220953,39.40737231113534],[118.93278820992929,39.62979299247044],[119.19290406974154,39.62979299247044],[119.57317369304006,39.852291890048875],[119.69483558192177,40.074852504327374],[121.6366249549736,41.18902539817913],[121.767947654346,40.966013246325545],[122.02985888045967,40.966013246325545],[122.29439586059505,40.520259241591],[121.916827841783,39.852291890048875],[122.05417852767637,39.62979299247044],[121.93263959489471,39.40737231113534],[122.07213105758068,39.18502743338126],[121.95324910305196,38.962755954624214],[121.57680136581494,38.74055547808651],[121.83579160036359,38.74055547808651],[122.21251564347804,38.962755954624214],[122.33167725475066,39.18502743338126],[123.47926394094493,39.852291890048875],[123.73966995747193,39.852291890048875],[124.12673243999883,40.074852504327374],[124.38743225517985,40.074852504327374],[124.52088800705295,39.852291890048875],[124.78129402357992,39.852291890048875],[124.91545298561115,39.62979299247044],[125.17556884542341,39.62979299247044],[125.58298066901689,38.962755954624214],[125.46165488404533,38.74055547808651],[125.08305124115768,38.518423614527386]]],[[[129.67912582413226,32.09616143817099],[129.5864894629786,31.875065556090348],[129.93108070498621,32.09616143817099],[129.67912582413226,32.09616143817099]]],[[[134.3091581856031,33.422954960057055],[134.45953449245275,33.201788556665726],[134.81554162973552,33.422954960057055],[134.91968000728357,33.64413884059647],[134.77129921020438,33.865341836639075],[134.8774176636408,34.08656558795439],[134.36973523764223,34.08656558795439],[134.0104318393142,33.865341836639075],[133.86205281164368,34.08656558795439],[133.60821159864437,34.08656558795439],[132.89243236981875,33.64413884059647],[132.79000785320582,33.422954960057055],[132.43569629228585,33.201788556665726],[132.74188392798098,32.75950163424745],[132.99444672929246,32.75950163424745],[133.14838662677957,32.538377844486526],[133.44761539236933,33.201788556665726],[133.8027747414707,33.422954960057055],[134.3091581856031,33.422954960057055]]],[[[127.31750136679038,33.64413884059647],[127.06409541210726,33.64413884059647],[126.71340652361668,33.422954960057055],[126.96659824568292,33.422954960057055],[127.31750136679038,33.64413884059647]]],[[[139.98081866230896,39.18502743338126],[140.1019069328766,38.962755954624214],[139.9651080187723,38.74055547808651],[140.08864922550595,38.518423614527386],[139.9547906897493,38.29635798197553],[139.5643067063308,38.07435620546422],[139.4337874963644,37.852415916768145],[139.04709493219843,37.630534754142545],[138.9197657376997,37.4087103620642],[138.15552931490748,36.96522249702237],[137.89863745255033,36.96522249702237],[137.6331240436943,37.40812310483473],[137.5081298925243,37.18694039097415],[137.12796186547885,36.96522249702237],[137.00626867003007,36.743554341814004],[137.14227043204883,36.521933592157275],[136.3929476409063,36.078825001245065],[136.1370373486765,36.078825001245065],[136.02083103899497,35.857332517373514],[136.16122968792794,35.63587815332727],[135.79189952954468,35.41445959819942],[135.2814989744715,35.41445959819942],[135.1394913576008,35.63587815332727],[133.60688386211007,35.63587815332727],[132.1481254458765,34.75037779501436],[131.8936146014186,34.75037779501436],[131.53290765869184,34.52908192328614],[131.02433681333744,34.52908192328614],[130.919626383639,34.30781173584841],[131.06979946865144,34.08656558795439],[130.86518473235387,33.64413884059647],[130.1588783170981,33.201788556665726],[130.00489891047746,33.422954960057055],[129.90589854207724,33.201788556665726],[129.55520306702067,32.98063799335977],[129.86773514209958,32.538377844486526],[130.62480856164115,32.538377844486526],[130.78149752806158,32.31726499016316],[130.59351739099822,31.875065556090348],[130.75278272124535,31.65397571206761],[130.66143289198294,31.43289027469468],[131.16416967713874,31.43289027469468],[131.53796301115528,32.31726499016316],[131.88659759421034,32.538377844486526],[131.98419552404653,32.75950163424745],[131.67675696722327,33.201788556665726],[131.4237771922024,33.201788556665726],[131.118590687037,33.64413884059647],[131.47420726968036,33.865341836639075],[131.98145218360713,33.865341836639075],[132.33900553364788,34.08656558795439],[132.84668795964646,34.08656558795439],[132.9521240386645,34.30781173584841],[133.31290561743216,34.52908192328614],[134.3300473081409,34.52908192328614],[134.6932338904554,34.75037779501436],[135.20225557937118,34.75037779501436],[135.49274610744638,34.30781173584841],[135.3851000896394,34.08656558795439],[135.67989787133294,33.64413884059647],[136.03941149502126,33.865341836639075],[136.1466237286373,34.08656558795439],[136.5089949349591,34.30781173584841],[136.36433068955847,34.52908192328614],[136.47480980166063,34.75037779501436],[136.84110069901936,34.97170099768483],[137.09583915528037,34.97170099768483],[137.23834233503428,34.75037779501436],[137.74736402395007,34.75037779501436],[138.11479298032444,34.97170099768483],[138.2563857128658,34.75037779501436],[138.03336817622824,34.30781173584841],[138.39861407097592,34.52908192328614],[138.62426989284648,34.97170099768483],[138.99370195066751,35.193074544803046],[139.10950313752056,35.41445959819942],[139.4818792614912,35.63587815332727],[139.75860672261328,35.193074544803046],[139.30367921061918,34.30781173584841],[140.03796162407104,34.75037779501436],[140.15270063041257,34.97170099768483],[140.01357497992853,35.193074544803046],[140.13030424766694,35.41445959819942],[139.99274842665474,35.63587815332727],[140.11157077598358,35.857332517373514],[140.48751231658267,36.078825001245065],[140.7318127935341,36.521933592157275],[140.59926425680777,36.743554341814004],[140.72444793847913,36.96522249702237],[140.59385680706075,37.18694039097415],[140.8506900749209,37.630534754142545],[140.72337287420845,37.852415916768145],[141.12351805201274,38.518423614527386],[141.51904942606444,38.74055547808651],[141.65750617543296,38.962755954624214],[141.5380958453288,39.18502743338126],[141.67966477366946,39.40737231113534],[141.56286801359548,39.62979299247044],[141.7076850978345,39.852291890048875],[141.59362005712623,40.074852504327374],[141.7417960810839,40.29751344559711],[141.48079878314965,40.29751344559711],[141.3691792292698,40.520259241591],[141.67320083898355,40.966013246325545],[141.56555921527942,41.18902539817913],[141.41128961286992,40.966013246325545],[140.99711661192265,40.743091852588734],[140.88746716064261,40.966013246325545],[140.62555593452893,40.966013246325545],[140.21230741394064,40.743091852588734],[140.06268721771673,40.520259241591],[140.17581229347851,40.29751344559711],[139.76872135085918,40.074852504327374],[140.1206891016609,39.40737231113534],[139.98081866230896,39.18502743338126]]],[[[126.4839244516097,36.743554341814004],[126.37364334759296,36.521933592157275],[126.63003923055616,36.521933592157275],[126.92426682840473,36.078825001245065],[126.81666663077063,35.857332517373514],[126.96558471498363,35.63587815332727],[126.65156244857877,34.97170099768483],[126.95577005050241,34.52908192328614],[127.31241940117664,34.75037779501436],[127.56693024563455,34.75037779501436],[127.92525472988386,34.97170099768483],[128.17999318614488,34.97170099768483],[128.540003400742,35.193074544803046],[128.79497165805728,35.193074544803046],[129.156692313593,35.41445959819942],[129.41189259112957,35.41445959819942],[129.73928004293222,36.078825001245065],[129.45039394315174,36.521933592157275],[129.563634954562,36.743554341814004],[129.42120599476394,36.96522249702237],[129.53666869663846,37.18694039097415],[129.39601200683242,37.4087103620642],[129.1386132573495,37.4087103620642],[128.85918739804288,37.852415916768145],[128.60127032247408,37.852415916768145],[128.32465837831765,38.29635798197553],[128.0662109936192,38.29635798197553],[127.68799461093919,38.07435620546422],[127.17163321548742,38.07435620546422],[126.79585079349236,37.852415916768145],[126.42280313268496,37.63105349463816],[126.85228737119232,36.96522249702237],[126.4839244516097,36.743554341814004]]],[[[126.28001664235472,37.852415916768145],[126.42192893314109,37.630534754142545],[126.42280313268496,37.63105349463816],[126.28001664235472,37.852415916768145]]],[[[131.20444889020854,42.97662962387765],[130.788072352119,42.75281931318531],[130.90199359528017,42.52911586183285],[131.20444889020854,42.97662962387765]]],[[[118.78970229082518,46.79991653717813],[119.33159378583693,46.79991653717813],[119.2127099064753,47.02606079890111],[118.94138026085555,47.02606079890111],[118.82269295644602,47.25236504813613],[118.55097599157345,47.25236504813613],[118.43252777914117,47.47883297366776],[117.61620420716787,47.47883297366776],[117.49724827265773,47.705468289759665],[116.95224331759421,47.705468289759665],[116.79988063519453,47.47883297366776],[116.92067420233809,47.25236504813613],[116.77074309589746,47.02606079890111],[117.0159261637623,46.57392859898241],[116.86904015119866,46.3480933444613],[117.28649128465474,46.57392859898241],[117.70591930080158,46.79991653717813],[118.12739132399625,47.02606079890111],[118.67005061523581,47.02606079890111],[118.78970229082518,46.79991653717813]]],[[[116.57558446077641,49.52503155689504],[116.68739782479132,49.29692011164956],[116.57607420485064,49.525284640295475],[116.57558446077641,49.52503155689504]]],[[[148.2141012802674,-42.0218713084177],[148.40574189151255,-41.57523287125129],[147.97821842721794,-41.35205894482137],[147.45331310219504,-41.35205894482137],[147.35466170909788,-41.57523287125129],[146.5663515722869,-41.57523287125129],[146.14104978963778,-41.35205894482137],[145.61614446461485,-41.35205894482137],[145.19380328325448,-41.128979214088275],[144.9316646821491,-41.128979214088275],[144.8287864770805,-41.35205894482137],[145.48233990309922,-42.24533983885045],[145.91375967116844,-42.468910604767274],[145.7241556897564,-42.91636697952146],[146.41825067322608,-43.812596580239735],[147.21658624537466,-43.812596580239735],[147.03998501534355,-43.58836940535975],[147.13014588845644,-43.36425679840214],[147.39556660188924,-43.36425679840214],[147.4860811469232,-43.140256679686075],[147.7511603131506,-43.140256679686075],[148.19182874218765,-43.36425679840214],[147.84207887353304,-42.91636697952146],[147.93378774619956,-42.69258563799646],[148.19819222555734,-42.69258563799646],[148.3834960673568,-42.24533983885045],[148.2141012802674,-42.0218713084177]]],[[[148.17757379976896,-40.90599168999968],[148.33946649651932,-41.128979214088275],[148.17790868839919,-40.90525572611703],[148.17757379976896,-40.90599168999968]]],[[[148.17790868839919,-40.90525572611703],[148.27899966147686,-40.68309439147358],[148.0174789606155,-40.68309439147358],[148.17790868839919,-40.90525572611703]]],[[[144.4633941021047,-40.46028534520824],[144.31089538810585,-40.2375625854938],[144.2021771128859,-40.46028534520824],[144.4633941021047,-40.46028534520824]]],[[[166.74393261687774,-22.527661937773246],[166.98954327070823,-22.527661937773246],[166.92648972700155,-22.306512869594012],[164.78844302200062,-20.758481378983273],[164.73023787059628,-20.537334328862556],[164.42763197489623,-20.316187003492708],[164.36996741935994,-20.09503928564885],[163.7663046200281,-19.652758757085053],[163.70926571672135,-19.431608770514128],[163.40823766658323,-19.210458304572768],[163.63628250689064,-20.09503928564885],[164.24074438637655,-20.537334328862556],[164.29876331095707,-20.758481378983273],[166.74393261687774,-22.527661937773246]]],[[[167.91571876730842,-16.77778052326008],[167.8625038959892,-16.556626754685364],[167.42244834008096,-16.226885349407205],[167.5669184159217,-16.33547291505404],[167.67249081418865,-16.77778052326008],[167.91571876730842,-16.77778052326008]]],[[[167.27212770230813,-16.11390034523079],[167.2722232517898,-16.11431903577681],[167.42244834008096,-16.226885349407205],[167.27212770230813,-16.11390034523079]]],[[[166.97845106947742,-15.893165148264444],[167.27212770230813,-16.11390034523079],[167.17128408125066,-15.67201128392773],[166.88033182312034,-15.45163837445511],[166.97845106947742,-15.893165148264444]]],[[[166.88033182312034,-15.45163837445511],[166.83101191922736,-15.229703750424152],[166.8793008220789,-15.450857474177404],[166.88033182312034,-15.45163837445511]]],[[[153.3409421277171,-11.47012217763668],[153.61348195568218,-11.691273844238676],[153.58254235177037,-11.47012217763668],[153.3409421277171,-11.47012217763668]]],[[[160.70772002181027,-10.585515585851255],[160.46631884028199,-10.585515585851255],[161.00920328454632,-11.02781888363017],[160.97880949272096,-10.806667239414935],[160.70772002181027,-10.585515585851255]]],[[[151.48078889520315,-10.143212217057027],[151.7486655506592,-10.364363914533737],[151.48075003489998,-10.142880267526284],[151.48078889520315,-10.143212217057027]]],[[[151.45489913519688,-9.922058675124262],[151.21363536698425,-9.922058675124262],[151.48075003489998,-10.142880267526284],[151.45489913519688,-9.922058675124262]]],[[[159.657867254426,-9.922058675124262],[159.41660348621332,-9.922058675124262],[159.1486735608308,-9.700907243609919],[158.90745342897395,-9.700907243609919],[159.44396857474976,-10.143212217057027],[159.68527704988756,-10.143212217057027],[159.657867254426,-9.922058675124262]]],[[[160.32853692489178,-9.479755775079624],[160.0624749806253,-9.259166277413987],[160.0873593791648,-9.479755775079624],[160.35477422011482,-9.700907243609919],[160.38165855906385,-9.922058675124262],[160.32853692489178,-9.479755775079624]]],[[[160.06179712278305,-9.258604271745266],[160.0624749806253,-9.259166277413987],[160.01251597550083,-8.816301169512066],[160.06179712278305,-9.258604271745266]]],[[[157.11984554953577,-8.816301169512066],[157.1437085789115,-9.03745273581877],[157.3848040150564,-9.03745273581877],[157.11984554953577,-8.816301169512066]]],[[[157.11984554953577,-8.816301169512066],[157.09656300199364,-8.59514957503705],[156.83286818784376,-8.373997954605677],[156.59188858795133,-8.373997954605677],[157.11984554953577,-8.816301169512066]]],[[[159.0482925001792,-8.816301169512066],[157.99369493782868,-7.9316946447215],[158.01545820644432,-8.15284631042984],[158.80723663134876,-8.816301169512066],[159.0482925001792,-8.816301169512066]]],[[[156.22642129412841,-7.0470878108015595],[155.9856491393091,-7.0470878108015595],[156.76810305934362,-7.710542959692556],[157.00897509375272,-7.710542959692556],[156.22642129412841,-7.0470878108015595]]],[[[144.95280396749962,-4.172115356878032],[144.2315600442853,-4.172115356878032],[143.7262110122594,-3.7298117405252365],[143.24547103905917,-3.7298117405252365],[142.99360654541687,-3.5086599437616073],[142.75325760719005,-3.5086599437616073],[142.50195503242938,-3.287508154016643],[142.0212974193305,-3.287508154016643],[141.77059740803418,-3.0663563708479686],[141.28997812874965,-3.0663563708479686],[141.7136006656352,-9.03745273581877],[142.19579153792512,-9.03745273581877],[142.45887001272243,-9.258604271745266],[142.94114198834055,-9.258604271745266],[143.3796610262018,-8.816301169512066],[143.3585789532271,-8.59514957503705],[143.57899019376163,-8.373997954605677],[143.5588869235827,-8.15284631042984],[144.00188523565873,-7.710542959692556],[144.2427572700679,-7.710542959692556],[144.46482666738865,-7.48939125755496],[144.94650249939835,-7.48939125755496],[145.20624540770453,-7.710542959692556],[145.44711744211358,-7.710542959692556],[145.70743759238334,-7.9316946447215],[145.9483445991568,-7.9316946447215],[147.2587956969689,-9.03745273581877],[147.28158976890342,-9.258604271745266],[147.54612700136352,-9.479755775079624],[147.5701072317038,-9.700907243609919],[148.10247024327424,-10.143212217057027],[148.12835143338822,-10.364363914533737],[149.09376853132719,-10.364363914533737],[149.36186448998149,-10.585515585851255],[149.84466685303806,-10.585515585851255],[150.1135949034567,-10.806667239414935],[150.59649332964617,-10.806667239414935],[150.86627106972756,-11.02781888363017],[151.34926784186177,-11.02781888363017],[151.32084096893047,-10.806667239414935],[151.05167276067937,-10.585515585851255],[150.8102715791511,-10.585515585851255],[150.5418941782355,-10.364363914533737],[150.51555499465198,-10.143212217057027],[149.98230855027188,-9.700907243609919],[149.49986828655827,-9.700907243609919],[148.7053683138385,-9.03745273581877],[148.68289014047107,-8.816301169512066],[148.4199414975095,-8.59514957503705],[148.39858219160968,-8.373997954605677],[148.13680116315555,-8.15284631042984],[147.8958583084412,-8.15284631042984],[147.37409371738684,-7.710542959692556],[147.35488165944665,-7.48939125755496],[147.09533368746065,-7.268239540520659],[147.54074977011857,-6.825936070609628],[148.26297117714904,-6.825936070609628],[148.24543764562958,-6.6047843221567755],[147.98764806362146,-6.383632567654969],[147.7469686839459,-6.383632567654969],[147.48967864281627,-6.162480809316121],[147.24902870947093,-6.162480809316121],[146.99222258239064,-5.941329049352183],[146.7516013916299,-5.941329049352183],[146.49526371947934,-5.720177289975116],[146.4649297638302,-5.277873781829286],[146.20977566201262,-5.056722037484403],[145.9692628300382,-5.056722037484403],[144.95280396749962,-4.172115356878032]]],[[[154.48599131486108,-6.383632567654969],[154.52222337141313,-6.825936070609628],[155.04188647700155,-7.268239540520659],[155.26333267485117,-7.0470878108015595],[154.48599131486108,-6.383632567654969]]],[[[154.2278767764862,-6.162480809316121],[154.48599131486108,-6.383632567654969],[154.46852670983148,-6.162480809316121],[154.21107444364554,-5.941514556748583],[154.2278767764862,-6.162480809316121]]],[[[154.1942438987856,-5.720177289975116],[154.21085830521244,-5.941329049352183],[154.21107444364554,-5.941514556748583],[154.1942438987856,-5.720177289975116]]],[[[149.93040450334507,-6.6047843221567755],[150.41182360554953,-6.6047843221567755],[150.63512124005243,-6.383632567654969],[150.87580061972798,-6.383632567654969],[151.54771946214908,-5.720177289975116],[151.7883125927524,-5.720177289975116],[152.01292936892207,-5.499025533396826],[151.9973261302366,-5.277873781829286],[152.22259646137312,-5.056722037484403],[152.19313044183943,-4.614419006614159],[151.06653320094242,-5.720177289975116],[150.8259400703391,-5.720177289975116],[150.60154044380153,-5.941329049352183],[149.8796768715193,-5.941329049352183],[149.65552804292446,-6.162480809316121],[149.17422817623375,-6.162480809316121],[149.43172434167477,-6.383632567654969],[149.6724037213503,-6.383632567654969],[149.93040450334507,-6.6047843221567755]]],[[[137.40334293756464,-1.9605975381650904],[137.41046864671645,-2.1817492950882293],[137.17796633428816,-2.4029010563756863],[136.93770792610323,-2.4029010563756863],[136.70576290013133,-2.6240528224698796],[136.22521411533432,-2.6240528224698796],[136.23407008042474,-2.8452045938131674],[135.5427894603839,-3.5086599437616073],[135.06209158393017,-3.5086599437616073],[134.56130821876664,-3.0663563708479686],[134.55202968142487,-2.8452045938131674],[134.05460702788403,-2.4029010563756863],[133.82247019134903,-2.6240528224698796],[133.10164701415346,-2.6240528224698796],[132.86998928242502,-2.8452045938131674],[132.62969779685358,-2.8452045938131674],[132.87914074127093,-3.0663563708479686],[132.88880277045234,-3.287508154016643],[133.13930007811518,-3.5086599437616073],[133.16100185966053,-3.950963544749906],[133.41290119607035,-4.172115356878032],[133.6417856668254,-3.950963544749906],[133.63067157505492,-3.7298117405252365],[133.8603468927958,-3.5086599437616073],[134.11141154825515,-3.7298117405252365],[134.59215152145535,-3.7298117405252365],[134.84374518473768,-3.950963544749906],[135.08413708832015,-3.950963544749906],[135.3362183246419,-4.172115356878032],[135.57663296571332,-4.172115356878032],[135.82918104204606,-4.393267177351978],[136.06961919299147,-4.393267177351978],[136.3226130278552,-4.614419006614159],[136.5630754129156,-4.614419006614159],[136.81649357460964,-4.835570845106938],[137.05698086985646,-4.835570845106938],[137.31080087895904,-5.056722037484403],[137.55131371093347,-5.056722037484403],[137.80552675554208,-5.277873781829286],[138.04606572799455,-5.277873781829286],[138.5556904095698,-5.720177289975116],[138.5704809057652,-5.941329049352183],[138.8262810423835,-6.162480809316121],[138.84183163595088,-6.383632567654969],[139.09847470374535,-6.6047843221567755],[139.114833354763,-6.825936070609628],[139.37237045677702,-7.0470878108015595],[138.7027004786575,-7.710542959692556],[138.46182844424834,-7.710542959692556],[138.23932038240685,-7.9316946447215],[138.4802273891803,-7.9316946447215],[138.74002982929554,-8.15284631042984],[139.22191553872423,-8.15284631042984],[139.44385541627403,-7.9316946447215],[139.92566942982089,-7.9316946447215],[141.2314097933453,-9.03745273581877],[140.79960830628153,-2.8452045938131674],[140.5593168207101,-2.8452045938131674],[140.30987878610924,-2.6240528224698796],[140.0696043937107,-2.6240528224698796],[139.82080882432243,-2.4029010563756863],[139.5805504161375,-2.4029010563756863],[139.33241729468483,-2.1817492950882293],[139.09217371368874,-2.1817492950882293],[138.8447226910001,-1.9605975381650904],[138.6044927320942,-1.9605975381650904],[138.35774312952532,-1.7394457851638963],[137.63709035951953,-1.7394457851638963],[137.40334293756464,-1.9605975381650904]]],[[[151.63444968130753,-3.287508154016643],[152.64607248178575,-4.172115356878032],[152.65985160822595,-4.393267177351978],[152.91451759702056,-4.614419006614159],[152.8864871228572,-4.172115356878032],[151.87477848785696,-3.287508154016643],[151.63444968130753,-3.287508154016643]]],[[[151.39412087475807,-3.287508154016643],[151.63444968130753,-3.287508154016643],[151.3829829937242,-3.0663563708479686],[151.14267335408195,-3.0663563708479686],[151.39412087475807,-3.287508154016643]]],[[[151.14267335408195,-3.0663563708479686],[150.89185070028083,-2.8452045938131674],[150.6515592147094,-2.8452045938131674],[150.90236371443967,-3.0663563708479686],[151.14267335408195,-3.0663563708479686]]],[[[138.57563606465513,33.865341836639075],[138.46736337284716,33.64413884059647],[138.7207693275302,33.64413884059647],[138.57563606465513,33.865341836639075]]],[[[137.6331240436943,37.40812310483473],[137.75881268739667,37.630534754142545],[137.6327719902852,37.4087103620642],[137.6331240436943,37.40812310483473]]],[[[141.45895898344313,41.41213029135836],[141.56555921527942,41.18902539817913],[141.72149676467095,41.41213029135836],[141.61621417450775,41.63532991709402],[141.3533581270667,41.63532991709402],[141.19642120221528,41.41213029135836],[141.45895898344313,41.41213029135836]]],[[[145.1347079654305,43.87298066366087],[144.86850228122302,43.87298066366087],[144.428816484328,43.64872228931766],[143.89710028830697,43.64872228931766],[143.80367954439296,43.87298066366087],[143.00506249177047,43.87298066366087],[142.9111544308446,44.09735626020403],[142.64459861905596,44.09735626020403],[142.36469779650437,44.771207468327056],[142.0970771064171,44.771207468327056],[141.9117286004196,45.22108153947509],[141.73624603641287,44.99607309338572],[141.8294564163298,44.771207468327056],[141.65577351523035,44.54646754321361],[141.75012385049953,44.321851182101874],[141.57837537190144,44.09735626020403],[141.67403407073294,43.87298066366087],[141.50437740621234,43.64872228931766],[140.6385872605221,43.20054884680897],[140.4735451059986,42.97662962387765],[140.045384324448,42.75281931318531],[140.2506404511079,42.305517226337244],[140.0909771807162,42.082021372425565],[140.30193393730258,41.63532991709402],[140.4591818998891,41.858626274831494],[140.88148387138128,42.082021372425565],[140.6179816411596,42.082021372425565],[140.51447046498717,42.305517226337244],[141.36785746335215,42.75281931318531],[141.8968467189138,42.75281931318531],[141.99674870129917,42.52911586183285],[142.7892312088719,42.52911586183285],[142.88894058990056,42.305517226337244],[143.15277060377983,42.305517226337244],[143.48381448559877,42.75281931318531],[143.9163522718635,42.97662962387765],[144.18118359231465,42.97662962387765],[144.61614991780615,43.20054884680897],[144.8813207616251,43.20054884680897],[144.69467458233854,43.64872228931766],[145.1347079654305,43.87298066366087]]],[[[145.6671193338455,43.87298066366087],[145.49224887637007,43.64872228931766],[146.37637998409667,44.09735626020403],[146.6429357958853,44.09735626020403],[146.55447515845322,44.321851182101874],[145.6671193338455,43.87298066366087]]],[[[147.80283150929858,44.54646754321361],[148.70373189111228,44.99607309338572],[148.62027786674935,45.22108153947509],[148.43575166593152,44.99607309338572],[147.53556811825212,44.54646754321361],[147.80283150929858,44.54646754321361]]],[[[148.97171211629302,44.99607309338572],[149.42530377870895,45.22108153947509],[149.15696180805574,45.22108153947509],[148.70373189111228,44.99607309338572],[148.97171211629302,44.99607309338572]]],[[[150.7977490689083,45.89686644376137],[151.25938954364523,46.122407157237234],[150.98957644835073,46.122407157237234],[150.52830766039668,45.89686644376137],[150.7977490689083,45.89686644376137]]],[[[143.88780200029393,46.3480933444613],[143.61761438180298,46.3480933444613],[143.70462287539937,46.122407157237234],[143.88780200029393,46.3480933444613]]],[[[144.36790359064497,48.841287599440456],[144.5158975541516,48.386416120808526],[144.71533628839228,48.61375867578964],[144.64244067980718,48.841287599440456],[144.36790359064497,48.841287599440456]]],[[[144.36790359064497,48.841287599440456],[144.29603266986092,49.069006773840144],[144.02107519828894,49.069006773840144],[144.09336650148273,48.841287599440456],[144.36790359064497,48.841287599440456]]],[[[142.1716068773472,48.841287599440456],[142.24824351876717,48.61375867578964],[142.0525049500441,48.386416120808526],[142.13215168018147,48.15925608223023],[141.94009537138191,47.932274736845166],[142.02247125051554,47.705468289759665],[141.8338035090436,47.47883297366776],[141.91863497061362,47.25236504813613],[141.73307049291546,47.02606079890111],[142.17562399653661,45.89686644376137],[142.35555739892686,46.122407157237234],[142.80705152633013,46.3480933444613],[143.61761438180298,46.3480933444613],[143.5313080112199,46.57392859898241],[142.99017776943506,46.57392859898241],[142.32621523938934,48.386416120808526],[142.52236493761438,48.61375867578964],[142.4461439665094,48.841287599440456],[143.39952365044797,49.29692011164956],[143.67490639091866,49.29692011164956],[143.74611772671696,49.069006773840144],[144.02107519828894,49.069006773840144],[143.68360185786221,50.210594129593666],[143.40646561080342,50.210594129593666],[143.28273963110522,50.66870082740324],[143.00469332924044,50.66870082740324],[142.8869471676003,51.127693437566464],[142.60796841122252,51.127693437566464],[142.44244090139586,51.81791100778406],[142.6714178649575,52.04846023448637],[142.62156525908105,52.27925447437294],[142.8551896096587,52.510297781918624],[142.7210533490647,53.20496325469138],[142.15415431599888,53.20496325469138],[142.24412227911714,52.74159425119728],[142.00946079553628,52.510297781918624],[142.5109621471591,50.439538644199196],[142.29792062256828,50.210594129593666],[142.50201336678722,49.52503155689504],[142.29799268856522,49.29692011164956],[142.371330368857,49.069006773840144],[142.1716068773472,48.841287599440456]]],[[[154.53856780914822,49.9818647074368],[154.8152574680761,49.9818647074368],[155.5167769131545,50.66870082740324],[155.002443249671,50.439538644199196],[154.53856780914822,49.9818647074368]]],[[[163.44824420495092,58.38003797783734],[163.77991576930089,58.61912323594088],[163.48301889343347,58.61912323594088],[163.15199499918543,58.38003797783734],[163.44824420495092,58.38003797783734]]],[[[179.1011504945776,70.94521196749457],[178.5574960910447,70.6773653659106],[180.0,70.6773653659106],[180.0,70.94521196749457],[179.1011504945776,70.94521196749457]]],[[[141.53437831266874,73.3979494078281],[141.40194131973533,73.12155979801264],[142.09699861660505,73.12155979801264],[142.23201537964627,73.3979494078281],[141.53437831266874,73.3979494078281]]],[[[150.7119657936387,75.07768922584607],[148.56897477449075,75.07768922584607],[148.36141608912158,74.7951290627561],[150.49558558484554,74.7951290627561],[150.7119657936387,75.07768922584607]]],[[[145.8715516774436,74.7951290627561],[146.2272465933976,74.7951290627561],[147.14031409505878,75.07768922584607],[147.71085818960873,75.36136158547234],[146.63484768573514,75.36136158547234],[146.06881858548485,75.07768922584607],[145.8715516774436,74.7951290627561]]],[[[143.02599234981164,74.7951290627561],[144.80446692958162,74.7951290627561],[146.4936325355505,75.64627252680587],[146.13342233581824,75.64627252680587],[145.2001670139036,75.36136158547234],[144.48282667798787,75.36136158547234],[144.69258153688924,75.64627252680587],[143.25174073796026,75.64627252680587],[142.33080567024066,75.36136158547234],[142.53132033849576,75.64627252680587],[140.37005914010228,75.64627252680587],[139.28268035818303,75.07768922584607],[139.997010697899,75.07768922584607],[139.82473810622574,74.7951290627561],[140.53612793813375,74.7951290627561],[140.37016283932886,74.51362467528648],[142.14145398934426,74.51362467528648],[143.02599234981164,74.7951290627561]]]]}}
