{"type":"Feature","properties":{"id":"weissstorch","sourceUrl":"https://commons.wikimedia.org/wiki/File:WhiteStorkMap.svg","author":"Shyamal","license":"CC0","licenseUrl":"http://creativecommons.org/publicdomain/zero/1.0/deed.en","sourceImageSha256":"de22162682228d6b7b337ef3970b502c7bbb1b759744a68db838d035e6795f5b","registration":{"proj_string":"+proj=eqc +R=1 +lon_0=0.0","parameters_1000px":[495.9441535622097,-496.43471716042717,161.06912775742103,632.2588821140561],"pixel_transform_native":[634.8085165596284,-635.4364379653467,206.16848352949893,809.2913691059917],"central_meridian":0.0,"coast_error":{"median_px_at1000":0.703906238079071,"p90_px_at1000":1.5242204666137695,"rmse_capped15_px_at1000":1.079951286315918,"sample_count":4350},"heldout_coast_error":{"median_px_at1000":0.6957851648330688,"p90_px_at1000":1.5116721391677856,"rmse_capped15_px_at1000":1.1347349882125854,"sample_count":2246},"image_width":1280,"image_height":1280,"control_method":"4-degree checkerboard coastal blocks held out; Natural Earth 1:110m coast sampled every <=0.2 degree; nearest 1px raster land-boundary contour","notes":"single projection plus independent x/y scales and translation; no local warp","projection_candidates_initial":{"proj_string":"+proj=eqc +R=1 +lon_0=0","parameters_1000px":[496.1019416907331,-496.8715216420632,160.94063564703137,632.6602177902803],"coast_rmse_capped15_px":0.6159864068031311,"coast_median_px":0.0,"coast_p90_px":0.7036468982696533,"sample_count":4145,"image_width":1280,"image_height":1280,"pixel_transform_native":[635.0104853641384,-635.9955477018409,206.00401362820014,809.8050787715588],"transform_definition":"pixel_x=sx*projected_x+tx; pixel_y=sy*projected_y+ty; invert with pyproj inverse after removing scale/translation","all_fits":[{"proj_string":"+proj=gall +R=1 +lon_0=0","parameters_1000px":[702.9937575961468,-555.0880014962737,160.936325719747,630.7562338985604],"coast_rmse_capped15_px":4.427886962890625,"coast_median_px":1.3900405168533325,"coast_p90_px":7.396912097930908,"sample_count":3767},{"proj_string":"+proj=mill +R=1 +lon_0=0","parameters_1000px":[497.5540445474213,-465.143050649871,160.7621330375503,629.1740182210249],"coast_rmse_capped15_px":4.788854122161865,"coast_median_px":1.8651436567306519,"coast_p90_px":7.990032196044922,"sample_count":3700},{"proj_string":"+proj=robin +R=1 +lon_0=0","parameters_1000px":[592.054750184286,-517.8903359370023,162.90544388397373,632.3910649842655],"coast_rmse_capped15_px":5.457172393798828,"coast_median_px":1.7330225706100464,"coast_p90_px":10.45251178741455,"sample_count":4397},{"proj_string":"+proj=wintri +R=1 +lon_0=0","parameters_1000px":[504.89391667079343,-493.63344901745654,162.49497102318938,632.3366885334977],"coast_rmse_capped15_px":5.485676288604736,"coast_median_px":2.214492082595825,"coast_p90_px":9.602334976196289,"sample_count":4157},{"proj_string":"+proj=merc +R=1 +lon_0=0","parameters_1000px":[498.6355774768709,-445.7150879638558,160.24157334042042,626.251173518825],"coast_rmse_capped15_px":6.372045040130615,"coast_median_px":3.0491585731506348,"coast_p90_px":12.849117279052734,"sample_count":3622},{"proj_string":"+proj=moll +R=1 +lon_0=0","parameters_1000px":[566.1684172973905,-470.09663203542715,161.6352296159789,634.2915990482361],"coast_rmse_capped15_px":7.600154399871826,"coast_median_px":4.248646259307861,"coast_p90_px":17.700969696044922,"sample_count":5309},{"proj_string":"+proj=eqearth +R=1 +lon_0=0","parameters_1000px":[582.2560411634403,-463.4848165267009,162.53622438137072,635.9223203805793],"coast_rmse_capped15_px":8.418432235717773,"coast_median_px":5.005682945251465,"coast_p90_px":23.740915298461914,"sample_count":5892}]}},"includedColors":["#35AC35","#5087C3"],"adaptation":"Hue-based extraction of current seasonal range colors only (migration arrows excluded); inverse geographic projection; 3px closing of printed border gaps; 0.45px contour simplification; tiny components and isolated thin cartographic dashes omitted; antimeridian split."},"geometry":{"type":"MultiPolygon","coordinates":[[[[42.315228129039546,13.461244676008915],[42.315228129039546,13.280909473021369],[42.495741710752654,13.100574270033821],[42.67625529246577,13.100574270033821],[42.856768874178876,12.830071465552502],[43.03728245589198,12.830071465552502],[43.03728245589198,12.739903864058727],[43.30805282846165,12.469401059577407],[43.39830961931821,12.01856305210854],[43.03728245589198,11.838227849120992],[43.03728245589198,11.657892646133446],[43.21779603760509,11.477557443145898],[43.30805282846165,11.477557443145898],[43.48856641017476,11.116887037170804],[44.12036394617064,10.48571382671439],[44.300877527883756,10.48571382671439],[44.39113431874031,10.395546225220615],[45.02293185473619,10.395546225220615],[45.11318864559275,10.48571382671439],[45.29370222730586,10.48571382671439],[45.29370222730586,10.125043420739296],[45.38395901816242,10.034875819245523],[45.38395901816242,9.764373014764201],[45.47421580901897,9.674205413270428],[45.47421580901897,9.403702608789107],[45.56447259987553,9.313535007295334],[45.56447259987553,9.043032202814015],[45.65472939073208,8.95286460132024],[45.65472939073208,8.68236179683892],[45.83524297244519,8.321691390863824],[45.83524297244519,8.051188586382505],[45.925499763301744,7.96102098488873],[46.0157565541583,7.510182977419864],[46.19627013587141,7.2396801729385425],[46.19627013587141,7.059344969950995],[46.37678371758452,6.788842165469675],[46.37678371758452,6.608506962482128],[46.55729729929764,6.247836556507035],[46.737810881010745,6.0675013535194875],[46.8280676718673,5.796998549038166],[47.45986520786319,5.165825338581752],[47.8208923712894,4.985490135594205],[48.00140595300251,4.985490135594205],[48.181919534715625,4.895322534100432],[48.181919534715625,4.805154932606658],[47.91114916214596,4.444484526631563],[47.91114916214596,4.35431692513779],[47.73063558043285,4.173981722150243],[47.73063558043285,4.083814120656469],[47.640378789576296,4.083814120656469],[47.09883804443697,3.5428085116938286],[47.09883804443697,3.452640910200055],[46.8280676718673,3.182138105718734],[46.8280676718673,3.091970504224961],[46.737810881010745,3.091970504224961],[45.83524297244519,2.280462090780999],[45.74498618158864,2.280462090780999],[45.65472939073208,2.100126887793452],[45.47421580901897,2.100126887793452],[45.29370222730586,1.9197916848059051],[45.11318864559275,1.9197916848059051],[44.932675063879636,1.8296240833121316],[44.66190469130998,1.5591212788308109],[44.57164790045342,1.5591212788308109],[43.57882320103131,0.6574452638930757],[43.48856641017476,0.6574452638930757],[42.947025665035426,0.026272053436661016],[42.947025665035426,-0.0638955480571125],[42.856768874178876,-0.0638955480571125],[42.76651208332232,-0.24423075104465955],[42.67625529246577,-0.24423075104465955],[42.405484919896104,-0.5147335555259801],[42.315228129039546,-0.5147335555259801],[41.68343059304366,0.11643965493043454],[41.5931738021871,0.11643965493043454],[41.412660220474,0.2967748579179816],[41.05163305704777,0.4771100609055286],[40.32957873019534,0.4771100609055286],[39.968551566769115,0.2967748579179816],[39.788037985056,0.2967748579179816],[39.33675403077323,-0.0638955480571125],[39.24649723991667,-0.0638955480571125],[38.524442913064235,-0.7852363600073007],[38.524442913064235,-0.8754039615010741],[38.25367254049456,-1.1459067659823947],[38.16341574963801,-1.4164095704637152],[37.982902167924905,-1.5967447734512625],[37.62187500449868,-2.3180855854014504],[37.53161821364213,-2.768923592870318],[37.44136142278558,-2.8590911943640918],[37.44136142278558,-3.1295939988454125],[37.35110463192902,-3.219761600339186],[37.35110463192902,-4.211605216770694],[37.44136142278558,-4.3017728182644674],[37.44136142278558,-4.482108021252015],[37.62187500449868,-4.752610825733336],[37.62187500449868,-4.932946028720883],[37.71213179535524,-5.11328123170843],[37.89264537706835,-5.293616434695976],[38.073158958781455,-5.7444544421648445],[38.434186122207684,-6.195292449633712],[38.434186122207684,-6.285460051127486],[38.97572686734701,-6.9166332615839],[38.97572686734701,-7.0068008630776735],[39.33675403077323,-7.277303667558995],[39.24649723991667,-7.457638870546541],[39.24649723991667,-7.728141675027862],[39.42701082162979,-7.908476878015408],[39.42701082162979,-8.088812081002956],[39.33675403077323,-8.17897968249673],[39.33675403077323,-8.71998529145937],[39.42701082162979,-8.810152892953145],[39.42701082162979,-9.080655697434464],[39.60752440334289,-9.260990900422012],[39.60752440334289,-9.531493704903331],[39.788037985056,-9.71182890789088],[39.788037985056,-9.9823317123722],[39.968551566769115,-10.072499313865974],[40.600349102765,-10.703672524322387],[40.600349102765,-11.064342930297482],[40.510092311908444,-11.154510531791257],[40.510092311908444,-12.597192155691632],[40.600349102765,-12.687359757185407],[40.600349102765,-13.498868170629368],[40.510092311908444,-13.58903577212314],[40.510092311908444,-13.769370975110688],[40.600349102765,-13.859538576604463],[40.600349102765,-14.490711787060878],[40.78086268447811,-14.58087938855465],[40.78086268447811,-14.85138219303597],[40.600349102765,-15.031717396023518],[40.600349102765,-15.482555403492386],[40.14906514848222,-15.933393410961253],[40.14906514848222,-16.113728613948798],[40.058808357625665,-16.113728613948798],[39.788037985056,-16.384231418430122],[39.788037985056,-16.474399019923894],[39.60752440334289,-16.65473422291144],[39.33675403077323,-16.744901824405215],[39.065983658203564,-17.015404628886532],[38.88547007649045,-17.10557223038031],[38.524442913064235,-17.10557223038031],[38.434186122207684,-17.195739831874082],[38.16341574963801,-17.195739831874082],[37.982902167924905,-17.37607503486163],[37.53161821364213,-17.556410237849178],[37.080334259359354,-17.91708064382427],[36.9900774685028,-17.91708064382427],[36.89982067764624,-18.007248245318042],[36.89982067764624,-18.277751049799367],[36.26802314165035,-18.908924260255777],[35.99725276908069,-18.908924260255777],[35.45571202394137,-19.359762267724644],[35.45571202394137,-19.449929869218423],[35.27519844222825,-19.630265072205965],[34.73365769708892,-19.900767876687286],[34.73365769708892,-20.171270681168608],[34.643400906232365,-20.261438282662382],[34.643400906232365,-20.44177348564993],[34.73365769708892,-20.62210868863748],[35.09468486051514,-20.982779094612567],[35.09468486051514,-21.52378470357521],[35.27519844222825,-21.704119906562756],[35.27519844222825,-22.064790312537852],[35.45571202394137,-22.335293117019173],[35.54596881479792,-22.335293117019173],[35.45571202394137,-22.51562832000672],[35.45571202394137,-23.597639537932],[35.36545523308481,-23.687807139425775],[35.36545523308481,-23.86814234241332],[35.54596881479792,-23.958309943907096],[35.45571202394137,-24.048477545400868],[35.45571202394137,-24.228812748388417],[35.184941651371695,-24.58948315436351],[34.643400906232365,-24.85998595884483],[34.192116951949586,-24.950153560338606],[33.92134657937993,-25.130488763326152],[33.650576206810264,-25.130488763326152],[33.47006262509716,-25.3108239663137],[33.199292252527485,-25.3108239663137],[32.92852187995782,-25.58132677079502],[32.74800829824471,-25.67149437228879],[32.657751507388156,-25.85182957527634],[32.657751507388156,-26.122332379757662],[32.74800829824471,-26.212499981251433],[32.92852187995782,-26.212499981251433],[32.83826508910127,-26.6633379887203],[32.92852187995782,-26.753505590214075],[32.83826508910127,-26.843673191707847],[32.83826508910127,-27.114175996189168],[32.74800829824471,-27.20434359768294],[32.74800829824471,-27.38467880067049],[32.657751507388156,-27.474846402164264],[32.657751507388156,-27.745349206645585],[32.567494716531606,-27.835516808139356],[32.567494716531606,-28.286354815608224],[32.02595397139227,-28.917528026064637],[31.845440389679162,-28.917528026064637],[31.033129271970168,-29.7290364395086],[31.033129271970168,-29.909371642496144],[30.852615690257053,-30.089706845483697],[30.762358899400503,-30.360209649965014],[30.491588526830835,-30.630712454446336],[30.491588526830835,-30.811047657433882],[30.22081815426117,-31.081550461915203],[30.13056136340462,-31.26188566490275],[29.769534199978395,-31.4422208678903],[29.679277409121845,-31.622556070877845],[29.408507036552177,-31.712723672371617],[29.22799345483907,-31.98322647685294],[29.04747987312596,-32.07339407834671],[29.04747987312596,-32.163561679840484],[28.9572230822694,-32.163561679840484],[28.596195918843183,-32.524232085815584],[28.596195918843183,-32.61439968730935],[28.05465517370385,-32.884902491790676],[27.874141591990742,-33.06523769477822],[27.874141591990742,-33.155405296271994],[27.69362801027763,-33.155405296271994],[27.51311442856452,-33.24557289776577],[27.33260084685141,-33.42590810075332],[27.242344055994856,-33.42590810075332],[26.881316892568634,-33.696410905234636],[26.610546519998973,-33.696410905234636],[26.520289729142416,-33.78657850672841],[25.707978611433422,-33.78657850672841],[25.617721820576868,-33.876746108222186],[25.617721820576868,-34.05708131120973],[24.895667493724424,-34.05708131120973],[24.80541070286787,-34.23741651419728],[24.44438353944165,-34.23741651419728],[24.08335637601543,-34.05708131120973],[23.451558840019544,-34.05708131120973],[23.36130204916299,-34.1472489127035],[22.910018094880215,-34.1472489127035],[22.81976130402366,-34.05708131120973],[22.278220558884332,-34.05708131120973],[21.736679813745,-34.41775171718482],[21.37565265031878,-34.41775171718482],[21.19513906860567,-34.507919318678596],[21.104882277749116,-34.41775171718482],[20.83411190517945,-34.41775171718482],[20.743855114322894,-34.507919318678596],[20.47308474175323,-34.507919318678596],[20.021800787470454,-34.86858972465369],[19.9315439966139,-34.77842212315992],[19.480260042331125,-34.77842212315992],[19.299746460618014,-34.507919318678596],[18.84846250633524,-34.32758411569105],[18.758205715478685,-34.1472489127035],[18.577692133765577,-34.1472489127035],[18.48743534290902,-34.23741651419728],[18.48743534290902,-34.41775171718482],[18.397178552052463,-34.32758411569105],[18.397178552052463,-33.696410905234636],[18.30692176119591,-33.516075702247086],[18.577692133765577,-32.97507009328445],[18.66794892462213,-32.524232085815584],[18.758205715478685,-32.43406448432181],[18.758205715478685,-32.25372928133426],[18.938719297191792,-31.98322647685294],[19.02897608804835,-31.53238846938407],[19.299746460618014,-30.99138286042143],[19.480260042331125,-30.811047657433882],[20.11205757832701,-29.548701236521055],[20.202314369183565,-29.097863229052187],[20.29257116004012,-29.007695627558416],[20.29257116004012,-28.827360424570866],[20.382827950896676,-28.73719282307709],[20.382827950896676,-28.466690018595774],[20.47308474175323,-28.376522417101995],[20.47308474175323,-27.38467880067049],[20.29257116004012,-27.024008394695397],[20.29257116004012,-26.843673191707847],[19.841287205757343,-25.941997176770112],[19.119232878904906,-24.950153560338606],[19.119232878904906,-24.85998595884483],[18.938719297191792,-24.679650755857285],[18.938719297191792,-24.58948315436351],[18.126408179482805,-23.597639537932],[18.126408179482805,-23.50747193643823],[17.855637806913133,-23.236969131956908],[17.675124225200026,-22.876298725981812],[17.404353852630358,-22.605795921500494],[17.22384027091725,-22.245125515525398],[17.04332668920414,-22.064790312537852],[17.04332668920414,-21.974622711044077],[16.86281310749103,-21.794287508056534],[16.86281310749103,-21.704119906562756],[16.050501989782035,-20.71227629013125],[16.050501989782035,-20.62210868863748],[15.77973161721237,-20.351605884156154],[15.77973161721237,-20.261438282662382],[15.508961244642704,-19.99093547818106],[15.328447662929594,-19.630265072205965],[15.057677290359928,-19.359762267724644],[15.057677290359928,-19.269594666230873],[14.786906917790265,-18.99909186174955],[14.606393336077153,-18.63842145577446],[14.425879754364043,-18.45808625278691],[14.425879754364043,-18.367918651293138],[14.245366172650934,-18.18758344830559],[14.245366172650934,-18.097415846811817],[14.064852590937823,-17.91708064382427],[14.064852590937823,-17.826913042330496],[13.884339009224712,-17.64657783934295],[13.884339009224712,-17.556410237849178],[13.703825427511605,-17.37607503486163],[13.703825427511605,-17.285907433367854],[13.523311845798494,-17.10557223038031],[13.523311845798494,-17.015404628886532],[13.342798264085383,-16.835069425898986],[13.342798264085383,-16.744901824405215],[13.162284682372272,-16.564566621417665],[13.162284682372272,-16.474399019923894],[12.981771100659167,-16.294063816936347],[12.981771100659167,-16.203896215442573],[12.801257518946054,-16.023561012455026],[12.7110007280895,-15.753058207973705],[12.169459982950167,-15.031717396023518],[12.169459982950167,-14.85138219303597],[12.259716773806725,-14.761214591542197],[12.259716773806725,-14.490711787060878],[12.349973564663278,-14.400544185567101],[12.349973564663278,-13.859538576604463],[12.440230355519834,-13.769370975110688],[12.440230355519834,-13.58903577212314],[12.981771100659167,-12.957862561666726],[12.981771100659167,-12.77752735867918],[13.25254147322883,-12.687359757185407],[13.613568636655048,-12.326689351210312],[13.613568636655048,-12.146354148222764],[13.794082218368159,-11.966018945235218],[13.794082218368159,-10.703672524322387],[13.523311845798494,-10.523337321334841],[13.342798264085383,-10.162666915359747],[13.342798264085383,-9.9823317123722],[13.162284682372272,-9.71182890789088],[13.162284682372272,-9.441326103409558],[14.245366172650934,-8.900320494446918],[14.425879754364043,-8.900320494446918],[14.516136545220599,-8.810152892953145],[14.786906917790265,-8.810152892953145],[15.77973161721237,-9.621661306397106],[15.869988408068924,-9.621661306397106],[16.140758780638595,-9.892164110878426],[16.231015571495146,-9.892164110878426],[16.501785944064807,-10.162666915359747],[16.592042734921367,-10.162666915359747],[16.86281310749103,-10.433169719841068],[16.953069898347582,-10.433169719841068],[17.22384027091725,-10.703672524322387],[17.584867434343472,-10.884007727309934],[17.855637806913133,-11.154510531791257],[18.216664970339355,-11.334845734778803],[18.397178552052463,-11.51518093776635],[18.48743534290902,-11.51518093776635],[18.66794892462213,-11.695516140753897],[19.390003251474567,-12.05618654672899],[19.570516833187682,-12.236521749716537],[20.83411190517945,-12.867694960172953],[21.01462548689256,-12.867694960172953],[21.285395859462223,-13.0480301631605],[21.55616623203189,-13.0480301631605],[21.646423022888445,-13.138197764654274],[22.007450186314664,-13.138197764654274],[22.09770697717122,-13.228365366148045],[22.63924772231055,-13.228365366148045],[22.729504513167107,-13.31853296764182],[23.812586003445766,-13.31853296764182],[23.90284279430232,-13.408700569135593],[24.80541070286787,-13.408700569135593],[24.895667493724424,-13.31853296764182],[25.88849219314653,-13.31853296764182],[25.978748984003083,-13.228365366148045],[26.339776147429305,-13.228365366148045],[26.43003293828586,-13.138197764654274],[26.79106010171208,-13.138197764654274],[27.152087265138302,-12.957862561666726],[27.33260084685141,-12.957862561666726],[28.05465517370385,-12.597192155691632],[28.686452709699736,-11.966018945235218],[28.9572230822694,-11.425013336272576],[29.04747987312596,-10.974175328803708],[29.137736663982512,-10.884007727309934],[29.137736663982512,-10.613504922828614],[29.22799345483907,-10.523337321334841],[29.22799345483907,-10.162666915359747],[29.31825024569562,-10.072499313865974],[29.31825024569562,-7.637974073534088],[29.22799345483907,-7.547806472040315],[29.22799345483907,-6.736298058596353],[29.137736663982512,-6.646130457102579],[29.137736663982512,-6.014957246646165],[29.04747987312596,-5.924789645152392],[29.04747987312596,-5.38378403618975],[28.9572230822694,-5.293616434695976],[28.9572230822694,-4.932946028720883],[29.04747987312596,-4.842778427227109],[29.04747987312596,-5.11328123170843],[29.137736663982512,-5.203448833202204],[29.137736663982512,-5.38378403618975],[29.31825024569562,-5.564119239177297],[29.22799345483907,-6.195292449633712],[29.498763827408727,-6.646130457102579],[29.498763827408727,-6.826465660090126],[29.859790990834952,-7.187136066065221],[30.04030457254806,-7.187136066065221],[30.22081815426117,-7.457638870546541],[30.22081815426117,-7.908476878015408],[30.491588526830835,-8.088812081002956],[30.491588526830835,-8.44948248697805],[30.762358899400503,-8.629817689965597],[30.94287248111361,-8.629817689965597],[31.033129271970168,-8.539650088471824],[31.033129271970168,-8.269147283990502],[30.581845317687392,-7.547806472040315],[30.581845317687392,-7.0969684645714475],[30.491588526830835,-6.9166332615839],[30.22081815426117,-6.646130457102579],[30.13056136340462,-6.465795254115032],[29.859790990834952,-6.465795254115032],[29.769534199978395,-6.375627652621259],[29.769534199978395,-6.105124848139939],[29.859790990834952,-6.014957246646165],[29.859790990834952,-5.564119239177297],[29.769534199978395,-5.473951637683523],[29.769534199978395,-5.023113630214657],[29.589020618265288,-4.842778427227109],[29.589020618265288,-4.211605216770694],[31.664926807966054,-1.7770799764388094],[31.664926807966054,-2.588588389882771],[31.755183598822605,-2.6787559913765446],[31.93569718053572,-2.6787559913765446],[32.20646755310538,-2.408253186895224],[32.20646755310538,-2.3180855854014504],[32.47723792567505,-2.588588389882771],[32.83826508910127,-2.588588389882771],[32.92852187995782,-2.4984207883889975],[33.10903546167093,-2.4984207883889975],[33.199292252527485,-2.588588389882771],[33.3798058342406,-2.588588389882771],[33.56031941595371,-2.408253186895224],[33.56031941595371,-2.227917983907677],[33.47006262509716,-2.1377503824139032],[33.28954904338404,-2.1377503824139032],[33.3798058342406,-2.04758278092013],[33.3798058342406,-1.867247577932583],[33.56031941595371,-1.867247577932583],[33.650576206810264,-1.7770799764388094],[33.650576206810264,-1.5967447734512625],[33.83108978852337,-1.5967447734512625],[33.92134657937993,-1.5065771719574887],[33.92134657937993,-1.2360743674761683],[34.101860161093036,-1.0557391644886214],[34.101860161093036,-0.6049011570197536],[34.28237374280614,-0.5147335555259801],[34.28237374280614,-0.33439835253843303],[34.192116951949586,-0.15406314955088604],[34.01160337023648,-0.0638955480571125],[33.92134657937993,0.11643965493043454],[33.74083299766682,0.20660725642420805],[33.56031941595371,0.20660725642420805],[33.47006262509716,0.2967748579179816],[33.199292252527485,0.2967748579179816],[33.10903546167093,0.20660725642420805],[33.10903546167093,0.3869424594117551],[33.199292252527485,0.4771100609055286],[33.199292252527485,0.8377804668806227],[33.28954904338404,0.9279480683743963],[33.28954904338404,1.2886184743494902],[33.3798058342406,1.3787860758432637],[33.3798058342406,1.6492888803245844],[33.47006262509716,1.739456481818358],[33.47006262509716,2.100126887793452],[33.56031941595371,2.1902944892872256],[33.56031941595371,2.5509648952623194],[33.650576206810264,2.641132496756093],[33.650576206810264,2.9116353012374137],[33.74083299766682,3.001802902731187],[33.74083299766682,3.3624733087062815],[33.83108978852337,3.452640910200055],[33.83108978852337,3.8133113161751484],[33.92134657937993,3.9034789176689224],[33.92134657937993,4.173981722150243],[34.01160337023648,4.264149323644016],[34.01160337023648,4.534652128125337],[33.92134657937993,4.7149873311128845],[33.56031941595371,5.075657737087979],[33.56031941595371,5.165825338581752],[32.657751507388156,5.9773337520257135],[32.296724343961934,6.157668955013261],[32.116210762248826,6.338004158000808],[30.672102108543946,7.059344969950995],[30.491588526830835,7.059344969950995],[30.22081815426117,7.2396801729385425],[30.04030457254806,7.2396801729385425],[29.769534199978395,7.4200153759260905],[29.31825024569562,7.510182977419864],[29.22799345483907,7.600350578913636],[29.04747987312596,7.600350578913636],[28.776709500556294,7.780685781901184],[28.325425546273514,7.870853383394958],[28.23516875541696,7.96102098488873],[28.05465517370385,7.96102098488873],[27.964398382847296,8.051188586382505],[27.783884801134185,8.051188586382505],[27.69362801027763,8.141356187876278],[27.061830474281745,8.231523789370051],[26.97157368342519,8.321691390863824],[26.610546519998973,8.321691390863824],[26.520289729142416,8.411858992357597],[26.06900577485964,8.411858992357597],[25.978748984003083,8.502026593851372],[25.617721820576868,8.502026593851372],[25.52746502972031,8.592194195345146],[24.985924284580978,8.592194195345146],[24.895667493724424,8.68236179683892],[24.354126748585095,8.68236179683892],[24.26386995772854,8.772529398332692],[23.722329212589212,8.772529398332692],[23.632072421732655,8.862696999826467],[23.00027488573677,8.862696999826467],[22.910018094880215,8.95286460132024],[22.368477349740886,8.95286460132024],[22.007450186314664,8.772529398332692],[21.826936604601556,8.772529398332692],[21.736679813745,8.68236179683892],[21.465909441175334,8.68236179683892],[21.104882277749116,8.502026593851372],[20.924368696036005,8.502026593851372],[20.83411190517945,8.411858992357597],[20.202314369183565,8.321691390863824],[20.11205757832701,8.231523789370051],[19.841287205757343,8.231523789370051],[19.75103041490079,8.141356187876278],[19.480260042331125,8.141356187876278],[19.390003251474567,8.051188586382505],[19.02897608804835,8.051188586382505],[18.938719297191792,7.96102098488873],[17.314097061773804,7.96102098488873],[17.22384027091725,8.051188586382505],[16.68229952577792,8.051188586382505],[16.592042734921367,8.141356187876278],[16.140758780638595,8.141356187876278],[16.050501989782035,8.231523789370051],[15.599218035499257,8.231523789370051],[15.508961244642704,8.321691390863824],[15.23819087207304,8.321691390863824],[15.147934081216482,8.411858992357597],[14.786906917790265,8.411858992357597],[14.696650126933708,8.502026593851372],[14.33562296350749,8.502026593851372],[14.245366172650934,8.592194195345146],[13.974595800081271,8.592194195345146],[13.884339009224712,8.68236179683892],[13.613568636655048,8.68236179683892],[13.523311845798494,8.772529398332692],[13.25254147322883,8.772529398332692],[13.162284682372272,8.862696999826467],[12.891514309802607,8.862696999826467],[12.801257518946054,8.95286460132024],[12.53048714637639,8.95286460132024],[12.440230355519834,9.043032202814015],[12.079203192093614,9.043032202814015],[11.988946401237058,9.133199804307786],[11.718176028667395,9.133199804307786],[11.627919237810838,9.223367405801561],[11.266892074384618,9.223367405801561],[11.176635283528062,9.313535007295334],[10.905864910958398,9.313535007295334],[10.815608120101842,9.403702608789107],[10.454580956675624,9.403702608789107],[10.364324165819067,9.49387021028288],[10.093553793249402,9.49387021028288],[10.003297002392848,9.584037811776653],[9.642269838966627,9.584037811776653],[9.552013048110073,9.674205413270428],[8.378674766974857,9.674205413270428],[8.288417976118303,9.764373014764201],[7.024822904126532,9.764373014764201],[6.934566113269978,9.854540616257975],[5.490457459565096,9.854540616257975],[5.400200668708543,9.944708217751748],[3.1437808972946666,9.944708217751748],[3.0535241064381116,10.034875819245523],[-3.4449648352338493,10.034875819245523],[-3.535221626090405,9.944708217751748],[-7.326006842065715,9.944708217751748],[-7.41626363292227,9.854540616257975],[-8.048061168918156,9.854540616257975],[-8.13831795977471,9.764373014764201],[-8.589601914057486,9.764373014764201],[-8.679858704914041,9.674205413270428],[-9.131142659196817,9.674205413270428],[-9.22139945005337,9.584037811776653],[-9.672683404336146,9.584037811776653],[-9.7629401951927,9.49387021028288],[-10.123967358618922,9.49387021028288],[-10.214224149475475,9.403702608789107],[-10.575251312901697,9.403702608789107],[-10.66550810375825,9.313535007295334],[-11.026535267184471,9.313535007295334],[-11.116792058041026,9.223367405801561],[-11.477819221467247,9.223367405801561],[-11.568076012323802,9.133199804307786],[-11.838846384893467,9.133199804307786],[-11.92910317575002,9.043032202814015],[-12.29013033917624,9.043032202814015],[-12.380387130032796,8.95286460132024],[-12.651157502602462,8.95286460132024],[-12.741414293459016,8.862696999826467],[-13.102441456885236,8.862696999826467],[-13.282955038598345,8.772529398332692],[-13.282955038598345,8.95286460132024],[-13.373211829454902,9.043032202814015],[-13.373211829454902,9.223367405801561],[-13.553725411168012,9.49387021028288],[-13.73423899288112,9.49387021028288],[-13.73423899288112,9.674205413270428],[-13.914752574594232,9.854540616257975],[-14.005009365450785,9.854540616257975],[-14.005009365450785,9.944708217751748],[-14.185522947163896,10.125043420739296],[-14.546550110590116,10.305378623726842],[-14.636806901446672,10.48571382671439],[-14.636806901446672,10.666049029701936],[-14.727063692303226,10.75621663119571],[-15.088090855729448,10.75621663119571],[-15.268604437442555,11.116887037170804],[-15.449118019155668,11.207054638664578],[-15.71988839172533,11.207054638664578],[-15.539374810012221,11.297222240158352],[-15.539374810012221,11.748060247627219],[-15.629631600868777,11.838227849120992],[-15.810145182581888,11.838227849120992],[-15.900401973438443,11.748060247627219],[-16.26142913686466,11.748060247627219],[-16.26142913686466,11.928395450614765],[-16.62245630029088,12.28906585658986],[-16.802969882003993,12.28906585658986],[-16.802969882003993,12.920239067046273],[-16.893226672860546,13.010406668540048],[-16.893226672860546,13.280909473021369],[-16.802969882003993,13.461244676008915],[-16.62245630029088,13.55141227750269],[-16.62245630029088,13.82191508198401],[-16.712713091147435,13.912082683477783],[-16.893226672860546,13.912082683477783],[-16.893226672860546,14.092417886465329],[-16.983483463717103,14.272753089452877],[-17.254253836286768,14.5432558939342],[-17.344510627143322,14.723591096921744],[-17.43476741799988,14.723591096921744],[-16.983483463717103,15.084261502896839],[-16.983483463717103,15.174429104390612],[-16.802969882003993,15.35476430737816],[-16.802969882003993,15.535099510365708],[-16.62245630029088,15.805602314847027],[-16.62245630029088,16.256440322315896],[-16.532199509434328,16.346607923809668],[-16.532199509434328,16.61711072829099],[-16.441942718577774,16.707278329784764],[-16.441942718577774,16.977781134266085],[-16.26142913686466,17.067948735759856],[-16.171172346008106,17.518786743228723],[-16.080915555151552,17.6089543447225],[-16.080915555151552,18.059792352191366],[-12.921927875172127,18.059792352191366],[-12.741414293459016,17.69912194621627],[-12.651157502602462,17.067948735759856],[-12.470643920889351,16.707278329784764],[-12.470643920889351,16.526943126797214],[-12.380387130032796,16.436775525303442],[-12.380387130032796,16.256440322315896],[-12.199873548319687,15.985937517834575],[-12.109616757463131,15.535099510365708],[-11.568076012323802,14.453088292440423],[-11.568076012323802,14.272753089452877],[-11.20704884889758,13.641579878996463],[-11.20704884889758,13.55141227750269],[-11.387562430610691,13.371077074515142],[-11.748589594036911,13.190741871527596],[-11.748589594036911,12.920239067046273],[-11.387562430610691,12.649736262564954],[-9.7629401951927,11.838227849120992],[-9.58242661347959,11.838227849120992],[-9.492169822623035,11.928395450614765],[-9.492169822623035,13.010406668540048],[-9.58242661347959,13.100574270033821],[-9.58242661347959,14.182585487959104],[-9.672683404336146,14.272753089452877],[-9.94345377690581,14.272753089452877],[-10.30448094033203,14.092417886465329],[-10.48499452204514,13.912082683477783],[-10.575251312901697,14.002250284971558],[-10.846021685471362,14.5432558939342],[-10.846021685471362,14.723591096921744],[-11.20704884889758,15.35476430737816],[-11.20704884889758,15.535099510365708],[-11.387562430610691,15.805602314847027],[-11.387562430610691,15.985937517834575],[-11.568076012323802,16.256440322315896],[-11.658332803180356,16.707278329784764],[-11.748589594036911,16.797445931278535],[-11.748589594036911,16.977781134266085],[-11.838846384893467,17.067948735759856],[-11.838846384893467,17.248283938747402],[-11.92910317575002,17.338451540241177],[-12.019359966606576,17.96962475069759],[-12.109616757463131,18.059792352191366],[-10.48499452204514,18.059792352191366],[-10.394737731188586,17.96962475069759],[-5.06958707065184,17.96962475069759],[-4.979330279795285,17.87945714920382],[-3.2644512535207393,17.87945714920382],[-3.1741944626641847,17.69912194621627],[-3.1741944626641847,17.518786743228723],[-2.7229105083814096,16.707278329784764],[-2.8131672992379646,16.61711072829099],[-2.9936808809510747,16.61711072829099],[-3.3547080443772948,16.436775525303442],[-3.4449648352338493,16.346607923809668],[-3.4449648352338493,16.16627272082212],[-2.452140135811744,15.35476430737816],[-2.3618833449551895,15.35476430737816],[-2.0911129723855244,15.084261502896839],[-2.0008561815289694,15.084261502896839],[-1.7300858089593043,14.81375869841552],[-1.3690586455330842,14.81375869841552],[-1.2788018546765292,14.903926299909292],[-1.2788018546765292,15.8957699163408],[-1.1885450638199742,15.985937517834575],[-1.1885450638199742,17.067948735759856],[-1.2788018546765292,17.15811633725363],[-1.6398290181027493,17.15811633725363],[-2.0008561815289694,16.977781134266085],[-2.452140135811744,17.87945714920382],[-1.8203425998158596,17.87945714920382],[-1.7300858089593043,17.789289547710045],[0.255563589884906,17.789289547710045],[0.3458203807414611,17.69912194621627],[2.0606994070160063,17.69912194621627],[2.1509561978725613,17.6089543447225],[3.5048080607208867,17.6089543447225],[3.5950648515774413,17.518786743228723],[4.6781463418561025,17.518786743228723],[5.0391735052823226,17.338451540241177],[5.309943877851987,17.067948735759856],[5.670971041278207,16.88761353277231],[5.851484622991317,16.707278329784764],[5.941741413847872,16.707278329784764],[6.122254995560982,16.526943126797214],[6.3930253681306475,16.436775525303442],[6.844309322413422,16.076105119328346],[7.115079694983087,15.985937517834575],[7.566363649265863,15.625267111859479],[8.468931557831413,15.174429104390612],[8.649445139544522,14.994093901403067],[8.920215512114186,14.903926299909292],[9.100729093827297,14.723591096921744],[9.732526629823186,14.453088292440423],[9.913040211536293,14.272753089452877],[10.183810584105958,14.182585487959104],[10.274067374962513,14.092417886465329],[10.003297002392848,13.641579878996463],[10.003297002392848,13.371077074515142],[10.093553793249402,13.280909473021369],[10.364324165819067,13.280909473021369],[10.454580956675624,13.371077074515142],[10.905864910958398,13.371077074515142],[10.996121701814953,13.461244676008915],[11.537662446954283,13.461244676008915],[11.627919237810838,13.55141227750269],[12.079203192093614,13.55141227750269],[12.169459982950167,13.641579878996463],[12.440230355519834,13.641579878996463],[12.53048714637639,13.731747480490236],[12.53048714637639,14.002250284971558],[11.988946401237058,14.5432558939342],[11.988946401237058,14.633423495427971],[11.086378492671509,15.625267111859479],[10.905864910958398,15.625267111859479],[10.815608120101842,15.535099510365708],[10.815608120101842,15.35476430737816],[10.544837747532178,14.81375869841552],[10.003297002392848,15.084261502896839],[9.822783420679738,15.264596705884387],[9.371499466396962,15.444931908871931],[9.190985884683853,15.625267111859479],[8.73970193040108,15.805602314847027],[8.559188348687968,15.985937517834575],[7.837134021835528,16.346607923809668],[7.656620440122418,16.526943126797214],[7.385850067552752,16.61711072829099],[6.3930253681306475,17.338451540241177],[6.754052531556867,17.338451540241177],[6.844309322413422,17.248283938747402],[7.476106858409307,17.248283938747402],[7.566363649265863,17.15811633725363],[8.198161185261748,17.15811633725363],[8.288417976118303,17.067948735759856],[8.920215512114186,17.067948735759856],[9.010472302970744,16.977781134266085],[9.46175625725352,16.977781134266085],[9.552013048110073,16.88761353277231],[9.822783420679738,16.88761353277231],[9.913040211536293,16.797445931278535],[10.183810584105958,16.797445931278535],[10.274067374962513,16.707278329784764],[10.544837747532178,16.707278329784764],[10.905864910958398,16.526943126797214],[11.086378492671509,16.526943126797214],[11.176635283528062,16.436775525303442],[11.357148865241173,16.436775525303442],[11.447405656097729,16.346607923809668],[11.627919237810838,16.346607923809668],[11.718176028667395,16.256440322315896],[11.898689610380503,16.256440322315896],[11.988946401237058,16.16627272082212],[12.169459982950167,16.16627272082212],[12.440230355519834,15.985937517834575],[12.891514309802607,15.8957699163408],[12.981771100659167,15.805602314847027],[13.162284682372272,15.805602314847027],[13.433055054941939,15.625267111859479],[13.884339009224712,15.535099510365708],[13.974595800081271,15.444931908871931],[14.245366172650934,15.444931908871931],[14.606393336077153,15.264596705884387],[14.786906917790265,15.264596705884387],[14.877163708646819,15.174429104390612],[15.147934081216482,15.174429104390612],[15.23819087207304,15.084261502896839],[15.599218035499257,15.084261502896839],[15.689474826355815,14.994093901403067],[16.3212723623517,14.994093901403067],[16.411529153208253,14.903926299909292],[17.22384027091725,14.903926299909292],[17.314097061773804,14.994093901403067],[18.036151388626244,14.994093901403067],[18.126408179482805,15.084261502896839],[18.577692133765577,15.084261502896839],[18.66794892462213,15.174429104390612],[19.02897608804835,15.174429104390612],[19.119232878904906,15.264596705884387],[19.390003251474567,15.264596705884387],[20.743855114322894,14.092417886465329],[20.29257116004012,13.641579878996463],[20.29257116004012,13.461244676008915],[20.382827950896676,13.371077074515142],[20.563341532609787,13.371077074515142],[20.83411190517945,13.190741871527596],[21.285395859462223,13.100574270033821],[21.37565265031878,13.010406668540048],[21.55616623203189,13.010406668540048],[21.826936604601556,12.830071465552502],[22.278220558884332,12.739903864058727],[22.368477349740886,12.649736262564954],[22.63924772231055,12.649736262564954],[22.729504513167107,12.739903864058727],[22.729504513167107,13.010406668540048],[22.63924772231055,13.100574270033821],[22.63924772231055,13.461244676008915],[22.548990931453996,13.55141227750269],[22.548990931453996,13.912082683477783],[22.45873414059744,14.002250284971558],[22.45873414059744,14.272753089452877],[22.368477349740886,14.362920690946652],[22.368477349740886,14.723591096921744],[22.278220558884332,14.81375869841552],[22.278220558884332,14.994093901403067],[22.187963768027775,15.084261502896839],[22.007450186314664,15.084261502896839],[21.37565265031878,14.5432558939342],[20.47308474175323,15.35476430737816],[20.29257116004012,15.444931908871931],[20.382827950896676,15.535099510365708],[20.743855114322894,15.535099510365708],[20.83411190517945,15.625267111859479],[21.104882277749116,15.625267111859479],[21.19513906860567,15.715434713353256],[21.55616623203189,15.715434713353256],[21.646423022888445,15.805602314847027],[22.09770697717122,15.805602314847027],[22.187963768027775,15.8957699163408],[22.81976130402366,15.8957699163408],[22.910018094880215,15.985937517834575],[25.978748984003083,15.985937517834575],[26.06900577485964,15.8957699163408],[27.874141591990742,15.8957699163408],[27.964398382847296,15.805602314847027],[29.31825024569562,15.805602314847027],[29.408507036552177,15.715434713353256],[30.581845317687392,15.715434713353256],[30.672102108543946,15.625267111859479],[31.394156435396386,15.625267111859479],[31.755183598822605,15.805602314847027],[31.93569718053572,15.805602314847027],[32.02595397139227,15.8957699163408],[32.20646755310538,15.8957699163408],[32.296724343961934,15.985937517834575],[32.47723792567505,15.985937517834575],[32.567494716531606,16.076105119328346],[32.74800829824471,16.076105119328346],[32.83826508910127,16.16627272082212],[33.01877867081438,16.16627272082212],[33.10903546167093,16.256440322315896],[33.28954904338404,16.256440322315896],[33.3798058342406,16.346607923809668],[33.56031941595371,16.346607923809668],[33.650576206810264,16.436775525303442],[33.83108978852337,16.436775525303442],[33.92134657937993,16.526943126797214],[34.01160337023648,16.526943126797214],[34.192116951949586,16.346607923809668],[34.192116951949586,16.256440322315896],[34.73365769708892,15.625267111859479],[34.91417127880203,15.264596705884387],[35.09468486051514,15.084261502896839],[35.09468486051514,14.994093901403067],[35.27519844222825,14.81375869841552],[35.81673918736758,13.731747480490236],[35.90699597822414,13.280909473021369],[35.99725276908069,13.190741871527596],[35.99725276908069,13.010406668540048],[36.087509559937246,12.920239067046273],[36.087509559937246,12.649736262564954],[36.1777663507938,12.55956866107118],[36.1777663507938,12.198898255096086],[36.26802314165035,12.108730653602313],[36.26802314165035,11.657892646133446],[36.35827993250692,11.56772504463967],[36.35827993250692,11.02671943567703],[36.44853672336347,10.936551834183257],[36.44853672336347,10.125043420739296],[36.538793514220025,10.034875819245523],[36.538793514220025,7.149512571444769],[36.44853672336347,7.059344969950995],[36.44853672336347,5.9773337520257135],[36.35827993250692,5.88716615053194],[36.35827993250692,5.165825338581752],[36.26802314165035,5.075657737087979],[36.26802314165035,4.444484526631563],[36.1777663507938,4.35431692513779],[36.1777663507938,3.9034789176689224],[35.99725276908069,3.9034789176689224],[35.90699597822414,3.8133113161751484],[35.90699597822414,3.452640910200055],[35.99725276908069,3.3624733087062815],[35.99725276908069,2.641132496756093],[35.90699597822414,2.5509648952623194],[35.90699597822414,2.100126887793452],[35.81673918736758,2.0099592862996785],[35.81673918736758,1.6492888803245844],[35.72648239651103,1.5591212788308109],[35.72648239651103,1.1082832713619433],[35.636225605654474,1.0181156698681697],[35.636225605654474,0.5672776623993022],[35.54596881479792,0.4771100609055286],[35.54596881479792,0.11643965493043454],[35.45571202394137,0.026272053436661016],[35.45571202394137,-0.4245659540322066],[35.36545523308481,-0.5147335555259801],[35.36545523308481,-0.8754039615010741],[35.27519844222825,-0.9655715629948478],[35.27519844222825,-1.4164095704637152],[35.184941651371695,-1.5065771719574887],[35.184941651371695,-1.867247577932583],[35.09468486051514,-1.9574151794263563],[35.09468486051514,-2.3180855854014504],[35.00442806965859,-2.408253186895224],[35.00442806965859,-2.768923592870318],[34.91417127880203,-2.8590911943640918],[34.91417127880203,-3.1295939988454125],[34.82391448794548,-3.219761600339186],[34.82391448794548,-3.58043200631428],[34.73365769708892,-3.670599607808054],[34.73365769708892,-3.9411024122893736],[34.643400906232365,-4.031270013783148],[34.643400906232365,-4.3017728182644674],[34.553144115375815,-4.3919404197582415],[34.553144115375815,-4.662443224239562],[34.37263053366271,-5.023113630214657],[34.37263053366271,-5.293616434695976],[34.28237374280614,-5.38378403618975],[34.28237374280614,-5.6542868406710705],[34.101860161093036,-6.014957246646165],[34.101860161093036,-6.285460051127486],[33.92134657937993,-6.646130457102579],[33.92134657937993,-6.826465660090126],[33.83108978852337,-6.9166332615839],[33.83108978852337,-7.187136066065221],[33.650576206810264,-7.547806472040315],[33.650576206810264,-7.728141675027862],[33.56031941595371,-7.818309276521634],[33.56031941595371,-7.998644479509182],[33.47006262509716,-8.088812081002956],[33.47006262509716,-8.269147283990502],[33.3798058342406,-8.359314885484276],[33.3798058342406,-8.539650088471824],[33.28954904338404,-8.629817689965597],[33.28954904338404,-8.810152892953145],[33.199292252527485,-8.900320494446918],[33.199292252527485,-9.080655697434464],[33.10903546167093,-9.170823298928239],[33.10903546167093,-9.351158501915785],[33.01877867081438,-9.441326103409558],[33.01877867081438,-9.621661306397106],[32.92852187995782,-9.71182890789088],[32.92852187995782,-9.892164110878426],[32.567494716531606,-10.343002118347295],[32.567494716531606,-10.433169719841068],[32.296724343961934,-10.703672524322387],[32.296724343961934,-10.793840125816162],[32.02595397139227,-11.064342930297482],[32.02595397139227,-11.154510531791257],[31.755183598822605,-11.425013336272576],[31.755183598822605,-11.51518093776635],[31.484413226252943,-11.78568374224767],[31.484413226252943,-11.875851343741443],[30.581845317687392,-12.867694960172953],[30.581845317687392,-12.957862561666726],[29.769534199978395,-13.769370975110688],[29.769534199978395,-13.859538576604463],[29.04747987312596,-14.58087938855465],[28.9572230822694,-14.58087938855465],[28.23516875541696,-15.302220200504838],[28.14491196456041,-15.302220200504838],[27.874141591990742,-15.572723004986157],[27.783884801134185,-15.572723004986157],[27.242344055994856,-16.023561012455026],[26.520289729142416,-16.384231418430122],[26.06900577485964,-16.474399019923894],[25.978748984003083,-16.564566621417665],[25.617721820576868,-16.564566621417665],[25.52746502972031,-16.65473422291144],[23.00027488573677,-16.65473422291144],[22.910018094880215,-16.564566621417665],[22.278220558884332,-16.564566621417665],[22.187963768027775,-16.474399019923894],[21.646423022888445,-16.474399019923894],[21.55616623203189,-16.384231418430122],[21.104882277749116,-16.384231418430122],[21.01462548689256,-16.294063816936347],[20.65359832346634,-16.294063816936347],[20.563341532609787,-16.203896215442573],[20.29257116004012,-16.203896215442573],[20.202314369183565,-16.113728613948798],[19.841287205757343,-16.113728613948798],[19.75103041490079,-16.023561012455026],[19.480260042331125,-16.023561012455026],[19.390003251474567,-15.933393410961253],[19.119232878904906,-15.933393410961253],[18.938719297191792,-15.843225809467478],[19.20948966976146,-15.39238780199861],[19.20948966976146,-15.031717396023518],[19.119232878904906,-14.941549794529742],[16.86281310749103,-14.941549794529742],[16.772556316634475,-15.031717396023518],[16.772556316634475,-15.212052599011065],[17.584867434343472,-16.384231418430122],[17.584867434343472,-16.474399019923894],[17.76538101605658,-16.65473422291144],[17.855637806913133,-16.92523702739276],[18.126408179482805,-17.195739831874082],[18.30692176119591,-17.195739831874082],[18.397178552052463,-17.10557223038031],[18.397178552052463,-16.92523702739276],[18.577692133765577,-16.564566621417665],[18.758205715478685,-16.564566621417665],[18.84846250633524,-16.65473422291144],[19.119232878904906,-16.65473422291144],[19.20948966976146,-16.744901824405215],[19.480260042331125,-16.744901824405215],[19.570516833187682,-16.835069425898986],[19.841287205757343,-16.835069425898986],[19.9315439966139,-16.92523702739276],[20.743855114322894,-17.015404628886532],[20.83411190517945,-17.10557223038031],[21.19513906860567,-17.10557223038031],[21.285395859462223,-17.195739831874082],[21.826936604601556,-17.195739831874082],[21.91719339545811,-17.285907433367854],[22.45873414059744,-17.285907433367854],[22.548990931453996,-17.37607503486163],[23.36130204916299,-17.37607503486163],[23.451558840019544,-17.466242636355403],[25.166437866294093,-17.466242636355403],[25.256694657150646,-17.37607503486163],[25.88849219314653,-17.37607503486163],[25.978748984003083,-17.285907433367854],[26.24951935657275,-17.285907433367854],[26.610546519998973,-17.10557223038031],[26.79106010171208,-17.10557223038031],[27.33260084685141,-16.835069425898986],[27.51311442856452,-16.65473422291144],[28.05465517370385,-16.384231418430122],[28.325425546273514,-16.113728613948798],[28.41568233713007,-16.113728613948798],[28.866966291412844,-15.662890606479934],[28.9572230822694,-15.662890606479934],[30.94287248111361,-13.679203373616915],[30.94287248111361,-13.58903577212314],[31.484413226252943,-13.0480301631605],[31.484413226252943,-12.957862561666726],[32.116210762248826,-12.236521749716537],[31.93569718053572,-12.507024554197859],[31.845440389679162,-12.957862561666726],[31.755183598822605,-13.0480301631605],[31.755183598822605,-13.228365366148045],[31.664926807966054,-13.31853296764182],[31.664926807966054,-13.498868170629368],[31.30389964453983,-14.220208982579555],[31.30389964453983,-14.400544185567101],[30.762358899400503,-15.482555403492386],[30.581845317687392,-15.662890606479934],[30.311074945117728,-16.294063816936347],[30.13056136340462,-16.474399019923894],[30.04030457254806,-16.744901824405215],[29.859790990834952,-16.92523702739276],[29.679277409121845,-17.37607503486163],[29.31825024569562,-17.826913042330496],[29.22799345483907,-18.097415846811817],[29.04747987312596,-18.277751049799367],[28.9572230822694,-18.548253854280684],[28.41568233713007,-19.269594666230873],[28.325425546273514,-19.540097470712194],[27.603371219421078,-20.5319410871437],[27.51311442856452,-20.80244389162502],[26.79106010171208,-21.794287508056534],[26.79106010171208,-21.884455109550306],[26.610546519998973,-22.064790312537852],[26.610546519998973,-22.154957914031623],[26.43003293828586,-22.335293117019173],[26.43003293828586,-22.425460718512944],[26.24951935657275,-22.605795921500494],[26.24951935657275,-22.695963522994266],[26.06900577485964,-22.876298725981812],[26.06900577485964,-22.966466327475587],[25.88849219314653,-23.146801530463133],[25.88849219314653,-23.236969131956908],[25.707978611433422,-23.417304334944454],[25.707978611433422,-23.50747193643823],[25.52746502972031,-23.687807139425775],[25.52746502972031,-23.77797474091955],[25.256694657150646,-24.048477545400868],[25.076181075437535,-24.409147951375964],[24.895667493724424,-24.58948315436351],[24.895667493724424,-24.679650755857285],[24.715153912011317,-24.85998595884483],[24.715153912011317,-24.950153560338606],[24.534640330298203,-25.130488763326152],[24.534640330298203,-25.220656364819924],[24.354126748585095,-25.400991567807473],[24.354126748585095,-25.491159169301245],[24.08335637601543,-25.761661973782566],[23.90284279430232,-26.122332379757662],[23.722329212589212,-26.302667582745208],[23.722329212589212,-26.39283518423898],[23.541815630876098,-26.57317038722653],[23.541815630876098,-26.6633379887203],[23.271045258306437,-26.93384079320162],[23.090531676593326,-27.294511199176718],[22.910018094880215,-27.474846402164264],[22.910018094880215,-27.565014003658035],[22.45873414059744,-28.106019612620678],[22.45873414059744,-28.196187214114453],[22.368477349740886,-28.196187214114453],[21.91719339545811,-27.745349206645585],[21.736679813745,-27.745349206645585],[21.646423022888445,-27.835516808139356],[21.646423022888445,-28.106019612620678],[21.465909441175334,-28.466690018595774],[21.465909441175334,-28.64702522158332],[21.37565265031878,-28.73719282307709],[21.37565265031878,-29.007695627558416],[21.19513906860567,-29.368366033533505],[21.19513906860567,-29.63886883801483],[21.104882277749116,-29.7290364395086],[21.104882277749116,-30.089706845483697],[21.19513906860567,-30.17987444697747],[21.37565265031878,-30.17987444697747],[21.465909441175334,-30.089706845483697],[21.736679813745,-30.089706845483697],[21.826936604601556,-29.999539243989922],[22.09770697717122,-29.999539243989922],[22.45873414059744,-29.819204041002372],[22.729504513167107,-29.819204041002372],[23.090531676593326,-29.63886883801483],[23.36130204916299,-29.63886883801483],[23.541815630876098,-29.458533635027283],[23.541815630876098,-29.278198432039733],[23.00027488573677,-28.73719282307709],[23.00027488573677,-28.64702522158332],[23.36130204916299,-28.196187214114453],[23.36130204916299,-28.106019612620678],[23.632072421732655,-27.835516808139356],[23.812586003445766,-27.474846402164264],[23.993099585158873,-27.294511199176718],[23.993099585158873,-27.20434359768294],[24.26386995772854,-26.93384079320162],[24.44438353944165,-26.57317038722653],[24.624897121154763,-26.39283518423898],[24.624897121154763,-26.302667582745208],[24.895667493724424,-26.032164778263883],[25.076181075437535,-25.67149437228879],[25.256694657150646,-25.491159169301245],[25.256694657150646,-25.400991567807473],[25.437208238863754,-25.220656364819924],[25.437208238863754,-25.130488763326152],[25.617721820576868,-24.950153560338606],[25.617721820576868,-24.85998595884483],[25.798235402289976,-24.679650755857285],[25.798235402289976,-24.58948315436351],[25.978748984003083,-24.409147951375964],[25.978748984003083,-24.31898034988219],[26.24951935657275,-24.048477545400868],[26.43003293828586,-23.687807139425775],[26.610546519998973,-23.50747193643823],[26.610546519998973,-23.417304334944454],[26.79106010171208,-23.236969131956908],[26.79106010171208,-23.146801530463133],[26.97157368342519,-22.966466327475587],[26.97157368342519,-22.876298725981812],[27.152087265138302,-22.695963522994266],[27.152087265138302,-22.605795921500494],[27.33260084685141,-22.425460718512944],[27.33260084685141,-22.335293117019173],[27.51311442856452,-22.154957914031623],[27.51311442856452,-22.064790312537852],[27.69362801027763,-21.884455109550306],[27.69362801027763,-21.794287508056534],[27.874141591990742,-21.613952305068985],[27.874141591990742,-21.52378470357521],[28.05465517370385,-21.343449500587663],[28.05465517370385,-21.25328189909389],[28.23516875541696,-21.072946696106342],[28.325425546273514,-20.80244389162502],[29.04747987312596,-19.810600275193515],[29.137736663982512,-19.540097470712194],[29.498763827408727,-19.089259463243327],[29.769534199978395,-18.548253854280684],[29.950047781691502,-18.367918651293138],[30.311074945117728,-17.64657783934295],[30.491588526830835,-17.466242636355403],[30.581845317687392,-17.195739831874082],[30.762358899400503,-17.015404628886532],[30.94287248111361,-16.564566621417665],[31.12338606282672,-16.384231418430122],[31.30389964453983,-15.933393410961253],[31.484413226252943,-15.753058207973705],[31.484413226252943,-15.572723004986157],[31.755183598822605,-15.212052599011065],[31.93569718053572,-14.85138219303597],[31.93569718053572,-14.671046990048422],[32.20646755310538,-14.220208982579555],[32.296724343961934,-13.769370975110688],[32.47723792567505,-13.498868170629368],[32.567494716531606,-13.0480301631605],[32.657751507388156,-12.957862561666726],[32.657751507388156,-12.77752735867918],[32.74800829824471,-12.687359757185407],[32.74800829824471,-12.507024554197859],[32.83826508910127,-12.416856952704084],[32.83826508910127,-12.236521749716537],[33.01877867081438,-11.966018945235218],[33.10903546167093,-11.51518093776635],[33.199292252527485,-11.425013336272576],[33.199292252527485,-11.24467813328503],[33.28954904338404,-11.154510531791257],[33.28954904338404,-10.974175328803708],[33.47006262509716,-10.703672524322387],[33.56031941595371,-10.25283451685352],[33.650576206810264,-10.162666915359747],[33.650576206810264,-9.9823317123722],[33.74083299766682,-9.892164110878426],[33.74083299766682,-9.71182890789088],[33.83108978852337,-9.621661306397106],[33.83108978852337,-9.441326103409558],[33.92134657937993,-9.351158501915785],[33.92134657937993,-9.170823298928239],[34.01160337023648,-9.080655697434464],[34.01160337023648,-8.900320494446918],[34.101860161093036,-8.810152892953145],[34.101860161093036,-8.629817689965597],[34.192116951949586,-8.539650088471824],[34.192116951949586,-8.359314885484276],[34.28237374280614,-8.269147283990502],[34.28237374280614,-8.088812081002956],[34.37263053366271,-7.998644479509182],[34.37263053366271,-7.818309276521634],[34.46288732451926,-7.728141675027862],[34.46288732451926,-7.457638870546541],[34.643400906232365,-7.0969684645714475],[34.643400906232365,-6.9166332615839],[34.73365769708892,-6.826465660090126],[34.73365769708892,-6.646130457102579],[34.82391448794548,-6.555962855608806],[34.82391448794548,-6.285460051127486],[35.00442806965859,-5.924789645152392],[35.00442806965859,-5.6542868406710705],[35.09468486051514,-5.564119239177297],[35.09468486051514,-7.728141675027862],[35.184941651371695,-7.818309276521634],[35.184941651371695,-8.71998529145937],[35.27519844222825,-8.810152892953145],[35.27519844222825,-9.441326103409558],[35.36545523308481,-9.531493704903331],[35.36545523308481,-9.892164110878426],[35.45571202394137,-9.9823317123722],[35.45571202394137,-10.343002118347295],[35.54596881479792,-10.433169719841068],[35.54596881479792,-10.703672524322387],[35.72648239651103,-11.064342930297482],[35.72648239651103,-11.24467813328503],[35.81673918736758,-11.334845734778803],[35.81673918736758,-11.51518093776635],[35.99725276908069,-11.78568374224767],[35.99725276908069,-11.966018945235218],[36.1777663507938,-12.326689351210312],[36.35827993250692,-12.507024554197859],[36.44853672336347,-12.77752735867918],[36.62905030507658,-12.957862561666726],[36.62905030507658,-13.0480301631605],[37.170591050215904,-13.58903577212314],[37.170591050215904,-13.679203373616915],[37.35110463192902,-13.769370975110688],[37.89264537706835,-14.31037658407333],[37.71213179535524,-15.12188499751729],[37.80238858621179,-15.212052599011065],[38.25367254049456,-15.212052599011065],[38.61469970392079,-15.031717396023518],[38.88547007649045,-15.031717396023518],[38.97572686734701,-14.941549794529742],[39.156240449060114,-14.941549794529742],[39.24649723991667,-14.85138219303597],[39.87829477591256,-14.761214591542197],[40.23932193933877,-14.58087938855465],[40.23932193933877,-14.400544185567101],[38.61469970392079,-12.867694960172953],[38.434186122207684,-12.867694960172953],[38.25367254049456,-13.0480301631605],[38.25367254049456,-13.31853296764182],[38.16341574963801,-13.498868170629368],[38.073158958781455,-13.498868170629368],[37.44136142278558,-12.867694960172953],[37.44136142278558,-12.77752735867918],[36.9900774685028,-12.236521749716537],[36.62905030507658,-11.51518093776635],[36.62905030507658,-11.334845734778803],[36.44853672336347,-11.064342930297482],[36.44853672336347,-10.793840125816162],[36.26802314165035,-10.433169719841068],[36.26802314165035,-10.162666915359747],[36.1777663507938,-10.072499313865974],[36.1777663507938,-9.71182890789088],[36.087509559937246,-9.621661306397106],[36.087509559937246,-9.080655697434464],[35.99725276908069,-8.990488095940691],[35.99725276908069,-8.359314885484276],[35.90699597822414,-8.269147283990502],[35.90699597822414,-6.736298058596353],[35.81673918736758,-6.646130457102579],[35.81673918736758,-2.9492587958578653],[35.72648239651103,-2.768923592870318],[35.81673918736758,-2.6787559913765446],[35.81673918736758,-2.3180855854014504],[35.90699597822414,-2.227917983907677],[35.90699597822414,-1.867247577932583],[35.99725276908069,-1.7770799764388094],[35.99725276908069,-1.3262419689699418],[36.087509559937246,-1.2360743674761683],[36.087509559937246,-0.8754039615010741],[36.1777663507938,-0.7852363600073007],[36.1777663507938,-0.33439835253843303],[36.26802314165035,-0.24423075104465955],[36.26802314165035,0.20660725642420805],[36.35827993250692,0.2967748579179816],[36.35827993250692,0.6574452638930757],[36.44853672336347,0.7476128653868491],[36.44853672336347,1.1984508728557168],[36.538793514220025,1.2886184743494902],[36.538793514220025,1.6492888803245844],[36.62905030507658,1.739456481818358],[36.62905030507658,2.1902944892872256],[36.71930709593313,2.280462090780999],[36.71930709593313,2.7313000982498665],[36.80956388678969,2.82146769974364],[36.80956388678969,3.3624733087062815],[36.89982067764624,3.452640910200055],[36.89982067764624,3.9034789176689224],[36.9900774685028,3.9936465191626955],[36.9900774685028,4.6248197296191105],[37.080334259359354,4.7149873311128845],[37.080334259359354,5.346160541569298],[37.170591050215904,5.436328143063072],[37.170591050215904,6.338004158000808],[37.26084784107246,6.428171759494581],[37.26084784107246,7.96102098488873],[37.35110463192902,8.051188586382505],[37.89264537706835,6.879009766963448],[38.073158958781455,6.698674563975901],[38.16341574963801,6.428171759494581],[38.524442913064235,5.9773337520257135],[38.524442913064235,5.88716615053194],[38.7952132856339,5.616663346050619],[38.7952132856339,5.526495744556845],[39.788037985056,4.534652128125337],[39.87829477591256,4.534652128125337],[40.14906514848222,4.264149323644016],[40.419835521051894,4.173981722150243],[40.600349102765,3.9936465191626955],[40.961376266191216,3.8133113161751484],[41.412660220474,3.7231437146813753],[41.50291701133055,3.6329761131876017],[41.68343059304366,3.6329761131876017],[41.77368738390022,3.5428085116938286],[42.044457756469875,3.5428085116938286],[42.13471454732643,3.452640910200055],[42.67625529246577,3.452640910200055],[42.856768874178876,3.3624733087062815],[42.856768874178876,2.641132496756093],[42.947025665035426,2.5509648952623194],[43.12753924674854,2.5509648952623194],[43.30805282846165,2.641132496756093],[43.48856641017476,2.82146769974364],[43.939850364457534,3.001802902731187],[44.12036394617064,3.182138105718734],[45.02293185473619,3.6329761131876017],[45.11318864559275,3.7231437146813753],[45.11318864559275,3.9936465191626955],[44.75216148216653,4.173981722150243],[44.57164790045342,4.35431692513779],[43.75933678274443,4.7149873311128845],[43.57882320103131,4.895322534100432],[43.21779603760509,5.075657737087979],[43.03728245589198,5.075657737087979],[42.947025665035426,4.985490135594205],[42.947025665035426,4.173981722150243],[42.495741710752654,4.173981722150243],[42.405484919896104,4.264149323644016],[42.044457756469875,4.264149323644016],[41.954200965613325,4.35431692513779],[41.68343059304366,4.35431692513779],[40.419835521051894,4.985490135594205],[39.69778119419945,5.616663346050619],[39.69778119419945,5.706830947544393],[39.24649723991667,6.157668955013261],[39.065983658203564,6.518339360988354],[38.88547007649045,6.698674563975901],[38.88547007649045,6.788842165469675],[38.70495649477734,6.969177368457222],[37.26084784107246,9.854540616257975],[37.26084784107246,10.666049029701936],[37.170591050215904,10.75621663119571],[37.170591050215904,11.387389841652125],[37.080334259359354,11.477557443145898],[37.080334259359354,11.748060247627219],[37.35110463192902,11.748060247627219],[37.53161821364213,11.928395450614765],[37.53161821364213,12.108730653602313],[37.44136142278558,12.198898255096086],[37.080334259359354,12.198898255096086],[36.9900774685028,12.108730653602313],[36.9900774685028,12.379233458083634],[36.89982067764624,12.469401059577407],[36.89982067764624,12.830071465552502],[36.80956388678969,12.920239067046273],[36.80956388678969,13.190741871527596],[36.62905030507658,13.55141227750269],[36.62905030507658,13.731747480490236],[36.538793514220025,13.82191508198401],[36.538793514220025,14.002250284971558],[36.087509559937246,14.903926299909292],[35.90699597822414,15.084261502896839],[35.81673918736758,15.35476430737816],[35.27519844222825,16.076105119328346],[35.27519844222825,16.16627272082212],[35.00442806965859,16.436775525303442],[35.00442806965859,16.526943126797214],[34.73365769708892,16.797445931278535],[34.91417127880203,16.88761353277231],[35.09468486051514,16.88761353277231],[35.54596881479792,17.15811633725363],[35.72648239651103,17.15811633725363],[36.44853672336347,17.518786743228723],[36.62905030507658,17.69912194621627],[37.170591050215904,17.96962475069759],[37.35110463192902,18.14995995368514],[37.62187500449868,18.240127555178912],[37.80238858621179,18.420462758166458],[37.982902167924905,18.420462758166458],[38.25367254049456,18.14995995368514],[38.61469970392079,17.96962475069759],[38.61469970392079,17.789289547710045],[38.97572686734701,17.338451540241177],[38.97572686734701,17.067948735759856],[39.156240449060114,16.797445931278535],[39.156240449060114,16.16627272082212],[39.42701082162979,15.805602314847027],[39.42701082162979,15.535099510365708],[39.60752440334289,15.35476430737816],[39.87829477591256,15.35476430737816],[39.968551566769115,15.444931908871931],[39.968551566769115,15.264596705884387],[40.23932193933877,14.903926299909292],[40.510092311908444,14.903926299909292],[40.78086268447811,14.633423495427971],[41.05163305704777,14.633423495427971],[41.23214663876088,14.5432558939342],[41.50291701133055,14.182585487959104],[41.50291701133055,14.092417886465329],[41.77368738390022,13.82191508198401],[42.044457756469875,13.731747480490236],[42.315228129039546,13.461244676008915]],[[14.425879754364043,12.649736262564954],[14.786906917790265,12.920239067046273],[14.786906917790265,13.100574270033821],[14.696650126933708,13.190741871527596],[14.245366172650934,13.190741871527596],[14.155109381794379,13.371077074515142],[13.794082218368159,13.371077074515142],[13.794082218368159,13.82191508198401],[13.703825427511605,13.912082683477783],[13.342798264085383,13.912082683477783],[13.25254147322883,13.82191508198401],[13.25254147322883,13.55141227750269],[13.342798264085383,13.371077074515142],[13.523311845798494,13.190741871527596],[13.613568636655048,13.190741871527596],[13.613568636655048,13.100574270033821],[13.794082218368159,12.920239067046273],[13.794082218368159,12.649736262564954],[13.884339009224712,12.55956866107118],[14.155109381794379,12.55956866107118],[14.245366172650934,12.649736262564954],[14.425879754364043,12.649736262564954]],[[34.73365769708892,-13.679203373616915],[34.82391448794548,-13.58903577212314],[34.82391448794548,-12.867694960172953],[34.73365769708892,-12.77752735867918],[34.73365769708892,-12.236521749716537],[34.91417127880203,-12.05618654672899],[34.91417127880203,-11.425013336272576],[34.73365769708892,-11.334845734778803],[34.643400906232365,-11.154510531791257],[34.643400906232365,-10.613504922828614],[34.553144115375815,-10.523337321334841],[34.553144115375815,-10.25283451685352],[34.46288732451926,-10.162666915359747],[34.46288732451926,-9.9823317123722],[34.28237374280614,-9.71182890789088],[34.01160337023648,-9.71182890789088],[33.92134657937993,-9.801996509384653],[33.92134657937993,-10.072499313865974],[34.192116951949586,-10.433169719841068],[34.192116951949586,-10.884007727309934],[34.28237374280614,-11.064342930297482],[34.192116951949586,-11.154510531791257],[34.192116951949586,-11.334845734778803],[34.28237374280614,-11.425013336272576],[34.28237374280614,-11.695516140753897],[34.01160337023648,-12.05618654672899],[34.01160337023648,-12.326689351210312],[34.28237374280614,-12.867694960172953],[34.37263053366271,-13.498868170629368],[34.553144115375815,-13.679203373616915],[34.643400906232365,-13.679203373616915],[34.553144115375815,-13.769370975110688],[34.553144115375815,-14.130041381085782],[34.643400906232365,-14.220208982579555],[35.00442806965859,-14.220208982579555],[35.09468486051514,-14.130041381085782],[35.09468486051514,-13.859538576604463],[34.82391448794548,-13.679203373616915],[34.73365769708892,-13.679203373616915]]],[[[-6.69420930606983,29.78158054638192],[-6.784466096926385,29.69141294488815],[-8.228574750631266,29.69141294488815],[-8.048061168918156,29.871748147875696],[-7.957804378061601,30.142250952357017],[-7.777290796348491,30.322586155344563],[-7.687034005491935,30.593088959825884],[-7.506520423778826,30.77342416281343],[-7.41626363292227,31.04392696729475],[-7.05523646949605,31.494764974763623],[-6.964979678639495,31.765267779244937],[-6.874722887782942,31.675100177751165],[-6.874722887782942,30.863591764307202],[-6.784466096926385,30.77342416281343],[-6.784466096926385,30.142250952357017],[-6.69420930606983,30.052083350863246],[-6.69420930606983,29.78158054638192]]],[[[-4.437789534655955,30.142250952357017],[-4.52804632551251,30.052083350863246],[-4.88907348893873,30.052083350863246],[-4.979330279795285,29.961915749369474],[-5.340357443221505,29.961915749369474],[-5.43061423407806,29.871748147875696],[-5.79164139750428,29.871748147875696],[-5.881898188360835,29.78158054638192],[-5.97215497921739,29.871748147875696],[-5.97215497921739,30.412753756838335],[-6.062411770073945,30.502921358332113],[-6.062411770073945,31.134094568788527],[-6.1526685609305005,31.224262170282298],[-6.1526685609305005,32.937446598663996],[-5.881898188360835,33.298117004639096],[-5.881898188360835,33.38828460613286],[-5.79164139750428,33.38828460613286],[-5.79164139750428,33.207949403145314],[-5.06958707065184,31.85543538073872],[-5.06958707065184,31.675100177751165],[-4.257275952942846,30.142250952357017],[-4.437789534655955,30.142250952357017]]],[[[10.454580956675624,36.00314504945229],[10.544837747532178,35.82280984646475],[10.996121701814953,35.552307041983426],[10.996121701814953,35.28180423750211],[11.086378492671509,35.19163663600834],[10.905864910958398,35.01130143302078],[10.815608120101842,34.740798628539466],[10.544837747532178,34.47029582405815],[10.364324165819067,34.47029582405815],[10.093553793249402,34.2899606210706],[9.281242675540408,34.19979301957682],[9.190985884683853,34.10962541808305],[8.649445139544522,34.10962541808305],[8.468931557831413,34.01945781658928],[6.934566113269978,35.46213944048965],[6.663795740700312,35.46213944048965],[6.5735389498437575,35.37197183899588],[6.5735389498437575,35.10146903451456],[6.3930253681306475,34.740798628539466],[6.3930253681306475,34.560463425551916],[6.302768577274092,34.47029582405815],[6.302768577274092,34.19979301957682],[6.212511786417537,34.10962541808305],[6.212511786417537,33.929290215095506],[6.122254995560982,34.01945781658928],[5.851484622991317,34.01945781658928],[5.761227832134763,34.10962541808305],[5.490457459565096,34.10962541808305],[5.129430296138877,34.2899606210706],[4.948916714425767,34.2899606210706],[4.858659923569212,34.38012822256437],[4.4976327601429915,34.38012822256437],[4.407375969286437,34.47029582405815],[4.046348805860217,34.47029582405815],[3.9560920150036614,34.38012822256437],[3.6853216424339967,34.38012822256437],[3.3242944790077766,34.19979301957682],[1.6996722435897864,32.48660859119513],[1.4289018710201211,32.396440989701354],[1.2483882893070115,32.216105786713804],[-0.3762339461109791,31.404597373269848],[-0.5567475278240891,31.404597373269848],[-1.0080314821068646,31.134094568788527],[-1.4593154363896392,31.04392696729475],[-1.7300858089593043,30.863591764307202],[-2.1813697632420794,30.77342416281343],[-2.2716265540986345,30.68325656131966],[-2.452140135811744,30.68325656131966],[-2.5423969266682995,30.593088959825884],[-2.7229105083814096,30.593088959825884],[-2.8131672992379646,30.502921358332113],[-3.0839376718076297,30.502921358332113],[-3.1741944626641847,30.412753756838335],[-3.3547080443772948,30.412753756838335],[-3.4449648352338493,30.322586155344563],[-3.6254784169469594,30.412753756838335],[-3.80599199866007,30.77342416281343],[-3.80599199866007,30.95375936580098],[-4.798816698082175,32.84727899717023],[-4.798816698082175,33.02761420015777],[-5.340357443221505,34.10962541808305],[-5.340357443221505,34.2899606210706],[-4.708559907225619,35.01130143302078],[-4.708559907225619,35.10146903451456],[-4.437789534655955,35.10146903451456],[-4.347532743799399,35.19163663600834],[-3.2644512535207393,35.19163663600834],[-3.0839376718076297,35.37197183899588],[-2.9936808809510747,35.37197183899588],[-2.9936808809510747,35.28180423750211],[-2.8131672992379646,35.10146903451456],[-2.3618833449551895,35.10146903451456],[-2.2716265540986345,35.01130143302078],[-2.0008561815289694,35.01130143302078],[-1.4593154363896392,35.28180423750211],[-1.1885450638199742,35.64247464347721],[-1.0080314821068646,35.732642244970975],[-0.6470043186806441,35.732642244970975],[-0.5567475278240891,35.82280984646475],[-0.015206782684759,35.82280984646475],[0.07505000817179601,35.912977447958525],[0.07505000817179601,36.093312650946075],[0.43607717159801607,36.27364785393362],[0.6165907533111261,36.27364785393362],[0.8873611258807912,36.45398305692116],[1.6094154527332312,36.45398305692116],[1.6996722435897864,36.544150658414935],[2.421726570442227,36.544150658414935],[2.9632673155815565,36.81465346289626],[3.0535241064381116,36.724485861402485],[3.4145512698643317,36.724485861402485],[3.6853216424339967,36.90482106439003],[3.7755784332905518,36.81465346289626],[4.136605596716772,36.81465346289626],[4.226862387573327,36.90482106439003],[4.3171191784298815,36.81465346289626],[4.948916714425767,36.81465346289626],[5.129430296138877,36.63431825990871],[5.400200668708543,36.63431825990871],[5.580714250421652,36.81465346289626],[6.031998204704427,36.81465346289626],[6.3930253681306475,37.08515626737758],[6.663795740700312,36.90482106439003],[7.115079694983087,36.90482106439003],[7.205336485839642,36.9949886658838],[7.566363649265863,36.9949886658838],[7.837134021835528,36.81465346289626],[8.017647603548637,36.81465346289626],[8.107904394405193,36.90482106439003],[8.649445139544522,36.90482106439003],[8.73970193040108,36.9949886658838],[8.920215512114186,36.9949886658838],[9.281242675540408,37.26549147036513],[9.732526629823186,37.26549147036513],[9.822783420679738,37.17532386887135],[10.183810584105958,37.17532386887135],[10.183810584105958,36.81465346289626],[10.274067374962513,36.724485861402485],[10.454580956675624,36.724485861402485],[10.635094538388733,36.81465346289626],[10.815608120101842,36.9949886658838],[10.996121701814953,36.9949886658838],[11.086378492671509,36.90482106439003],[11.086378492671509,36.81465346289626],[10.815608120101842,36.544150658414935],[10.815608120101842,36.45398305692116],[10.635094538388733,36.45398305692116],[10.454580956675624,36.27364785393362],[10.454580956675624,36.00314504945229]]],[[[33.92134657937993,35.37197183899588],[34.192116951949586,35.552307041983426],[34.37263053366271,35.552307041983426],[34.46288732451926,35.64247464347721],[34.46288732451926,35.552307041983426],[34.192116951949586,35.46213944048965],[34.01160337023648,35.28180423750211],[33.56031941595371,35.28180423750211],[33.650576206810264,35.37197183899588],[33.92134657937993,35.37197183899588]]],[[[-3.4449648352338493,40.4213575226472],[-3.3547080443772948,40.331189921153424],[-3.3547080443772948,40.150854718165874],[-3.2644512535207393,40.060687116672106],[-3.2644512535207393,39.79018431219078],[-3.1741944626641847,39.70001671069701],[-3.1741944626641847,39.339346304721914],[-3.0839376718076297,39.24917870322814],[-3.0839376718076297,38.708173094265504],[-3.3547080443772948,38.347502688290405],[-3.3547080443772948,38.25733508679664],[-3.535221626090405,38.07699988380909],[-3.535221626090405,37.98683228231532],[-3.715735207803515,37.80649707932776],[-3.715735207803515,37.716329477833995],[-3.896248789516625,37.53599427484645],[-3.896248789516625,37.44582667335267],[-4.0767623712297345,37.26549147036513],[-4.0767623712297345,37.17532386887135],[-4.257275952942846,36.9949886658838],[-4.257275952942846,36.90482106439003],[-4.708559907225619,36.45398305692116],[-5.159843861508395,36.45398305692116],[-5.43061423407806,36.18348025243984],[-5.520871024934615,36.00314504945229],[-5.520871024934615,35.82280984646475],[-5.250100652364951,35.552307041983426],[-5.701384606647725,35.01130143302078],[-5.701384606647725,34.921133831527015],[-6.062411770073945,34.560463425551916],[-6.062411770073945,34.47029582405815],[-6.603952515213275,33.929290215095506],[-6.874722887782942,33.38828460613286],[-6.874722887782942,33.207949403145314],[-6.964979678639495,33.02761420015777],[-7.145493260352605,32.84727899717023],[-7.23575005120916,32.576776192688904],[-7.59677721463538,32.125938185220036],[-7.59677721463538,32.03577058372626],[-7.777290796348491,31.85543538073872],[-8.048061168918156,31.31442977177607],[-8.228574750631266,31.134094568788527],[-8.318831541487823,30.863591764307202],[-8.49934512320093,30.68325656131966],[-8.589601914057486,30.412753756838335],[-8.770115495770595,30.23241855385079],[-9.040885868340261,29.69141294488815],[-9.22139945005337,29.78158054638192],[-9.94345377690581,29.78158054638192],[-9.7629401951927,30.052083350863246],[-9.7629401951927,30.502921358332113],[-9.94345377690581,30.68325656131966],[-9.853196986049257,30.77342416281343],[-9.853196986049257,30.95375936580098],[-9.94345377690581,31.04392696729475],[-9.853196986049257,31.134094568788527],[-9.853196986049257,31.494764974763623],[-9.492169822623035,31.94560298223249],[-9.311656240909928,32.30627338820758],[-9.311656240909928,32.48660859119513],[-9.131142659196817,32.66694379418267],[-9.131142659196817,32.757111395676446],[-9.040885868340261,32.757111395676446],[-8.679858704914041,33.11778180165154],[-8.679858704914041,33.207949403145314],[-8.318831541487823,33.38828460613286],[-8.13831795977471,33.38828460613286],[-7.8675475872050455,33.56861980912041],[-7.59677721463538,33.56861980912041],[-7.41626363292227,33.74895501210796],[-7.23575005120916,33.74895501210796],[-7.05523646949605,33.83912261360173],[-6.603952515213275,34.38012822256437],[-6.062411770073945,35.46213944048965],[-6.062411770073945,35.64247464347721],[-5.79164139750428,35.82280984646475],[-5.79164139750428,36.00314504945229],[-5.881898188360835,36.093312650946075],[-6.1526685609305005,36.18348025243984],[-6.33318214264361,36.36381545542739],[-6.423438933500165,36.544150658414935],[-6.423438933500165,36.81465346289626],[-6.784466096926385,36.9949886658838],[-6.964979678639495,37.17532386887135],[-7.506520423778826,37.17532386887135],[-7.777290796348491,36.9949886658838],[-8.13831795977471,36.9949886658838],[-8.228574750631266,37.08515626737758],[-8.86037228662715,37.08515626737758],[-9.040885868340261,36.9949886658838],[-8.950629077483706,37.17532386887135],[-8.950629077483706,37.355659071858895],[-8.86037228662715,37.44582667335267],[-8.86037228662715,38.25733508679664],[-9.040885868340261,38.43767028978418],[-9.22139945005337,38.43767028978418],[-9.401913031766481,38.708173094265504],[-9.58242661347959,38.708173094265504],[-9.492169822623035,38.79834069575927],[-9.492169822623035,39.24917870322814],[-9.22139945005337,39.42951390621569],[-9.131142659196817,39.60984910920324],[-9.131142659196817,39.79018431219078],[-8.86037228662715,40.331189921153424],[-8.86037228662715,40.60169272563474],[-8.770115495770595,40.691860327128516],[-8.770115495770595,41.23286593609116],[-8.950629077483706,41.59353634206625],[-8.950629077483706,41.864039146547576],[-8.679858704914041,41.864039146547576],[-8.589601914057486,41.95420674804135],[-8.048061168918156,41.95420674804135],[-7.957804378061601,42.04437434953512],[-7.23575005120916,42.04437434953512],[-7.145493260352605,42.13454195102889],[-5.250100652364951,42.13454195102889],[-5.159843861508395,42.04437434953512],[-4.798816698082175,42.04437434953512],[-4.708559907225619,41.95420674804135],[-4.52804632551251,41.95420674804135],[-4.16701916208629,41.7738715450538],[-3.896248789516625,41.50336874057248],[-3.896248789516625,41.41320113907871],[-3.715735207803515,41.23286593609116],[-3.535221626090405,40.872195530116066],[-3.4449648352338493,40.4213575226472]]],[[[-3.1741944626641847,37.17532386887135],[-3.1741944626641847,37.26549147036513],[-2.9034240900945196,37.62616187634022],[-2.9034240900945196,36.90482106439003],[-2.8131672992379646,36.724485861402485],[-3.535221626090405,36.724485861402485],[-3.3547080443772948,36.90482106439003],[-3.3547080443772948,36.9949886658838],[-3.1741944626641847,37.17532386887135]]],[[[25.076181075437535,39.97051951517833],[25.437208238863754,39.97051951517833],[25.256694657150646,39.79018431219078],[25.076181075437535,39.79018431219078],[25.076181075437535,39.97051951517833]]],[[[13.523311845798494,54.577670957169644],[13.613568636655048,54.48750335567587],[13.613568636655048,54.217000551194545],[13.703825427511605,54.12683294970078],[14.064852590937823,53.94649774671323],[14.606393336077153,53.94649774671323],[14.696650126933708,54.036665348207],[14.967420499503374,54.036665348207],[15.057677290359928,54.12683294970078],[15.508961244642704,54.12683294970078],[15.599218035499257,54.217000551194545],[16.050501989782035,54.217000551194545],[16.411529153208253,54.48750335567587],[16.86281310749103,54.577670957169644],[16.953069898347582,54.66783855866341],[17.314097061773804,54.66783855866341],[17.404353852630358,54.75800616015719],[17.855637806913133,54.75800616015719],[17.945894597769687,54.84817376165096],[18.036151388626244,54.75800616015719],[18.216664970339355,54.75800616015719],[18.30692176119591,54.84817376165096],[18.48743534290902,54.75800616015719],[18.48743534290902,54.48750335567587],[18.758205715478685,54.30716815268832],[19.299746460618014,54.30716815268832],[19.570516833187682,54.48750335567587],[19.75103041490079,54.48750335567587],[20.021800787470454,54.93834136314473],[20.47308474175323,54.93834136314473],[20.65359832346634,55.02850896463851],[21.01462548689256,55.3891793706136],[21.104882277749116,55.569514573601154],[21.104882277749116,55.7498497765887],[21.01462548689256,55.84001737808247],[21.01462548689256,56.831860994513974],[21.37565265031878,57.012196197501524],[21.37565265031878,57.192531400489074],[21.465909441175334,57.372866603476616],[21.646423022888445,57.55320180646417],[21.91719339545811,57.55320180646417],[22.007450186314664,57.64336940795795],[22.63924772231055,57.64336940795795],[23.090531676593326,57.28269900198284],[23.180788467449883,57.28269900198284],[23.180788467449883,57.192531400489074],[23.36130204916299,57.012196197501524],[23.541815630876098,56.922028596007756],[23.812586003445766,56.922028596007756],[24.354126748585095,57.192531400489074],[24.354126748585095,57.55320180646417],[24.26386995772854,57.64336940795795],[24.26386995772854,57.913872212439266],[24.354126748585095,58.00403981393303],[24.354126748585095,58.18437501692058],[24.26386995772854,58.27454261841435],[23.90284279430232,58.27454261841435],[23.812586003445766,58.364710219908126],[23.632072421732655,58.364710219908126],[23.632072421732655,58.54504542289568],[23.451558840019544,58.815548227377],[23.451558840019544,59.176218633352086],[23.812586003445766,59.176218633352086],[24.08335637601543,59.356553836339636],[24.44438353944165,59.356553836339636],[24.534640330298203,59.44672143783342],[24.985924284580978,59.44672143783342],[25.076181075437535,59.53688903932719],[25.3469514480072,59.53688903932719],[25.437208238863754,59.62705664082096],[25.88849219314653,59.62705664082096],[25.978748984003083,59.53688903932719],[26.700803310855527,59.53688903932719],[28.23516875541696,56.47119058853889],[28.23516875541696,56.29085538555134],[28.9572230822694,54.84817376165096],[28.9572230822694,54.66783855866341],[29.22799345483907,54.217000551194545],[29.22799345483907,54.036665348207],[29.408507036552177,53.76616254372568],[29.408507036552177,53.585827340738135],[29.589020618265288,53.31532453625681],[29.589020618265288,53.13498933326927],[29.769534199978395,52.86448652878794],[29.769534199978395,52.6841513258004],[29.950047781691502,52.413648521319075],[30.04030457254806,51.96281051385021],[30.22081815426117,51.69230770936889],[30.311074945117728,51.24146970190002],[30.401331735974278,51.15130210040625],[30.401331735974278,50.88079929592493],[30.581845317687392,50.610296491443606],[30.672102108543946,50.15945848397474],[30.762358899400503,50.06929088248096],[30.762358899400503,49.88895567949342],[30.852615690257053,49.798788077999646],[30.852615690257053,49.52828527351832],[30.94287248111361,49.43811767202455],[30.94287248111361,49.257782469037004],[31.033129271970168,49.16761486754323],[31.12338606282672,48.53644165708682],[31.21364285368328,48.446274055593044],[31.21364285368328,48.17577125111172],[31.30389964453983,48.08560364961795],[31.30389964453983,47.72493324364285],[31.394156435396386,47.63476564214908],[31.394156435396386,47.09376003318644],[31.484413226252943,47.00359243169267],[31.484413226252943,46.642922025717574],[31.033129271970168,46.642922025717574],[30.491588526830835,46.01174881526116],[29.769534199978395,45.651078409286065],[29.769534199978395,45.290408003310965],[29.679277409121845,45.2002404018172],[29.679277409121845,45.01990519882965],[29.589020618265288,44.8395699958421],[28.9572230822694,44.74940239434833],[28.776709500556294,44.56906719136078],[28.776709500556294,44.38873198837323],[28.596195918843183,44.29856438687946],[28.596195918843183,43.487055973435496],[28.505939127986625,43.39688837194173],[28.14491196456041,43.39688837194173],[27.874141591990742,43.1263855674604],[27.874141591990742,42.76571516148531],[27.783884801134185,42.76571516148531],[27.603371219421078,42.58537995849776],[27.603371219421078,42.40504475551022],[27.783884801134185,42.31487715401644],[27.783884801134185,42.224709552522675],[27.964398382847296,42.04437434953512],[27.964398382847296,41.864039146547576],[27.603371219421078,42.04437434953512],[27.422857637707967,42.224709552522675],[27.33260084685141,42.224709552522675],[27.152087265138302,42.40504475551022],[27.061830474281745,42.40504475551022],[26.881316892568634,42.58537995849776],[26.79106010171208,42.58537995849776],[26.610546519998973,42.76571516148531],[26.520289729142416,42.76571516148531],[26.339776147429305,42.94605036447285],[26.24951935657275,42.94605036447285],[25.978748984003083,43.21655316895418],[25.617721820576868,43.93789398090436],[25.437208238863754,44.11822918389191],[24.534640330298203,45.92158121376738],[24.44438353944165,46.37241922123625],[24.26386995772854,46.642922025717574],[24.26386995772854,46.91342483019889],[24.08335637601543,47.274095236173984],[23.993099585158873,47.9052684466304],[23.90284279430232,47.995436048124176],[23.90284279430232,48.35610645409927],[23.812586003445766,48.446274055593044],[23.812586003445766,48.89711206306191],[23.722329212589212,48.987279664555686],[23.722329212589212,49.88895567949342],[23.632072421732655,49.97912328098719],[23.632072421732655,50.790631694431156],[23.722329212589212,50.88079929592493],[23.722329212589212,51.782475310862665],[23.812586003445766,51.87264291235643],[23.812586003445766,52.413648521319075],[23.90284279430232,52.50381612281285],[23.90284279430232,52.774318927294175],[24.80541070286787,52.593983724306625],[24.895667493724424,52.6841513258004],[24.895667493724424,52.86448652878794],[24.715153912011317,53.22515693476304],[24.715153912011317,53.405492137750585],[24.624897121154763,53.49565973924436],[24.624897121154763,53.67599494223191],[24.534640330298203,53.76616254372568],[24.534640330298203,53.94649774671323],[24.44438353944165,54.036665348207],[24.44438353944165,54.217000551194545],[24.354126748585095,54.30716815268832],[24.354126748585095,54.48750335567587],[24.26386995772854,54.577670957169644],[24.26386995772854,54.75800616015719],[24.08335637601543,54.93834136314473],[23.90284279430232,54.93834136314473],[22.368477349740886,53.405492137750585],[22.368477349740886,53.22515693476304],[22.63924772231055,53.044821731775485],[22.910018094880215,53.044821731775485],[23.00027488573677,52.95465413028172],[23.180788467449883,52.95465413028172],[23.180788467449883,52.6841513258004],[23.090531676593326,52.593983724306625],[23.090531676593326,52.23331331833153],[23.00027488573677,52.14314571683776],[23.00027488573677,51.51197250638134],[22.910018094880215,51.421804904887566],[22.910018094880215,49.34795007053078],[23.00027488573677,49.257782469037004],[23.00027488573677,48.62660925858059],[23.090531676593326,48.53644165708682],[23.180788467449883,47.72493324364285],[23.271045258306437,47.63476564214908],[23.36130204916299,47.00359243169267],[23.541815630876098,46.642922025717574],[23.541815630876098,46.462586822730024],[23.632072421732655,46.37241922123625],[23.632072421732655,46.19208401824871],[23.993099585158873,45.470743206298515],[23.993099585158873,45.290408003310965],[24.534640330298203,44.29856438687946],[24.44438353944165,44.29856438687946],[24.173613166871988,44.56906719136078],[24.08335637601543,44.56906719136078],[22.81976130402366,45.651078409286065],[22.729504513167107,45.651078409286065],[22.45873414059744,45.92158121376738],[22.368477349740886,45.92158121376738],[21.646423022888445,46.5527544242238],[21.285395859462223,46.73308962721134],[21.104882277749116,46.91342483019889],[21.01462548689256,46.91342483019889],[20.743855114322894,47.18392763468021],[20.382827950896676,47.36426283766776],[20.202314369183565,47.54459804065531],[19.9315439966139,47.63476564214908],[19.480260042331125,47.995436048124176],[19.02897608804835,48.17577125111172],[18.84846250633524,48.35610645409927],[18.216664970339355,48.62660925858059],[18.036151388626244,48.806944461568136],[16.592042734921367,49.52828527351832],[16.411529153208253,49.52828527351832],[16.140758780638595,49.70862047650587],[15.689474826355815,49.798788077999646],[15.599218035499257,49.88895567949342],[15.418704453786148,49.88895567949342],[15.328447662929594,49.97912328098719],[15.147934081216482,49.97912328098719],[15.057677290359928,50.06929088248096],[14.877163708646819,50.06929088248096],[14.786906917790265,50.15945848397474],[14.606393336077153,50.15945848397474],[14.516136545220599,50.24962608546851],[14.33562296350749,50.24962608546851],[14.245366172650934,50.33979368696229],[14.064852590937823,50.33979368696229],[13.974595800081271,50.42996128845606],[13.794082218368159,50.42996128845606],[13.703825427511605,50.52012888994983],[13.523311845798494,50.52012888994983],[13.433055054941939,50.610296491443606],[13.25254147322883,50.610296491443606],[13.162284682372272,50.70046409293737],[12.981771100659167,50.70046409293737],[12.891514309802607,50.790631694431156],[12.7110007280895,50.790631694431156],[12.620743937232943,50.88079929592493],[12.440230355519834,50.88079929592493],[12.349973564663278,50.9709668974187],[12.079203192093614,50.9709668974187],[11.718176028667395,51.15130210040625],[11.537662446954283,51.15130210040625],[11.447405656097729,51.24146970190002],[11.266892074384618,51.24146970190002],[11.176635283528062,51.3316373033938],[10.996121701814953,51.3316373033938],[10.905864910958398,51.421804904887566],[10.72535132924529,51.421804904887566],[10.635094538388733,51.51197250638134],[10.454580956675624,51.51197250638134],[10.364324165819067,51.602140107875115],[10.183810584105958,51.602140107875115],[10.093553793249402,51.69230770936889],[10.274067374962513,51.87264291235643],[10.544837747532178,52.413648521319075],[10.544837747532178,52.593983724306625],[10.454580956675624,52.6841513258004],[9.822783420679738,52.6841513258004],[9.732526629823186,52.593983724306625],[8.559188348687968,52.593983724306625],[8.468931557831413,52.50381612281285],[8.198161185261748,52.50381612281285],[8.107904394405193,52.413648521319075],[8.107904394405193,52.14314571683776],[8.288417976118303,51.96281051385021],[8.468931557831413,51.51197250638134],[8.649445139544522,51.3316373033938],[8.73970193040108,51.06113449891247],[8.920215512114186,50.88079929592493],[9.190985884683853,50.33979368696229],[9.371499466396962,50.33979368696229],[9.552013048110073,50.52012888994983],[9.732526629823186,50.9709668974187],[9.913040211536293,50.9709668974187],[10.274067374962513,50.790631694431156],[10.454580956675624,50.790631694431156],[10.544837747532178,50.70046409293737],[10.72535132924529,50.70046409293737],[10.815608120101842,50.610296491443606],[10.996121701814953,50.610296491443606],[11.086378492671509,50.52012888994983],[11.266892074384618,50.52012888994983],[11.357148865241173,50.42996128845606],[11.537662446954283,50.42996128845606],[11.627919237810838,50.33979368696229],[11.808432819523949,50.33979368696229],[11.898689610380503,50.24962608546851],[12.079203192093614,50.24962608546851],[12.169459982950167,50.15945848397474],[12.349973564663278,50.15945848397474],[12.440230355519834,50.06929088248096],[12.620743937232943,50.06929088248096],[12.7110007280895,49.97912328098719],[12.891514309802607,49.97912328098719],[12.981771100659167,49.88895567949342],[13.162284682372272,49.88895567949342],[13.25254147322883,49.798788077999646],[13.433055054941939,49.798788077999646],[13.523311845798494,49.70862047650587],[13.703825427511605,49.70862047650587],[13.794082218368159,49.618452875012096],[13.974595800081271,49.618452875012096],[14.064852590937823,49.52828527351832],[14.33562296350749,49.52828527351832],[14.696650126933708,49.34795007053078],[14.877163708646819,49.34795007053078],[14.967420499503374,49.257782469037004],[15.147934081216482,49.257782469037004],[15.23819087207304,49.16761486754323],[15.418704453786148,49.16761486754323],[15.508961244642704,49.077447266049454],[15.689474826355815,49.077447266049454],[15.77973161721237,48.987279664555686],[15.96024519892548,48.987279664555686],[18.30692176119591,47.81510084513663],[18.48743534290902,47.63476564214908],[19.390003251474567,47.18392763468021],[20.382827950896676,46.462586822730024],[20.47308474175323,46.462586822730024],[20.65359832346634,46.282251619742475],[20.743855114322894,46.282251619742475],[20.924368696036005,46.10191641675493],[21.01462548689256,46.10191641675493],[22.007450186314664,45.290408003310965],[22.09770697717122,45.290408003310965],[23.36130204916299,44.20839678538569],[23.451558840019544,44.20839678538569],[23.812586003445766,43.847726379410595],[23.90284279430232,43.847726379410595],[24.173613166871988,43.57722357492927],[24.26386995772854,43.57722357492927],[24.624897121154763,43.21655316895418],[24.715153912011317,43.21655316895418],[24.985924284580978,42.94605036447285],[25.076181075437535,42.94605036447285],[25.3469514480072,42.675547559991536],[25.437208238863754,42.675547559991536],[25.88849219314653,42.13454195102889],[26.159262565716197,42.13454195102889],[26.339776147429305,42.04437434953512],[27.061830474281745,41.50336874057248],[27.783884801134185,41.142698334597384],[27.964398382847296,40.96236313160984],[27.51311442856452,40.96236313160984],[27.422857637707967,40.872195530116066],[27.422857637707967,40.78202792862229],[27.242344055994856,40.60169272563474],[27.242344055994856,40.4213575226472],[27.33260084685141,40.331189921153424],[27.603371219421078,40.331189921153424],[27.783884801134185,40.511525124140974],[27.874141591990742,40.511525124140974],[28.05465517370385,40.331189921153424],[28.866966291412844,40.331189921153424],[29.04747987312596,40.4213575226472],[30.581845317687392,39.60984910920324],[31.033129271970168,39.519681507709464],[31.30389964453983,39.339346304721914],[31.755183598822605,39.24917870322814],[31.845440389679162,39.15901110173437],[32.116210762248826,39.15901110173437],[32.47723792567505,38.97867589874682],[32.657751507388156,38.97867589874682],[32.74800829824471,38.88850829725305],[33.01877867081438,38.88850829725305],[33.199292252527485,38.79834069575927],[33.199292252527485,38.708173094265504],[33.3798058342406,38.527837891277954],[33.56031941595371,38.527837891277954],[33.650576206810264,38.61800549277173],[33.92134657937993,38.61800549277173],[34.01160337023648,38.527837891277954],[34.28237374280614,38.527837891277954],[34.37263053366271,38.43767028978418],[34.643400906232365,38.43767028978418],[34.73365769708892,38.347502688290405],[34.91417127880203,38.347502688290405],[35.00442806965859,38.25733508679664],[35.636225605654474,38.16716748530286],[35.72648239651103,38.07699988380909],[35.99725276908069,38.07699988380909],[36.087509559937246,37.98683228231532],[36.35827993250692,37.98683228231532],[36.44853672336347,37.89666468082154],[36.71930709593313,37.89666468082154],[36.80956388678969,37.80649707932776],[37.080334259359354,37.80649707932776],[37.170591050215904,37.716329477833995],[37.44136142278558,37.716329477833995],[37.53161821364213,37.62616187634022],[37.80238858621179,37.62616187634022],[37.89264537706835,37.53599427484645],[37.89264537706835,37.08515626737758],[37.80238858621179,36.9949886658838],[37.80238858621179,36.544150658414935],[37.71213179535524,36.45398305692116],[37.71213179535524,36.00314504945229],[37.62187500449868,35.912977447958525],[37.62187500449868,35.552307041983426],[37.53161821364213,35.37197183899588],[35.81673918736758,35.37197183899588],[35.81673918736758,35.82280984646475],[35.90699597822414,35.912977447958525],[35.90699597822414,36.093312650946075],[35.81673918736758,36.18348025243984],[35.81673918736758,36.544150658414935],[35.72648239651103,36.63431825990871],[35.54596881479792,36.63431825990871],[35.36545523308481,36.544150658414935],[35.00442806965859,36.724485861402485],[34.553144115375815,36.724485861402485],[34.192116951949586,36.45398305692116],[34.101860161093036,36.45398305692116],[34.01160337023648,36.27364785393362],[33.56031941595371,36.18348025243984],[33.47006262509716,36.093312650946075],[32.92852187995782,36.093312650946075],[32.74800829824471,36.00314504945229],[32.657751507388156,36.093312650946075],[32.3869811348185,36.093312650946075],[32.116210762248826,36.45398305692116],[31.574670017109497,36.63431825990871],[31.394156435396386,36.81465346289626],[30.672102108543946,36.81465346289626],[30.581845317687392,36.724485861402485],[30.581845317687392,36.544150658414935],[30.401331735974278,36.36381545542739],[30.401331735974278,36.18348025243984],[29.769534199978395,36.18348025243984],[29.679277409121845,36.093312650946075],[29.31825024569562,36.27364785393362],[29.137736663982512,36.27364785393362],[29.137736663982512,36.544150658414935],[29.04747987312596,36.63431825990871],[28.776709500556294,36.63431825990871],[28.686452709699736,36.724485861402485],[28.23516875541696,36.724485861402485],[28.14491196456041,36.63431825990871],[28.14491196456041,36.18348025243984],[28.05465517370385,36.00314504945229],[27.783884801134185,35.912977447958525],[27.69362801027763,36.093312650946075],[27.783884801134185,36.27364785393362],[27.964398382847296,36.27364785393362],[28.05465517370385,36.36381545542739],[28.05465517370385,36.63431825990871],[27.964398382847296,36.724485861402485],[27.69362801027763,36.724485861402485],[27.51311442856452,36.63431825990871],[27.422857637707967,36.81465346289626],[27.152087265138302,36.81465346289626],[26.97157368342519,36.724485861402485],[27.242344055994856,36.90482106439003],[27.242344055994856,37.26549147036513],[27.061830474281745,37.62616187634022],[26.881316892568634,37.62616187634022],[26.79106010171208,37.716329477833995],[26.97157368342519,37.80649707932776],[26.97157368342519,37.98683228231532],[26.881316892568634,38.07699988380909],[26.610546519998973,38.07699988380909],[26.520289729142416,38.16716748530286],[25.978748984003083,38.16716748530286],[25.88849219314653,38.25733508679664],[25.88849219314653,38.527837891277954],[26.339776147429305,38.527837891277954],[26.43003293828586,38.61800549277173],[26.700803310855527,38.61800549277173],[26.79106010171208,38.708173094265504],[26.79106010171208,38.88850829725305],[26.700803310855527,38.97867589874682],[26.24951935657275,38.97867589874682],[25.88849219314653,39.15901110173437],[25.88849219314653,39.24917870322814],[26.06900577485964,39.339346304721914],[26.06900577485964,39.519681507709464],[26.159262565716197,39.60984910920324],[26.159262565716197,39.97051951517833],[26.06900577485964,40.060687116672106],[25.798235402289976,40.060687116672106],[25.798235402289976,40.150854718165874],[25.88849219314653,40.24102231965965],[26.159262565716197,40.24102231965965],[26.24951935657275,40.331189921153424],[26.24951935657275,40.511525124140974],[26.06900577485964,40.60169272563474],[25.978748984003083,40.78202792862229],[25.798235402289976,40.78202792862229],[25.707978611433422,40.872195530116066],[25.3469514480072,40.872195530116066],[25.256694657150646,40.96236313160984],[24.985924284580978,40.96236313160984],[24.715153912011317,40.78202792862229],[24.715153912011317,40.60169272563474],[24.534640330298203,40.60169272563474],[24.44438353944165,40.78202792862229],[24.173613166871988,40.78202792862229],[24.08335637601543,40.691860327128516],[23.90284279430232,40.691860327128516],[23.812586003445766,40.60169272563474],[23.812586003445766,40.4213575226472],[23.90284279430232,40.331189921153424],[24.173613166871988,40.331189921153424],[24.26386995772854,40.150854718165874],[24.173613166871988,40.24102231965965],[23.993099585158873,40.24102231965965],[23.90284279430232,40.060687116672106],[23.632072421732655,40.060687116672106],[23.541815630876098,39.97051951517833],[23.36130204916299,39.97051951517833],[23.180788467449883,40.24102231965965],[22.910018094880215,40.331189921153424],[22.81976130402366,40.511525124140974],[22.63924772231055,40.511525124140974],[22.548990931453996,40.4213575226472],[22.548990931453996,39.97051951517833],[22.81976130402366,39.79018431219078],[22.81976130402366,39.60984910920324],[22.910018094880215,39.519681507709464],[23.271045258306437,39.339346304721914],[23.271045258306437,39.24917870322814],[22.63924772231055,39.15901110173437],[22.548990931453996,39.0688435002406],[22.007450186314664,39.0688435002406],[21.91719339545811,38.97867589874682],[21.465909441175334,38.97867589874682],[21.37565265031878,38.88850829725305],[20.83411190517945,38.88850829725305],[20.743855114322894,38.79834069575927],[20.743855114322894,38.88850829725305],[20.382827950896676,39.24917870322814],[20.29257116004012,39.24917870322814],[20.11205757832701,39.42951390621569],[19.9315439966139,39.42951390621569],[19.75103041490079,39.519681507709464],[19.660773624044236,39.70001671069701],[19.841287205757343,39.79018431219078],[19.841287205757343,39.97051951517833],[19.660773624044236,40.150854718165874],[19.480260042331125,40.150854718165874],[19.390003251474567,40.24102231965965],[19.390003251474567,40.78202792862229],[19.480260042331125,40.872195530116066],[19.480260042331125,41.052530733103616],[19.390003251474567,41.142698334597384],[19.390003251474567,41.41320113907871],[19.480260042331125,41.50336874057248],[19.480260042331125,41.7738715450538],[19.390003251474567,41.864039146547576],[19.20948966976146,41.864039146547576],[18.758205715478685,42.31487715401644],[18.577692133765577,42.40504475551022],[18.397178552052463,42.40504475551022],[18.216664970339355,42.58537995849776],[17.855637806913133,42.76571516148531],[17.584867434343472,42.76571516148531],[17.314097061773804,42.94605036447285],[16.86281310749103,42.855882762979085],[16.68229952577792,42.94605036447285],[16.592042734921367,43.1263855674604],[16.3212723623517,43.1263855674604],[16.3212723623517,43.39688837194173],[16.231015571495146,43.487055973435496],[16.050501989782035,43.487055973435496],[15.869988408068924,43.57722357492927],[15.328447662929594,44.02806158239814],[14.967420499503374,44.02806158239814],[14.877163708646819,44.11822918389191],[14.967420499503374,44.20839678538569],[14.967420499503374,44.38873198837323],[14.786906917790265,44.56906719136078],[14.877163708646819,44.74940239434833],[14.877163708646819,44.92973759733587],[14.786906917790265,45.01990519882965],[14.516136545220599,45.01990519882965],[14.33562296350749,44.74940239434833],[14.245366172650934,44.92973759733587],[13.794082218368159,44.8395699958421],[13.523311845798494,45.2002404018172],[13.523311845798494,45.56091080779229],[13.25254147322883,45.74124601077984],[13.072027891515718,45.74124601077984],[12.891514309802607,45.651078409286065],[12.7110007280895,45.470743206298515],[12.349973564663278,45.470743206298515],[12.259716773806725,45.38057560480474],[12.259716773806725,45.2002404018172],[12.349973564663278,45.11007280032342],[12.169459982950167,45.11007280032342],[11.176635283528062,45.83141361227361],[11.086378492671509,45.83141361227361],[10.815608120101842,46.10191641675493],[10.72535132924529,46.10191641675493],[10.003297002392848,46.82325722870512],[10.003297002392848,46.91342483019889],[9.642269838966627,47.274095236173984],[10.635094538388733,48.62660925858059],[10.635094538388733,48.89711206306191],[10.544837747532178,48.987279664555686],[9.552013048110073,48.987279664555686],[9.46175625725352,49.077447266049454],[8.468931557831413,49.077447266049454],[8.198161185261748,49.618452875012096],[8.198161185261748,49.798788077999646],[8.107904394405193,49.88895567949342],[8.107904394405193,50.15945848397474],[8.017647603548637,50.24962608546851],[8.017647603548637,50.610296491443606],[7.9273908126920825,50.70046409293737],[7.9273908126920825,51.602140107875115],[7.837134021835528,51.69230770936889],[7.837134021835528,53.67599494223191],[8.017647603548637,53.67599494223191],[8.107904394405193,53.585827340738135],[8.378674766974857,53.585827340738135],[8.559188348687968,53.85633014521945],[8.73970193040108,53.85633014521945],[8.829958721257633,53.94649774671323],[8.829958721257633,54.12683294970078],[8.649445139544522,54.30716815268832],[8.73970193040108,54.48750335567587],[8.73970193040108,54.66783855866341],[8.649445139544522,54.84817376165096],[8.73970193040108,54.75800616015719],[9.822783420679738,54.75800616015719],[10.003297002392848,54.66783855866341],[10.003297002392848,54.48750335567587],[10.093553793249402,54.397335754182095],[10.454580956675624,54.397335754182095],[10.544837747532178,54.30716815268832],[10.815608120101842,54.30716815268832],[10.996121701814953,54.48750335567587],[11.131506888099786,54.48750335567587],[10.996121701814953,54.397335754182095],[10.996121701814953,54.036665348207],[11.086378492671509,53.94649774671323],[11.447405656097729,53.94649774671323],[11.627919237810838,54.12683294970078],[11.988946401237058,54.12683294970078],[12.349973564663278,54.397335754182095],[13.162284682372272,54.397335754182095],[13.25254147322883,54.577670957169644],[13.523311845798494,54.577670957169644]]],[[[-0.3762339461109791,48.53644165708682],[-1.0982882729634194,48.53644165708682],[-0.015206782684759,49.077447266049454],[-0.19572036439786902,48.71677686007436],[-0.3762339461109791,48.53644165708682]]],[[[0.8873611258807912,49.43811767202455],[1.0678747075939012,49.52828527351832],[1.0678747075939012,48.89711206306191],[0.8873611258807912,49.257782469037004],[0.7068475441676811,49.43811767202455],[0.8873611258807912,49.43811767202455]]],[[[11.199199481242202,54.53258715642276],[11.176635283528062,54.48750335567587],[11.131506888099786,54.48750335567587],[11.199199481242202,54.53258715642276]]],[[[11.199199481242202,54.53258715642276],[11.266892074384618,54.66783855866341],[11.537662446954283,54.66783855866341],[11.447405656097729,54.577670957169644],[11.266892074384618,54.577670957169644],[11.199199481242202,54.53258715642276]]],[[[22.910018094880215,58.27454261841435],[22.729504513167107,58.27454261841435],[22.63924772231055,58.18437501692058],[22.368477349740886,58.18437501692058],[22.187963768027775,58.00403981393303],[22.09770697717122,58.00403981393303],[22.09770697717122,58.09420741542681],[21.91719339545811,58.27454261841435],[21.826936604601556,58.27454261841435],[21.91719339545811,58.454877821401894],[22.09770697717122,58.454877821401894],[22.187963768027775,58.54504542289568],[23.090531676593326,58.54504542289568],[23.271045258306437,58.454877821401894],[22.910018094880215,58.27454261841435]]],[[[80.04256670707954,8.502026593851372],[79.952309916223,8.592194195345146],[79.952309916223,8.95286460132024],[79.77179633450987,9.043032202814015],[80.04256670707954,9.043032202814015],[80.1328234979361,9.133199804307786],[80.1328234979361,9.403702608789107],[80.22308028879266,9.49387021028288],[80.49385066136233,9.313535007295334],[80.58410745221887,9.133199804307786],[80.58410745221887,8.772529398332692],[80.22308028879266,8.502026593851372],[80.04256670707954,8.502026593851372]]],[[[77.42511977223944,8.95286460132024],[77.42511977223944,9.223367405801561],[77.60563335395256,9.403702608789107],[77.87640372652223,9.403702608789107],[78.05691730823534,9.223367405801561],[78.05691730823534,8.95286460132024],[77.87640372652223,8.68236179683892],[77.60563335395256,8.68236179683892],[77.42511977223944,8.95286460132024]]],[[[76.97383581795668,9.944708217751748],[76.97383581795668,9.764373014764201],[76.88357902710013,9.584037811776653],[76.61280865453045,9.403702608789107],[76.43229507281734,9.403702608789107],[76.3420382819608,9.49387021028288],[76.3420382819608,9.854540616257975],[76.25178149110424,9.944708217751748],[76.25178149110424,10.21521102223307],[76.07126790939112,10.48571382671439],[76.07126790939112,10.575881428208163],[76.25178149110424,10.666049029701936],[76.5225518636739,10.666049029701936],[76.88357902710013,10.48571382671439],[76.97383581795668,10.305378623726842],[76.97383581795668,10.125043420739296],[77.06409260881323,10.034875819245523],[76.97383581795668,9.944708217751748]]],[[[79.68153954365333,10.48571382671439],[79.86205312536643,10.48571382671439],[79.952309916223,10.305378623726842],[79.59128275279677,10.305378623726842],[79.59128275279677,10.395546225220615],[79.68153954365333,10.48571382671439]]],[[[50.43833930612951,9.313535007295334],[50.43833930612951,9.49387021028288],[50.257825724416385,9.764373014764201],[50.257825724416385,9.944708217751748],[49.89679856099017,10.666049029701936],[47.18909483529352,10.666049029701936],[47.18909483529352,11.02671943567703],[47.36960841700663,11.116887037170804],[47.640378789576296,11.116887037170804],[47.73063558043285,11.02671943567703],[47.91114916214596,11.02671943567703],[48.4526899072853,11.297222240158352],[48.54294669814185,11.207054638664578],[49.265001024994284,11.207054638664578],[49.80654177013361,11.477557443145898],[50.167568933559835,11.477557443145898],[50.528596096986064,11.748060247627219],[50.618852887842614,11.928395450614765],[50.88962326041228,11.928395450614765],[51.25065042383849,11.748060247627219],[51.25065042383849,11.56772504463967],[51.070136842125386,11.297222240158352],[51.070136842125386,11.116887037170804],[51.160393632981936,11.02671943567703],[51.070136842125386,10.936551834183257],[51.070136842125386,10.75621663119571],[51.34090721469505,10.395546225220615],[51.43116400555161,10.395546225220615],[51.34090721469505,10.305378623726842],[50.97988005126883,10.305378623726842],[50.88962326041228,10.21521102223307],[50.88962326041228,9.403702608789107],[50.618852887842614,9.043032202814015],[50.43833930612951,9.313535007295334]]],[[[79.77179633450987,12.379233458083634],[79.86205312536643,12.469401059577407],[79.86205312536643,12.649736262564954],[80.04256670707954,12.920239067046273],[80.31333707964922,13.010406668540048],[80.22308028879266,12.830071465552502],[80.22308028879266,12.55956866107118],[80.04256670707954,12.198898255096086],[79.86205312536643,12.01856305210854],[79.86205312536643,12.198898255096086],[79.77179633450987,12.379233458083634]]],[[[77.60563335395256,12.739903864058727],[77.42511977223944,12.830071465552502],[77.3348629813829,13.010406668540048],[77.3348629813829,13.641579878996463],[77.69589014480911,13.912082683477783],[77.96666051737878,13.912082683477783],[78.14717409909191,13.82191508198401],[78.327687680805,13.55141227750269],[78.327687680805,13.010406668540048],[78.05691730823534,12.739903864058727],[77.60563335395256,12.739903864058727]]],[[[40.23932193933877,15.625267111859479],[40.23932193933877,15.535099510365708],[40.058808357625665,15.535099510365708],[39.968551566769115,15.444931908871931],[39.968551566769115,15.625267111859479],[40.058808357625665,15.805602314847027],[40.14906514848222,15.625267111859479],[40.23932193933877,15.625267111859479]]],[[[72.64150985684203,27.61755811053136],[72.82202343855515,27.61755811053136],[72.9122802294117,27.527390509037588],[73.0927938111248,27.527390509037588],[73.36356418369448,27.347055306050038],[73.5440777654076,27.347055306050038],[74.44664567397314,26.89621729858117],[74.62715925568624,26.715882095593624],[75.07844320996902,26.535546892606074],[75.5297271642518,26.174876486630982],[75.61998395510834,26.174876486630982],[75.89075432767801,25.90437368214966],[75.98101111853458,25.90437368214966],[76.25178149110424,25.633870877668343],[76.3420382819608,25.633870877668343],[77.3348629813829,24.64202726123683],[77.3348629813829,24.55185965974306],[77.60563335395256,24.281356855261738],[77.96666051737878,23.56001604331155],[77.96666051737878,23.379680840324003],[78.05691730823534,23.28951323883023],[78.05691730823534,22.387837223892493],[77.96666051737878,22.297669622398722],[77.96666051737878,22.117334419411176],[77.78614693566567,21.75666401343608],[77.60563335395256,21.57632881044853],[77.60563335395256,21.48616120895476],[77.06409260881323,20.94515559999212],[77.06409260881323,20.854987998498345],[76.07126790939112,19.863144382066835],[76.07126790939112,19.772976780573064],[75.61998395510834,19.322138773104196],[75.61998395510834,19.231971171610418],[75.3492135825387,18.9614683671291],[75.3492135825387,18.871300765635326],[75.07844320996902,18.600797961154008],[74.62715925568624,17.69912194621627],[74.44664567397314,17.518786743228723],[74.44664567397314,17.338451540241177],[73.99536171969037,16.436775525303442],[73.90510492883381,15.985937517834575],[73.81484813797725,15.8957699163408],[73.81484813797725,15.715434713353256],[73.63433455626414,15.715434713353256],[73.63433455626414,15.8957699163408],[73.36356418369448,16.346607923809668],[73.36356418369448,17.15811633725363],[73.18305060198136,17.428619141734952],[73.18305060198136,17.789289547710045],[73.0927938111248,17.87945714920382],[73.0927938111248,18.240127555178912],[73.00253702026826,18.330295156672687],[73.00253702026826,18.600797961154008],[72.82202343855515,18.871300765635326],[72.82202343855515,19.141803570116647],[72.9122802294117,19.231971171610418],[72.9122802294117,19.412306374597968],[72.73176664769859,19.68280917907929],[72.73176664769859,20.133647186548156],[72.9122802294117,20.494317592523252],[72.9122802294117,20.94515559999212],[72.64150985684203,21.215658404473437],[72.64150985684203,21.75666401343608],[72.55125306598548,21.846831614929854],[72.37073948427238,21.846831614929854],[72.2804826934158,21.75666401343608],[72.2804826934158,21.395993607460987],[72.19022590255926,21.305826005967212],[72.19022590255926,21.125490802979666],[71.91945552998959,21.125490802979666],[71.73894194827649,20.94515559999212],[71.55842836656338,20.854987998498345],[71.37791478485026,20.854987998498345],[71.1071444122806,20.6746527955108],[70.74611724885438,20.6746527955108],[70.56560366714127,20.76482039700457],[69.93380613114539,21.305826005967212],[69.84354934028883,21.48616120895476],[69.57277896771916,21.57632881044853],[69.57277896771916,21.66649641194231],[69.3020085951495,21.936999216423626],[69.12149501343639,22.0271668179174],[69.03123822257984,22.297669622398722],[69.57277896771916,22.297669622398722],[69.93380613114539,22.478004825386268],[70.11431971285849,22.478004825386268],[70.2948332945716,22.658340028373814],[70.2948332945716,22.838675231361364],[70.20457650371507,22.928842832855135],[70.02406292200195,22.928842832855135],[69.66303575857572,22.748507629867586],[69.39226538600606,22.748507629867586],[68.85072464086673,23.01901043434891],[68.57995426829706,23.28951323883023],[68.4896974774405,23.28951323883023],[68.4896974774405,23.469848441817774],[68.39944068658396,23.56001604331155],[68.30918389572739,23.56001604331155],[68.12867031401429,23.7403512462991],[67.85789994144461,23.7403512462991],[67.6773863597315,23.92068644928664],[67.40661598716184,24.01085405078042],[67.22610240544874,24.64202726123683],[66.77481845116596,24.912530065718155],[67.04558882373564,25.183032870199476],[67.13584561459217,25.183032870199476],[67.94815673230117,25.994541283643436],[68.03841352315774,25.994541283643436],[68.85072464086673,26.8060496970874],[68.94098143172327,26.8060496970874],[69.57277896771916,27.347055306050038],[69.66303575857572,27.347055306050038],[69.93380613114539,26.986384900074942],[69.93380613114539,26.89621729858117],[70.38509008542816,26.355211689618532],[70.38509008542816,26.265044088124753],[71.01688762142406,25.54370327617457],[71.01688762142406,25.453535674680793],[71.37791478485026,25.092865268705697],[71.37791478485026,25.002697667211926],[72.37073948427238,23.92068644928664],[72.37073948427238,23.83051884779287],[73.63433455626414,22.568172426880043],[73.63433455626414,22.478004825386268],[73.0927938111248,21.936999216423626],[73.0927938111248,21.75666401343608],[73.36356418369448,21.57632881044853],[73.81484813797725,21.48616120895476],[73.90510492883381,21.395993607460987],[74.08561851054691,21.395993607460987],[74.1758753014035,21.305826005967212],[74.35638888311658,21.305826005967212],[74.44664567397314,21.215658404473437],[74.62715925568624,21.215658404473437],[74.7174160465428,21.125490802979666],[74.89792962825591,21.125490802979666],[74.98818641911248,21.03532320148589],[75.3492135825387,21.03532320148589],[75.43947037339524,21.125490802979666],[75.43947037339524,21.395993607460987],[75.3492135825387,21.48616120895476],[75.3492135825387,21.75666401343608],[75.25895679168212,21.846831614929854],[75.25895679168212,22.117334419411176],[75.16870000082558,22.207502020904947],[75.16870000082558,22.478004825386268],[75.07844320996902,22.568172426880043],[75.07844320996902,22.928842832855135],[74.98818641911248,23.01901043434891],[74.98818641911248,23.28951323883023],[74.80767283739935,23.469848441817774],[74.62715925568624,23.469848441817774],[74.1758753014035,23.01901043434891],[73.63433455626414,23.56001604331155],[73.63433455626414,23.650183644805324],[72.73176664769859,24.55185965974306],[72.73176664769859,24.64202726123683],[71.73894194827649,25.724038479162115],[71.73894194827649,25.814206080655886],[71.46817157570682,26.08470888513721],[71.46817157570682,26.174876486630982],[71.19740120313716,26.445379291112303],[71.19740120313716,26.535546892606074],[70.92663083056749,26.8060496970874],[70.92663083056749,26.89621729858117],[70.65586045799782,27.16672010306249],[70.4753468762847,27.527390509037588],[70.2948332945716,27.70772571202513],[70.2948332945716,27.797893313518905],[70.65586045799782,27.978228516506455],[71.64868515741992,27.978228516506455],[71.73894194827649,27.888060915012677],[72.00971232084616,27.888060915012677],[72.37073948427238,27.70772571202513],[72.55125306598548,27.70772571202513],[72.64150985684203,27.61755811053136]]],[[[56.395287502662136,25.453535674680793],[56.395287502662136,24.82236246422438],[56.6660578752318,24.461692058249287],[56.6660578752318,24.371524456755512],[57.027085038658015,24.10102165227419],[57.11734182951457,23.92068644928664],[57.4783689929408,23.7403512462991],[57.839396156367016,23.7403512462991],[57.929652947223566,23.650183644805324],[58.20042331979323,23.650183644805324],[58.29068011064978,23.56001604331155],[58.74196406493257,23.56001604331155],[58.74196406493257,23.469848441817774],[59.01273443750223,23.199345637336457],[59.01273443750223,23.10917803584268],[59.554275182641554,22.568172426880043],[59.64453197349812,22.568172426880043],[59.82504555521122,22.387837223892493],[59.82504555521122,22.207502020904947],[59.64453197349812,22.0271668179174],[59.64453197349812,21.846831614929854],[59.464018391785004,21.66649641194231],[59.464018391785004,21.57632881044853],[58.83222085578912,21.03532320148589],[58.74196406493257,20.854987998498345],[58.74196406493257,20.6746527955108],[58.92247764664567,20.584485194017024],[58.92247764664567,20.494317592523252],[58.74196406493257,20.22381478804193],[58.651707274076,20.404149991029474],[58.019909738080116,20.404149991029474],[57.839396156367016,20.22381478804193],[57.839396156367016,20.133647186548156],[57.29785541122768,20.404149991029474],[57.29785541122768,20.494317592523252],[58.11016652893668,21.395993607460987],[58.20042331979323,21.66649641194231],[58.380936901506345,21.846831614929854],[58.380936901506345,22.0271668179174],[58.4711936923629,22.117334419411176],[58.4711936923629,22.387837223892493],[58.380936901506345,22.568172426880043],[57.839396156367016,23.10917803584268],[57.74913936551045,23.10917803584268],[57.56862578379735,23.28951323883023],[56.84657145694491,23.650183644805324],[56.6660578752318,23.650183644805324],[56.395287502662136,23.83051884779287],[56.21477392094902,23.83051884779287],[54.68040847638759,24.64202726123683],[54.77066526724414,24.82236246422438],[55.041435639813805,24.912530065718155],[55.31220601238347,25.273200471693247],[55.40246280324003,25.273200471693247],[56.034260339235914,25.814206080655886],[56.034260339235914,25.994541283643436],[56.395287502662136,26.265044088124753],[56.395287502662136,26.355211689618532],[56.48554429351869,26.174876486630982],[56.395287502662136,26.08470888513721],[56.395287502662136,25.814206080655886],[56.30503071180557,25.724038479162115],[56.30503071180557,25.54370327617457],[56.395287502662136,25.453535674680793]]],[[[85.3677173676163,24.64202726123683],[84.73591983162041,24.64202726123683],[84.46514945905075,24.912530065718155],[84.46514945905075,25.453535674680793],[84.55540624990729,25.633870877668343],[84.91643341333352,25.814206080655886],[85.18720378590318,25.814206080655886],[85.5482309493294,25.54370327617457],[85.63848774018597,25.363368073187022],[85.63848774018597,25.002697667211926],[85.3677173676163,24.64202726123683]]],[[[38.61469970392079,37.355659071858895],[38.70495649477734,37.44582667335267],[38.70495649477734,37.89666468082154],[38.88547007649045,37.98683228231532],[39.156240449060114,38.25733508679664],[39.24649723991667,38.25733508679664],[39.42701082162979,38.43767028978418],[39.69778119419945,38.527837891277954],[39.87829477591256,38.708173094265504],[40.419835521051894,38.97867589874682],[40.600349102765,38.97867589874682],[40.871119475334666,39.15901110173437],[41.32240342961744,39.24917870322814],[41.412660220474,39.339346304721914],[41.68343059304366,39.339346304721914],[41.77368738390022,39.42951390621569],[42.13471454732643,39.42951390621569],[42.22497133818299,39.519681507709464],[44.030107155314084,39.519681507709464],[44.2106207370272,39.42951390621569],[44.2106207370272,39.15901110173437],[44.12036394617064,39.0688435002406],[44.12036394617064,38.61800549277173],[44.2106207370272,38.527837891277954],[44.66190469130998,38.61800549277173],[44.75216148216653,38.708173094265504],[44.932675063879636,38.708173094265504],[45.2034454364493,38.88850829725305],[45.65472939073208,38.97867589874682],[46.19627013587141,39.24917870322814],[46.37678371758452,39.24917870322814],[46.46704050844109,39.339346304721914],[46.46704050844109,39.60984910920324],[46.10601334501485,39.97051951517833],[46.0157565541583,39.97051951517833],[45.47421580901897,40.4213575226472],[45.83524297244519,40.4213575226472],[45.925499763301744,40.331189921153424],[46.46704050844109,40.331189921153424],[46.55729729929764,40.24102231965965],[47.09883804443697,40.24102231965965],[47.18909483529352,40.150854718165874],[47.73063558043285,40.150854718165874],[47.8208923712894,40.060687116672106],[48.272176325572175,40.060687116672106],[48.36243311642873,39.97051951517833],[48.90397386156806,39.97051951517833],[48.99423065242462,39.880351913684564],[49.35525781585084,39.880351913684564],[49.4455146067074,39.79018431219078],[49.35525781585084,39.70001671069701],[49.35525781585084,39.24917870322814],[49.17474423413773,38.97867589874682],[48.99423065242462,38.97867589874682],[48.90397386156806,38.88850829725305],[48.90397386156806,38.07699988380909],[48.99423065242462,37.98683228231532],[48.99423065242462,37.80649707932776],[49.35525781585084,37.44582667335267],[49.98705535184673,37.44582667335267],[50.257825724416385,37.26549147036513],[50.34808251527294,37.08515626737758],[51.070136842125386,36.724485861402485],[51.25065042383849,36.724485861402485],[51.34090721469505,36.63431825990871],[51.70193437812127,36.63431825990871],[51.79219116897783,36.544150658414935],[52.06296154154749,36.544150658414935],[52.153218332404045,36.63431825990871],[52.604502286686824,36.63431825990871],[52.694759077543374,36.724485861402485],[52.96552945011304,36.724485861402485],[53.055786240969596,36.81465346289626],[53.50707019525238,36.81465346289626],[53.597326986108925,36.90482106439003],[53.86809735867859,36.90482106439003],[53.95835414953515,36.9949886658838],[53.95835414953515,37.44582667335267],[53.86809735867859,37.53599427484645],[53.86809735867859,38.25733508679664],[53.95835414953515,38.25733508679664],[54.22912452210481,37.98683228231532],[54.59015168553103,37.80649707932776],[55.13169243067036,37.26549147036513],[55.22194922152691,37.26549147036513],[55.40246280324003,37.08515626737758],[55.40246280324003,36.9949886658838],[55.76348996666625,36.63431825990871],[55.94400354837936,36.27364785393362],[55.94400354837936,35.64247464347721],[55.8537467575228,35.552307041983426],[55.8537467575228,35.37197183899588],[55.67323317580969,35.01130143302078],[55.40246280324003,34.740798628539466],[55.40246280324003,34.65063102704569],[54.68040847638759,33.929290215095506],[54.59015168553103,33.929290215095506],[54.0486109403917,33.47845220762664],[53.77784056782204,33.38828460613286],[53.597326986108925,33.207949403145314],[52.694759077543374,32.757111395676446],[52.423988704973716,32.757111395676446],[52.33373191411715,32.66694379418267],[49.71628497927706,32.66694379418267],[49.626028188420506,32.757111395676446],[48.99423065242462,32.757111395676446],[48.90397386156806,32.84727899717023],[48.633203488998404,32.84727899717023],[48.36243311642873,33.02761420015777],[48.181919534715625,33.02761420015777],[48.09166274385907,33.11778180165154],[47.91114916214596,33.11778180165154],[47.8208923712894,33.207949403145314],[47.640378789576296,33.207949403145314],[47.55012199871975,33.298117004639096],[47.36960841700663,33.298117004639096],[47.279351626150074,33.38828460613286],[47.09883804443697,33.38828460613286],[47.00858125358041,33.47845220762664],[46.8280676718673,33.47845220762664],[46.737810881010745,33.56861980912041],[46.55729729929764,33.56861980912041],[46.46704050844109,33.65878741061418],[46.286526926727966,33.65878741061418],[46.19627013587141,33.74895501210796],[46.0157565541583,33.74895501210796],[45.925499763301744,33.83912261360173],[45.65472939073208,33.83912261360173],[45.29370222730586,34.01945781658928],[45.11318864559275,34.01945781658928],[45.02293185473619,34.10962541808305],[44.842418273023085,34.10962541808305],[44.75216148216653,34.19979301957682],[44.57164790045342,34.19979301957682],[44.48139110959686,34.2899606210706],[44.2106207370272,34.2899606210706],[43.84959357360098,34.47029582405815],[43.57882320103131,34.47029582405815],[43.21779603760509,34.65063102704569],[42.58599850160921,34.740798628539466],[42.495741710752654,34.83096623003324],[42.22497133818299,34.83096623003324],[42.13471454732643,34.921133831527015],[41.86394417475677,34.921133831527015],[41.77368738390022,35.01130143302078],[41.412660220474,35.01130143302078],[41.32240342961744,35.10146903451456],[40.871119475334666,35.10146903451456],[40.78086268447811,35.19163663600834],[40.058808357625665,35.19163663600834],[39.968551566769115,35.28180423750211],[38.34392933135113,35.28180423750211],[38.34392933135113,35.64247464347721],[38.434186122207684,35.732642244970975],[38.434186122207684,36.18348025243984],[38.524442913064235,36.27364785393362],[38.524442913064235,36.63431825990871],[38.61469970392079,36.724485861402485],[38.61469970392079,37.355659071858895]],[[45.65472939073208,37.716329477833995],[45.38395901816242,37.716329477833995],[45.29370222730586,37.62616187634022],[45.29370222730586,37.355659071858895],[45.47421580901897,37.17532386887135],[45.65472939073208,37.17532386887135],[45.74498618158864,37.26549147036513],[45.74498618158864,37.62616187634022],[45.65472939073208,37.716329477833995]],[[45.38395901816242,38.25733508679664],[45.2034454364493,38.25733508679664],[45.11318864559275,38.16716748530286],[45.11318864559275,37.98683228231532],[45.2034454364493,37.89666468082154],[45.38395901816242,37.89666468082154],[45.47421580901897,37.98683228231532],[45.47421580901897,38.16716748530286],[45.38395901816242,38.25733508679664]],[[43.12753924674854,38.79834069575927],[42.67625529246577,38.79834069575927],[42.58599850160921,38.708173094265504],[42.58599850160921,38.527837891277954],[42.856768874178876,38.347502688290405],[43.12753924674854,38.347502688290405],[43.21779603760509,38.43767028978418],[43.21779603760509,38.708173094265504],[43.12753924674854,38.79834069575927]]],[[[30.672102108543946,41.052530733103616],[31.21364285368328,41.052530733103616],[31.394156435396386,41.23286593609116],[31.484413226252943,41.23286593609116],[31.845440389679162,41.50336874057248],[32.02595397139227,41.50336874057248],[32.47723792567505,41.7738715450538],[32.74800829824471,41.7738715450538],[33.10903546167093,41.95420674804135],[34.91417127880203,41.95420674804135],[35.09468486051514,42.04437434953512],[35.27519844222825,41.683703943560026],[35.72648239651103,41.59353634206625],[35.81673918736758,41.683703943560026],[35.99725276908069,41.683703943560026],[36.26802314165035,41.323033537584934],[36.9900774685028,41.323033537584934],[37.35110463192902,41.052530733103616],[37.53161821364213,41.052530733103616],[37.62187500449868,41.142698334597384],[37.80238858621179,40.96236313160984],[38.16341574963801,40.96236313160984],[38.25367254049456,40.872195530116066],[38.434186122207684,40.872195530116066],[38.524442913064235,40.96236313160984],[39.24649723991667,40.96236313160984],[39.33675403077323,41.052530733103616],[39.51726761248634,41.052530733103616],[39.60752440334289,40.96236313160984],[40.419835521051894,40.96236313160984],[40.69060589362155,41.142698334597384],[40.871119475334666,40.96236313160984],[41.32240342961744,40.872195530116066],[41.412660220474,40.78202792862229],[41.77368738390022,40.78202792862229],[41.86394417475677,40.691860327128516],[42.58599850160921,40.691860327128516],[42.67625529246577,40.60169272563474],[44.39113431874031,40.60169272563474],[44.48139110959686,40.4213575226472],[44.39113431874031,40.331189921153424],[44.39113431874031,40.150854718165874],[44.300877527883756,40.24102231965965],[43.57882320103131,40.24102231965965],[43.48856641017476,40.331189921153424],[42.67625529246577,40.331189921153424],[42.58599850160921,40.24102231965965],[41.954200965613325,40.24102231965965],[41.86394417475677,40.150854718165874],[41.50291701133055,40.150854718165874],[41.141889847904324,39.97051951517833],[40.961376266191216,39.97051951517833],[40.871119475334666,39.880351913684564],[40.69060589362155,39.880351913684564],[40.600349102765,39.79018431219078],[40.419835521051894,39.79018431219078],[39.33675403077323,39.24917870322814],[38.61469970392079,38.708173094265504],[38.524442913064235,38.708173094265504],[38.25367254049456,38.43767028978418],[38.073158958781455,38.347502688290405],[37.80238858621179,38.347502688290405],[37.71213179535524,38.43767028978418],[37.44136142278558,38.43767028978418],[37.35110463192902,38.527837891277954],[37.080334259359354,38.527837891277954],[36.9900774685028,38.61800549277173],[36.71930709593313,38.61800549277173],[36.62905030507658,38.708173094265504],[36.35827993250692,38.708173094265504],[36.26802314165035,38.79834069575927],[35.99725276908069,38.79834069575927],[35.90699597822414,38.88850829725305],[35.636225605654474,38.88850829725305],[35.54596881479792,38.97867589874682],[35.27519844222825,38.97867589874682],[35.184941651371695,39.0688435002406],[34.91417127880203,39.0688435002406],[34.82391448794548,39.15901110173437],[34.553144115375815,39.15901110173437],[34.46288732451926,39.24917870322814],[34.192116951949586,39.24917870322814],[33.83108978852337,39.42951390621569],[33.56031941595371,39.42951390621569],[33.199292252527485,39.60984910920324],[32.92852187995782,39.60984910920324],[32.567494716531606,39.79018431219078],[32.3869811348185,39.79018431219078],[32.296724343961934,39.880351913684564],[32.116210762248826,39.880351913684564],[32.02595397139227,39.97051951517833],[31.845440389679162,39.97051951517833],[31.755183598822605,40.060687116672106],[31.574670017109497,40.060687116672106],[31.484413226252943,40.150854718165874],[31.30389964453983,40.150854718165874],[31.21364285368328,40.24102231965965],[31.033129271970168,40.24102231965965],[30.762358899400503,40.4213575226472],[30.581845317687392,40.4213575226472],[29.31825024569562,41.052530733103616],[29.137736663982512,41.23286593609116],[29.31825024569562,41.142698334597384],[30.13056136340462,41.142698334597384],[30.22081815426117,41.23286593609116],[30.311074945117728,41.142698334597384],[30.581845317687392,41.142698334597384],[30.672102108543946,41.052530733103616]]],[[[69.84354934028883,37.17532386887135],[69.39226538600606,37.08515626737758],[69.3020085951495,36.9949886658838],[69.12149501343639,36.9949886658838],[69.03123822257984,36.90482106439003],[68.67021105915362,36.90482106439003],[68.57995426829706,36.81465346289626],[68.03841352315774,36.81465346289626],[67.94815673230117,36.724485861402485],[66.95533203287907,36.724485861402485],[66.95533203287907,37.17532386887135],[66.86507524202251,37.26549147036513],[66.86507524202251,37.80649707932776],[66.77481845116596,37.89666468082154],[66.77481845116596,38.61800549277173],[66.6845616603094,38.708173094265504],[66.6845616603094,38.88850829725305],[67.31635919630529,38.88850829725305],[67.40661598716184,38.97867589874682],[67.58712956887496,38.97867589874682],[67.6773863597315,39.0688435002406],[67.6773863597315,39.24917870322814],[67.04558882373564,39.97051951517833],[67.04558882373564,40.060687116672106],[66.6845616603094,40.4213575226472],[66.6845616603094,40.511525124140974],[66.32353449688318,40.872195530116066],[66.05276412431353,40.872195530116066],[65.15019621574797,39.0688435002406],[65.15019621574797,38.79834069575927],[65.24045300660453,38.708173094265504],[65.87225054260041,38.708173094265504],[65.96250733345697,38.79834069575927],[65.96250733345697,38.347502688290405],[66.05276412431353,38.25733508679664],[66.05276412431353,37.62616187634022],[66.14302091517007,37.53599427484645],[66.14302091517007,36.9949886658838],[66.23327770602663,36.81465346289626],[65.96250733345697,36.81465346289626],[65.87225054260041,36.90482106439003],[65.05993942489143,36.9949886658838],[64.96968263403485,37.08515626737758],[64.69891226146518,37.08515626737758],[64.60865547060864,37.17532386887135],[64.42814188889552,37.17532386887135],[64.33788509803897,37.26549147036513],[64.06711472546931,37.26549147036513],[63.79634435289964,37.44582667335267],[63.345060398616866,37.53599427484645],[62.71326286262099,37.89666468082154],[62.53274928090787,37.89666468082154],[62.0814653266251,38.25733508679664],[61.810694954055435,38.347502688290405],[60.998383836346434,39.0688435002406],[60.817870254633334,39.15901110173437],[60.817870254633334,39.24917870322814],[60.366586300350555,39.79018431219078],[60.366586300350555,39.97051951517833],[60.276329509494,40.060687116672106],[60.276329509494,40.78202792862229],[60.456843091207105,41.142698334597384],[60.63735667292022,41.323033537584934],[60.63735667292022,41.41320113907871],[61.2691542089161,42.04437434953512],[61.359410999772656,42.04437434953512],[61.63018137234232,42.31487715401644],[61.720438163198885,42.31487715401644],[62.2619789083382,42.76571516148531],[62.53274928090787,42.855882762979085],[62.89377644433409,43.1263855674604],[63.16454681690375,43.1263855674604],[63.254803607760316,43.21655316895418],[63.79634435289964,43.21655316895418],[63.8866011437562,43.30672077044795],[64.42814188889552,43.30672077044795],[64.51839867975208,43.39688837194173],[64.96968263403485,43.39688837194173],[65.05993942489143,43.487055973435496],[65.60148017003074,43.487055973435496],[65.6917369608873,43.57722357492927],[66.14302091517007,43.57722357492927],[66.23327770602663,43.667391176423045],[66.95533203287907,43.667391176423045],[67.04558882373564,43.75755877791682],[69.03123822257984,43.75755877791682],[69.12149501343639,43.667391176423045],[69.4825221768626,43.667391176423045],[69.57277896771916,43.57722357492927],[69.84354934028883,43.57722357492927],[70.56560366714127,43.21655316895418],[71.19740120313716,42.58537995849776],[71.19740120313716,42.495212357003986],[71.37791478485026,42.31487715401644],[71.64868515741992,41.7738715450538],[71.64868515741992,41.59353634206625],[71.73894194827649,41.50336874057248],[71.73894194827649,41.23286593609116],[71.82919873913303,41.142698334597384],[71.82919873913303,40.872195530116066],[71.91945552998959,40.78202792862229],[71.91945552998959,40.150854718165874],[72.00971232084616,40.060687116672106],[72.00971232084616,39.0688435002406],[71.64868515741992,38.61800549277173],[71.64868515741992,38.527837891277954],[70.92663083056749,37.80649707932776],[70.83637403971093,37.80649707932776],[70.38509008542816,37.44582667335267],[69.84354934028883,37.17532386887135]]]]}}
