{"type":"Feature","properties":{"id":"wespenbussard","sourceUrl":"https://commons.wikimedia.org/wiki/File:PernisApivorusIUCN2018_2.png","author":"Alexander K\u00fcrthy","license":"CC BY-SA 3.0","licenseUrl":"https://creativecommons.org/licenses/by-sa/3.0","sourceImageSha256":"0008794fb16fa63493b3f67e2c74361fdd3d31b6d790c3d6f0e14ca7d877a33e","registration":{"status":"candidate","projection":"merc","proj_string":"+proj=merc +R=1 +lon_0=0","image_width":3507,"image_height":2480,"parameters_1000px":[306.63260548040233,-306.6515367133649,318.6458945592023,496.7436725764689],"pixel_transform_native":[1075.3605474197711,-1075.4269392537708,1117.4911522191226,1742.0800597256764],"transform_definition":"pixel_x=sx*projected_x+tx; pixel_y=sy*projected_y+ty; inverse: lonlat = pyproj.Proj(proj_string)((px-tx)/sx,(py-ty)/sy,inverse=True)","coast_count":8558,"coast_median_px_at1000":0.14668646454811096,"coast_p90_px_at1000":1.913982629776001,"coast_rmse_px_at1000":1.3766019344329834,"coast_rmse_capped15_px_at1000":1.3766019344329834,"sift_matches":443,"sift_inliers":361,"sift_inlier_median_px":0.36846163433963763,"sift_affine_initialization":[[1.0207001281033756,3.435717602176942e-05,197.29550452323232],[-3.435717602176942e-05,1.0207001281033756,-140.35659848613352]],"independent_border_validation":{"method":"Natural Earth international boundaries >0.22 degrees away from coast; not used in fitting; nearest pale raster boundary pixels; only unsaturated grey base regions sampled","count":4979,"median_px_at1000":0.26797112822532654,"p90_px_at1000":0.739632248878479,"rmse_px_at1000":0.44310522079467773},"inverse_roundtrip_checks":[{"name":"Gibraltar","lonlat":[-5.6,36],"pixel_native":[1012.3870919073903,1016.9460466075946],"roundtrip_degree_error":0.0},{"name":"Lindesnes","lonlat":[7.05,57.98],"pixel_native":[1249.809656718714,399.4072855616703],"roundtrip_degree_error":4.440892098500626e-15},{"name":"CapeComorin","lonlat":[77.55,8.08],"pixel_native":[2572.994701714629,1589.9153541054015],"roundtrip_degree_error":1.7763568394002505e-15},{"name":"Tokyo","lonlat":[139.7,35.7],"pixel_native":[3739.4620853528722,1023.8930755725295],"roundtrip_degree_error":2.842170943040401e-14},{"name":"Cairo","lonlat":[31.2,30.0],"pixel_native":[1703.0709168130595,1151.341434211214],"roundtrip_degree_error":7.105427357601002e-15}]},"includedColors":["#00FF00","#007FFF","#00FFFF"],"adaptation":"Hue-based extraction of current seasonal colors; inverse Mercator registration; 3px closing of printed border gaps; 0.45px contour simplification; components smaller than 4 source pixels omitted; antimeridian split."},"geometry":{"type":"MultiPolygon","coordinates":[[[[12.334914024517444,-5.634020671066609],[12.121791905984983,-5.7400506770410855],[12.121791905984983,-5.634020671066609],[12.175072435618098,-5.58099838547177],[12.175072435618098,-5.4219029379579275],[12.068511376351868,-5.209710643866176],[12.494755613416789,-4.8382033975241105],[12.494755613416789,-4.785113918135757],[12.601316672683021,-4.7320203205327855],[12.707877731949251,-4.7320203205327855],[12.814438791215482,-4.625820951801538],[12.867719320848598,-4.625820951801538],[12.867719320848598,-4.678922649990468],[12.814438791215482,-4.678922649990468],[12.494755613416789,-4.997446673914732],[12.388194554150559,-5.0505192280478735],[12.388194554150559,-5.209710643866176],[12.441475083783676,-5.262765549786472],[12.441475083783676,-5.634020671066609],[12.334914024517444,-5.634020671066609]]],[[[9.72416807249479,1.0164796024043723],[9.72416807249479,0.9099401937186959],[9.93729019102725,0.7501252959701704],[10.043851250293482,0.7501252959701704],[10.203692839192831,0.8566692863933512],[11.162742372588905,0.8566692863933512],[11.21602290222202,0.803397638463261],[11.429145020754483,0.803397638463261],[11.482425550387598,0.8566692863933512],[11.482425550387598,2.134860820203973],[11.695547668920058,2.134860820203973],[11.748828198553175,2.081619644433887],[12.281633494884328,2.081619644433887],[12.334914024517444,2.134860820203973],[12.388194554150559,2.081619644433887],[12.867719320848598,2.081619644433887],[12.920999850481714,2.0283766703844113],[13.08084143938106,2.0283766703844113],[13.187402498647291,2.081619644433887],[13.187402498647291,2.0283766703844113],[13.08084143938106,1.9218855111264226],[13.08084143938106,1.4425984070717761],[13.134121969014174,1.3893374372872496],[13.134121969014174,1.282811941278955],[13.08084143938106,1.229547507061759],[13.08084143938106,1.123015496253928],[13.187402498647291,1.0164796024043723],[13.347244087546636,1.0164796024043723],[13.453805146812867,1.123015496253928],[13.666927265345329,1.123015496253928],[13.880049383877791,1.229547507061759],[14.039890972777137,1.229547507061759],[14.093171502410252,1.176282010048362],[14.199732561676484,1.176282010048362],[14.199732561676484,1.0697480116980143],[14.359574150575828,0.8566692863933512],[14.359574150575828,0.803397638463261],[14.253013091309597,0.6435787114767795],[14.146452032043367,0.6435787114767795],[13.986610443144022,0.4837547767197904],[13.986610443144022,0.4304792338795314],[13.826768854244676,0.2706505564137046],[13.826768854244676,-0.10228906510130256],[13.77348832461156,-0.15556616864076614],[13.77348832461156,-0.31539648794751257],[13.880049383877791,-0.47522435295589177],[14.039890972777137,-0.47522435295589177],[14.146452032043367,-0.6350485200396966],[14.359574150575828,-0.6350485200396966],[14.412854680208946,-0.6883222057120018],[14.359574150575828,-0.7948677457165889],[14.359574150575828,-0.9546807866964655],[14.306293620942714,-1.0079502111233858],[14.306293620942714,-1.1144863999298047],[14.359574150575828,-1.1677530722565286],[14.359574150575828,-1.540588938429001],[14.306293620942714,-1.59384624727874],[14.306293620942714,-1.9133595660923803],[14.253013091309597,-1.9133595660923803],[14.146452032043367,-2.0198512706398244],[14.093171502410252,-2.392514858614848],[14.039890972777137,-2.392514858614848],[13.933329913510907,-2.1263359951610328],[13.826768854244676,-2.0198512706398244],[13.720207794978446,-2.0198512706398244],[13.666927265345329,-2.073094528364208],[13.613646735712216,-2.2328133723343835],[13.507085676445985,-2.339283034965103],[13.347244087546636,-2.339283034965103],[13.293963557913521,-2.286049190912118],[13.187402498647291,-2.286049190912118],[13.027560909747944,-2.1263359951610328],[12.974280380114829,-1.9666062679069984],[12.814438791215482,-1.8068612489608458],[12.707877731949251,-1.7536097255331138],[12.601316672683021,-1.7536097255331138],[12.548036143049906,-1.8068612489608458],[12.388194554150559,-1.8068612489608458],[12.334914024517444,-1.8601112111299556],[12.334914024517444,-2.073094528364208],[12.388194554150559,-2.1263359951610328],[12.388194554150559,-2.286049190912118],[12.281633494884328,-2.339283034965103],[12.068511376351868,-2.339283034965103],[12.015230846718751,-2.286049190912118],[11.855389257819406,-2.286049190912118],[11.80210872818629,-2.339283034965103],[11.748828198553175,-2.286049190912118],[11.535706080020713,-2.286049190912118],[11.482425550387598,-2.339283034965103],[11.482425550387598,-2.552197748491676],[11.535706080020713,-2.605421031920853],[11.535706080020713,-2.7118608039729875],[11.429145020754483,-2.871502787836796],[11.429145020754483,-2.977918460020041],[11.482425550387598,-3.031122463678776],[11.642267139286945,-3.031122463678776],[11.642267139286945,-3.29710232799391],[11.748828198553175,-3.4034746819007298],[11.80210872818629,-3.4034746819007298],[11.80210872818629,-3.5098352922965024],[11.748828198553175,-3.616183793999525],[11.588986609653828,-3.4566564778661664],[11.482425550387598,-3.4566564778661664],[11.162742372588905,-3.669353390028802],[11.056181313322673,-3.9351529982991704],[11.00290078368956,-3.9351529982991704],[10.896339724423328,-3.7225198220365474],[10.843059194790213,-3.7225198220365474],[10.683217605890867,-3.563011079550394],[10.629937076257752,-3.563011079550394],[10.629937076257752,-3.4566564778661664],[10.203692839192831,-3.031122463678776],[10.150412309559712,-3.031122463678776],[9.93729019102725,-2.8182912108449623],[9.884009661394137,-2.8182912108449623],[9.72416807249479,-2.605421031920853],[9.670887542861674,-2.605421031920853],[9.670887542861674,-2.552197748491676],[9.564326483595444,-2.4457446159915794],[9.564326483595444,-2.339283034965103],[9.244643305796751,-2.0198512706398244],[9.244643305796751,-1.8601112111299556],[9.191362776163635,-1.8068612489608458],[9.191362776163635,-1.700356686801563],[8.978240657631174,-1.4340703724516184],[8.978240657631174,-1.327546848701532],[8.818399068731827,-1.1144863999298047],[8.818399068731827,-1.0079502111233858],[8.658557479832481,-0.6883222057120018],[8.711838009465596,-0.6350485200396966],[9.084801716897404,-0.6350485200396966],[9.244643305796751,-0.47522435295589177],[9.244643305796751,-0.31539648794751257],[9.297923835429865,-0.26211992612822715],[9.297923835429865,0.5903045615741838],[9.511045953962327,0.6968523049588264],[9.511045953962327,0.9099401937186959],[9.351204365062982,1.0164796024043723],[9.297923835429865,1.123015496253928],[9.404484894696097,1.3360752666893787],[9.564326483595444,1.4958581300473541],[9.564326483595444,1.602373651616379],[9.617607013228557,1.7088836341407874],[9.72416807249479,1.8153877098627367],[9.72416807249479,2.081619644433887],[9.777448602127905,2.134860820203973],[9.990570720660367,1.9751319439734372],[11.269303431855135,1.9751319439734372],[11.269303431855135,1.0697480116980143],[9.990570720660367,1.0697480116980143],[9.93729019102725,1.0164796024043723],[9.884009661394137,1.0697480116980143],[9.777448602127905,1.0697480116980143],[9.72416807249479,1.0164796024043723]]],[[[-9.510103125059873,7.864484673378945],[-9.510103125059873,7.7589190229184295],[-9.456822595426758,7.706126235210257],[-9.456822595426758,7.547708550188744],[-9.56338365469299,7.389232807654724],[-9.56338365469299,7.230700199160681],[-9.510103125059873,7.177843565709869],[-9.29698100652741,7.177843565709869],[-9.137139417628065,7.019236993203891],[-9.030578358361835,7.019236993203891],[-8.977297828728718,7.07211191842776],[-8.817456239829372,7.07211191842776],[-8.710895180563142,7.177843565709869],[-8.710895180563142,7.283550646789687],[-8.604334121296912,7.389232807654724],[-8.604334121296912,7.442064432493206],[-8.49777306203068,7.389232807654724],[-8.444492532397566,7.12498079070197],[-8.39121200276445,7.07211191842776],[-8.39121200276445,6.913469161302048],[-8.444492532397566,6.860576343385114],[-8.444492532397566,6.701862814864566],[-8.49777306203068,6.701862814864566],[-8.657614650930027,6.54309760827548],[-8.657614650930027,6.384281926228946],[-8.39121200276445,6.1194802275932405],[-7.964967765699527,6.1194802275932405],[-7.964967765699527,5.960535838319925],[-7.751845647167065,5.748538562416436],[-7.645284587900835,5.748538562416436],[-7.538723528634603,5.642510121972721],[-7.538723528634603,5.218206068689021],[-7.698565117533949,5.005944912416159],[-7.698565117533949,4.687424891865142],[-7.645284587900835,4.634323835534552],[-7.645284587900835,4.262507271961251],[-7.592004058267719,4.209375568904994],[-8.018248295332642,4.421880167612588],[-8.178089884231987,4.421880167612588],[-8.817456239829372,4.740521913295704],[-8.924017299095604,4.846703670314443],[-9.030578358361835,4.846703670314443],[-9.350261536160527,5.112084283981386],[-9.403542065793642,5.112084283981386],[-9.56338365469299,5.324309905458235],[-9.616664184326103,5.324309905458235],[-9.66994471395922,5.430395433515492],[-9.723225243592335,5.430395433515492],[-10.202750010290373,5.907544082187024],[-10.256030539923488,5.907544082187024],[-10.46915265845595,6.066503955829818],[-10.735555306621526,6.1194802275932405],[-10.842116365887758,6.22541697326938],[-10.842116365887758,6.331332356916473],[-10.895396895520873,6.384281926228946],[-11.42820219185203,6.648946761994554],[-11.42820219185203,6.754773125710684],[-11.3216411325858,6.807677650040226],[-11.3216411325858,6.860576343385114],[-11.215080073319566,6.9663560593727025],[-11.215080073319566,7.07211191842776],[-11.16179954368645,7.07211191842776],[-10.895396895520873,7.3363948643583905],[-10.842116365887758,7.3363948643583905],[-10.46915265845595,7.706126235210257],[-10.46915265845595,7.917257448226919],[-10.415872128822834,7.970023464264306],[-10.309311069556603,7.970023464264306],[-10.202750010290373,8.075535044411458],[-10.149469480657258,8.18101906311703],[-10.149469480657258,8.286475170142982],[-10.096188951024143,8.233750627461504],[-9.989627891757912,8.233750627461504],[-9.936347362124796,8.286475170142982],[-9.77650577322545,8.286475170142982],[-9.66994471395922,8.18101906311703],[-9.616664184326103,8.18101906311703],[-9.56338365469299,7.917257448226919],[-9.510103125059873,7.864484673378945]]],[[[0.29351432743336203,8.760672877839589],[0.29351432743336203,8.602672525860422],[0.559916975598939,8.339192647455333],[0.559916975598939,8.233750627461504],[0.5066364459658237,8.18101906311703],[0.5066364459658237,7.653326864499871],[0.4000753866995929,7.494889694715129],[0.4000753866995929,7.389232807654724],[0.5066364459658237,7.230700199160681],[0.5066364459658237,7.019236993203891],[0.4533559163327082,6.9663560593727025],[0.4533559163327082,6.701862814864566],[0.559916975598939,6.596025011617747],[0.559916975598939,6.490164596533139],[0.6664780348651699,6.384281926228946],[0.6664780348651699,6.331332356916473],[0.8796001533976315,6.172451248323487],[0.9328806830307469,6.172451248323487],[0.9328806830307469,6.1194802275932405],[1.0394417422969777,6.013522477806788],[1.1460028015632087,5.960535838319925],[1.092722271930093,5.854547254247714],[1.092722271930093,5.748538562416436],[0.9328806830307469,5.642510121972721],[0.29351432743336203,5.642510121972721],[-0.07944937999844581,5.430395433515492],[-0.1860104392646766,5.430395433515492],[-0.505693617063369,5.218206068689021],[-0.6122546763296001,5.218206068689021],[-0.8253767948620616,5.059016773976583],[-1.0917794430276386,5.059016773976583],[-1.2516210319269847,4.952868744482237],[-1.411462620826331,4.952868744482237],[-1.944267917157485,4.634323835534552],[-2.1041095060568313,4.634323835534552],[-2.210670565323062,4.740521913295704],[-2.423792683855524,4.846703670314443],[-2.58363427275487,4.846703670314443],[-2.6369148023879854,4.899788315375389],[-2.850036920920447,4.899788315375389],[-2.9033174505535624,4.952868744482237],[-3.009878509819793,4.952868744482237],[-2.956597980186678,5.005944912416159],[-2.956597980186678,5.112084283981386],[-3.009878509819793,5.165147397267085],[-3.1164395690860243,5.165147397267085],[-3.223000628352255,5.059016773976583],[-3.223000628352255,5.005944912416159],[-3.4894032765178316,5.005944912416159],[-3.542683806150947,5.059016773976583],[-3.8090864543165246,5.059016773976583],[-3.8623669839496397,5.112084283981386],[-4.2353306913814475,5.112084283981386],[-4.2886112210145635,5.059016773976583],[-4.66157492844637,5.059016773976583],[-4.714855458079486,5.005944912416159],[-5.3542218136768716,5.005944912416159],[-5.407502343309987,4.952868744482237],[-5.727185521108679,4.952868744482237],[-6.153429758173602,4.740521913295704],[-6.419832406339179,4.687424891865142],[-6.579673995238525,4.581218789611191],[-6.739515584137871,4.581218789611191],[-6.952637702670334,4.421880167612588],[-7.059198761936564,4.421880167612588],[-7.3788819397352565,4.262507271961251],[-7.4321624693683725,4.368759616730086],[-7.4321624693683725,4.740521913295704],[-7.3788819397352565,4.79361485453629],[-7.3788819397352565,5.005944912416159],[-7.272320880469026,5.165147397267085],[-7.272320880469026,5.430395433515492],[-7.21904035083591,5.483431219120922],[-7.21904035083591,5.589488608346943],[-7.325601410102142,5.748538562416436],[-7.325601410102142,5.854547254247714],[-7.4321624693683725,5.960535838319925],[-7.538723528634603,5.960535838319925],[-7.645284587900835,6.013522477806788],[-7.80512617680018,6.331332356916473],[-7.9116872360664106,6.384281926228946],[-8.071528824965757,6.384281926228946],[-8.124809354598876,6.331332356916473],[-8.337931473131336,6.490164596533139],[-8.337931473131336,6.596025011617747],[-8.28465094349822,6.596025011617747],[-8.178089884231987,6.701862814864566],[-8.178089884231987,6.860576343385114],[-8.124809354598876,6.913469161302048],[-8.124809354598876,7.019236993203891],[-8.178089884231987,7.07211191842776],[-8.178089884231987,7.230700199160681],[-8.28465094349822,7.389232807654724],[-8.124809354598876,7.389232807654724],[-8.071528824965757,7.442064432493206],[-7.964967765699527,7.653326864499871],[-7.964967765699527,7.811705183630086],[-7.9116872360664106,7.811705183630086],[-7.80512617680018,7.917257448226919],[-7.858406706433295,8.18101906311703],[-7.9116872360664106,8.233750627461504],[-8.071528824965757,8.233750627461504],[-8.071528824965757,8.286475170142982],[-7.9116872360664106,8.286475170142982],[-7.751845647167065,8.18101906311703],[-7.645284587900835,8.18101906311703],[-7.538723528634603,8.286475170142982],[-7.538723528634603,8.602672525860422],[-7.698565117533949,8.813324805025875],[-7.80512617680018,8.813324805025875],[-7.80512617680018,8.865969231448563],[-7.751845647167065,8.865969231448563],[-7.645284587900835,8.971235408558963],[-7.645284587900835,9.076471062600337],[-7.751845647167065,9.234266556047505],[-7.751845647167065,9.444550491051508],[-7.80512617680018,9.497101534715698],[-8.018248295332642,9.497101534715698],[-8.018248295332642,9.654706121726903],[-7.9116872360664106,9.602179392980267],[-7.80512617680018,9.602179392980267],[-7.751845647167065,9.549644516339887],[-7.645284587900835,9.549644516339887],[-7.592004058267719,9.497101534715698],[-7.3788819397352565,9.497101534715698],[-7.325601410102142,9.444550491051508],[-6.952637702670334,9.444550491051508],[-6.899357173037218,9.391991428324847],[-6.366551876706064,9.391991428324847],[-6.3132713470729485,9.444550491051508],[-5.514063402576218,9.444550491051508],[-5.460782872943102,9.497101534715698],[-4.55501386918014,9.497101534715698],[-4.501733339547025,9.444550491051508],[-3.382842217251601,9.444550491051508],[-3.3295616876184857,9.391991428324847],[-2.956597980186678,9.391991428324847],[-2.7967563912873317,9.234266556047505],[-2.850036920920447,9.12907733530684],[-2.850036920920447,8.971235408558963],[-2.6901953320211005,8.813324805025875],[-2.6901953320211005,8.602672525860422],[-2.6369148023879854,8.549991029937058],[-2.6369148023879854,8.233750627461504],[-2.6901953320211005,8.18101906311703],[-2.6901953320211005,8.075535044411458],[-2.9033174505535624,7.917257448226919],[-2.956597980186678,7.653326864499871],[-3.009878509819793,7.600520954809427],[-3.009878509819793,7.494889694715129],[-3.0631590394529087,7.442064432493206],[-3.0631590394529087,7.177843565709869],[-3.1697200987191394,7.07211191842776],[-3.1697200987191394,7.019236993203891],[-3.3295616876184857,6.807677650040226],[-3.3295616876184857,6.384281926228946],[-3.2762811579853706,6.331332356916473],[-3.2762811579853706,6.172451248323487],[-3.1697200987191394,6.013522477806788],[-3.1697200987191394,5.907544082187024],[-3.1164395690860243,5.854547254247714],[-3.1164395690860243,5.589488608346943],[-2.956597980186678,5.430395433515492],[-2.850036920920447,5.430395433515492],[-2.9033174505535624,5.324309905458235],[-2.9033174505535624,5.005944912416159],[-2.850036920920447,4.952868744482237],[-2.743475861654216,4.952868744482237],[-2.6369148023879854,5.059016773976583],[-2.6369148023879854,5.218206068689021],[-2.58363427275487,5.271260253121549],[-2.58363427275487,5.377354980612036],[-2.6369148023879854,5.430395433515492],[-2.6369148023879854,5.589488608346943],[-2.9033174505535624,5.801545399363272],[-2.9033174505535624,5.907544082187024],[-2.956597980186678,5.960535838319925],[-2.956597980186678,6.1194802275932405],[-3.0631590394529087,6.278377357702322],[-3.0631590394529087,6.437226020979981],[-3.1164395690860243,6.54309760827548],[-3.0631590394529087,6.596025011617747],[-3.0631590394529087,6.807677650040226],[-2.9033174505535624,6.9663560593727025],[-2.850036920920447,7.07211191842776],[-2.850036920920447,7.3363948643583905],[-2.7967563912873317,7.389232807654724],[-2.7967563912873317,7.547708550188744],[-2.6901953320211005,7.7589190229184295],[-2.4770732134886395,7.917257448226919],[-2.3705121542224084,8.128280520845289],[-2.3705121542224084,8.339192647455333],[-2.423792683855524,8.391903015722216],[-2.423792683855524,8.760672877839589],[-2.58363427275487,9.076471062600337],[-2.5303537431217547,9.12907733530684],[-2.5303537431217547,9.391991428324847],[-1.1983405022938693,9.391991428324847],[-1.145059972660754,9.444550491051508],[-0.8253767948620616,9.444550491051508],[-0.7720962652289461,9.497101534715698],[-0.5589741466964845,9.497101534715698],[-0.505693617063369,9.549644516339887],[-0.34585202816402283,9.549644516339887],[-0.29257149853090747,9.602179392980267],[-0.1860104392646766,9.602179392980267],[-0.13272990963156123,9.654706121726903],[-0.026168850365330405,9.654706121726903],[0.027111679267785,9.707224659703918],[0.13367273853401582,9.707224659703918],[0.24023379780024662,9.75973496406965],[0.13367273853401582,9.602179392980267],[0.13367273853401582,9.339424389546785],[0.24023379780024662,9.234266556047505],[0.34679485706647745,9.234266556047505],[0.4533559163327082,9.286849417761783],[0.34679485706647745,9.076471062600337],[0.34679485706647745,8.813324805025875],[0.29351432743336203,8.760672877839589]]],[[[1.5189665089950164,7.07211191842776],[1.465685979361901,7.019236993203891],[1.465685979361901,6.807677650040226],[1.5189665089950164,6.754773125710684],[1.5189665089950164,6.490164596533139],[1.6255275682612476,6.384281926228946],[1.6255275682612476,6.278377357702322],[1.572247038628132,6.22541697326938],[1.572247038628132,6.066503955829818],[1.4124054497287857,6.066503955829818],[1.35912492009567,6.013522477806788],[1.3058443904625547,6.013522477806788],[1.3058443904625547,6.1194802275932405],[1.199283331196324,6.22541697326938],[1.1460028015632087,6.22541697326938],[1.1460028015632087,6.278377357702322],[1.0394417422969777,6.384281926228946],[0.8796001533976315,6.437226020979981],[0.8796001533976315,6.596025011617747],[0.7730390941314007,6.648946761994554],[0.7197585644982853,6.754773125710684],[0.7197585644982853,7.019236993203891],[0.7730390941314007,7.07211191842776],[0.7730390941314007,7.389232807654724],[0.6664780348651699,7.494889694715129],[0.7730390941314007,7.600520954809427],[0.7197585644982853,8.075535044411458],[0.8263196237645161,8.18101906311703],[0.8263196237645161,8.391903015722216],[0.6131975052320544,8.602672525860422],[0.6131975052320544,8.708013493290176],[0.6664780348651699,8.760672877839589],[0.6664780348651699,8.865969231448563],[0.6131975052320544,8.918606113738685],[0.6131975052320544,9.076471062600337],[0.6664780348651699,9.12907733530684],[0.6664780348651699,9.391991428324847],[0.5066364459658237,9.549644516339887],[0.5066364459658237,9.864730700772672],[0.8796001533976315,10.074621489646706],[0.9861612126638624,10.074621489646706],[1.2525638608294394,9.864730700772672],[1.2525638608294394,9.391991428324847],[1.3058443904625547,9.339424389546785],[1.3058443904625547,9.234266556047505],[1.465685979361901,9.076471062600337],[1.5189665089950164,8.971235408558963],[1.5189665089950164,7.07211191842776]]],[[[-12.227410136348759,9.75973496406965],[-12.174129606715642,9.707224659703918],[-12.014288017816297,9.707224659703918],[-11.801165899283836,9.812236992016816],[-11.268360602952681,9.812236992016816],[-10.948677425153988,9.444550491051508],[-10.895396895520873,9.339424389546785],[-10.895396895520873,9.234266556047505],[-10.788835836254643,9.181675847514661],[-10.842116365887758,9.12907733530684],[-10.842116365887758,9.02385707260398],[-10.682274776988413,8.865969231448563],[-10.682274776988413,8.708013493290176],[-10.628994247355296,8.602672525860422],[-10.788835836254643,8.391903015722216],[-10.788835836254643,8.128280520845289],[-10.735555306621526,8.075535044411458],[-10.628994247355296,8.075535044411458],[-10.57571371772218,8.128280520845289],[-10.682274776988413,8.02278267760996],[-10.682274776988413,7.811705183630086],[-10.948677425153988,7.547708550188744],[-11.001957954787105,7.547708550188744],[-11.268360602952681,7.283550646789687],[-11.3216411325858,7.283550646789687],[-11.42820219185203,7.177843565709869],[-11.53476325111826,6.9663560593727025],[-11.53476325111826,6.807677650040226],[-11.694604840017604,6.9663560593727025],[-12.014288017816297,7.12498079070197],[-12.120849077082529,7.12498079070197],[-12.440532254881221,7.283550646789687],[-12.600373843780567,7.283550646789687],[-12.653654373413682,7.389232807654724],[-12.760215432679914,7.389232807654724],[-12.813495962313027,7.442064432493206],[-12.973337551212374,7.442064432493206],[-13.079898610478606,7.547708550188744],[-13.079898610478606,7.653326864499871],[-12.973337551212374,7.7589190229184295],[-12.973337551212374,7.970023464264306],[-13.02661808084549,8.02278267760996],[-13.13317914011172,8.02278267760996],[-13.239740199377952,7.970023464264306],[-13.293020729011067,8.075535044411458],[-13.239740199377952,8.128280520845289],[-13.239740199377952,8.233750627461504],[-13.346301258644182,8.391903015722216],[-13.293020729011067,8.497302250564177],[-13.293020729011067,8.813324805025875],[-13.346301258644182,8.865969231448563],[-13.346301258644182,8.918606113738685],[-13.293020729011067,8.865969231448563],[-13.02661808084549,8.865969231448563],[-12.866776491946144,9.02385707260398],[-12.866776491946144,9.076471062600337],[-12.653654373413682,9.181675847514661],[-12.547093314147451,9.286849417761783],[-12.547093314147451,9.391991428324847],[-12.440532254881221,9.497101534715698],[-12.387251725248104,9.602179392980267],[-12.387251725248104,9.707224659703918],[-12.33397119561499,9.75973496406965],[-12.227410136348759,9.75973496406965]]],[[[-7.8717291595430625,8.563161862839861],[-7.80512617680018,8.549991029937058],[-7.858406706433295,8.549991029937058],[-7.8717291595430625,8.563161862839861]]],[[[1.5189665089950164,9.707224659703918],[1.465685979361901,9.75973496406965],[1.465685979361901,9.96969298979325],[1.3058443904625547,10.127072962075681],[1.199283331196324,10.179515859411653],[1.199283331196324,10.231950139128319],[1.6788080978943627,10.493990787520842],[1.7853691571605934,10.493990787520842],[2.211613394225517,10.70346386474898],[2.3181744534917472,10.70346386474898],[2.4780160423910935,10.808146326835434],[2.63785763129044,10.808146326835434],[2.8509797498229017,10.912792288593085],[3.010821338722248,10.912792288593085],[3.064101868355363,10.96510147675349],[3.170662927621594,10.96510147675349],[3.2239434572547094,11.017401413793564],[3.437065575787171,11.017401413793564],[3.4903461054202864,11.069692057780053],[3.596907164686517,11.069692057780053],[3.596907164686517,10.96510147675349],[3.650187694319633,10.912792288593085],[3.650187694319633,10.70346386474898],[3.7567487535858635,10.546372470488874],[3.543626635053402,10.389200847838355],[3.4903461054202864,10.284375758735237],[3.543626635053402,10.022161484686718],[3.4903461054202864,9.9172160475992],[3.33050451652094,9.864730700772672],[3.2239434572547094,9.75973496406965],[3.064101868355363,9.444550491051508],[3.064101868355363,9.181675847514661],[3.010821338722248,9.12907733530684],[2.744418690556671,9.12907733530684],[2.6911381609235554,9.076471062600337],[2.6911381609235554,8.865969231448563],[2.63785763129044,8.813324805025875],[2.63785763129044,7.970023464264306],[2.5845771016573247,7.917257448226919],[2.5845771016573247,7.811705183630086],[2.63785763129044,7.7589190229184295],[2.63785763129044,7.283550646789687],[2.6911381609235554,7.177843565709869],[2.63785763129044,7.12498079070197],[2.63785763129044,6.22541697326938],[2.211613394225517,6.22541697326938],[2.1583328645924014,6.172451248323487],[1.8919302164268244,6.172451248323487],[1.8919302164268244,6.437226020979981],[1.732088627527478,6.648946761994554],[1.732088627527478,6.860576343385114],[1.7853691571605934,6.913469161302048],[1.7853691571605934,8.549991029937058],[1.732088627527478,8.602672525860422],[1.732088627527478,9.076471062600337],[1.6788080978943627,9.181675847514661],[1.5189665089950164,9.339424389546785],[1.5189665089950164,9.707224659703918]]],[[[-14.99799767727076,10.651109051319263],[-15.104558736536992,10.755809637295362],[-15.21111979580322,10.755809637295362],[-15.21111979580322,10.808146326835434],[-15.370961384702566,11.017401413793564],[-15.477522443968798,11.017401413793564],[-15.58408350323503,10.86047389128386],[-15.690644562501259,10.86047389128386],[-15.743925092134377,10.912792288593085],[-16.223449858832417,10.912792288593085],[-16.27673038846553,10.96510147675349],[-16.27673038846553,11.12197336681812],[-16.330010918098644,11.174245299051494],[-16.48985250699799,11.174245299051494],[-16.543133036631108,11.226507812662637],[-16.543133036631108,11.278760865872894],[-16.436571977364878,11.383238424171472],[-16.436571977364878,11.539882766399328],[-16.330010918098644,11.64426384594997],[-16.330010918098644,11.74860575269388],[-16.38329144773176,11.800761912734245],[-16.38329144773176,11.957170723562436],[-16.59641356626422,12.1655750371273],[-16.436571977364878,12.1655750371273],[-16.223449858832417,12.269716124712001],[-15.58408350323503,12.269716124712001],[-15.370961384702566,12.373816062051077],[-15.264400325436338,12.477874521899297],[-15.157839266170106,12.477874521899297],[-15.104558736536992,12.529888095685394],[-13.82582602534222,12.529888095685394],[-13.772545495709107,12.373816062051077],[-13.82582602534222,12.373816062051077],[-14.038948143874682,12.21765070422118],[-14.038948143874682,12.061393127215252],[-13.879106554975337,11.905044439448124],[-13.82582602534222,11.905044439448124],[-13.82582602534222,11.800761912734245],[-13.932387084608452,11.800761912734245],[-14.038948143874682,11.696439716638679],[-14.0922286735078,11.74860575269388],[-14.30535079204026,11.74860575269388],[-14.465192380939607,11.592078182049514],[-14.678314499472068,11.592078182049514],[-14.891436618004528,11.383238424171472],[-14.99799767727076,11.069692057780053],[-15.104558736536992,10.96510147675349],[-15.104558736536992,10.86047389128386],[-15.051278206903875,10.808146326835434],[-14.944717147637645,10.808146326835434],[-14.838156088371415,10.912792288593085],[-14.625033969838954,11.331004416942646],[-14.465192380939607,11.331004416942646],[-14.252070262407145,11.487677640501555],[-14.145509203140913,11.487677640501555],[-14.0922286735078,11.4354628458983],[-13.932387084608452,11.4354628458983],[-13.879106554975337,11.487677640501555],[-13.71926496607599,11.487677640501555],[-13.61270390680976,11.592078182049514],[-13.61270390680976,11.800761912734245],[-13.559423377176644,11.852908155419005],[-13.559423377176644,11.957170723562436],[-13.665984436442875,12.061393127215252],[-13.665984436442875,12.113489164441141],[-13.506142847543527,12.321771257630898],[-13.506142847543527,12.425850497087954],[-13.559423377176644,12.529888095685394],[-13.186459669744837,12.425850497087954],[-13.02661808084549,12.269716124712001],[-12.92005702157926,12.269716124712001],[-12.866776491946144,12.321771257630898],[-12.653654373413682,12.21765070422118],[-12.440532254881221,12.21765070422118],[-12.387251725248104,12.113489164441141],[-12.280690665981874,12.113489164441141],[-12.120849077082529,12.21765070422118],[-11.64132431038449,12.21765070422118],[-11.53476325111826,12.269716124712001],[-11.588043780751374,12.21765070422118],[-11.588043780751374,12.061393127215252],[-11.481482721485143,11.957170723562436],[-11.42820219185203,11.957170723562436],[-11.268360602952681,11.800761912734245],[-11.16179954368645,11.800761912734245],[-11.001957954787105,11.957170723562436],[-10.522433188089066,11.4354628458983],[-10.522433188089066,11.383238424171472],[-9.883066832491682,10.755809637295362],[-9.829786302858565,10.755809637295362],[-9.616664184326103,10.546372470488874],[-9.56338365469299,10.546372470488874],[-9.403542065793642,10.389200847838355],[-9.19041994726118,10.284375758735237],[-9.08385888799495,10.179515859411653],[-8.231370413865106,9.75973496406965],[-8.231370413865106,9.391991428324847],[-8.018248295332642,9.181675847514661],[-7.964967765699527,9.076471062600337],[-8.018248295332642,8.971235408558963],[-8.018248295332642,8.708013493290176],[-7.8717291595430625,8.563161862839861],[-8.071528824965757,8.602672525860422],[-8.124809354598876,8.549991029937058],[-8.231370413865106,8.549991029937058],[-8.337931473131336,8.444606231297248],[-8.337931473131336,8.128280520845289],[-8.178089884231987,8.02278267760996],[-8.231370413865106,7.653326864499871],[-8.444492532397566,7.653326864499871],[-8.551053591663797,7.7589190229184295],[-8.710895180563142,7.7589190229184295],[-8.817456239829372,7.653326864499871],[-8.817456239829372,7.494889694715129],[-8.924017299095604,7.389232807654724],[-9.08385888799495,7.3363948643583905],[-9.137139417628065,7.442064432493206],[-9.243700476894297,7.494889694715129],[-9.243700476894297,7.7589190229184295],[-9.29698100652741,7.811705183630086],[-9.29698100652741,8.075535044411458],[-9.350261536160527,8.128280520845289],[-9.350261536160527,8.286475170142982],[-9.456822595426758,8.444606231297248],[-9.510103125059873,8.444606231297248],[-9.723225243592335,8.655346694809456],[-9.829786302858565,8.655346694809456],[-9.936347362124796,8.549991029937058],[-10.202750010290373,8.602672525860422],[-10.256030539923488,8.549991029937058],[-10.36259159918972,8.549991029937058],[-10.36259159918972,8.708013493290176],[-10.46915265845595,8.813324805025875],[-10.522433188089066,9.286849417761783],[-10.735555306621526,9.497101534715698],[-10.842116365887758,9.707224659703918],[-11.055238484420219,9.9172160475992],[-11.055238484420219,9.96969298979325],[-11.16179954368645,10.074621489646706],[-11.854446428916951,10.074621489646706],[-11.961007488183181,9.96969298979325],[-12.440532254881221,9.96969298979325],[-12.706934903046797,9.654706121726903],[-12.813495962313027,9.391991428324847],[-12.92005702157926,9.391991428324847],[-13.079898610478606,9.234266556047505],[-13.079898610478606,9.12907733530684],[-13.293020729011067,9.12907733530684],[-13.346301258644182,9.076471062600337],[-13.559423377176644,9.339424389546785],[-13.82582602534222,9.339424389546785],[-13.879106554975337,9.391991428324847],[-13.879106554975337,9.497101534715698],[-13.772545495709107,9.549644516339887],[-13.772545495709107,9.654706121726903],[-13.985667614241567,9.864730700772672],[-14.145509203140913,9.9172160475992],[-14.30535079204026,10.074621489646706],[-14.41191185130649,10.074621489646706],[-14.518472910572722,10.127072962075681],[-14.518472910572722,10.231950139128319],[-14.731595029105183,10.44160023253443],[-14.731595029105183,10.546372470488874],[-14.838156088371415,10.651109051319263],[-14.99799767727076,10.651109051319263]]],[[[-11.3216411325858,12.21765070422118],[-11.215080073319566,12.21765070422118],[-11.16179954368645,12.1655750371273],[-11.268360602952681,12.113489164441141],[-11.3216411325858,12.21765070422118]]],[[[-15.264400325436338,13.567902407061489],[-15.264400325436338,13.516106354986254],[-15.370961384702566,13.412480517139297],[-15.370961384702566,13.567902407061489],[-15.264400325436338,13.567902407061489]]],[[[-16.809535684796682,13.774973239846105],[-16.809535684796682,13.981860764997181],[-16.916096744062916,14.08523499524732],[-16.96937727369603,14.240208537662507],[-17.235779921861607,14.54983564407616],[-17.502182570027184,14.54983564407616],[-17.555463099660304,14.652948723728151],[-17.555463099660304,14.756013306001128],[-17.235779921861607,14.859029080372373],[-16.96937727369603,15.116352950959119],[-16.8628162144298,15.32198778063907],[-16.75625515516357,15.424729595940192],[-16.75625515516357,15.476081469965516],[-16.64969409589734,15.578746960272069],[-16.64969409589734,15.630060500507014],[-16.59641356626422,15.681361186849834],[-16.436571977364878,15.681361186849834],[-16.38329144773176,15.73264898140398],[-16.38329144773176,15.886434636132279],[-16.330010918098644,15.937670485584942],[-16.330010918098644,16.040102905381513],[-16.223449858832417,16.193652774232874],[-16.223449858832417,16.347083231952297],[-15.79720562176749,16.347083231952297],[-15.743925092134377,16.29595307616731],[-15.637364032868145,16.29595307616731],[-15.424241914335685,16.3982000079631],[-15.104558736536992,16.3982000079631],[-15.051278206903875,16.44930336702562],[-14.838156088371415,16.44930336702562],[-14.7848755587383,16.500393272018194],[-14.731595029105183,16.44930336702562],[-14.41191185130649,16.44930336702562],[-14.358631321673375,16.3982000079631],[-14.252070262407145,16.3982000079631],[-13.82582602534222,15.937670485584942],[-13.559423377176644,15.937670485584942],[-13.399581788277297,15.83518574381439],[-13.399581788277297,15.73264898140398],[-13.346301258644182,15.681361186849834],[-13.346301258644182,15.527420604092269],[-13.239740199377952,15.424729595940192],[-13.186459669744837,15.424729595940192],[-12.973337551212374,15.270597915711416],[-12.973337551212374,15.167780462547528],[-12.706934903046797,14.910518567769207],[-12.706934903046797,14.60139822663657],[-12.760215432679914,14.54983564407616],[-12.760215432679914,14.240208537662507],[-12.813495962313027,14.188562449722845],[-12.813495962313027,13.981860764997181],[-12.866776491946144,13.930156207515356],[-12.866776491946144,13.774973239846105],[-12.440532254881221,13.360650811252002],[-12.387251725248104,13.360650811252002],[-11.53476325111826,12.529888095685394],[-11.588043780751374,12.477874521899297],[-12.120849077082529,12.477874521899297],[-12.227410136348759,12.373816062051077],[-12.280690665981874,12.373816062051077],[-12.600373843780567,12.529888095685394],[-12.760215432679914,12.529888095685394],[-12.866776491946144,12.633883727196348],[-13.079898610478606,12.737837066078693],[-15.264400325436338,12.737837066078693],[-15.370961384702566,12.633883727196348],[-15.58408350323503,12.529888095685394],[-15.690644562501259,12.529888095685394],[-15.743925092134377,12.477874521899297],[-15.79720562176749,12.529888095685394],[-16.27673038846553,12.529888095685394],[-16.38329144773176,12.425850497087954],[-16.702974625530455,12.425850497087954],[-16.809535684796682,12.321771257630898],[-16.809535684796682,12.685865703535606],[-16.8628162144298,12.737837066078693],[-16.809535684796682,12.78979777424059],[-16.809535684796682,12.893687065297783],[-16.64969409589734,12.893687065297783],[-16.59641356626422,12.997533252897119],[-15.743925092134377,12.997533252897119],[-15.690644562501259,13.049440081900958],[-15.690644562501259,13.153221008703976],[-15.58408350323503,13.153221008703976],[-15.530802973601913,13.20509502599072],[-15.21111979580322,13.20509502599072],[-15.104558736536992,13.308809967387218],[-15.104558736536992,13.360650811252002],[-14.891436618004528,13.256958025600094],[-14.7848755587383,13.256958025600094],[-14.678314499472068,13.153221008703976],[-14.518472910572722,13.153221008703976],[-14.358631321673375,13.049440081900958],[-14.145509203140913,13.049440081900958],[-13.932387084608452,13.153221008703976],[-13.82582602534222,13.153221008703976],[-13.665984436442875,13.308809967387218],[-13.665984436442875,13.412480517139297],[-13.772545495709107,13.567902407061489],[-13.879106554975337,13.619687161390644],[-14.145509203140913,13.619687161390644],[-14.30535079204026,13.516106354986254],[-14.518472910572722,13.723222617542701],[-14.678314499472068,13.723222617542701],[-14.7848755587383,13.82671240536471],[-14.891436618004528,13.82671240536471],[-14.944717147637645,13.878440074453902],[-15.157839266170106,13.878440074453902],[-15.21111979580322,13.82671240536471],[-15.264400325436338,13.878440074453902],[-15.370961384702566,13.878440074453902],[-15.637364032868145,13.619687161390644],[-16.330010918098644,13.619687161390644],[-16.38329144773176,13.67146057814528],[-16.59641356626422,13.67146057814528],[-16.64969409589734,13.619687161390644],[-16.64969409589734,13.464299045039011],[-16.59641356626422,13.412480517139297],[-15.79720562176749,13.412480517139297],[-15.903766681033723,13.308809967387218],[-15.903766681033723,13.20509502599072],[-16.75625515516357,13.20509502599072],[-16.809535684796682,13.101336013929377],[-16.8628162144298,13.153221008703976],[-16.8628162144298,13.360650811252002],[-16.702974625530455,13.516106354986254],[-16.702974625530455,13.67146057814528],[-16.809535684796682,13.774973239846105]]],[[[-16.116888799566183,18.482015651121124],[-16.170169329199297,18.53253756904734],[-16.170169329199297,18.684013606124378],[-16.223449858832417,18.73447559702621],[-16.223449858832417,18.88577102021698],[-16.59641356626422,19.338834288927494],[-16.543133036631108,19.389097706843998],[-16.543133036631108,19.6903512420615],[-16.38329144773176,19.890873061911464],[-16.27673038846553,19.940963976183927],[-16.27673038846553,20.191179641167434],[-16.38329144773176,20.29115380026198],[-16.38329144773176,20.391063503245995],[-16.48985250699799,20.49090848807963],[-16.59641356626422,20.49090848807963],[-16.702974625530455,20.59068849367914],[-16.809535684796682,20.79005252763529],[-16.916096744062916,20.79005252763529],[-16.916096744062916,20.989153535654285],[-16.8628162144298,21.038887448810893],[-16.8628162144298,21.138305444695003],[-16.809535684796682,21.187989463719013],[-12.973337551212374,21.187989463719013],[-12.866776491946144,21.287307385128084],[-12.866776491946144,21.23765678776328],[-12.92005702157926,21.187989463719013],[-12.92005702157926,21.08860476245184],[-12.973337551212374,21.038887448810893],[-12.973337551212374,20.889636038625774],[-13.079898610478606,20.69040325991921],[-13.079898610478606,20.54080662956397],[-13.186459669744837,20.341116725167677],[-13.239740199377952,19.99103900757267],[-13.293020729011067,19.940963976183927],[-13.293020729011067,19.79064371781288],[-13.346301258644182,19.74050535468295],[-13.346301258644182,19.539794742493097],[-13.399581788277297,19.489577967443736],[-13.399581788277297,19.288555391119548],[-13.452862317910412,19.238261047382547],[-13.452862317910412,18.936172529646154],[-13.506142847543527,18.88577102021698],[-13.506142847543527,18.026652332747076],[-13.452862317910412,17.975983046792276],[-13.452862317910412,17.773160830314612],[-13.346301258644182,17.57010820749424],[-13.346301258644182,17.468496209208492],[-13.079898610478606,16.95959088483953],[-13.079898610478606,16.857642785855965],[-12.92005702157926,16.602532571569846],[-12.866776491946144,16.347083231952297],[-12.813495962313027,16.29595307616731],[-12.813495962313027,16.193652774232874],[-12.760215432679914,16.142482702692924],[-12.760215432679914,15.937670485584942],[-12.706934903046797,15.886434636132279],[-12.706934903046797,15.32198778063907],[-12.813495962313027,15.424729595940192],[-12.813495962313027,15.527420604092269],[-12.866776491946144,15.578746960272069],[-12.973337551212374,15.578746960272069],[-13.13317914011172,15.73264898140398],[-13.13317914011172,15.83518574381439],[-13.239740199377952,16.040102905381513],[-13.399581788277297,16.193652774232874],[-13.559423377176644,16.193652774232874],[-13.61270390680976,16.24480957783461],[-13.82582602534222,16.24480957783461],[-13.82582602534222,16.29595307616731],[-14.19878973277403,16.653581892148896],[-14.30535079204026,16.704617610698175],[-14.838156088371415,16.704617610698175],[-14.891436618004528,16.755639690359963],[-15.104558736536992,16.755639690359963],[-15.21111979580322,16.653581892148896],[-15.477522443968798,16.653581892148896],[-15.690644562501259,16.55146968587174],[-15.743925092134377,16.602532571569846],[-16.27673038846553,16.602532571569846],[-16.436571977364878,16.44930336702562],[-16.436571977364878,16.29595307616731],[-16.543133036631108,16.193652774232874],[-16.543133036631108,16.347083231952297],[-16.48985250699799,16.3982000079631],[-16.48985250699799,16.602532571569846],[-16.330010918098644,16.908623728240773],[-16.330010918098644,17.010544219061185],[-16.223449858832417,17.163320922358658],[-16.170169329199297,17.417668914089468],[-16.116888799566183,17.468496209208492],[-16.116888799566183,17.671663176817226],[-16.06360826993307,17.722419185938648],[-16.06360826993307,18.279779382104277],[-16.116888799566183,18.330360668967913],[-16.116888799566183,18.482015651121124]]],[[[-13.239740199377952,22.572249458307297],[-13.186459669744837,22.52304468034632],[-13.186459669744837,22.178122103751498],[-13.13317914011172,22.12877793750904],[-13.13317914011172,21.386558273325097],[-14.625033969838954,21.386558273325097],[-14.465192380939607,21.683906219754384],[-14.465192380939607,21.8323509902906],[-14.145509203140913,22.12877793750904],[-14.038948143874682,22.326050576699966],[-14.038948143874682,22.719758316322515],[-13.985667614241567,22.76889267734332],[-13.985667614241567,23.01429870622948],[-13.932387084608452,23.063326549597935],[-13.932387084608452,23.210302825004668],[-13.879106554975337,23.259259067639395],[-13.879106554975337,23.406019839882333],[-13.772545495709107,23.60144789106265],[-13.506142847543527,23.747828187372264],[-13.399581788277297,23.747828187372264],[-13.293020729011067,23.79658513494861],[-13.13317914011172,23.942746125698328],[-12.973337551212374,24.234571230781253],[-12.973337551212374,24.331698220110756],[-12.547093314147451,24.52572879490646],[-12.280690665981874,24.76784585853883],[-12.227410136348759,24.864560956350644],[-12.227410136348759,24.96120045567092],[-12.174129606715642,25.00949178847522],[-12.174129606715642,25.106017486092775],[-12.120849077082529,25.15425179738767],[-12.120849077082529,23.45490401531679],[-12.227410136348759,23.45490401531679],[-12.387251725248104,23.357117604137677],[-12.547093314147451,23.357117604137677],[-12.760215432679914,23.259259067639395],[-12.866776491946144,23.161328638297448],[-12.92005702157926,23.161328638297448],[-13.186459669744837,22.916189568487155],[-13.239740199377952,22.818009359514303],[-13.239740199377952,22.572249458307297]]],[[[-12.493812784514335,23.161328638297448],[-12.280690665981874,23.161328638297448],[-11.961007488183181,23.30819733704741],[-11.854446428916951,23.406019839882333],[-11.854446428916951,25.827518780709752],[-9.66994471395922,25.827518780709752],[-10.096188951024143,25.63554221106574],[-10.57571371772218,25.202467048101898],[-10.57571371772218,25.15425179738767],[-10.948677425153988,24.76784585853883],[-11.055238484420219,24.57418973506956],[-11.16179954368645,24.477249145798122],[-11.16179954368645,24.428750815243394],[-11.268360602952681,24.331698220110756],[-11.268360602952681,24.283144010851036],[-11.374921662218911,24.18597990772055],[-11.374921662218911,24.13737006955203],[-11.481482721485143,24.040094959743517],[-11.481482721485143,23.991429744189197],[-11.588043780751374,23.89404413247327],[-12.600373843780567,22.030037775231023],[-12.653654373413682,21.78288646111117],[-12.760215432679914,21.63439056969071],[-12.813495962313027,21.386558273325097],[-12.866776491946144,21.33694122417462],[-12.866776491946144,21.53530836653829],[-12.92005702157926,21.584857941548503],[-12.92005702157926,22.326050576699966],[-12.973337551212374,22.375325291065177],[-12.973337551212374,22.572249458307297],[-13.02661808084549,22.621436676927278],[-13.02661808084549,22.719758316322515],[-12.973337551212374,22.818009359514303],[-12.760215432679914,23.01429870622948],[-12.706934903046797,23.01429870622948],[-12.600373843780567,23.11233653673507],[-12.493812784514335,23.161328638297448]]],[[[-11.374921662218911,26.40157696341947],[-11.16179954368645,26.592300444182666],[-11.16179954368645,26.735134923247674],[-11.215080073319566,26.78270664078344],[-11.108519014053336,26.78270664078344],[-11.055238484420219,26.830258429761386],[-10.895396895520873,26.830258429761386],[-10.842116365887758,26.877790265790303],[-10.628994247355296,26.877790265790303],[-10.57571371772218,26.830258429761386],[-10.46915265845595,26.830258429761386],[-10.36259159918972,26.78270664078344],[-10.256030539923488,26.687543301610425],[-9.989627891757912,26.735134923247674],[-9.936347362124796,26.687543301610425],[-9.77650577322545,26.687543301610425],[-9.56338365469299,26.78270664078344],[-9.403542065793642,26.92530212454418],[-8.977297828728718,26.92530212454418],[-8.924017299095604,26.97279398176219],[-8.764175710196257,26.97279398176219],[-8.764175710196257,26.35384670332109],[-8.817456239829372,26.258327089848052],[-9.08385888799495,26.162728852613625],[-9.19041994726118,26.067052193256377],[-11.588043780751374,26.067052193256377],[-11.481482721485143,26.258327089848052],[-11.374921662218911,26.35384670332109],[-11.374921662218911,26.40157696341947]]],[[[-8.551053591663797,27.067717594873226],[-8.39121200276445,26.97279398176219],[-8.49777306203068,26.877790265790303],[-8.551053591663797,26.877790265790303],[-8.551053591663797,27.067717594873226]]],[[[-0.9319378541282923,35.781862912051395],[-0.5589741466964845,35.781862912051395],[-0.4524130874302537,35.91142042924111],[-0.23929096889779206,35.91142042924111],[-0.1860104392646766,35.868258108744875],[-0.026168850365330405,35.868258108744875],[0.0803922089009004,35.954559215591786],[0.0803922089009004,36.04076613947937],[0.18695326816713123,36.12687878824978],[0.5066364459658237,36.25587079631037],[0.6131975052320544,36.34174736034713],[0.7197585644982853,36.34174736034713],[1.0394417422969777,36.51321663000687],[1.2525638608294394,36.51321663000687],[1.3058443904625547,36.556024746428534],[1.6788080978943627,36.556024746428534],[1.732088627527478,36.59880916080643],[2.1583328645924014,36.59880916080643],[2.211613394225517,36.641569862420404],[2.6911381609235554,36.641569862420404],[2.9042602794560173,36.81237532888971],[3.010821338722248,36.85501730793677],[3.1173823979884787,36.81237532888971],[3.596907164686517,36.81237532888971],[3.8100292832189795,36.94022992816309],[4.502676168449479,36.94022992816309],[4.5559566980825945,36.89763551113123],[4.928920405514403,36.89763551113123],[5.142042524046864,36.81237532888971],[5.248603583313095,36.684306840609054],[5.461725701845556,36.684306840609054],[5.621567290744903,36.81237532888971],[5.728128350011134,36.85501730793677],[6.047811527809826,36.85501730793677],[6.154372587076057,36.89763551113123],[6.207653116709173,36.98280054878075],[6.367494705608519,37.11036953050637],[6.527336294507865,37.11036953050637],[6.740458413040327,36.98280054878075],[6.900300001939672,36.98280054878075],[6.953580531572788,36.94022992816309],[7.113422120472134,36.94022992816309],[7.219983179738365,37.11036953050637],[7.433105298270827,37.11036953050637],[7.699507946436404,36.98280054878075],[7.85934953533575,36.98280054878075],[7.912630064968866,36.89763551113123],[8.072471653868211,36.89763551113123],[8.232313242767558,36.98280054878075],[8.338874302033789,36.94022992816309],[8.498715890933134,36.94022992816309],[8.498715890933134,36.85501730793677],[8.44543536130002,36.85501730793677],[8.338874302033789,36.7697095843584],[8.338874302033789,36.641569862420404],[8.125752183501328,36.556024746428534],[8.125752183501328,36.427529334207286],[8.232313242767558,36.34174736034713],[8.285593772400674,36.34174736034713],[8.232313242767558,36.25587079631037],[8.232313242767558,36.04076613947937],[8.179032713134442,35.997674456187724],[8.179032713134442,35.69537371958089],[8.232313242767558,35.652093904588064],[8.232313242767558,35.218007281397355],[8.285593772400674,35.13090947569717],[8.179032713134442,34.956434187845325],[8.179032713134442,34.73781674818148],[8.125752183501328,34.69402361367323],[8.125752183501328,34.606367804138074],[7.912630064968866,34.51861936331295],[7.433105298270827,34.078491509232],[7.433105298270827,33.680410265625824],[7.6462274168032875,33.32500537005681],[7.6462274168032875,33.14675664141796],[8.072471653868211,32.968145032741766],[8.072471653868211,32.92343554745964],[8.179032713134442,32.83394878747176],[8.232313242767558,32.744371747590975],[8.232313242767558,32.47510023455575],[8.551996420566251,32.2500900501075],[8.658557479832481,32.2500900501075],[8.658557479832481,32.20502087450716],[8.765118539098713,32.114815518646886],[8.818399068731827,32.114815518646886],[8.978240657631174,31.979340227179286],[8.978240657631174,31.888912060103944],[9.031521187264289,31.84366463629695],[9.031521187264289,31.70778921176238],[9.084801716897404,31.66245307735374],[9.084801716897404,31.48088737753366],[9.13808224653052,31.435440750684357],[9.13808224653052,31.344481379723515],[8.978240657631174,31.344481379723515],[8.765118539098713,31.435440750684357],[8.658557479832481,31.435440750684357],[8.605276950199366,31.48088737753366],[8.498715890933134,31.48088737753366],[8.44543536130002,31.52631194141978],[8.072471653868211,31.57171442451613],[8.019191124235096,31.617094809060234],[7.85934953533575,31.617094809060234],[7.806069005702634,31.66245307735374],[7.6462274168032875,31.66245307735374],[7.592946887170173,31.70778921176238],[7.379824768637711,31.70778921176238],[7.326544239004595,31.753103194715933],[7.060141590839018,31.753103194715933],[7.006861061205903,31.79839500870819],[6.6871778834072115,31.79839500870819],[6.633897353774096,31.84366463629695],[6.1010920574429415,31.84366463629695],[6.047811527809826,31.888912060103944],[3.9698708721183253,31.888912060103944],[3.9165903424852098,31.84366463629695],[3.33050451652094,31.84366463629695],[3.2772239868878246,31.79839500870819],[2.8509797498229017,31.79839500870819],[2.797699220189786,31.753103194715933],[2.4780160423910935,31.753103194715933],[2.4247355127579784,31.70778921176238],[2.1583328645924014,31.70778921176238],[2.1050523349592862,31.66245307735374],[1.8386496867937088,31.66245307735374],[1.7853691571605934,31.617094809060234],[1.572247038628132,31.617094809060234],[1.5189665089950164,31.57171442451613],[1.3058443904625547,31.57171442451613],[1.2525638608294394,31.52631194141978],[1.092722271930093,31.52631194141978],[1.0394417422969777,31.48088737753366],[0.8263196237645161,31.48088737753366],[0.7730390941314007,31.435440750684357],[0.6131975052320544,31.435440750684357],[0.559916975598939,31.389972078762643],[0.4000753866995929,31.389972078762643],[0.18695326816713123,31.298968671586135],[0.027111679267785,31.298968671586135],[-0.1860104392646766,31.207877300414765],[-0.29257149853090747,31.207877300414765],[-0.34585202816402283,31.16229867374054],[-0.505693617063369,31.16229867374054],[-0.7188157355958307,31.071075629596947],[-0.8253767948620616,31.071075629596947],[-0.9852183837614077,30.97976498698673],[-1.2516210319269847,30.934076862470793],[-1.3049015615601,30.888366893924072],[-1.411462620826331,30.888366893924072],[-1.8377068578912545,30.705308953656246],[-1.944267917157485,30.705308953656246],[-2.210670565323062,30.567787057054684],[-2.317231624589293,30.567787057054684],[-3.4894032765178316,30.061873719515113],[-3.5959643357840623,29.96960949000105],[-4.128769632115217,29.738574093456045],[-4.714855458079486,29.36780896487279],[-4.7681359877126015,29.36780896487279],[-4.874697046978833,29.274905537090294],[-4.927977576611948,29.274905537090294],[-5.087819165511294,29.13539196280729],[-5.3009412840437555,29.042277537283915],[-5.887027110008026,28.62222432585838],[-5.940307639641141,28.62222432585838],[-6.100149228540487,28.48183084082507],[-6.153429758173602,28.48183084082507],[-6.3132713470729485,28.341250466376497],[-6.366551876706064,28.341250466376497],[-6.52639346560541,28.20048380116103],[-6.579673995238525,28.20048380116103],[-6.792796113770987,28.012506173172333],[-6.8460766434041025,28.012506173172333],[-7.005918232303449,27.871307187283957],[-7.059198761936564,27.871307187283957],[-7.21904035083591,27.729923944318404],[-7.272320880469026,27.729923944318404],[-7.4321624693683725,27.588357065842207],[-7.485442999001489,27.588357065842207],[-7.645284587900835,27.44660717871058],[-7.698565117533949,27.44660717871058],[-7.858406706433295,27.304674915066713],[-7.9116872360664106,27.304674915066713],[-8.071528824965757,27.16256091234079],[-8.231370413865106,27.1151493025706],[-8.551053591663797,27.304674915066713],[-8.551053591663797,27.541127406651896],[-8.49777306203068,27.588357065842207],[-8.49777306203068,27.682755357924968],[-8.551053591663797,27.729923944318404],[-8.551053591663797,28.57544729974053],[-8.444492532397566,28.668980520513113],[-8.39121200276445,28.668980520513113],[-8.124809354598876,28.9024482595207],[-7.964967765699527,28.94907900891849],[-7.592004058267719,29.228422115679077],[-7.272320880469026,29.228422115679077],[-7.11247929156968,29.36780896487279],[-6.899357173037218,29.36780896487279],[-6.8460766434041025,29.32136782713252],[-6.686235054504756,29.32136782713252],[-6.473112935972295,29.414228929443283],[-6.259990817439832,29.414228929443283],[-6.206710287806717,29.46062770004126],[-5.780466050741794,29.46062770004126],[-5.673904991475564,29.36780896487279],[-5.514063402576218,29.36780896487279],[-5.3009412840437555,29.553361576434355],[-5.194380224777525,29.738574093456045],[-4.927977576611948,29.96960949000105],[-4.927977576611948,30.01575233400216],[-4.821416517345717,30.01575233400216],[-4.714855458079486,30.107973626647397],[-4.55501386918014,30.154052035571368],[-4.501733339547025,30.246144279808277],[-4.395172280280794,30.246144279808277],[-4.341891750647679,30.292158075790265],[-4.341891750647679,30.384120917640182],[-4.2353306913814475,30.43006992456602],[-4.022208572848986,30.43006992456602],[-3.968928043215871,30.4759972963057],[-3.8090864543165246,30.4759972963057],[-3.5959643357840623,30.567787057054684],[-3.4894032765178316,30.6594900461905],[-3.4894032765178316,30.796881499454628],[-3.4361227468847164,30.842635100009527],[-3.4361227468847164,31.025431248873446],[-3.6492448654171783,31.207877300414765],[-3.6492448654171783,31.253433972433974],[-3.542683806150947,31.344481379723515],[-3.542683806150947,31.52631194141978],[-3.4361227468847164,31.52631194141978],[-3.382842217251601,31.57171442451613],[-3.1697200987191394,31.57171442451613],[-3.1164395690860243,31.617094809060234],[-2.956597980186678,31.617094809060234],[-2.9033174505535624,31.66245307735374],[-2.7967563912873317,31.66245307735374],[-2.6901953320211005,31.753103194715933],[-2.6901953320211005,31.84366463629695],[-2.743475861654216,31.934137262814872],[-2.6369148023879854,31.979340227179286],[-1.518023680092562,31.979340227179286],[-1.4647431504594468,31.934137262814872],[-1.145059972660754,31.934137262814872],[-1.0384989133945233,32.02452093601061],[-1.0384989133945233,32.114815518646886],[-1.0917794430276386,32.15992935839771],[-1.0917794430276386,32.29513686839462],[-1.0384989133945233,32.29513686839462],[-0.9319378541282923,32.38516336613106],[-0.9319378541282923,32.52003501644141],[-1.3581820911932156,32.83394878747176],[-1.3581820911932156,33.05749613493052],[-1.518023680092562,33.235926427644564],[-1.4647431504594468,33.547304482641195],[-1.571304209725677,33.680410265625824],[-1.571304209725677,33.946004172278656],[-1.518023680092562,33.99018958610701],[-1.518023680092562,34.078491509232],[-1.571304209725677,34.12260799001237],[-1.571304209725677,34.254819339428145],[-1.6245847393587927,34.29884371145344],[-1.571304209725677,34.38682325523422],[-1.571304209725677,34.474710439922355],[-1.677865268991908,34.56250515590096],[-1.6245847393587927,34.65020729453734],[-1.6245847393587927,34.73781674818148],[-1.9975484467906006,35.00008793736587],[-2.0508289764237158,35.00008793736587],[-2.0508289764237158,35.04371841042159],[-2.157390035689947,35.13090947569717],[-2.1041095060568313,35.13090947569717],[-2.0508289764237158,35.087325594136935],[-1.944267917157485,35.087325594136935],[-1.8909873875243697,35.13090947569717],[-1.784426328258139,35.13090947569717],[-1.6245847393587927,35.26152118021163],[-1.3581820911932156,35.348478906909186],[-1.2516210319269847,35.435343122592826],[-1.2516210319269847,35.565463896929884],[-1.145059972660754,35.652093904588064],[-1.145059972660754,35.738630059371495],[-0.9852183837614077,35.738630059371495],[-0.9319378541282923,35.781862912051395]]],[[[-8.817456239829372,37.534048584441585],[-8.870736769462487,37.576285011366735],[-8.817456239829372,37.61849749506236],[-8.817456239829372,37.82920044066575],[-8.924017299095604,37.91331369426827],[-8.924017299095604,37.955334301167625],[-8.817456239829372,38.08125193598164],[-8.817456239829372,38.290633519018456],[-8.870736769462487,38.33243758734218],[-9.243700476894297,38.33243758734218],[-9.243700476894297,38.54109622759777],[-9.29698100652741,38.58275555801475],[-9.403542065793642,38.58275555801475],[-9.510103125059873,38.62439073702723],[-9.510103125059873,38.83220408397118],[-9.456822595426758,38.87369418910311],[-9.456822595426758,39.08078147334452],[-9.403542065793642,39.12212622959523],[-9.403542065793642,39.28726267519098],[-9.456822595426758,39.32848610587835],[-9.350261536160527,39.36968525012809],[-9.137139417628065,39.53423882394018],[-9.08385888799495,39.616369713284655],[-9.08385888799495,39.739383524667424],[-8.977297828728718,39.90306095700431],[-8.977297828728718,39.98475342292828],[-8.924017299095604,40.02556307148589],[-8.924017299095604,40.26990839888451],[-8.870736769462487,40.310547137394565],[-8.870736769462487,40.43231669530613],[-8.817456239829372,40.47285764325143],[-8.817456239829372,40.634776764163604],[-8.764175710196257,40.67519534962264],[-8.764175710196257,40.79630415386198],[-8.710895180563142,40.836624753974114],[-8.710895180563142,41.11818242099345],[-8.817456239829372,41.27853267210214],[-8.817456239829372,41.558199824491794],[-8.924017299095604,41.71746870226491],[-8.924017299095604,42.27180761586582],[-9.08385888799495,42.46861503367324],[-9.08385888799495,42.782223727408095],[-8.444492532397566,43.17201181992534],[-8.444492532397566,43.21085470723061],[-8.231370413865106,43.365979016170094],[-8.231370413865106,43.40469827332364],[-7.964967765699527,43.59792354488171],[-7.964967765699527,43.6364943841208],[-7.858406706433295,43.71356183437735],[-7.80512617680018,43.71356183437735],[-7.698565117533949,43.790530303478405],[-7.592004058267719,43.790530303478405],[-7.538723528634603,43.75205844231397],[-7.4321624693683725,43.75205844231397],[-7.325601410102142,43.71356183437735],[-7.165759821202796,43.59792354488171],[-5.993588169274257,43.59792354488171],[-5.8337465803749105,43.67504048114045],[-5.727185521108679,43.67504048114045],[-5.620624461842448,43.55932796503232],[-5.24766075441064,43.55932796503232],[-5.087819165511294,43.482062590168894],[-4.821416517345717,43.482062590168894],[-4.7681359877126015,43.4433927986031],[-4.608294398813255,43.4433927986031],[-4.55501386918014,43.40469827332364],[-4.2353306913814475,43.40469827332364],[-4.022208572848986,43.482062590168894],[-3.8623669839496397,43.482062590168894],[-3.8090864543165246,43.52070764622769],[-3.4894032765178316,43.52070764622769],[-3.1697200987191394,43.40469827332364],[-2.7967563912873317,43.4433927986031],[-2.743475861654216,43.482062590168894],[-2.5303537431217547,43.40469827332364],[-2.423792683855524,43.40469827332364],[-2.317231624589293,43.32723502902841],[-2.0508289764237158,43.32723502902841],[-1.9975484467906006,43.365979016170094],[-1.8909873875243697,43.365979016170094],[-1.8377068578912545,43.28846631383094],[-1.8377068578912545,43.21085470723061],[-1.784426328258139,43.17201181992534],[-1.518023680092562,43.133144212759554],[-1.571304209725677,43.09425188789898],[-1.571304209725677,43.01639309399094],[-1.411462620826331,42.899419577262876],[-1.3049015615601,42.899419577262876],[-1.2516210319269847,42.93843545646676],[-1.0917794430276386,42.86037899434664],[-0.8253767948620616,42.82131371021392],[-0.6122546763296001,42.664805613099865],[-0.34585202816402283,42.664805613099865],[-0.29257149853090747,42.703969676188585],[-0.13272990963156123,42.5864034256355],[0.18695326816713123,42.5864034256355],[0.24023379780024662,42.547165306872],[0.7197585644982853,42.547165306872],[0.8263196237645161,42.703969676188585],[0.8796001533976315,42.664805613099865],[1.0394417422969777,42.664805613099865],[1.1460028015632087,42.5864034256355],[1.3058443904625547,42.5864034256355],[1.3058443904625547,42.42930288513879],[1.465685979361901,42.311218428214836],[1.8386496867937088,42.3506045793141],[1.998491275693055,42.23237214548397],[2.1050523349592862,42.23237214548397],[2.3181744534917472,42.311218428214836],[2.4780160423910935,42.19291202033496],[2.63785763129044,42.19291202033496],[2.9042602794560173,42.311218428214836],[3.2772239868878246,42.311218428214836],[3.3837850461540557,42.3506045793141],[3.3837850461540557,42.19291202033496],[3.2772239868878246,42.153427243733226],[3.2772239868878246,42.07438374967393],[3.33050451652094,42.03482503909002],[3.33050451652094,41.876343855545485],[3.2772239868878246,41.79695551009264],[3.2239434572547094,41.79695551009264],[2.8509797498229017,41.558199824491794],[2.744418690556671,41.518321115549995],[2.63785763129044,41.518321115549995],[2.4247355127579784,41.398537480231674],[2.371454983124863,41.398537480231674],[2.3181744534917472,41.318558842305485],[2.1583328645924014,41.198406651510844],[1.998491275693055,41.198406651510844],[1.7853691571605934,41.11818242099345],[1.6255275682612476,41.11818242099345],[1.465685979361901,41.03786001764667],[1.3058443904625547,41.03786001764667],[1.2525638608294394,40.99766201297821],[1.1460028015632087,40.99766201297821],[1.0394417422969777,40.95743947938386],[0.9328806830307469,40.876920844937544],[0.9328806830307469,40.75595904967424],[0.9861612126638624,40.71558944653563],[0.9861612126638624,40.634776764163604],[0.8796001533976315,40.59433369543872],[0.7197585644982853,40.47285764325143],[0.6131975052320544,40.47285764325143],[0.559916975598939,40.43231669530613],[0.4533559163327082,40.22924522697888],[0.24023379780024662,40.06634832226142],[0.0803922089009004,39.82127097409699],[-0.07944937999844581,39.698403266009876],[-0.23929096889779206,39.45201065144403],[-0.1860104392646766,39.246014965101615],[-0.13272990963156123,39.20474298270034],[-0.13272990963156123,39.08078147334452],[-0.07944937999844581,38.998019237990285],[0.0803922089009004,38.87369418910311],[0.18695326816713123,38.87369418910311],[0.29351432743336203,38.79068978043966],[0.34679485706647745,38.70758860900903],[0.13367273853401582,38.54109622759777],[-0.1860104392646766,38.41597340846833],[-0.39913255779713824,38.248805356652305],[-0.39913255779713824,38.16507678352381],[-0.5589741466964845,38.0393034308098],[-0.5589741466964845,37.91331369426827],[-0.6122546763296001,37.871269071125205],[-0.6122546763296001,37.534048584441585],[-0.6655352059627152,37.49178822367092],[-1.0384989133945233,37.49178822367092],[-1.0917794430276386,37.449503938496136],[-1.3049015615601,37.449503938496136],[-1.4647431504594468,37.322507631823186],[-1.518023680092562,37.322507631823186],[-1.7311457986250234,37.11036953050637],[-1.784426328258139,36.89763551113123],[-2.0508289764237158,36.641569862420404],[-2.210670565323062,36.641569862420404],[-2.317231624589293,36.72702008476972],[-2.4770732134886395,36.72702008476972],[-2.58363427275487,36.59880916080643],[-2.850036920920447,36.59880916080643],[-2.9033174505535624,36.641569862420404],[-3.2762811579853706,36.641569862420404],[-3.3295616876184857,36.59880916080643],[-3.4894032765178316,36.59880916080643],[-3.542683806150947,36.641569862420404],[-4.128769632115217,36.641569862420404],[-4.182050161748332,36.59880916080643],[-4.341891750647679,36.59880916080643],[-4.55501386918014,36.427529334207286],[-4.66157492844637,36.427529334207286],[-4.714855458079486,36.38465017656419],[-4.7681359877126015,36.427529334207286],[-4.874697046978833,36.427529334207286],[-5.141099695144409,36.29882089657114],[-5.194380224777525,36.16989973092737],[-5.24766075441064,36.212897070698226],[-5.3542218136768716,36.212897070698226],[-5.407502343309987,36.16989973092737],[-5.407502343309987,36.04076613947937],[-5.3542218136768716,35.954559215591786],[-5.460782872943102,35.91142042924111],[-5.460782872943102,35.82507226577206],[-5.3542218136768716,35.738630059371495],[-5.24766075441064,35.738630059371495],[-5.141099695144409,35.565463896929884],[-4.874697046978833,35.348478906909186],[-4.821416517345717,35.348478906909186],[-4.608294398813255,35.218007281397355],[-4.128769632115217,35.218007281397355],[-4.075489102482101,35.26152118021163],[-3.8090864543165246,35.26152118021163],[-3.7558059246834086,35.30501172621933],[-3.5959643357840623,35.30501172621933],[-3.4361227468847164,35.218007281397355],[-3.2762811579853706,35.218007281397355],[-3.0631590394529087,35.348478906909186],[-3.0631590394529087,35.391922709830446],[-2.956597980186678,35.47874013286648],[-2.9033174505535624,35.47874013286648],[-2.850036920920447,35.435343122592826],[-2.850036920920447,35.348478906909186],[-2.956597980186678,35.348478906909186],[-3.009878509819793,35.30501172621933],[-3.009878509819793,35.17447004234837],[-2.956597980186678,35.13090947569717],[-2.850036920920447,35.13090947569717],[-2.743475861654216,35.218007281397355],[-2.6369148023879854,35.13090947569717],[-2.5303537431217547,35.13090947569717],[-2.3705121542224084,35.218007281397355],[-2.2639510949561776,35.13090947569717],[-2.317231624589293,35.087325594136935],[-2.317231624589293,35.00008793736587],[-2.2639510949561776,34.91275717479644],[-2.157390035689947,34.869056911216646],[-1.944267917157485,34.69402361367323],[-1.8909873875243697,34.69402361367323],[-1.944267917157485,34.606367804138074],[-1.944267917157485,34.51861936331295],[-1.8377068578912545,34.430778399339005],[-1.8377068578912545,34.210771919182804],[-1.784426328258139,34.16670146469706],[-1.784426328258139,33.76903317077872],[-1.8377068578912545,33.72473315638968],[-1.8377068578912545,33.63606451321154],[-1.7311457986250234,33.547304482641195],[-1.7311457986250234,33.36951073649679],[-1.784426328258139,33.32500537005681],[-1.784426328258139,33.235926427644564],[-1.6245847393587927,33.01283190047451],[-1.6245847393587927,32.83394878747176],[-1.571304209725677,32.744371747590975],[-1.3581820911932156,32.56494734152435],[-1.3049015615601,32.56494734152435],[-1.1983405022938693,32.47510023455575],[-1.1983405022938693,32.43014301229019],[-1.3049015615601,32.38516336613106],[-1.3581820911932156,32.29513686839462],[-1.3581820911932156,32.20502087450716],[-1.411462620826331,32.15992935839771],[-2.2639510949561776,32.15992935839771],[-2.317231624589293,32.20502087450716],[-2.5303537431217547,32.20502087450716],[-2.58363427275487,32.15992935839771],[-2.743475861654216,32.15992935839771],[-2.7967563912873317,32.114815518646886],[-2.9033174505535624,32.114815518646886],[-3.009878509819793,32.02452093601061],[-3.009878509819793,31.934137262814872],[-2.956597980186678,31.84366463629695],[-3.0631590394529087,31.79839500870819],[-3.1697200987191394,31.79839500870819],[-3.223000628352255,31.753103194715933],[-3.5959643357840623,31.753103194715933],[-3.7558059246834086,31.617094809060234],[-3.7558059246834086,31.435440750684357],[-3.915647513582755,31.298968671586135],[-3.915647513582755,31.071075629596947],[-3.8090864543165246,30.97976498698673],[-3.7025253950502934,30.97976498698673],[-3.6492448654171783,30.934076862470793],[-3.7558059246834086,30.796881499454628],[-3.7558059246834086,30.705308953656246],[-3.8623669839496397,30.6594900461905],[-4.128769632115217,30.6594900461905],[-4.182050161748332,30.61364940763984],[-4.2886112210145635,30.61364940763984],[-4.44845280991391,30.521903013550062],[-4.44845280991391,30.43006992456602],[-4.55501386918014,30.384120917640182],[-4.55501386918014,30.338150294902043],[-4.66157492844637,30.338150294902043],[-4.874697046978833,30.246144279808277],[-4.981258106245063,30.154052035571368],[-4.981258106245063,30.107973626647397],[-5.087819165511294,30.107973626647397],[-5.3542218136768716,29.877259506428985],[-5.460782872943102,29.692302919905156],[-5.567343932209333,29.599696640949507],[-5.620624461842448,29.599696640949507],[-5.673904991475564,29.692302919905156],[-5.780466050741794,29.692302919905156],[-5.8337465803749105,29.64601042893221],[-6.366551876706064,29.64601042893221],[-6.419832406339179,29.599696640949507],[-6.632954524871641,29.599696640949507],[-6.792796113770987,29.507005255929126],[-6.952637702670334,29.599696640949507],[-7.11247929156968,29.599696640949507],[-7.325601410102142,29.46062770004126],[-7.645284587900835,29.46062770004126],[-8.071528824965757,29.13539196280729],[-8.28465094349822,29.042277537283915],[-8.764175710196257,28.668980520513113],[-8.764175710196257,27.729923944318404],[-8.870736769462487,27.729923944318404],[-8.924017299095604,27.682755357924968],[-8.924017299095604,27.541127406651896],[-8.870736769462487,27.49387743647045],[-8.870736769462487,27.16256091234079],[-9.403542065793642,27.16256091234079],[-9.510103125059873,27.1151493025706],[-9.723225243592335,26.92530212454418],[-10.096188951024143,26.97279398176219],[-10.149469480657258,26.92530212454418],[-10.256030539923488,26.92530212454418],[-10.522433188089066,27.067717594873226],[-10.948677425153988,27.067717594873226],[-11.16179954368645,26.97279398176219],[-11.3216411325858,26.97279398176219],[-11.42820219185203,26.877790265790303],[-11.42820219185203,26.639931800393207],[-11.74788536965072,26.258327089848052],[-11.801165899283836,26.11490031305732],[-11.961007488183181,26.11490031305732],[-12.067568547449412,26.067052193256377],[-12.174129606715642,25.923390606383233],[-12.174129606715642,25.779553714426505],[-12.280690665981874,25.587499694729694],[-12.280690665981874,25.443256464297196],[-12.33397119561499,25.395136914162986],[-12.33397119561499,25.250663211637573],[-12.387251725248104,25.202467048101898],[-12.387251725248104,25.057764140879645],[-12.440532254881221,25.00949178847522],[-12.440532254881221,24.912890169322623],[-12.706934903046797,24.671055378885477],[-12.866776491946144,24.62263193885273],[-13.079898610478606,24.477249145798122],[-13.079898610478606,24.380233830805246],[-13.186459669744837,24.331698220110756],[-13.293020729011067,24.088741744222713],[-13.399581788277297,23.991429744189197],[-13.879106554975337,23.79658513494861],[-14.038948143874682,23.60144789106265],[-14.0922286735078,23.357117604137677],[-14.145509203140913,23.30819733704741],[-14.145509203140913,23.161328638297448],[-14.19878973277403,23.11233653673507],[-14.19878973277403,22.867108333114864],[-14.252070262407145,22.818009359514303],[-14.252070262407145,22.47382237307791],[-14.30535079204026,22.424582566598065],[-14.30535079204026,22.276758453785426],[-14.625033969838954,21.98064184044462],[-14.731595029105183,21.78288646111117],[-14.731595029105183,21.63439056969071],[-14.7848755587383,21.53530836653829],[-14.891436618004528,21.485741875931968],[-15.051278206903875,21.485741875931968],[-15.104558736536992,21.53530836653829],[-15.743925092134377,21.53530836653829],[-15.79720562176749,21.584857941548503],[-15.957047210666838,21.584857941548503],[-16.010327740299953,21.53530836653829],[-16.809535684796682,21.53530836653829],[-16.8628162144298,21.485741875931968],[-17.022657803329146,21.485741875931968],[-17.022657803329146,21.78288646111117],[-16.8628162144298,22.030037775231023],[-16.8628162144298,22.12877793750904],[-16.809535684796682,22.227448952666805],[-16.64969409589734,22.326050576699966],[-16.543133036631108,22.326050576699966],[-16.48985250699799,22.375325291065177],[-16.48985250699799,22.47382237307791],[-16.38329144773176,22.572249458307297],[-16.38329144773176,22.76889267734332],[-16.223449858832417,22.965253036036103],[-16.223449858832417,23.11233653673507],[-16.06360826993307,23.357117604137677],[-16.06360826993307,23.60144789106265],[-15.957047210666838,23.79658513494861],[-15.58408350323503,24.088741744222713],[-15.58408350323503,24.13737006955203],[-15.477522443968798,24.234571230781253],[-15.424241914335685,24.234571230781253],[-15.317680855069453,24.331698220110756],[-15.317680855069453,24.380233830805246],[-15.157839266170106,24.52572879490646],[-15.104558736536992,24.52572879490646],[-14.944717147637645,24.671055378885477],[-14.891436618004528,24.76784585853883],[-14.891436618004528,25.250663211637573],[-14.731595029105183,25.53943788075833],[-14.678314499472068,25.779553714426505],[-14.518472910572722,25.97129731445463],[-14.518472910572722,26.162728852613625],[-14.19878973277403,26.40157696341947],[-14.19878973277403,26.44928749243444],[-14.038948143874682,26.44928749243444],[-13.932387084608452,26.544649257630578],[-13.772545495709107,26.592300444182666],[-13.559423377176644,26.78270664078344],[-13.506142847543527,26.877790265790303],[-13.506142847543527,26.97279398176219],[-13.452862317910412,27.020265813248685],[-13.452862317910412,27.16256091234079],[-13.239740199377952,27.49387743647045],[-13.239740199377952,27.588357065842207],[-12.92005702157926,27.965460355702096],[-12.813495962313027,27.965460355702096],[-12.760215432679914,28.012506173172333],[-12.440532254881221,28.012506173172333],[-12.387251725248104,28.059531449115187],[-12.174129606715642,28.059531449115187],[-11.74788536965072,28.2474266847024],[-11.64132431038449,28.2474266847024],[-11.53476325111826,28.294348913896897],[-11.42820219185203,28.38813131983846],[-11.42820219185203,28.434991452045377],[-11.001957954787105,28.809123897566884],[-10.57571371772218,28.995688775302625],[-10.149469480657258,29.414228929443283],[-10.042908421391028,29.64601042893221],[-9.829786302858565,29.831052406967718],[-9.66994471395922,30.107973626647397],[-9.66994471395922,30.338150294902043],[-9.723225243592335,30.43006992456602],[-9.936347362124796,30.567787057054684],[-9.936347362124796,30.6594900461905],[-9.883066832491682,30.705308953656246],[-9.883066832491682,31.389972078762643],[-9.723225243592335,31.57171442451613],[-9.723225243592335,31.66245307735374],[-9.66994471395922,31.753103194715933],[-9.456822595426758,31.934137262814872],[-9.456822595426758,31.979340227179286],[-9.29698100652741,32.15992935839771],[-9.29698100652741,32.56494734152435],[-8.657614650930027,33.10213772044546],[-8.551053591663797,33.280477262010315],[-8.444492532397566,33.280477262010315],[-8.28465094349822,33.413993346105784],[-8.178089884231987,33.413993346105784],[-8.018248295332642,33.50289023424592],[-7.9116872360664106,33.50289023424592],[-7.645284587900835,33.63606451321154],[-7.538723528634603,33.63606451321154],[-7.272320880469026,33.81331029413084],[-7.005918232303449,33.90179580938731],[-6.8460766434041025,34.03435203652116],[-6.632954524871641,34.38682325523422],[-6.52639346560541,34.474710439922355],[-6.473112935972295,34.56250515590096],[-6.473112935972295,34.65020729453734],[-6.3132713470729485,34.869056911216646],[-6.259990817439832,35.087325594136935],[-6.153429758173602,35.218007281397355],[-6.100149228540487,35.435343122592826],[-6.046868698907372,35.47874013286648],[-6.046868698907372,35.565463896929884],[-5.993588169274257,35.608790626361525],[-5.993588169274257,35.738630059371495],[-5.887027110008026,35.82507226577206],[-5.780466050741794,35.82507226577206],[-5.727185521108679,35.868258108744875],[-5.727185521108679,35.954559215591786],[-5.8337465803749105,35.997674456187724],[-5.887027110008026,36.08383425397683],[-5.993588169274257,36.08383425397683],[-6.259990817439832,36.34174736034713],[-6.3132713470729485,36.427529334207286],[-6.3132713470729485,36.51321663000687],[-6.419832406339179,36.556024746428534],[-6.473112935972295,36.641569862420404],[-6.473112935972295,36.85501730793677],[-6.632954524871641,36.98280054878075],[-6.8460766434041025,37.067870360058414],[-6.952637702670334,37.067870360058414],[-7.005918232303449,37.11036953050637],[-7.272320880469026,37.11036953050637],[-7.325601410102142,37.067870360058414],[-7.4321624693683725,37.067870360058414],[-7.485442999001489,37.067870360058414],[-7.858406706433295,36.85501730793677],[-8.071528824965757,36.98280054878075],[-8.39121200276445,36.98280054878075],[-8.444492532397566,37.0253473627909],[-8.604334121296912,37.0253473627909],[-8.657614650930027,36.98280054878075],[-8.764175710196257,36.98280054878075],[-8.924017299095604,36.89763551113123],[-9.030578358361835,36.98280054878075],[-8.924017299095604,37.15284486411592],[-8.924017299095604,37.280127744595916],[-8.817456239829372,37.40719573841608],[-8.817456239829372,37.534048584441585]]],[[[10.789778665157097,36.94022992816309],[10.789778665157097,37.15284486411592],[10.896339724423328,37.15284486411592],[10.949620254056443,37.11036953050637],[11.10946184295579,37.11036953050637],[11.162742372588905,37.067870360058414],[11.162742372588905,36.98280054878075],[11.21602290222202,36.94022992816309],[11.21602290222202,36.7697095843584],[11.00290078368956,36.59880916080643],[10.949620254056443,36.51321663000687],[10.949620254056443,36.427529334207286],[10.843059194790213,36.34174736034713],[10.736498135523982,36.34174736034713],[10.576656546624635,36.212897070698226],[10.576656546624635,36.04076613947937],[10.629937076257752,35.954559215591786],[10.789778665157097,35.82507226577206],[10.896339724423328,35.781862912051395],[11.00290078368956,35.781862912051395],[11.10946184295579,35.82507226577206],[11.162742372588905,35.781862912051395],[11.10946184295579,35.738630059371495],[11.10946184295579,35.652093904588064],[11.162742372588905,35.608790626361525],[11.162742372588905,35.30501172621933],[11.269303431855135,35.218007281397355],[11.10946184295579,35.04371841042159],[11.10946184295579,34.869056911216646],[11.162742372588905,34.825333410164376],[11.269303431855135,34.825333410164376],[11.322583961488252,34.869056911216646],[11.429145020754483,34.78158668475911],[11.429145020754483,34.69402361367323],[11.375864491121366,34.65020729453734],[11.162742372588905,34.56250515590096],[11.00290078368956,34.56250515590096],[10.949620254056443,34.606367804138074],[10.843059194790213,34.606367804138074],[10.629937076257752,34.430778399339005],[10.416814957725292,34.342845021340864],[10.310253898459061,34.254819339428145],[10.256973368825943,34.254819339428145],[10.150412309559712,34.16670146469706],[10.150412309559712,33.99018958610701],[10.203692839192831,33.90179580938731],[10.470095487358405,33.680410265625824],[10.629937076257752,33.680410265625824],[10.736498135523982,33.76903317077872],[10.736498135523982,33.90179580938731],[11.00290078368956,33.90179580938731],[11.162742372588905,33.81331029413084],[11.162742372588905,33.59169591393361],[11.21602290222202,33.547304482641195],[11.21602290222202,33.413993346105784],[11.375864491121366,33.280477262010315],[11.482425550387598,33.235926427644564],[11.429145020754483,33.19135288230952],[11.429145020754483,33.05749613493052],[11.375864491121366,33.01283190047451],[11.375864491121366,32.56494734152435],[11.429145020754483,32.52003501644141],[11.429145020754483,32.43014301229019],[10.896339724423328,32.20502087450716],[10.736498135523982,32.06967937218613],[10.736498135523982,32.02452093601061],[10.576656546624635,32.02452093601061],[10.523376016991522,31.979340227179286],[10.523376016991522,31.84366463629695],[10.470095487358405,31.79839500870819],[10.310253898459061,31.79839500870819],[10.203692839192831,31.70778921176238],[10.203692839192831,31.66245307735374],[10.043851250293482,31.48088737753366],[10.043851250293482,31.298968671586135],[10.150412309559712,31.116698110687686],[10.150412309559712,31.025431248873446],[10.043851250293482,31.025431248873446],[9.884009661394137,31.116698110687686],[9.617607013228557,31.16229867374054],[9.564326483595444,31.207877300414765],[9.457765424329212,31.207877300414765],[9.351204365062982,31.344481379723515],[9.351204365062982,31.52631194141978],[9.297923835429865,31.57171442451613],[9.297923835429865,31.70778921176238],[9.244643305796751,31.753103194715933],[9.244643305796751,31.934137262814872],[9.191362776163635,31.979340227179286],[9.191362776163635,32.06967937218613],[8.818399068731827,32.3401613126281],[8.711838009465596,32.3401613126281],[8.711838009465596,32.38516336613106],[8.605276950199366,32.47510023455575],[8.551996420566251,32.47510023455575],[8.44543536130002,32.56494734152435],[8.44543536130002,32.83394878747176],[8.125752183501328,33.19135288230952],[8.019191124235096,33.19135288230952],[7.85934953533575,33.280477262010315],[7.85934953533575,33.413993346105784],[7.6462274168032875,33.76903317077872],[7.6462274168032875,33.99018958610701],[7.912630064968866,34.16670146469706],[7.912630064968866,34.254819339428145],[8.019191124235096,34.342845021340864],[8.232313242767558,34.430778399339005],[8.338874302033789,34.51861936331295],[8.392154831666904,34.606367804138074],[8.392154831666904,34.91275717479644],[8.551996420566251,35.13090947569717],[8.551996420566251,35.26152118021163],[8.44543536130002,35.348478906909186],[8.498715890933134,35.435343122592826],[8.498715890933134,35.608790626361525],[8.392154831666904,35.738630059371495],[8.392154831666904,35.91142042924111],[8.44543536130002,35.954559215591786],[8.44543536130002,36.212897070698226],[8.498715890933134,36.25587079631037],[8.498715890933134,36.427529334207286],[8.44543536130002,36.51321663000687],[8.551996420566251,36.556024746428534],[8.551996420566251,36.59880916080643],[8.765118539098713,36.7697095843584],[8.765118539098713,36.94022992816309],[8.658557479832481,36.98280054878075],[8.818399068731827,36.98280054878075],[8.978240657631174,37.11036953050637],[8.978240657631174,37.15284486411592],[9.191362776163635,37.23772398103458],[9.297923835429865,37.23772398103458],[9.351204365062982,37.280127744595916],[9.511045953962327,37.280127744595916],[9.670887542861674,37.36486363298711],[9.884009661394137,37.36486363298711],[9.990570720660367,37.280127744595916],[10.150412309559712,37.280127744595916],[10.363534428092175,37.19529635092627],[10.363534428092175,36.94022992816309],[10.470095487358405,36.85501730793677],[10.736498135523982,36.89763551113123],[10.789778665157097,36.94022992816309]]],[[[12.707877731949251,35.435343122592826],[12.654597202316136,35.391922709830446],[12.548036143049906,35.435343122592826],[12.548036143049906,35.522113728381896],[12.601316672683021,35.565463896929884],[12.707877731949251,35.522113728381896],[12.707877731949251,35.435343122592826]]],[[[12.068511376351868,36.85501730793677],[12.175072435618098,36.7697095843584],[12.175072435618098,36.72702008476972],[12.068511376351868,36.641569862420404],[12.015230846718751,36.641569862420404],[11.90866978745252,36.72702008476972],[11.90866978745252,36.85501730793677],[12.068511376351868,36.85501730793677]]],[[[8.978240657631174,37.576285011366735],[9.031521187264289,37.534048584441585],[9.031521187264289,37.449503938496136],[8.871679598364944,37.449503938496136],[8.871679598364944,37.49178822367092],[8.978240657631174,37.576285011366735]]],[[[1.6788080978943627,38.66600175666388],[1.6788080978943627,38.58275555801475],[1.35912492009567,38.58275555801475],[1.35912492009567,38.74915128620251],[1.1460028015632087,38.83220408397118],[1.199283331196324,38.87369418910311],[1.199283331196324,38.998019237990285],[1.3058443904625547,39.039412473688394],[1.3058443904625547,39.08078147334452],[1.4124054497287857,39.08078147334452],[1.465685979361901,39.12212622959523],[1.6255275682612476,39.12212622959523],[1.732088627527478,39.039412473688394],[1.732088627527478,38.95660177366862],[1.6255275682612476,38.91516008819677],[1.572247038628132,38.83220408397118],[1.572247038628132,38.74915128620251],[1.6788080978943627,38.66600175666388]]],[[[3.33050451652094,39.28726267519098],[3.1173823979884787,39.20474298270034],[3.064101868355363,39.16344673513181],[3.064101868355363,39.08078147334452],[2.9575408090891324,39.039412473688394],[2.9042602794560173,39.08078147334452],[2.9042602794560173,39.246014965101615],[2.8509797498229017,39.28726267519098],[2.744418690556671,39.28726267519098],[2.6911381609235554,39.36968525012809],[2.531296572024209,39.36968525012809],[2.4247355127579784,39.45201065144403],[2.371454983124863,39.45201065144403],[2.3181744534917472,39.4931368947106],[2.3181744534917472,39.616369713284655],[2.531296572024209,39.698403266009876],[2.744418690556671,39.86217815203978],[2.9575408090891324,39.94391938270966],[3.1173823979884787,39.94391938270966],[3.2239434572547094,39.98475342292828],[3.2772239868878246,39.94391938270966],[3.2772239868878246,39.82127097409699],[3.33050451652094,39.78033942951026],[3.4903461054202864,39.78033942951026],[3.543626635053402,39.739383524667424],[3.543626635053402,39.57531643236833],[3.3837850461540557,39.410860100958956],[3.33050451652094,39.28726267519098]]],[[[4.342834579550133,39.739383524667424],[4.182992990650787,39.739383524667424],[4.076431931384556,39.82127097409699],[3.8633098128520946,39.82127097409699],[3.7567487535858635,39.94391938270966],[3.7567487535858635,40.02556307148589],[3.8100292832189795,40.06634832226142],[3.9698708721183253,40.06634832226142],[4.0231514017514405,40.10710916918691],[4.182992990650787,40.10710916918691],[4.342834579550133,39.98475342292828],[4.396115109183248,39.90306095700431],[4.396115109183248,39.78033942951026],[4.342834579550133,39.739383524667424]]],[[[9.670887542861674,42.42930288513879],[9.670887542861674,42.07438374967393],[9.511045953962327,41.916001095394954],[9.511045953962327,41.63788346311465],[9.351204365062982,41.398537480231674],[9.351204365062982,41.318558842305485],[9.404484894696097,41.27853267210214],[9.511045953962327,41.27853267210214],[9.72416807249479,41.03786001764667],[9.72416807249479,40.91719242173078],[9.777448602127905,40.876920844937544],[9.777448602127905,40.79630415386198],[9.83072913176102,40.75595904967424],[9.83072913176102,40.67519534962264],[9.884009661394137,40.634776764163604],[9.884009661394137,40.553866148780216],[9.93729019102725,40.51337412957232],[9.93729019102725,40.43231669530613],[9.884009661394137,40.35116143675824],[9.777448602127905,40.26990839888451],[9.777448602127905,40.14784560624745],[9.83072913176102,40.10710916918691],[9.83072913176102,39.86217815203978],[9.777448602127905,39.82127097409699],[9.777448602127905,39.45201065144403],[9.72416807249479,39.410860100958956],[9.72416807249479,39.20474298270034],[9.617607013228557,39.039412473688394],[9.404484894696097,39.039412473688394],[9.297923835429865,39.12212622959523],[9.191362776163635,39.12212622959523],[9.13808224653052,39.08078147334452],[9.13808224653052,38.95660177366862],[8.924960127998059,38.79068978043966],[8.605276950199366,38.79068978043966],[8.551996420566251,38.87369418910311],[8.392154831666904,38.87369418910311],[8.338874302033789,38.95660177366862],[8.179032713134442,39.08078147334452],[8.179032713134442,39.16344673513181],[8.338874302033789,39.246014965101615],[8.338874302033789,39.45201065144403],[8.392154831666904,39.4931368947106],[8.392154831666904,39.82127097409699],[8.338874302033789,39.86217815203978],[8.338874302033789,40.02556307148589],[8.44543536130002,40.10710916918691],[8.44543536130002,40.22924522697888],[8.338874302033789,40.310547137394565],[8.338874302033789,40.43231669530613],[8.125752183501328,40.51337412957232],[8.125752183501328,40.91719242173078],[8.179032713134442,40.95743947938386],[8.179032713134442,41.03786001764667],[8.285593772400674,41.11818242099345],[8.44543536130002,41.11818242099345],[8.44543536130002,40.91719242173078],[8.498715890933134,40.876920844937544],[8.605276950199366,40.876920844937544],[8.711838009465596,40.95743947938386],[8.765118539098713,40.95743947938386],[9.031521187264289,41.15830681019347],[9.13808224653052,41.198406651510844],[9.13808224653052,41.318558842305485],[9.031521187264289,41.398537480231674],[8.871679598364944,41.43848993918805],[8.765118539098713,41.518321115549995],[8.765118539098713,41.63788346311465],[8.658557479832481,41.6776883846332],[8.658557479832481,41.79695551009264],[8.551996420566251,41.916001095394954],[8.551996420566251,42.153427243733226],[8.498715890933134,42.19291202033496],[8.498715890933134,42.3506045793141],[8.605276950199366,42.42930288513879],[8.711838009465596,42.5864034256355],[8.978240657631174,42.664805613099865],[9.084801716897404,42.74310904852011],[9.244643305796751,42.74310904852011],[9.297923835429865,42.782223727408095],[9.297923835429865,42.97742662950982],[9.351204365062982,43.01639309399094],[9.511045953962327,43.01639309399094],[9.564326483595444,42.97742662950982],[9.564326483595444,42.86037899434664],[9.617607013228557,42.82131371021392],[9.564326483595444,42.74310904852011],[9.564326483595444,42.62561686198814],[9.617607013228557,42.5864034256355],[9.617607013228557,42.46861503367324],[9.670887542861674,42.42930288513879]]],[[[10.310253898459061,42.3506045793141],[10.416814957725292,42.3506045793141],[10.416814957725292,42.27180761586582],[10.363534428092175,42.23237214548397],[10.256973368825943,42.27180761586582],[10.310253898459061,42.3506045793141]]],[[[9.884009661394137,42.93843545646676],[9.777448602127905,42.97742662950982],[9.777448602127905,43.055334847556225],[9.83072913176102,43.09425188789898],[9.93729019102725,43.055334847556225],[9.93729019102725,42.97742662950982],[9.884009661394137,42.93843545646676]]],[[[9.884009661394137,43.4433927986031],[9.990570720660367,43.4433927986031],[9.990570720660367,43.365979016170094],[9.884009661394137,43.365979016170094],[9.884009661394137,43.4433927986031]]],[[[-1.7311457986250234,49.69645445890818],[-1.2516210319269847,49.73090392952326],[-1.145059972660754,49.661980550132284],[-1.145059972660754,49.45462362691034],[-1.0917794430276386,49.41997851708937],[-0.8786573244951769,49.41997851708937],[-0.8253767948620616,49.38530893123181],[-0.6655352059627152,49.38530893123181],[-0.6122546763296001,49.3506148647489],[-0.29257149853090747,49.3506148647489],[-0.23929096889779206,49.315896313084515],[-0.07944937999844581,49.315896313084515],[0.0803922089009004,49.38530893123181],[0.0803922089009004,49.45462362691034],[0.027111679267785,49.52384043696035],[0.18695326816713123,49.73090392952326],[0.4533559163327082,49.799729575818574],[0.559916975598939,49.86845752843136],[0.6664780348651699,49.86845752843136],[0.7197585644982853,49.90278488206201],[0.8796001533976315,49.90278488206201],[0.9328806830307469,49.9370878272814],[1.0394417422969777,49.9370878272814],[1.2525638608294394,50.00562051279265],[1.465685979361901,50.142393207999625],[1.5189665089950164,50.210633301040474],[1.5189665089950164,50.44870651705587],[1.572247038628132,50.482619638164046],[1.572247038628132,50.55037293186607],[1.5189665089950164,50.584213115671126],[1.5189665089950164,50.68558788279724],[1.572247038628132,50.7193308961096],[1.572247038628132,50.88768190497576],[1.6255275682612476,50.88768190497576],[1.7853691571605934,50.988401475532235],[1.8919302164268244,50.988401475532235],[1.94521074605994,51.02192619559348],[2.1583328645924014,51.02192619559348],[2.211613394225517,51.05542669062161],[2.3181744534917472,51.05542669062161],[2.4247355127579784,51.08890296667725],[2.4247355127579784,51.02192619559348],[2.4780160423910935,50.988401475532235],[2.4780160423910935,50.854060224752615],[2.5845771016573247,50.7193308961096],[2.63785763129044,50.7193308961096],[2.797699220189786,50.61802899830285],[3.010821338722248,50.61802899830285],[3.1173823979884787,50.68558788279724],[3.2239434572547094,50.44870651705587],[3.33050451652094,50.38080729852256],[3.543626635053402,50.38080729852256],[3.596907164686517,50.346821190066805],[3.596907164686517,50.24471680239565],[3.650187694319633,50.210633301040474],[3.9698708721183253,50.210633301040474],[4.0231514017514405,50.24471680239565],[4.076431931384556,50.17652543801421],[4.076431931384556,50.039850263315934],[4.0231514017514405,50.00562051279265],[4.0231514017514405,49.90278488206201],[4.182992990650787,49.83410576135214],[4.5559566980825945,49.83410576135214],[4.715798286981941,49.90278488206201],[4.769078816615057,49.86845752843136],[4.769078816615057,49.73090392952326],[4.875639875881287,49.661980550132284],[5.035481464780633,49.661980550132284],[5.195323053679979,49.558412146529456],[5.248603583313095,49.558412146529456],[5.248603583313095,49.52384043696035],[5.355164642579325,49.48924426531606],[5.355164642579325,49.45462362691034],[5.461725701845556,49.38530893123181],[5.568286761111787,49.38530893123181],[5.621567290744903,49.41997851708937],[5.834689409277364,49.41997851708937],[5.941250468543595,49.3506148647489],[6.154372587076057,49.3506148647489],[6.260933646342288,49.38530893123181],[6.47405576487475,49.315896313084515],[6.58061682414098,49.14193611987229],[6.793738942673442,49.0372658973423],[6.900300001939672,49.0372658973423],[6.953580531572788,49.072180490533405],[7.006861061205903,49.002326779447536],[7.379824768637711,49.002326779447536],[7.433105298270827,49.0372658973423],[7.6462274168032875,48.93237495268032],[7.96591059460198,48.93237495268032],[8.072471653868211,48.89736223545845],[8.072471653868211,48.86232497683431],[7.75278847606952,48.651585828958574],[7.75278847606952,48.5811429336541],[7.699507946436404,48.545884622427565],[7.699507946436404,48.43996218916646],[7.6462274168032875,48.404605532508945],[7.6462274168032875,48.29838797481898],[7.486385827903941,48.12086654065931],[7.486385827903941,48.0140582263442],[7.539666357537057,47.94272952243315],[7.433105298270827,47.79977641324747],[7.433105298270827,47.620530333879366],[7.486385827903941,47.584607129400545],[7.379824768637711,47.54865925539246],[7.379824768637711,47.51268670907412],[7.273263709371481,47.54865925539246],[7.006861061205903,47.54865925539246],[6.900300001939672,47.47668948770151],[6.900300001939672,47.44066758856769],[6.793738942673442,47.3685497463744],[6.793738942673442,47.296333161583085],[6.847019472306557,47.22401781388104],[6.633897353774096,47.11535956891616],[6.633897353774096,47.07909075150201],[6.527336294507865,47.00647899921589],[6.47405576487475,47.00647899921589],[6.367494705608519,46.933768408806166],[6.367494705608519,46.82451716407738],[6.314214175975404,46.75155940410302],[6.047811527809826,46.60534718130885],[6.047811527809826,46.53209268887874],[5.99453099817671,46.49542834123601],[5.99453099817671,46.348523569206876],[6.047811527809826,46.31173552295723],[5.88796993891048,46.20122291264684],[5.88796993891048,46.053526280907796],[5.941250468543595,46.01654024220484],[6.207653116709173,46.01654024220484],[6.314214175975404,46.127424098940146],[6.420775235241634,46.16433588070112],[6.420775235241634,46.31173552295723],[6.527336294507865,46.348523569206876],[6.6871778834072115,46.348523569206876],[6.6871778834072115,46.274922732398345],[6.740458413040327,46.238085196093735],[6.6871778834072115,46.20122291264684],[6.6871778834072115,46.090487566087695],[6.740458413040327,46.01654024220484],[6.900300001939672,45.90543359360887],[6.847019472306557,45.90543359360887],[6.6871778834072115,45.79410412415623],[6.6871778834072115,45.71976067566545],[6.740458413040327,45.64531817740286],[6.900300001939672,45.533468698451145],[6.900300001939672,45.45877855037466],[7.060141590839018,45.346557573914595],[7.006861061205903,45.271619748074336],[6.953580531572788,45.271619748074336],[6.847019472306557,45.19658284564699],[6.6871778834072115,45.19658284564699],[6.527336294507865,45.12144686451208],[6.527336294507865,45.00855711726442],[6.847019472306557,44.744280751639415],[6.900300001939672,44.744280751639415],[6.900300001939672,44.6685502919028],[6.793738942673442,44.55476883881361],[6.793738942673442,44.28841195525592],[6.847019472306557,44.212087113837235],[7.060141590839018,44.09741414737751],[7.166702650105249,44.09741414737751],[7.273263709371481,44.02084171155863],[7.592946887170173,44.02084171155863],[7.433105298270827,43.905797392303406],[7.433105298270827,43.867399779831196],[7.273263709371481,43.71356183437735],[7.273263709371481,43.6364943841208],[7.379824768637711,43.59792354488171],[7.273263709371481,43.59792354488171],[7.219983179738365,43.55932796503232],[7.219983179738365,43.482062590168894],[7.060141590839018,43.4433927986031],[6.793738942673442,43.28846631383094],[6.793738942673442,43.17201181992534],[6.58061682414098,43.055334847556225],[6.58061682414098,42.97742662950982],[6.527336294507865,42.93843545646676],[6.314214175975404,42.93843545646676],[6.260933646342288,42.899419577262876],[6.207653116709173,42.899419577262876],[6.1010920574429415,42.97742662950982],[5.834689409277364,42.97742662950982],[5.674847820378018,43.09425188789898],[5.568286761111787,43.09425188789898],[5.515006231478671,43.133144212759554],[5.355164642579325,43.133144212759554],[5.248603583313095,43.24967287255652],[4.875639875881287,43.24967287255652],[4.822359346248172,43.28846631383094],[4.5559566980825945,43.28846631383094],[4.502676168449479,43.365979016170094],[4.342834579550133,43.365979016170094],[4.289554049917018,43.40469827332364],[4.129712461017672,43.40469827332364],[4.076431931384556,43.4433927986031],[3.9698708721183253,43.4433927986031],[3.596907164686517,43.21085470723061],[3.437065575787171,43.21085470723061],[3.2239434572547094,43.09425188789898],[3.170662927621594,43.01639309399094],[3.170662927621594,42.86037899434664],[3.1173823979884787,42.82131371021392],[3.1173823979884787,42.5864034256355],[3.2239434572547094,42.507902508575825],[2.9575408090891324,42.547165306872],[2.63785763129044,42.42930288513879],[2.4780160423910935,42.42930288513879],[2.4247355127579784,42.46861503367324],[2.1583328645924014,42.46861503367324],[2.0517718053261707,42.547165306872],[1.94521074605994,42.547165306872],[1.8919302164268244,42.507902508575825],[1.8919302164268244,42.5864034256355],[1.7853691571605934,42.664805613099865],[1.6788080978943627,42.664805613099865],[1.6255275682612476,42.703969676188585],[1.465685979361901,42.703969676188585],[1.35912492009567,42.782223727408095],[1.199283331196324,42.782223727408095],[0.8796001533976315,42.899419577262876],[0.6664780348651699,42.899419577262876],[0.559916975598939,42.82131371021392],[0.559916975598939,42.74310904852011],[0.4533559163327082,42.782223727408095],[0.13367273853401582,42.782223727408095],[0.027111679267785,42.74310904852011],[-0.07944937999844581,42.86037899434664],[-0.34585202816402283,42.899419577262876],[-0.39913255779713824,42.86037899434664],[-0.505693617063369,42.86037899434664],[-0.7188157355958307,43.01639309399094],[-0.9319378541282923,43.01639309399094],[-1.145059972660754,43.09425188789898],[-1.2516210319269847,43.17201181992534],[-1.2516210319269847,43.24967287255652],[-1.3581820911932156,43.32723502902841],[-1.6245847393587927,43.365979016170094],[-1.6245847393587927,43.4433927986031],[-1.4647431504594468,43.6364943841208],[-1.411462620826331,43.982518359389296],[-1.3581820911932156,44.02084171155863],[-1.3581820911932156,44.212087113837235],[-1.3049015615601,44.2502619154407],[-1.3049015615601,44.706427906256096],[-1.2516210319269847,44.744280751639415],[-1.2516210319269847,45.04621180322744],[-1.1983405022938693,45.08384171895205],[-1.1983405022938693,45.45877855037466],[-1.145059972660754,45.49613600769099],[-1.145059972660754,45.57077662323514],[-1.2516210319269847,45.64531817740286],[-1.2516210319269847,45.756944780723195],[-1.411462620826331,45.90543359360887],[-1.411462620826331,46.090487566087695],[-1.571304209725677,46.16433588070112],[-1.571304209725677,46.31173552295723],[-1.784426328258139,46.42202543472361],[-1.8377068578912545,46.42202543472361],[-1.8909873875243697,46.49542834123601],[-1.8909873875243697,46.56873230166512],[-2.0508289764237158,46.67850274821924],[-2.157390035689947,46.67850274821924],[-2.2639510949561776,46.60534718130885],[-2.3705121542224084,46.60534718130885],[-2.423792683855524,46.64193732956284],[-2.423792683855524,46.71504343910922],[-2.3705121542224084,46.75155940410302],[-2.2639510949561776,46.75155940410302],[-2.210670565323062,46.78805064510975],[-2.210670565323062,46.86095896299264],[-2.317231624589293,46.933768408806166],[-2.317231624589293,47.00647899921589],[-2.2639510949561776,47.04279722902046],[-2.2639510949561776,47.15160368355662],[-2.317231624589293,47.18782309775505],[-2.4770732134886395,47.18782309775505],[-2.6369148023879854,47.3324537980871],[-2.743475861654216,47.3324537980871],[-2.7967563912873317,47.26018783434201],[-2.956597980186678,47.26018783434201],[-3.009878509819793,47.22401781388104],[-3.223000628352255,47.22401781388104],[-3.2762811579853706,47.26018783434201],[-3.2762811579853706,47.3685497463744],[-3.1697200987191394,47.44066758856769],[-3.1697200987191394,47.51268670907412],[-3.223000628352255,47.54865925539246],[-3.4894032765178316,47.54865925539246],[-3.5959643357840623,47.69230274555763],[-3.7025253950502934,47.72815195850319],[-3.8623669839496397,47.72815195850319],[-3.915647513582755,47.7639765134116],[-4.075489102482101,47.7639765134116],[-4.128769632115217,47.72815195850319],[-4.395172280280794,47.72815195850319],[-4.395172280280794,47.87130225974244],[-4.501733339547025,47.94272952243315],[-4.874697046978833,47.97840619264952],[-4.874697046978833,48.04968562673537],[-4.7681359877126015,48.04968562673537],[-4.608294398813255,48.12086654065931],[-4.608294398813255,48.19194896088315],[-4.714855458079486,48.26293291443889],[-4.821416517345717,48.26293291443889],[-4.874697046978833,48.29838797481898],[-4.874697046978833,48.36922428029826],[-4.821416517345717,48.404605532508945],[-4.821416517345717,48.510601730430146],[-4.55501386918014,48.651585828958574],[-4.44845280991391,48.651585828958574],[-4.395172280280794,48.686770420704825],[-4.2353306913814475,48.686770420704825],[-4.022208572848986,48.75706591181417],[-3.915647513582755,48.75706591181417],[-3.8623669839496397,48.72193044701666],[-3.7025253950502934,48.72193044701666],[-3.542683806150947,48.86232497683431],[-3.2762811579853706,48.86232497683431],[-3.223000628352255,48.89736223545845],[-2.956597980186678,48.89736223545845],[-2.9033174505535624,48.86232497683431],[-2.9033174505535624,48.79217681905164],[-2.6901953320211005,48.5811429336541],[-2.58363427275487,48.5811429336541],[-2.423792683855524,48.686770420704825],[-2.210670565323062,48.686770420704825],[-2.157390035689947,48.651585828958574],[-2.0508289764237158,48.651585828958574],[-1.8377068578912545,48.75706591181417],[-1.8377068578912545,48.89736223545845],[-1.677865268991908,48.89736223545845],[-1.6245847393587927,48.93237495268032],[-1.6245847393587927,49.14193611987229],[-1.7311457986250234,49.24638573615059],[-1.8377068578912545,49.24638573615059],[-1.8909873875243697,49.21159370193282],[-1.8909873875243697,49.14193611987229],[-1.9975484467906006,49.10707056327942],[-2.210670565323062,49.10707056327942],[-2.2639510949561776,49.176777164637265],[-2.2639510949561776,49.315896313084515],[-2.210670565323062,49.28115327171526],[-1.8909873875243697,49.28115327171526],[-1.8377068578912545,49.315896313084515],[-1.8377068578912545,49.38530893123181],[-1.8909873875243697,49.41997851708937],[-1.8909873875243697,49.59295939874192],[-1.9975484467906006,49.661980550132284],[-1.9975484467906006,49.69645445890818],[-1.8909873875243697,49.76532896685646],[-1.7311457986250234,49.69645445890818]]],[[[9.670887542861674,46.348523569206876],[9.617607013228557,46.348523569206876],[9.564326483595444,46.42202543472361],[9.564326483595444,46.49542834123601],[9.511045953962327,46.53209268887874],[9.244643305796751,46.53209268887874],[9.191362776163635,46.49542834123601],[9.191362776163635,46.274922732398345],[9.031521187264289,46.16433588070112],[8.978240657631174,46.053526280907796],[8.818399068731827,46.16433588070112],[8.711838009465596,46.16433588070112],[8.605276950199366,46.238085196093735],[8.605276950199366,46.42202543472361],[8.498715890933134,46.49542834123601],[8.338874302033789,46.49542834123601],[8.179032713134442,46.38528687262363],[8.179032713134442,46.348523569206876],[8.125752183501328,46.348523569206876],[8.019191124235096,46.274922732398345],[8.019191124235096,46.127424098940146],[7.912630064968866,46.053526280907796],[7.912630064968866,46.01654024220484],[7.806069005702634,45.97952944882368],[7.75278847606952,46.01654024220484],[7.486385827903941,46.01654024220484],[7.273263709371481,45.9424938996497],[7.166702650105249,45.9424938996497],[7.166702650105249,45.97952944882368],[7.006861061205903,46.090487566087695],[6.953580531572788,46.16433588070112],[6.953580531572788,46.38528687262363],[6.793738942673442,46.49542834123601],[6.527336294507865,46.53209268887874],[6.420775235241634,46.4587392570626],[6.314214175975404,46.4587392570626],[6.260933646342288,46.42202543472361],[6.260933646342288,46.49542834123601],[6.314214175975404,46.56873230166512],[6.367494705608519,46.56873230166512],[6.58061682414098,46.71504343910922],[6.58061682414098,46.86095896299264],[6.633897353774096,46.86095896299264],[7.060141590839018,47.15160368355662],[7.060141590839018,47.18782309775505],[7.166702650105249,47.26018783434201],[7.166702650105249,47.3324537980871],[7.219983179738365,47.296333161583085],[7.379824768637711,47.296333161583085],[7.486385827903941,47.3324537980871],[7.6462274168032875,47.44066758856769],[8.072471653868211,47.44066758856769],[8.285593772400674,47.51268670907412],[8.338874302033789,47.47668948770151],[8.658557479832481,47.47668948770151],[8.765118539098713,47.54865925539246],[8.765118539098713,47.584607129400545],[8.871679598364944,47.54865925539246],[9.297923835429865,47.54865925539246],[9.404484894696097,47.51268670907412],[9.564326483595444,47.40462100900284],[9.564326483595444,47.3685497463744],[9.404484894696097,47.26018783434201],[9.404484894696097,47.00647899921589],[9.511045953962327,46.933768408806166],[9.777448602127905,46.933768408806166],[9.777448602127905,46.89737604388091],[9.884009661394137,46.82451716407738],[9.93729019102725,46.82451716407738],[10.043851250293482,46.75155940410302],[10.256973368825943,46.75155940410302],[10.363534428092175,46.78805064510975],[10.310253898459061,46.75155940410302],[10.310253898459061,46.67850274821924],[10.150412309559712,46.67850274821924],[9.990570720660367,46.56873230166512],[9.93729019102725,46.49542834123601],[9.93729019102725,46.42202543472361],[9.777448602127905,46.42202543472361],[9.670887542861674,46.348523569206876]]],[[[-2.6369148023879854,49.3506148647489],[-2.6901953320211005,49.38530893123181],[-2.6901953320211005,49.45462362691034],[-2.58363427275487,49.52384043696035],[-2.423792683855524,49.52384043696035],[-2.317231624589293,49.45462362691034],[-2.2639510949561776,49.45462362691034],[-2.2639510949561776,49.315896313084515],[-2.317231624589293,49.3506148647489],[-2.6369148023879854,49.3506148647489]]],[[[6.047811527809826,49.661980550132284],[5.941250468543595,49.76532896685646],[5.941250468543595,49.9370878272814],[5.99453099817671,50.00562051279265],[6.047811527809826,49.971366369158254],[6.047811527809826,49.90278488206201],[6.367494705608519,49.69645445890818],[6.260933646342288,49.558412146529456],[6.154372587076057,49.558412146529456],[6.1010920574429415,49.52384043696035],[5.99453099817671,49.52384043696035],[6.047811527809826,49.59295939874192],[6.047811527809826,49.661980550132284]]],[[[3.543626635053402,51.12235502984972],[3.650187694319633,51.189186542045455],[3.7034682239527483,51.189186542045455],[3.7567487535858635,51.12235502984972],[4.0231514017514405,51.12235502984972],[4.236273520283902,51.189186542045455],[4.342834579550133,51.25592127649443],[4.502676168449479,51.25592127649443],[4.5559566980825945,51.322559282936425],[4.769078816615057,51.322559282936425],[4.822359346248172,51.289252367589896],[5.035481464780633,51.289252367589896],[5.035481464780633,51.25592127649443],[5.195323053679979,51.15578288625695],[5.515006231478671,51.15578288625695],[5.621567290744903,51.08890296667725],[5.674847820378018,51.08890296667725],[5.674847820378018,50.988401475532235],[5.568286761111787,50.88768190497576],[5.568286761111787,50.75304963114787],[5.674847820378018,50.65182058544155],[5.941250468543595,50.65182058544155],[6.1010920574429415,50.584213115671126],[6.1010920574429415,50.44870651705587],[6.207653116709173,50.38080729852256],[6.260933646342288,50.38080729852256],[6.260933646342288,50.346821190066805],[6.1010920574429415,50.24471680239565],[5.99453099817671,50.24471680239565],[5.834689409277364,50.142393207999625],[5.621567290744903,49.86845752843136],[5.621567290744903,49.76532896685646],[5.781408879644249,49.627482198348545],[5.674847820378018,49.59295939874192],[5.568286761111787,49.59295939874192],[5.30188411294621,49.76532896685646],[5.195323053679979,49.76532896685646],[5.035481464780633,49.86845752843136],[4.982200935147518,49.86845752843136],[4.982200935147518,50.00562051279265],[5.035481464780633,50.039850263315934],[5.035481464780633,50.142393207999625],[4.928920405514403,50.210633301040474],[4.769078816615057,50.210633301040474],[4.5559566980825945,50.00562051279265],[4.342834579550133,50.00562051279265],[4.342834579550133,50.278775947427654],[4.129712461017672,50.38080729852256],[3.9165903424852098,50.38080729852256],[3.8100292832189795,50.414769072352186],[3.7034682239527483,50.51650844123724],[3.596907164686517,50.55037293186607],[3.437065575787171,50.55037293186607],[3.3837850461540557,50.584213115671126],[3.3837850461540557,50.68558788279724],[3.33050451652094,50.75304963114787],[3.2239434572547094,50.820414289626555],[3.010821338722248,50.820414289626555],[2.9575408090891324,50.7867440937108],[2.8509797498229017,50.7867440937108],[2.8509797498229017,50.820414289626555],[2.744418690556671,50.88768190497576],[2.744418690556671,50.988401475532235],[2.63785763129044,51.08890296667725],[2.63785763129044,51.15578288625695],[2.797699220189786,51.189186542045455],[2.9042602794560173,51.25592127649443],[2.9575408090891324,51.25592127649443],[3.170662927621594,51.35584202882205],[3.2772239868878246,51.35584202882205],[3.2772239868878246,51.22256600339017],[3.437065575787171,51.12235502984972],[3.543626635053402,51.12235502984972]]],[[[-4.128769632115217,57.36483056222344],[-3.915647513582755,57.30732201966923],[-3.7558059246834086,57.22089028455643],[-3.7025253950502934,57.22089028455643],[-3.542683806150947,57.105332217312956],[-3.542683806150947,57.01842649142237],[-3.4894032765178316,56.9894126851894],[-3.4894032765178316,56.931317165055844],[-3.542683806150947,56.90223543078755],[-3.542683806150947,56.81485420929393],[-3.5959643357840623,56.785681762133926],[-3.5959643357840623,56.72726874720607],[-3.8623669839496397,56.463284201456524],[-3.8623669839496397,56.315828112036556],[-3.7558059246834086,56.227080182463375],[-3.7558059246834086,56.16780045080267],[-3.5959643357840623,56.01919999411217],[-3.5959643357840623,55.959599156634816],[-3.4894032765178316,55.87002552896968],[-3.4894032765178316,55.81019475089612],[-3.2762811579853706,55.600061160212064],[-3.2762811579853706,55.539815288077065],[-3.1164395690860243,55.35852266830356],[-2.9033174505535624,55.23719767418679],[-2.7967563912873317,55.23719767418679],[-2.6901953320211005,55.2979065454089],[-2.58363427275487,55.2979065454089],[-2.5303537431217547,55.328226195782044],[-2.423792683855524,55.328226195782044],[-2.3705121542224084,55.2979065454089],[-2.2639510949561776,55.2979065454089],[-2.1041095060568313,55.20680843492474],[-2.0508289764237158,55.05451383556221],[-1.9975484467906006,55.023985171237285],[-1.9975484467906006,54.87099262894059],[-1.944267917157485,54.84032421332447],[-1.944267917157485,54.71741722871455],[-1.8909873875243697,54.68663210755708],[-1.8909873875243697,54.59413650249953],[-1.8377068578912545,54.56325785760991],[-1.8377068578912545,54.37749422240092],[-1.784426328258139,54.34645157445436],[-1.784426328258139,54.25318281441514],[-1.7311457986250234,54.222046260422466],[-1.7311457986250234,54.066010852179325],[-1.677865268991908,54.034733183604786],[-1.677865268991908,53.909386939298805],[-1.6245847393587927,53.87799144398194],[-1.6245847393587927,53.75217347697404],[-1.571304209725677,53.720659947601],[-1.571304209725677,53.625977538201234],[-1.4647431504594468,53.531082226257624],[-1.4647431504594468,53.467700298120576],[-1.411462620826331,53.43597379393271],[-1.3049015615601,53.43597379393271],[-1.2516210319269847,53.467700298120576],[-1.145059972660754,53.59436943418698],[-1.145059972660754,53.65756198636212],[-0.8786573244951769,53.9721071921816],[-0.6655352059627152,54.12849557706569],[-0.6655352059627152,54.15970265024713],[-0.4524130874302537,54.284295879046],[-0.29257149853090747,54.284295879046],[-0.13272990963156123,54.15970265024713],[-0.07944937999844581,54.15970265024713],[0.027111679267785,54.09726498052497],[-0.07944937999844581,54.034733183604786],[-0.07944937999844581,53.909386939298805],[0.24023379780024662,53.625977538201234],[0.24023379780024662,53.4994031062291],[0.4533559163327082,53.24511670609226],[0.4533559163327082,53.02136929887942],[0.5066364459658237,52.989310222703295],[0.7730390941314007,53.02136929887942],[0.8263196237645161,52.989310222703295],[1.1460028015632087,52.989310222703295],[1.199283331196324,52.95722733326737],[1.35912492009567,52.95722733326737],[1.465685979361901,52.92512062295026],[1.7853691571605934,52.73197969881052],[1.8386496867937088,52.667408482162415],[1.8386496867937088,52.34311792484399],[1.732088627527478,52.24536384613162],[1.732088627527478,52.14739392702111],[1.6788080978943627,52.11468928997045],[1.6788080978943627,52.049207978010415],[1.5189665089950164,51.98363056943521],[1.5189665089950164,51.95080581171443],[1.35912492009567,51.85218724288364],[1.35912492009567,51.786321216192704],[1.199283331196324,51.72035887546233],[1.092722271930093,51.72035887546233],[1.0394417422969777,51.68734157066449],[1.0394417422969777,51.55503130111339],[0.9861612126638624,51.521893438378136],[0.9861612126638624,51.42233503750298],[1.0394417422969777,51.38910061156288],[1.3058443904625547,51.38910061156288],[1.35912492009567,51.42233503750298],[1.465685979361901,51.42233503750298],[1.5189665089950164,51.38910061156288],[1.5189665089950164,51.15578288625695],[1.4124054497287857,51.05542669062161],[1.3058443904625547,51.02192619559348],[1.199283331196324,51.02192619559348],[1.0394417422969777,50.92127933621188],[1.0394417422969777,50.854060224752615],[0.8263196237645161,50.854060224752615],[0.6664780348651699,50.7867440937108],[0.5066364459658237,50.7867440937108],[0.34679485706647745,50.68558788279724],[0.13367273853401582,50.68558788279724],[-0.026168850365330405,50.75304963114787],[-0.505693617063369,50.75304963114787],[-0.5589741466964845,50.7193308961096],[-0.6655352059627152,50.7193308961096],[-0.7720962652289461,50.65182058544155],[-0.8253767948620616,50.68558788279724],[-0.9319378541282923,50.68558788279724],[-1.0917794430276386,50.584213115671126],[-1.0917794430276386,50.55037293186607],[-1.1983405022938693,50.51650844123724],[-1.3049015615601,50.51650844123724],[-1.411462620826331,50.584213115671126],[-1.518023680092562,50.584213115671126],[-1.677865268991908,50.65182058544155],[-1.784426328258139,50.65182058544155],[-1.944267917157485,50.51650844123724],[-2.0508289764237158,50.51650844123724],[-2.1041095060568313,50.55037293186607],[-2.2639510949561776,50.55037293186607],[-2.423792683855524,50.44870651705587],[-2.58363427275487,50.584213115671126],[-2.6369148023879854,50.584213115671126],[-2.743475861654216,50.65182058544155],[-2.956597980186678,50.65182058544155],[-3.009878509819793,50.61802899830285],[-3.1697200987191394,50.61802899830285],[-3.382842217251601,50.51650844123724],[-3.382842217251601,50.346821190066805],[-3.542683806150947,50.24471680239565],[-3.5959643357840623,50.142393207999625],[-3.8090864543165246,50.142393207999625],[-3.915647513582755,50.210633301040474],[-4.022208572848986,50.210633301040474],[-4.128769632115217,50.278775947427654],[-4.182050161748332,50.278775947427654],[-4.182050161748332,50.414769072352186],[-4.128769632115217,50.44870651705587],[-4.128769632115217,50.7193308961096],[-4.182050161748332,50.75304963114787],[-4.182050161748332,50.820414289626555],[-4.128769632115217,50.854060224752615],[-4.128769632115217,50.92127933621188],[-3.915647513582755,51.05542669062161],[-3.915647513582755,51.25592127649443],[-3.6492448654171783,51.25592127649443],[-3.5959643357840623,51.289252367589896],[-3.5959643357840623,51.35584202882205],[-3.7025253950502934,51.42233503750298],[-3.7558059246834086,51.42233503750298],[-3.7558059246834086,51.455545313014376],[-3.8623669839496397,51.521893438378136],[-3.915647513582755,51.521893438378136],[-3.915647513582755,51.621234659104964],[-4.022208572848986,51.65430016740954],[-4.182050161748332,51.75335208842277],[-4.182050161748332,51.819266265446025],[-4.2353306913814475,51.85218724288364],[-4.2353306913814475,52.081960642613645],[-4.128769632115217,52.21273119809606],[-4.128769632115217,52.277972511883455],[-4.022208572848986,52.34311792484399],[-4.022208572848986,52.37565468627125],[-3.8623669839496397,52.505562265373925],[-3.8623669839496397,52.635087044978484],[-3.915647513582755,52.667408482162415],[-3.915647513582755,52.76422949310045],[-3.968928043215871,52.796455421292784],[-3.968928043215871,52.86083570930832],[-4.075489102482101,52.95722733326737],[-4.2353306913814475,52.95722733326737],[-4.2886112210145635,53.02136929887942],[-4.2353306913814475,53.05340456944132],[-4.2353306913814475,53.11740372442504],[-4.075489102482101,53.21322410731461],[-3.8623669839496397,53.21322410731461],[-3.8090864543165246,53.24511670609226],[-3.223000628352255,53.24511670609226],[-3.1697200987191394,53.27698555344527],[-3.0631590394529087,53.40422358568922],[-3.0631590394529087,53.467700298120576],[-3.1164395690860243,53.4994031062291],[-3.0631590394529087,53.720659947601],[-3.1164395690860243,53.75217347697404],[-3.1164395690860243,53.87799144398194],[-3.0631590394529087,53.909386939298805],[-3.0631590394529087,54.003431966399056],[-3.2762811579853706,54.066010852179325],[-3.2762811579853706,54.09726498052497],[-3.4361227468847164,54.222046260422466],[-3.4361227468847164,54.284295879046],[-3.4894032765178316,54.34645157445436],[-3.6492448654171783,54.4395091618595],[-3.6492448654171783,54.56325785760991],[-3.5959643357840623,54.59413650249953],[-3.5959643357840623,54.68663210755708],[-3.542683806150947,54.71741722871455],[-3.542683806150947,54.7789174032662],[-3.5959643357840623,54.809632474407614],[-3.7025253950502934,54.809632474407614],[-3.8623669839496397,54.71741722871455],[-4.182050161748332,54.71741722871455],[-4.2886112210145635,54.624991753262385],[-4.44845280991391,54.624991753262385],[-4.55501386918014,54.6558236186807],[-4.608294398813255,54.71741722871455],[-4.714855458079486,54.71741722871455],[-4.7681359877126015,54.68663210755708],[-4.7681359877126015,54.624991753262385],[-4.874697046978833,54.56325785760991],[-4.981258106245063,54.59413650249953],[-4.981258106245063,54.6558236186807],[-5.194380224777525,54.84032421332447],[-5.194380224777525,54.90163773019976],[-5.24766075441064,54.93225952606565],[-5.194380224777525,55.023985171237285],[-5.087819165511294,55.05451383556221],[-5.034538635878179,55.14596030320894],[-4.927977576611948,55.20680843492474],[-4.821416517345717,55.38879597222731],[-4.714855458079486,55.449273111390895],[-4.714855458079486,55.539815288077065],[-4.874697046978833,55.600061160212064],[-4.927977576611948,55.87002552896968],[-5.141099695144409,55.959599156634816],[-5.141099695144409,55.98941106038603],[-5.24766075441064,56.04896596746552],[-5.24766075441064,56.13812622207155],[-5.3009412840437555,56.16780045080267],[-5.3009412840437555,56.227080182463375],[-5.24766075441064,56.256685704920834],[-5.24766075441064,56.34536501632396],[-5.141099695144409,56.43383865023015],[-5.141099695144409,56.55148401359072],[-5.194380224777525,56.58083837024921],[-5.194380224777525,56.66876483766111],[-5.24766075441064,56.69802815928832],[-5.194380224777525,56.844003963044145],[-5.3009412840437555,56.90223543078755],[-5.3009412840437555,56.9894126851894],[-5.460782872943102,57.105332217312956],[-5.460782872943102,57.19203461912957],[-5.514063402576218,57.22089028455643],[-5.514063402576218,57.27853397449206],[-5.460782872943102,57.30732201966923],[-5.460782872943102,57.39355108035674],[-5.3009412840437555,57.508208374763434],[-5.24766075441064,57.508208374763434],[-5.141099695144409,57.56540230124258],[-4.981258106245063,57.56540230124258],[-4.927977576611948,57.59396562093871],[-4.821416517345717,57.59396562093871],[-4.7681359877126015,57.56540230124258],[-4.608294398813255,57.56540230124258],[-4.341891750647679,57.45092466233518],[-4.2886112210145635,57.45092466233518],[-4.128769632115217,57.36483056222344]]],[[[7.912630064968866,54.222046260422466],[8.019191124235096,54.1908862085365],[8.019191124235096,54.12849557706569],[7.85934953533575,54.12849557706569],[7.912630064968866,54.222046260422466]]],[[[11.80210872818629,56.197451767681464],[11.80210872818629,56.13812622207155],[11.695547668920058,56.13812622207155],[11.695547668920058,56.197451767681464],[11.80210872818629,56.197451767681464]]],[[[11.748828198553175,56.66876483766111],[11.642267139286945,56.610169953152905],[11.482425550387598,56.63947877228909],[11.482425550387598,56.72726874720607],[11.588986609653828,56.72726874720607],[11.642267139286945,56.75648661146559],[11.748828198553175,56.69802815928832],[11.748828198553175,56.66876483766111]]],[[[12.548036143049906,61.50395010231673],[12.654597202316136,61.45307159398312],[12.654597202316136,61.427601151541126],[12.814438791215482,61.32551118104311],[12.814438791215482,61.2743411082314],[12.654597202316136,61.146050322813764],[12.654597202316136,61.09458751751578],[12.494755613416789,61.09458751751578],[12.441475083783676,61.06882467640516],[12.334914024517444,61.06882467640516],[12.175072435618098,60.991410256950935],[12.175072435618098,60.939695612130244],[12.228352965251213,60.913806744678894],[12.228352965251213,60.836013820421655],[12.281633494884328,60.81004069904074],[12.281633494884328,60.731994730053614],[12.494755613416789,60.54914743223364],[12.548036143049906,60.417906143743295],[12.441475083783676,60.33890623918009],[12.441475083783676,60.10075487351555],[12.334914024517444,60.04759715689674],[12.334914024517444,59.99435371597106],[12.228352965251213,59.96769982007797],[12.228352965251213,59.94102445854847],[11.90866978745252,59.94102445854847],[11.80210872818629,59.88760929258752],[11.80210872818629,59.69997835667752],[11.588986609653828,59.592286165972226],[11.588986609653828,59.51128999224143],[11.695547668920058,59.40299180347319],[11.695547668920058,59.3215402978989],[11.748828198553175,59.2671306182041],[11.695547668920058,59.23989314177937],[11.695547668920058,59.10337894460587],[11.642267139286945,59.07601066370785],[11.642267139286945,58.993774736841296],[11.588986609653828,58.938841437287216],[11.588986609653828,59.02120857098384],[11.429145020754483,59.130725396757406],[11.162742372588905,59.130725396757406],[11.056181313322673,59.07601066370785],[11.056181313322673,59.02120857098384],[11.00290078368956,58.993774736841296],[10.896339724423328,58.993774736841296],[10.789778665157097,59.07601066370785],[10.683217605890867,59.07601066370785],[10.470095487358405,58.993774736841296],[10.310253898459061,58.993774736841296],[10.043851250293482,58.91134194962616],[9.83072913176102,58.91134194962616],[9.670887542861674,58.80112482070526],[9.564326483595444,58.80112482070526],[9.511045953962327,58.74588459420893],[9.191362776163635,58.579636206855355],[9.191362776163635,58.55185106939323],[9.084801716897404,58.524043881846005],[9.031521187264289,58.44048990931612],[8.818399068731827,58.35673709277335],[8.818399068731827,58.32877524888641],[8.605276950199366,58.21670639201921],[8.498715890933134,58.18863375334095],[8.498715890933134,58.16053892326982],[8.44543536130002,58.16053892326982],[8.338874302033789,58.1042826458346],[8.338874302033789,58.07612117694556],[8.232313242767558,58.047937473613814],[8.125752183501328,58.047937473613814],[8.072471653868211,58.01973152510937],[7.85934953533575,58.01973152510937],[7.806069005702634,57.96325284972773],[7.699507946436404,57.93498010145614],[7.379824768637711,57.93498010145614],[7.326544239004595,57.96325284972773],[7.219983179738365,57.96325284972773],[7.166702650105249,57.93498010145614],[7.060141590839018,57.93498010145614],[6.900300001939672,58.01973152510937],[6.633897353774096,58.01973152510937],[6.527336294507865,58.07612117694556],[6.527336294507865,58.16053892326982],[6.47405576487475,58.18863375334095],[6.47405576487475,58.24475685009921],[6.633897353774096,58.35673709277335],[6.633897353774096,58.38467681022508],[6.900300001939672,58.524043881846005],[7.060141590839018,58.55185106939323],[7.166702650105249,58.60739930518825],[7.379824768637711,58.662859428350025],[7.486385827903941,58.662859428350025],[7.592946887170173,58.690556475150544],[7.806069005702634,58.80112482070526],[7.96591059460198,58.966319029319216],[7.96591059460198,59.02120857098384],[8.072471653868211,59.07601066370785],[8.072471653868211,59.10337894460587],[8.605276950199366,59.40299180347319],[8.711838009465596,59.51128999224143],[8.818399068731827,59.56530908231615],[8.871679598364944,59.646175467344506],[8.978240657631174,59.69997835667752],[9.13808224653052,59.860869465183214],[9.13808224653052,59.91432761988204],[9.244643305796751,59.99435371597106],[9.297923835429865,60.127301614059476],[9.351204365062982,60.15382695816445],[9.351204365062982,60.20681350332582],[9.404484894696097,60.23327472753877],[9.404484894696097,60.33890623918009],[9.457765424329212,60.36526082885593],[9.457765424329212,60.522941641989796],[9.511045953962327,60.54914743223364],[9.511045953962327,60.67985846237328],[9.564326483595444,60.705937166219215],[9.564326483595444,60.78404648470114],[9.617607013228557,60.81004069904074],[9.617607013228557,60.86196586062666],[9.72416807249479,60.939695612130244],[9.72416807249479,60.991410256950935],[9.884009661394137,61.146050322813764],[9.990570720660367,61.197429371353174],[9.990570720660367,61.22308751654259],[10.363534428092175,61.402109900972114],[10.470095487358405,61.427601151541126],[10.736498135523982,61.427601151541126],[10.949620254056443,61.52935819214036],[11.00290078368956,61.6560874770566],[11.056181313322673,61.68137118516647],[11.056181313322673,61.73187654858972],[11.10946184295579,61.75709822795062],[11.10946184295579,61.83263940104507],[11.21602290222202,61.93307239672318],[11.588986609653828,62.08310509845689],[11.80210872818629,62.132951908182086],[12.121791905984983,62.28200142198697],[12.175072435618098,62.3562506399708],[12.228352965251213,62.30677154324825],[12.228352965251213,62.10803874487174],[12.175072435618098,62.08310509845689],[12.175072435618098,61.93307239672318],[12.121791905984983,61.907995029670786],[12.121791905984983,61.6560874770566],[12.441475083783676,61.50395010231673],[12.548036143049906,61.50395010231673]]],[[[15.425184743238137,-24.323924996621088],[15.425184743238137,-24.22679206090996],[15.371904213605024,-24.178197771343815],[15.371904213605024,-23.544797779305593],[15.425184743238137,-23.4959469081435],[15.425184743238137,-23.300362577930727],[15.478465272871253,-23.251421428701764],[15.478465272871253,-23.006446738347883],[15.53174580250437,-22.957398216468523],[15.53174580250437,-21.527372943857852],[15.478465272871253,-21.477803747644167],[15.478465272871253,-21.130348518340625],[15.425184743238137,-21.080645170945903],[15.425184743238137,-20.831879678264603],[15.371904213605024,-20.782077052677923],[15.371904213605024,-20.5328180601806],[15.318623683971905,-20.482917315394083],[15.318623683971905,-20.283152266631113],[15.265343154338792,-20.23317065056024],[15.265343154338792,-20.03308375637395],[15.212062624705677,-19.983022090364802],[15.212062624705677,-19.732475763822023],[15.15878209507256,-19.682319132510102],[15.15878209507256,-19.481535836911075],[15.105501565439445,-19.431300988678807],[15.105501565439445,-19.230206512331534],[15.052221035806332,-19.17989429210321],[15.052221035806332,-18.978492029251097],[14.998940506173213,-18.928103289213706],[14.998940506173213,-18.72639666304564],[14.9456599765401,-18.675932262595904],[14.892379446906984,-18.322262614623853],[14.839098917273867,-18.271678962898257],[14.839098917273867,-18.11983965456898],[14.785818387640752,-18.069197218168],[14.785818387640752,-17.96786855688466],[14.732537858007639,-17.91718240284964],[14.732537858007639,-17.815766625528923],[14.67925732837452,-17.76503707342429],[14.67925732837452,-17.663534820694633],[14.625976798741407,-17.561975275073117],[18.408894402692603,-17.561975275073117],[18.781858110124407,-17.91718240284964],[18.99498022865687,-18.018540173807963],[19.15482181755622,-18.018540173807963],[19.261382876822445,-17.96786855688466],[19.31466340645557,-18.018540173807963],[19.68762711388737,-18.018540173807963],[19.74090764352049,-18.069197218168],[19.90074923241983,-18.069197218168],[19.95402976205295,-18.018540173807963],[20.007310291686064,-18.069197218168],[20.43355452875099,-18.069197218168],[20.540115588017215,-18.170467447670987],[20.699957176916563,-18.170467447670987],[20.75323770654968,-18.221080562190046],[20.913079295449027,-18.221080562190046],[21.072920884348374,-18.11983965456898],[21.286043002880835,-18.11983965456898],[21.339323532513948,-18.170467447670987],[21.605726180679525,-18.170467447670987],[21.65900671031264,-18.11983965456898],[21.872128828845103,-18.11983965456898],[21.92540935847822,-18.069197218168],[22.13853147701068,-18.069197218168],[22.191812006643797,-18.018540173807963],[22.404934125176258,-18.018540173807963],[22.45821465480937,-17.96786855688466],[22.671336773341835,-17.96786855688466],[22.72461730297495,-17.91718240284964],[22.93773942150741,-17.91718240284964],[22.991019951140526,-17.866481747210127],[23.257422599306103,-17.866481747210127],[23.31070312893922,-17.815766625528923],[23.52382524747168,-17.815766625528923],[23.577105777104794,-17.76503707342429],[23.79022789563726,-17.76503707342429],[23.84350842527037,-17.71429312656988],[24.056630543802832,-17.71429312656988],[24.10991107343595,-17.663534820694633],[24.482874780867757,-17.663534820694633],[24.53615531050087,-17.71429312656988],[24.695996899400217,-17.71429312656988],[24.749277429033334,-17.663534820694633],[24.80255795866645,-17.71429312656988],[24.90911901793268,-17.71429312656988],[24.90911901793268,-17.76503707342429],[24.749277429033334,-17.815766625528923],[24.58943584013399,-17.96786855688466],[24.53615531050087,-17.91718240284964],[24.32303319196841,-17.91718240284964],[24.10991107343595,-18.018540173807963],[23.73694736600414,-18.322262614623853],[23.73694736600414,-18.372831482251307],[23.683666836371025,-18.372831482251307],[23.683666836371025,-18.271678962898257],[23.363983658572334,-17.91718240284964],[23.257422599306103,-17.91718240284964],[23.204142069672987,-17.96786855688466],[22.93773942150741,-17.96786855688466],[22.884458891874296,-18.018540173807963],[22.671336773341835,-18.018540173807963],[22.61805624370872,-18.069197218168],[22.404934125176258,-18.069197218168],[22.35165359554314,-18.11983965456898],[22.085250947377563,-18.11983965456898],[22.03197041774445,-18.170467447670987],[21.818848299211986,-18.170467447670987],[21.765567769578873,-18.221080562190046],[21.4991651214133,-18.221080562190046],[21.445884591780178,-18.271678962898257],[21.019640354715253,-18.271678962898257],[20.913079295449027,-18.372831482251307],[20.913079295449027,-21.130348518340625],[20.85979876581591,-21.180035207607325],[20.75323770654968,-21.180035207607325],[20.43355452875099,-21.32899500924038],[19.90074923241983,-21.774964641465058],[19.90074923241983,-21.824431906181964],[19.74090764352049,-21.97273099263211],[19.634346584254256,-22.170222306559722],[19.52778552498803,-22.26886421125089],[19.36794393608868,-22.564371996176785],[19.048260758289985,-22.90833190195805],[19.048260758289985,-22.957398216468523],[18.835138639757524,-23.153485253719776],[18.835138639757524,-23.202462310910004],[18.675297050858177,-23.349285729495726],[18.675297050858177,-23.39819085435879],[18.51545546195883,-23.544797779305593],[18.51545546195883,-23.593630508246733],[18.355613873059482,-23.740019554848537],[18.03593069526079,-24.323924996621088],[17.98265016562768,-24.56643145505155],[17.92936963599456,-24.614876660735675],[17.92936963599456,-24.711710766670777],[17.876089106361444,-24.76009961235288],[17.876089106361444,-24.856820753206044],[17.82280857672833,-24.905152994193994],[17.82280857672833,-25.00176068231755],[17.76952804709522,-25.05003607565634],[17.76952804709522,-25.146529826879235],[17.716247517462097,-25.19474813135332],[17.716247517462097,-25.29112746498566],[17.662966987828984,-25.339288441121166],[17.662966987828984,-25.435552879958525],[17.60968645819587,-25.483656290025365],[17.60968645819587,-25.579805360352893],[17.503125398929637,-25.771871771687188],[17.396564339663406,-25.86778869782792],[17.396564339663406,-25.91571800077515],[17.183442221130946,-26.05938896167064],[17.076881161864716,-26.05938896167064],[16.863759043332255,-25.96362782943551],[16.490795335900447,-25.627850968366733],[16.490795335900447,-25.579805360352893],[16.171112158101753,-25.29112746498566],[16.171112158101753,-25.24294735290335],[15.851428980303062,-24.9534663128747],[15.851428980303062,-24.905152994193994],[15.585026332137485,-24.614876660735675],[15.425184743238137,-24.323924996621088]]],[[[14.519415739475175,-6.058020939544432],[14.572696269108292,-6.110998047942468],[14.67925732837452,-6.110998047942468],[14.732537858007639,-6.058020939544432],[15.95799003956929,-6.058020939544432],[16.01127056920241,-6.005038632057975],[16.490795335900447,-6.058020939544432],[16.54407586553356,-6.216936488387091],[16.650636924799795,-6.3228535954442115],[16.597356395166674,-6.375804037193115],[16.597356395166674,-6.534622379429925],[16.703917454432908,-6.746301543699359],[16.703917454432908,-6.852106627541454],[16.863759043332255,-7.010770129960851],[16.863759043332255,-7.327933897970699],[17.183442221130946,-7.697672470441049],[17.183442221130946,-7.803253539954609],[17.343283810030293,-7.961575055002774],[17.449844869296523,-8.172575064725745],[17.556405928562754,-8.278033419239591],[17.876089106361444,-8.278033419239591],[17.92936963599456,-8.22530774931369],[17.98265016562768,-8.278033419239591],[18.142491754527022,-8.278033419239591],[18.249052813793256,-8.172575064725745],[18.355613873059482,-8.22530774931369],[18.462174932325716,-8.22530774931369],[18.622016521225063,-8.119835409216218],[18.728577580491294,-8.172575064725745],[19.36794393608868,-8.172575064725745],[19.47450499535491,-8.067088826554974],[19.47450499535491,-7.908807953797001],[19.52778552498803,-7.856034100809528],[19.52778552498803,-7.7504663151748545],[19.634346584254256,-7.644872049751967],[19.634346584254256,-7.222237238799917],[19.68762711388737,-7.1693796189892876],[20.326993469484755,-7.1693796189892876],[20.486835058384102,-7.063646020261899],[20.43355452875099,-7.1693796189892876],[20.43355452875099,-7.4336054883882765],[20.486835058384102,-7.486431772357024],[20.64667664728345,-7.486431772357024],[20.699957176916563,-7.4336054883882765],[21.65900671031264,-7.4336054883882765],[21.765567769578873,-7.486431772357024],[21.765567769578873,-7.697672470441049],[21.65900671031264,-7.908807953797001],[21.65900671031264,-8.067088826554974],[21.818848299211986,-8.33075203079257],[21.872128828845103,-8.594237685175543],[21.818848299211986,-8.646913030241056],[21.818848299211986,-8.85754034091771],[21.765567769578873,-8.910178434085047],[21.765567769578873,-9.331006646210154],[21.71228723994576,-9.383574958112137],[21.71228723994576,-9.54123190681757],[21.765567769578873,-9.593768084109684],[21.765567769578873,-9.69881597273663],[21.978689888111333,-9.961290977493029],[21.978689888111333,-10.013760827831211],[22.13853147701068,-10.118675036575876],[22.13853147701068,-10.275981981349155],[22.191812006643797,-10.328400294694882],[22.191812006643797,-10.642725190429434],[22.24509253627691,-10.7474286705666],[22.085250947377563,-10.90441571365713],[22.085250947377563,-11.009027800349573],[22.13853147701068,-11.061319935152742],[22.13853147701068,-11.374875387044186],[22.191812006643797,-11.427101346396023],[22.35165359554314,-11.427101346396023],[22.61805624370872,-11.21814020269412],[22.671336773341835,-11.270394773506187],[23.204142069672987,-11.270394773506187],[23.363983658572334,-11.165876178168116],[23.63038630673791,-11.165876178168116],[23.683666836371025,-11.21814020269412],[23.896788954903485,-11.21814020269412],[23.95006948453661,-11.270394773506187],[23.95006948453661,-11.53152436212599],[23.896788954903485,-11.583721335367363],[23.896788954903485,-12.313436911738656],[23.95006948453661,-12.365483372702586],[23.95006948453661,-12.469545165262236],[23.84350842527037,-12.57356517988337],[23.84350842527037,-12.729516155374498],[23.79022789563726,-12.781478572237242],[23.79022789563726,-12.885371300154892],[23.84350842527037,-12.937301530243236],[22.03197041774445,-12.937301530243236],[21.92540935847822,-13.041129520590678],[21.92540935847822,-16.39001611903108],[22.03197041774445,-16.543292267187937],[22.03197041774445,-16.64540881659544],[22.45821465480937,-17.002386530073412],[22.511495184442488,-17.10425603420051],[22.5647757140756,-17.10425603420051],[22.671336773341835,-17.206069834388085],[22.671336773341835,-17.2569557545773],[22.777897832608062,-17.358685453765673],[22.991019951140526,-17.460358723493012],[23.097581010406756,-17.663534820694633],[22.93773942150741,-17.663534820694633],[22.884458891874296,-17.71429312656988],[22.671336773341835,-17.71429312656988],[22.61805624370872,-17.76503707342429],[22.404934125176258,-17.76503707342429],[22.35165359554314,-17.815766625528923],[22.13853147701068,-17.815766625528923],[22.085250947377563,-17.866481747210127],[21.818848299211986,-17.866481747210127],[21.765567769578873,-17.91718240284964],[21.552445651046412,-17.91718240284964],[21.4991651214133,-17.96786855688466],[21.445884591780178,-17.96786855688466],[21.339323532513948,-17.866481747210127],[21.072920884348374,-17.866481747210127],[20.85979876581591,-17.96786855688466],[20.806518236182793,-17.91718240284964],[20.593396117650332,-17.91718240284964],[20.380273999117872,-17.76503707342429],[20.27371293985164,-17.76503707342429],[20.220432410218525,-17.815766625528923],[19.794188173153604,-17.815766625528923],[19.74090764352049,-17.76503707342429],[19.634346584254256,-17.76503707342429],[19.58106605462114,-17.815766625528923],[19.47450499535491,-17.815766625528923],[19.421224465721792,-17.76503707342429],[18.99498022865687,-17.76503707342429],[18.88841916939064,-17.71429312656988],[18.622016521225063,-17.460358723493012],[18.622016521225063,-17.409529160375328],[18.51545546195883,-17.30782763977714],[18.355613873059482,-17.30782763977714],[18.30233334342637,-17.358685453765673],[17.76952804709522,-17.358685453765673],[17.716247517462097,-17.30782763977714],[17.60968645819587,-17.30782763977714],[17.503125398929637,-17.358685453765673],[17.449844869296523,-17.30782763977714],[17.343283810030293,-17.30782763977714],[17.290003280397176,-17.358685453765673],[17.0236006322316,-17.358685453765673],[16.970320102598485,-17.30782763977714],[16.810478513699138,-17.30782763977714],[16.75719798406602,-17.358685453765673],[16.703917454432908,-17.30782763977714],[16.54407586553356,-17.30782763977714],[16.490795335900447,-17.358685453765673],[16.43751480626733,-17.30782763977714],[16.3309537470011,-17.30782763977714],[16.277673217367983,-17.358685453765673],[16.01127056920241,-17.358685453765673],[15.95799003956929,-17.30782763977714],[15.798148450669945,-17.30782763977714],[15.74486792103683,-17.358685453765673],[15.212062624705677,-17.358685453765673],[15.15878209507256,-17.30782763977714],[15.052221035806332,-17.30782763977714],[14.9456599765401,-17.358685453765673],[14.892379446906984,-17.30782763977714],[14.785818387640752,-17.30782763977714],[14.732537858007639,-17.358685453765673],[14.572696269108292,-17.358685453765673],[14.519415739475175,-17.30782763977714],[14.253013091309597,-16.747470981563097],[14.039890972777137,-16.49221369065023],[14.039890972777137,-16.441121628905442],[13.880049383877791,-16.287764903466307],[13.880049383877791,-16.236619272193227],[13.666927265345329,-16.031904127800757],[13.666927265345329,-15.98069237396273],[13.027560909747944,-15.365139375237014],[12.974280380114829,-15.365139375237014],[12.761158261582368,-15.159546757826977],[12.548036143049906,-15.056675269410738],[12.441475083783676,-14.953754070854059],[12.388194554150559,-14.953754070854059],[12.228352965251213,-14.79927974099309],[12.281633494884328,-14.696235617348345],[12.281633494884328,-14.490001797407551],[12.334914024517444,-14.438413241748487],[12.334914024517444,-14.33520028273415],[12.281633494884328,-14.283575957602514],[12.334914024517444,-14.231939787616419],[12.334914024517444,-14.076960601075461],[12.388194554150559,-14.025277444451769],[12.388194554150559,-13.921876225984574],[12.494755613416789,-13.818428730565003],[12.494755613416789,-13.456002644045084],[12.654597202316136,-13.30050820810555],[12.654597202316136,-13.248654493048477],[12.707877731949251,-13.248654493048477],[12.920999850481714,-13.041129520590678],[12.920999850481714,-12.833430300665741],[13.134121969014174,-12.625559418584013],[13.240683028280406,-12.57356517988337],[13.400524617179755,-12.57356517988337],[13.453805146812867,-12.521560415202401],[13.507085676445985,-12.365483372702586],[13.613646735712216,-12.261380128826348],[13.720207794978446,-12.053050596993927],[13.720207794978446,-11.948824965649585],[13.77348832461156,-11.896697077581798],[13.77348832461156,-11.688086005060287],[13.720207794978446,-11.635908563501614],[13.77348832461156,-11.583721335367363],[13.77348832461156,-11.270394773506187],[13.826768854244676,-11.21814020269412],[13.826768854244676,-11.009027800349573],[13.720207794978446,-10.90441571365713],[13.720207794978446,-10.69508144756559],[13.507085676445985,-10.485602636060557],[13.507085676445985,-10.380809869847756],[13.293963557913521,-10.066222195059892],[13.293963557913521,-9.908812686683893],[13.187402498647291,-9.803830954382693],[13.187402498647291,-9.593768084109684],[13.134121969014174,-9.54123190681757],[13.134121969014174,-9.436135300852731],[12.974280380114829,-9.173254326199512],[12.974280380114829,-9.015431835510679],[13.347244087546636,-8.6995810118004],[13.347244087546636,-8.383463540291507],[13.240683028280406,-8.278033419239591],[13.08084143938106,-7.961575055002774],[13.08084143938106,-7.856034100809528],[12.920999850481714,-7.592065097134201],[12.920999850481714,-7.486431772357024],[12.814438791215482,-7.327933897970699],[12.814438791215482,-7.116515864711638],[12.761158261582368,-7.010770129960851],[12.494755613416789,-6.693390310451173],[12.228352965251213,-6.163969912474945],[12.334914024517444,-6.216936488387091],[12.707877731949251,-6.216936488387091],[13.027560909747944,-6.058020939544432],[13.77348832461156,-6.058020939544432],[13.826768854244676,-6.005038632057975],[13.933329913510907,-6.005038632057975],[13.986610443144022,-6.058020939544432],[14.519415739475175,-6.058020939544432]]],[[[20.75323770654968,4.262507271961251],[21.019640354715253,4.262507271961251],[21.1794819436146,4.103101328642558],[21.286043002880835,4.103101328642558],[21.339323532513948,4.1562402393139735],[21.392604062147065,4.103101328642558],[21.818848299211986,4.103101328642558],[21.872128828845103,4.049958882360495],[22.085250947377563,4.049958882360495],[22.13853147701068,3.99681294595273],[22.24509253627691,3.99681294595273],[22.298373065910024,3.943663564919203],[22.45821465480937,3.943663564919203],[22.671336773341835,4.103101328642558],[22.884458891874296,4.528109799419429],[22.991019951140526,4.581218789611191],[23.097581010406756,4.528109799419429],[23.204142069672987,4.528109799419429],[23.31070312893922,4.421880167612588],[23.52382524747168,4.421880167612588],[23.683666836371025,4.581218789611191],[23.79022789563726,4.634323835534552],[24.056630543802832,4.634323835534552],[24.21647213270218,4.740521913295704],[24.32303319196841,4.740521913295704],[24.53615531050087,4.899788315375389],[24.695996899400217,4.740521913295704],[24.962399547565795,4.740521913295704],[25.015680077198912,4.79361485453629],[25.228802195731372,4.79361485453629],[25.335363254997603,4.846703670314443],[25.49520484389695,5.005944912416159],[25.49520484389695,5.112084283981386],[25.548485373530067,5.165147397267085],[25.60176590316318,5.112084283981386],[25.708326962429418,5.112084283981386],[25.81488802169564,5.005944912416159],[26.241132258760565,5.005944912416159],[26.29441278839368,4.952868744482237],[26.400973847659913,4.952868744482237],[26.507534906926143,4.846703670314443],[26.66737649582549,4.846703670314443],[26.77393755509172,4.899788315375389],[26.827218084724837,4.846703670314443],[26.933779143991064,4.846703670314443],[27.09362073289041,5.005944912416159],[27.25346232178976,5.005944912416159],[27.36002338105599,4.952868744482237],[27.519864969955336,4.740521913295704],[27.57314549958845,4.740521913295704],[27.679706558854686,4.634323835534552],[27.679706558854686,4.528109799419429],[27.839548147754027,4.368759616730086],[27.94610920702026,4.368759616730086],[28.052670266286487,4.209375568904994],[28.319072914452068,4.1562402393139735],[28.37235344408518,4.103101328642558],[28.47891450335141,4.103101328642558],[28.585475562617646,4.1562402393139735],[28.74531715151699,4.315635303043956],[28.95843927004945,4.315635303043956],[29.171561388581914,4.1562402393139735],[29.278122447848144,4.1562402393139735],[29.491244566380608,4.315635303043956],[29.491244566380608,4.368759616730086],[29.597805625646835,4.474996910300555],[29.651086155279955,4.474996910300555],[29.704366684913065,4.421880167612588],[29.704366684913065,4.262507271961251],[30.077330392344876,3.943663564919203],[30.077330392344876,3.890510784774657],[30.183891451611103,3.7841952092843614],[30.290452510877337,3.7841952092843614],[30.503574629409798,3.677866583888555],[30.503574629409798,3.465171642123509],[30.556855159042914,3.411990320490354],[30.76997727757538,3.411990320490354],[30.76997727757538,3.2524288791111995],[30.716696747942258,3.1992360587489954],[30.716696747942258,2.8800227673240646],[30.76997727757538,2.7735979607274936],[30.66341621830914,2.6139429071084415],[30.66341621830914,2.347806622408376],[30.82325780720849,2.188100151784537],[30.983099396107836,2.188100151784537],[31.08966045537407,2.081619644433887],[31.1962215146403,2.081619644433887],[31.14294098500718,1.9751319439734372],[30.76997727757538,1.602373651616379],[30.716696747942258,1.602373651616379],[30.61013568867603,1.4958581300473541],[30.61013568867603,1.4425984070717761],[30.450294099776684,1.282811941278955],[30.34373304051045,1.282811941278955],[30.130610921977993,1.0697480116980143],[30.130610921977993,0.9632103144007511],[29.970769333078646,0.9099401937186959],[29.864208273812412,0.803397638463261],[29.864208273812412,0.4304792338795314],[29.757647214546182,0.3239270776655937],[29.651086155279955,0.1108197728345205],[29.651086155279955,-0.10228906510130256],[29.597805625646835,-0.15556616864076614],[29.597805625646835,-0.31539648794751257],[29.544525096013718,-0.3686727770661935],[29.544525096013718,-0.848139507955681],[29.491244566380608,-0.9014105369619964],[29.491244566380608,-1.3808092073006084],[29.38468350711437,-1.4340703724516184],[29.171561388581914,-1.6471021787275408],[29.06500032931568,-1.8601112111299556],[29.06500032931568,-2.1795756251189102],[29.01171979968257,-2.1795756251189102],[28.905158740416333,-2.286049190912118],[28.905158740416333,-2.339283034965103],[28.798597681150106,-2.392514858614848],[28.798597681150106,-2.6586420656890346],[28.905158740416333,-2.871502787836796],[29.171561388581914,-3.1907185959599658],[29.118280858948797,-3.29710232799391],[29.118280858948797,-3.4566564778661664],[29.171561388581914,-3.5098352922965024],[29.171561388581914,-3.7756830444346963],[29.118280858948797,-3.828843011648992],[29.118280858948797,-3.9351529982991704],[29.278122447848144,-4.147731905703659],[29.278122447848144,-4.307128720634621],[29.33140297748126,-4.360253632601869],[29.33140297748126,-4.572715271276006],[29.224841918215027,-4.678922649990468],[29.224841918215027,-5.209710643866176],[29.38468350711437,-5.4219029379579275],[29.544525096013718,-5.7400506770410855],[29.33140297748126,-6.005038632057975],[29.33140297748126,-6.110998047942468],[29.43796403674749,-6.216936488387091],[29.491244566380608,-6.4816884738144225],[29.597805625646835,-6.587550683783362],[29.597805625646835,-6.693390310451173],[29.757647214546182,-6.852106627541454],[29.757647214546182,-6.905000389216058],[29.91748880344553,-7.063646020261899],[30.077330392344876,-7.116515864711638],[30.23717198124422,-7.275088679874622],[30.290452510877337,-7.380772848871835],[30.290452510877337,-7.486431772357024],[30.34373304051045,-7.539251656641989],[30.34373304051045,-7.7504663151748545],[30.66341621830914,-8.172575064725745],[30.450294099776684,-8.172575064725745],[30.397013570143567,-8.22530774931369],[30.077330392344876,-8.22530774931369],[30.024049862711756,-8.278033419239591],[29.757647214546182,-8.278033419239591],[29.704366684913065,-8.33075203079257],[29.38468350711437,-8.33075203079257],[29.33140297748126,-8.383463540291507],[29.06500032931568,-8.383463540291507],[29.01171979968257,-8.4361679040852],[28.905158740416333,-8.4361679040852],[28.851878210783223,-8.488865078552571],[28.851878210783223,-8.752241586385622],[28.53219503298453,-9.120654568480855],[28.319072914452068,-9.225846287154365],[28.319072914452068,-9.436135300852731],[28.47891450335141,-9.54123190681757],[28.47891450335141,-9.646296120376483],[28.585475562617646,-9.803830954382693],[28.585475562617646,-10.118675036575876],[28.53219503298453,-10.17111930981146],[28.53219503298453,-10.590359941324554],[28.585475562617646,-10.642725190429434],[28.47891450335141,-10.852095845684866],[28.47891450335141,-10.956726379204573],[28.4256339737183,-11.009027800349573],[28.4256339737183,-11.165876178168116],[28.37235344408518,-11.21814020269412],[28.37235344408518,-11.322639848858447],[28.319072914452068,-11.374875387044186],[28.319072914452068,-11.740253618615169],[28.37235344408518,-11.792411362778445],[28.37235344408518,-11.896697077581798],[28.53219503298453,-12.105148257944645],[28.63875609225076,-12.105148257944645],[28.95843927004945,-12.417519470826784],[28.95843927004945,-12.521560415202401],[29.01171979968257,-12.57356517988337],[29.33140297748126,-12.57356517988337],[29.38468350711437,-12.625559418584013],[29.597805625646835,-12.625559418584013],[29.651086155279955,-12.57356517988337],[29.651086155279955,-12.417519470826784],[29.704366684913065,-12.417519470826784],[29.704366684913065,-13.19678972659412],[29.651086155279955,-13.144913948894517],[29.544525096013718,-13.144913948894517],[29.38468350711437,-13.30050820810555],[29.278122447848144,-13.352350831658075],[29.171561388581914,-13.30050820810555],[29.06500032931568,-13.30050820810555],[29.06500032931568,-13.19678972659412],[28.905158740416333,-12.989220950513085],[28.905158740416333,-12.937301530243236],[28.74531715151699,-12.781478572237242],[28.692036621883876,-12.781478572237242],[28.63875609225076,-12.625559418584013],[28.53219503298453,-12.521560415202401],[28.47891450335141,-12.521560415202401],[28.47891450335141,-12.469545165262236],[28.37235344408518,-12.365483372702586],[28.26579238481895,-12.313436911738656],[28.052670266286487,-12.313436911738656],[27.94610920702026,-12.209313064899204],[27.679706558854686,-12.209313064899204],[27.626426029221566,-12.157235760932808],[27.626426029221566,-12.000942819181484],[27.466584440322226,-11.844559196202843],[27.413303910689102,-11.844559196202843],[27.36002338105599,-11.740253618615169],[27.36002338105599,-11.583721335367363],[27.306742851422875,-11.53152436212599],[27.040340203257298,-11.53152436212599],[26.933779143991064,-11.635908563501614],[26.933779143991064,-11.792411362778445],[26.88049861435795,-11.896697077581798],[26.77393755509172,-11.896697077581798],[26.66737649582549,-11.948824965649585],[26.507534906926143,-11.844559196202843],[26.081290669861218,-11.844559196202843],[25.974729610594988,-11.740253618615169],[25.761607492062527,-11.740253618615169],[25.655046432796293,-11.635908563501614],[25.548485373530067,-11.635908563501614],[25.441924314263833,-11.47931768528605],[25.49520484389695,-11.374875387044186],[25.49520484389695,-11.21814020269412],[25.441924314263833,-11.165876178168116],[25.228802195731372,-11.165876178168116],[25.175521666098255,-11.21814020269412],[24.90911901793268,-11.21814020269412],[24.855838488299565,-11.270394773506187],[24.695996899400217,-11.270394773506187],[24.58943584013399,-11.374875387044186],[24.53615531050087,-11.374875387044186],[24.53615531050087,-11.113602741713072],[24.429594251234644,-11.009027800349573],[24.269752662335296,-10.956726379204573],[24.056630543802832,-10.799766817303485],[23.95006948453661,-10.799766817303485],[23.84350842527037,-10.956726379204573],[23.63038630673791,-10.956726379204573],[23.577105777104794,-10.90441571365713],[23.417264188205447,-10.90441571365713],[23.097581010406756,-11.061319935152742],[22.991019951140526,-11.009027800349573],[22.511495184442488,-11.009027800349573],[22.404934125176258,-11.113602741713072],[22.35165359554314,-10.956726379204573],[22.45821465480937,-10.852095845684866],[22.45821465480937,-10.328400294694882],[22.35165359554314,-10.17111930981146],[22.35165359554314,-10.013760827831211],[22.298373065910024,-9.908812686683893],[22.191812006643797,-9.856325998077535],[22.191812006643797,-9.803830954382693],[21.978689888111333,-9.593768084109684],[21.978689888111333,-9.068047057179902],[22.03197041774445,-9.015431835510679],[22.03197041774445,-8.752241586385622],[22.085250947377563,-8.6995810118004],[22.085250947377563,-8.383463540291507],[21.92540935847822,-8.067088826554974],[21.92540935847822,-7.803253539954609],[22.03197041774445,-7.644872049751967],[22.03197041774445,-7.4336054883882765],[21.872128828845103,-7.222237238799917],[20.699957176916563,-7.222237238799917],[20.699957176916563,-7.116515864711638],[20.75323770654968,-7.063646020261899],[20.75323770654968,-6.905000389216058],[20.699957176916563,-6.852106627541454],[20.326993469484755,-6.852106627541454],[20.220432410218525,-6.95788823815493],[19.58106605462114,-6.95788823815493],[19.421224465721792,-7.116515864711638],[19.421224465721792,-7.486431772357024],[19.36794393608868,-7.486431772357024],[19.261382876822445,-7.592065097134201],[19.261382876822445,-7.7504663151748545],[19.31466340645557,-7.803253539954609],[19.261382876822445,-7.856034100809528],[19.261382876822445,-7.961575055002774],[18.88841916939064,-7.961575055002774],[18.835138639757524,-7.856034100809528],[18.51545546195883,-7.856034100809528],[18.408894402692603,-7.961575055002774],[18.30233334342637,-7.908807953797001],[18.19577228416014,-7.908807953797001],[18.08921122489391,-8.014335360541105],[17.98265016562768,-7.961575055002774],[17.876089106361444,-7.961575055002774],[17.82280857672833,-8.014335360541105],[17.662966987828984,-8.014335360541105],[17.60968645819587,-7.856034100809528],[17.503125398929637,-7.803253539954609],[17.449844869296523,-7.644872049751967],[17.343283810030293,-7.539251656641989],[17.290003280397176,-7.380772848871835],[17.130161691497833,-7.275088679874622],[17.130161691497833,-7.010770129960851],[17.076881161864716,-6.905000389216058],[16.91703957296537,-6.746301543699359],[16.91703957296537,-6.534622379429925],[16.863759043332255,-6.4816884738144225],[16.863759043332255,-6.163969912474945],[16.75719798406602,-6.058020939544432],[16.703917454432908,-5.89905859903904],[16.54407586553356,-5.793058307542936],[15.212062624705677,-5.793058307542936],[15.15878209507256,-5.846060963170974],[14.625976798741407,-5.846060963170974],[14.572696269108292,-5.793058307542936],[14.46613520984206,-5.793058307542936],[14.412854680208946,-5.846060963170974],[14.306293620942714,-5.846060963170974],[14.253013091309597,-5.793058307542936],[13.08084143938106,-5.793058307542936],[13.027560909747944,-5.846060963170974],[12.920999850481714,-5.846060963170974],[12.814438791215482,-5.952051170282409],[12.654597202316136,-5.952051170282409],[12.601316672683021,-6.005038632057975],[12.228352965251213,-5.952051170282409],[12.334914024517444,-5.89905859903904],[12.601316672683021,-5.89905859903904],[12.654597202316136,-5.846060963170974],[12.654597202316136,-5.15665125818068],[12.867719320848598,-4.997446673914732],[12.920999850481714,-4.891288713440231],[13.027560909747944,-4.8382033975241105],[13.187402498647291,-4.8382033975241105],[13.347244087546636,-5.0505192280478735],[13.507085676445985,-5.0505192280478735],[13.720207794978446,-4.944369820644351],[13.880049383877791,-4.785113918135757],[13.880049383877791,-4.678922649990468],[14.039890972777137,-4.678922649990468],[14.146452032043367,-4.572715271276006],[14.306293620942714,-4.5196056537409595],[14.306293620942714,-4.997446673914732],[14.359574150575828,-5.0505192280478735],[14.572696269108292,-5.0505192280478735],[14.625976798741407,-5.1035874378586845],[14.732537858007639,-5.1035874378586845],[14.998940506173213,-4.891288713440231],[14.998940506173213,-4.8382033975241105],[15.425184743238137,-4.413374789034957],[15.585026332137485,-4.360253632601869],[15.74486792103683,-4.147731905703659],[15.904709509936175,-4.147731905703659],[16.117831628468636,-3.9351529982991704],[16.384234276634214,-3.4034746819007298],[16.384234276634214,-3.29710232799391],[16.3309537470011,-3.243911861398605],[16.3309537470011,-2.871502787836796],[16.384234276634214,-2.8182912108449623],[16.384234276634214,-2.552197748491676],[16.3309537470011,-2.4989722612344383],[16.3309537470011,-2.339283034965103],[16.384234276634214,-2.2328133723343835],[16.490795335900447,-2.1263359951610328],[16.490795335900447,-2.073094528364208],[16.597356395166674,-2.073094528364208],[16.650636924799795,-2.0198512706398244],[16.650636924799795,-1.9666062679069984],[16.75719798406602,-1.8601112111299556],[16.75719798406602,-1.7536097255331138],[16.863759043332255,-1.540588938429001],[16.970320102598485,-1.4340703724516184],[17.0236006322316,-1.2742833426559927],[17.130161691497833,-1.2742833426559927],[17.183442221130946,-1.2210187351705515],[17.290003280397176,-1.2210187351705515],[17.396564339663406,-1.1677530722565286],[17.82280857672833,-0.7415952962869593],[17.876089106361444,-0.6350485200396966],[17.876089106361444,-0.15556616864076614],[18.08921122489391,0.2706505564137046],[18.08921122489391,0.537029901303599],[18.03593069526079,0.5903045615741838],[18.03593069526079,0.9632103144007511],[18.142491754527022,1.176282010048362],[18.142491754527022,1.282811941278955],[18.19577228416014,1.3360752666893787],[18.19577228416014,1.4425984070717761],[18.249052813793256,1.4958581300473541],[18.249052813793256,1.6556293582463426],[18.19577228416014,1.7621364333330232],[18.249052813793256,1.8153877098627367],[18.249052813793256,2.134860820203973],[18.622016521225063,2.7735979607274936],[18.622016521225063,2.8800227673240646],[18.781858110124407,3.039641217776608],[18.781858110124407,4.209375568904994],[19.1015412879231,4.581218789611191],[19.1015412879231,4.634323835534552],[19.47450499535491,4.952868744482237],[19.794188173153604,4.952868744482237],[19.90074923241983,4.846703670314443],[20.060590821319177,4.79361485453629],[20.380273999117872,4.528109799419429],[20.380273999117872,4.421880167612588],[20.593396117650332,4.209375568904994],[20.699957176916563,4.209375568904994],[20.75323770654968,4.262507271961251]]],[[[17.876089106361444,1.229547507061759],[17.876089106361444,1.123015496253928],[17.82280857672833,1.0697480116980143],[17.82280857672833,0.4837547767197904],[17.876089106361444,0.3772033188414026],[17.662966987828984,-0.04901187311826022],[17.662966987828984,-0.5817742853205967],[17.556405928562754,-0.6350485200396966],[17.556405928562754,-0.6883222057120018],[17.23672275076406,-1.0079502111233858],[17.076881161864716,-1.0079502111233858],[16.970320102598485,-1.061218764210622],[16.91703957296537,-1.1677530722565286],[16.863759043332255,-1.1677530722565286],[16.75719798406602,-1.2742833426559927],[16.650636924799795,-1.540588938429001],[16.54407586553356,-1.6471021787275408],[16.54407586553356,-1.7536097255331138],[16.43751480626733,-1.8601112111299556],[16.43751480626733,-1.9666062679069984],[16.3309537470011,-1.9666062679069984],[16.117831628468636,-2.1795756251189102],[16.117831628468636,-3.4566564778661664],[15.95799003956929,-3.669353390028802],[15.904709509936175,-3.828843011648992],[15.798148450669945,-3.9351529982991704],[15.53174580250437,-3.988302926657311],[15.478465272871253,-4.094592425854397],[15.318623683971905,-4.254000098542843],[15.265343154338792,-4.254000098542843],[14.839098917273867,-4.678922649990468],[14.839098917273867,-4.7320203205327855],[14.732537858007639,-4.8382033975241105],[14.67925732837452,-4.785113918135757],[14.572696269108292,-4.785113918135757],[14.519415739475175,-4.678922649990468],[14.572696269108292,-4.625820951801538],[14.572696269108292,-4.307128720634621],[14.46613520984206,-4.20086781175209],[14.359574150575828,-4.20086781175209],[14.253013091309597,-4.307128720634621],[14.146452032043367,-4.307128720634621],[13.986610443144022,-4.413374789034957],[13.880049383877791,-4.360253632601869],[13.77348832461156,-4.360253632601869],[13.666927265345329,-4.466492144540384],[13.666927265345329,-4.572715271276006],[13.613646735712216,-4.678922649990468],[13.507085676445985,-4.678922649990468],[13.453805146812867,-4.7320203205327855],[13.400524617179755,-4.7320203205327855],[13.187402498647291,-4.5196056537409595],[13.08084143938106,-4.5196056537409595],[12.974280380114829,-4.360253632601869],[12.867719320848598,-4.307128720634621],[12.761158261582368,-4.307128720634621],[12.601316672683021,-4.5196056537409595],[12.388194554150559,-4.5196056537409595],[12.281633494884328,-4.625820951801538],[12.281633494884328,-4.678922649990468],[12.228352965251213,-4.678922649990468],[12.068511376351868,-4.8382033975241105],[12.068511376351868,-4.891288713440231],[11.90866978745252,-5.0505192280478735],[11.748828198553175,-4.785113918135757],[11.748828198553175,-4.678922649990468],[11.322583961488252,-4.254000098542843],[11.269303431855135,-4.147731905703659],[11.21602290222202,-4.147731905703659],[11.322583961488252,-3.8819996781191715],[11.535706080020713,-3.7225198220365474],[11.642267139286945,-3.8819996781191715],[11.961950317085638,-3.8819996781191715],[12.015230846718751,-3.828843011648992],[12.015230846718751,-3.563011079550394],[12.068511376351868,-3.5098352922965024],[12.068511376351868,-3.29710232799391],[11.90866978745252,-3.1907185959599658],[11.90866978745252,-2.977918460020041],[11.748828198553175,-2.8182912108449623],[11.748828198553175,-2.605421031920853],[12.015230846718751,-2.552197748491676],[12.068511376351868,-2.605421031920853],[12.175072435618098,-2.605421031920853],[12.388194554150559,-2.4989722612344383],[12.494755613416789,-2.4989722612344383],[12.601316672683021,-2.392514858614848],[12.601316672683021,-2.073094528364208],[12.707877731949251,-2.0198512706398244],[12.814438791215482,-2.2328133723343835],[12.814438791215482,-2.339283034965103],[12.867719320848598,-2.392514858614848],[12.867719320848598,-2.4989722612344383],[12.920999850481714,-2.552197748491676],[13.293963557913521,-2.552197748491676],[13.347244087546636,-2.605421031920853],[13.560366206079099,-2.605421031920853],[13.77348832461156,-2.392514858614848],[13.77348832461156,-2.552197748491676],[13.880049383877791,-2.6586420656890346],[13.986610443144022,-2.7118608039729875],[14.146452032043367,-2.7118608039729875],[14.253013091309597,-2.605421031920853],[14.253013091309597,-2.552197748491676],[14.359574150575828,-2.4989722612344383],[14.359574150575828,-2.2328133723343835],[14.412854680208946,-2.1795756251189102],[14.412854680208946,-2.073094528364208],[14.46613520984206,-2.073094528364208],[14.572696269108292,-1.9666062679069984],[14.572696269108292,-1.6471021787275408],[14.625976798741407,-1.59384624727874],[14.625976798741407,-1.2210187351705515],[14.572696269108292,-1.1677530722565286],[14.572696269108292,-0.9546807866964655],[14.625976798741407,-0.9014105369619964],[14.625976798741407,-0.5817742853205967],[14.412854680208946,-0.3686727770661935],[14.306293620942714,-0.3686727770661935],[14.093171502410252,-0.15556616864076614],[14.039890972777137,-0.15556616864076614],[14.093171502410252,-0.10228906510130256],[14.093171502410252,0.004265361242650685],[14.039890972777137,0.05754259191553674],[14.039890972777137,0.1640968579339396],[14.519415739475175,0.5903045615741838],[14.572696269108292,0.6968523049588264],[14.572696269108292,0.9632103144007511],[14.412854680208946,1.176282010048362],[14.412854680208946,1.282811941278955],[14.253013091309597,1.4425984070717761],[14.093171502410252,1.4425984070717761],[14.039890972777137,1.4958581300473541],[13.77348832461156,1.4958581300473541],[13.560366206079099,1.3893374372872496],[13.400524617179755,1.3893374372872496],[13.293963557913521,1.602373651616379],[13.347244087546636,1.7088836341407874],[13.347244087546636,1.8686374177761917],[13.453805146812867,1.9751319439734372],[14.625976798741407,1.9751319439734372],[14.732537858007639,1.8686374177761917],[14.839098917273867,1.8686374177761917],[14.892379446906984,1.8153877098627367],[15.212062624705677,1.8153877098627367],[15.265343154338792,1.7621364333330232],[15.691587391403715,1.7621364333330232],[15.798148450669945,1.7088836341407874],[15.851428980303062,1.602373651616379],[15.95799003956929,1.602373651616379],[16.064551098835523,1.4958581300473541],[16.22439268773487,1.4958581300473541],[16.277673217367983,1.549116560223766],[16.277673217367983,1.8686374177761917],[16.22439268773487,1.9751319439734372],[16.384234276634214,2.134860820203973],[16.43751480626733,2.4010381182917016],[16.597356395166674,2.667163576405875],[16.597356395166674,2.8800227673240646],[16.650636924799795,2.9332314645038973],[16.650636924799795,3.146040477928189],[16.703917454432908,3.1992360587489954],[16.703917454432908,3.3588060556653003],[17.183442221130946,3.3588060556653003],[17.23672275076406,3.411990320490354],[17.396564339663406,3.411990320490354],[17.503125398929637,3.518349974912629],[17.82280857672833,3.3588060556653003],[18.08921122489391,3.3588060556653003],[18.142491754527022,3.305618893313155],[18.30233334342637,3.305618893313155],[18.51545546195883,3.411990320490354],[18.568735991591947,3.305618893313155],[18.568735991591947,3.1992360587489954],[18.355613873059482,2.826811584138342],[18.355613873059482,2.720381942882803],[18.142491754527022,2.454267540558193],[17.98265016562768,2.134860820203973],[17.98265016562768,1.4425984070717761],[17.876089106361444,1.229547507061759]]],[[[3.596907164686517,9.654706121726903],[3.650187694319633,9.707224659703918],[3.650187694319633,9.75973496406965],[3.7567487535858635,9.864730700772672],[3.8100292832189795,10.127072962075681],[3.7567487535858635,10.231950139128319],[3.8633098128520946,10.231950139128319],[3.9698708721183253,10.389200847838355],[3.9698708721183253,10.70346386474898],[3.9165903424852098,10.755809637295362],[3.9165903424852098,10.912792288593085],[3.8633098128520946,10.96510147675349],[3.8633098128520946,11.12197336681812],[3.9698708721183253,11.12197336681812],[4.0231514017514405,11.174245299051494],[4.236273520283902,11.174245299051494],[4.289554049917018,11.226507812662637],[4.6092372277157105,11.226507812662637],[4.662517757348826,11.278760865872894],[4.928920405514403,11.278760865872894],[4.982200935147518,11.331004416942646],[5.355164642579325,11.331004416942646],[5.408445172212441,11.383238424171472],[5.781408879644249,11.383238424171472],[5.834689409277364,11.4354628458983],[6.154372587076057,11.4354628458983],[6.207653116709173,11.487677640501555],[6.58061682414098,11.487677640501555],[6.633897353774096,11.539882766399328],[6.953580531572788,11.539882766399328],[7.006861061205903,11.592078182049514],[7.273263709371481,11.592078182049514],[7.326544239004595,11.64426384594997],[7.539666357537057,11.64426384594997],[7.592946887170173,11.696439716638679],[7.806069005702634,11.696439716638679],[7.85934953533575,11.74860575269388],[8.072471653868211,11.74860575269388],[8.125752183501328,11.800761912734245],[8.285593772400674,11.800761912734245],[8.338874302033789,11.852908155419005],[8.498715890933134,11.852908155419005],[8.551996420566251,11.905044439448124],[8.711838009465596,11.905044439448124],[8.765118539098713,11.957170723562436],[8.978240657631174,11.957170723562436],[9.031521187264289,12.009286966543801],[9.297923835429865,12.009286966543801],[9.351204365062982,12.061393127215252],[9.564326483595444,12.061393127215252],[9.617607013228557,12.113489164441141],[9.83072913176102,12.113489164441141],[9.884009661394137,12.1655750371273],[10.097131779926597,12.1655750371273],[10.150412309559712,12.21765070422118],[10.310253898459061,12.21765070422118],[10.363534428092175,12.269716124712001],[10.629937076257752,12.321771257630898],[10.789778665157097,12.425850497087954],[10.896339724423328,12.425850497087954],[11.00290078368956,12.477874521899297],[11.269303431855135,12.685865703535606],[11.322583961488252,12.685865703535606],[11.748828198553175,13.101336013929377],[11.855389257819406,13.101336013929377],[12.068511376351868,12.945615567240488],[12.228352965251213,12.945615567240488],[12.281633494884328,12.893687065297783],[12.548036143049906,12.893687065297783],[12.707877731949251,13.101336013929377],[12.761158261582368,13.101336013929377],[12.974280380114829,13.256958025600094],[12.974280380114829,13.308809967387218],[13.347244087546636,13.412480517139297],[13.453805146812867,13.567902407061489],[13.507085676445985,13.567902407061489],[13.666927265345329,13.464299045039011],[13.666927265345329,13.412480517139297],[13.933329913510907,13.101336013929377],[14.039890972777137,12.893687065297783],[14.039890972777137,12.685865703535606],[14.093171502410252,12.633883727196348],[14.093171502410252,12.321771257630898],[14.199732561676484,12.21765070422118],[14.412854680208946,12.21765070422118],[14.519415739475175,12.113489164441141],[14.519415739475175,11.74860575269388],[14.46613520984206,11.696439716638679],[14.46613520984206,11.592078182049514],[14.519415739475175,11.539882766399328],[14.412854680208946,11.4354628458983],[14.199732561676484,11.331004416942646],[13.986610443144022,11.331004416942646],[13.720207794978446,11.069692057780053],[13.613646735712216,10.808146326835434],[13.453805146812867,10.598745239166647],[13.453805146812867,10.493990787520842],[13.400524617179755,10.44160023253443],[13.400524617179755,10.231950139128319],[13.187402498647291,10.074621489646706],[13.134121969014174,9.96969298979325],[13.134121969014174,9.75973496406965],[13.187402498647291,9.707224659703918],[13.134121969014174,9.602179392980267],[12.920999850481714,9.497101534715698],[12.814438791215482,9.391991428324847],[12.814438791215482,9.181675847514661],[12.761158261582368,9.12907733530684],[12.761158261582368,8.865969231448563],[12.601316672683021,8.708013493290176],[12.441475083783676,8.655346694809456],[12.175072435618098,8.391903015722216],[12.121791905984983,8.286475170142982],[12.121791905984983,7.970023464264306],[11.961950317085638,7.7589190229184295],[11.961950317085638,7.653326864499871],[11.90866978745252,7.600520954809427],[11.90866978745252,7.442064432493206],[11.961950317085638,7.389232807654724],[12.068511376351868,7.389232807654724],[12.175072435618098,7.494889694715129],[12.175072435618098,7.653326864499871],[12.334914024517444,7.864484673378945],[12.334914024517444,8.02278267760996],[12.388194554150559,8.075535044411458],[12.388194554150559,8.286475170142982],[12.441475083783676,8.286475170142982],[12.548036143049906,8.391903015722216],[12.548036143049906,8.444606231297248],[12.654597202316136,8.444606231297248],[12.761158261582368,8.497302250564177],[12.920999850481714,8.655346694809456],[12.974280380114829,8.760672877839589],[12.974280380114829,9.02385707260398],[13.027560909747944,9.076471062600337],[13.027560909747944,9.234266556047505],[13.134121969014174,9.339424389546785],[13.347244087546636,9.444550491051508],[13.347244087546636,9.549644516339887],[13.400524617179755,9.602179392980267],[13.400524617179755,9.9172160475992],[13.560366206079099,10.022161484686718],[13.613646735712216,10.127072962075681],[13.613646735712216,10.336792675777994],[13.666927265345329,10.389200847838355],[13.666927265345329,10.493990787520842],[13.77348832461156,10.70346386474898],[13.880049383877791,10.808146326835434],[13.933329913510907,10.96510147675349],[14.039890972777137,11.069692057780053],[14.253013091309597,11.069692057780053],[14.519415739475175,11.278760865872894],[14.67925732837452,11.331004416942646],[14.785818387640752,11.487677640501555],[14.732537858007639,11.74860575269388],[14.785818387640752,11.800761912734245],[14.785818387640752,12.21765070422118],[14.67925732837452,12.269716124712001],[14.519415739475175,12.425850497087954],[14.359574150575828,12.425850497087954],[14.306293620942714,12.477874521899297],[14.306293620942714,12.685865703535606],[14.253013091309597,12.737837066078693],[14.253013091309597,12.893687065297783],[14.412854680208946,12.893687065297783],[14.46613520984206,12.633883727196348],[14.67925732837452,12.529888095685394],[14.785818387640752,12.425850497087954],[14.785818387640752,12.321771257630898],[14.839098917273867,12.269716124712001],[14.839098917273867,12.061393127215252],[14.998940506173213,11.800761912734245],[14.998940506173213,11.539882766399328],[15.052221035806332,11.487677640501555],[14.9456599765401,11.278760865872894],[14.9456599765401,10.912792288593085],[14.998940506173213,10.86047389128386],[14.998940506173213,10.70346386474898],[15.052221035806332,10.651109051319263],[15.052221035806332,10.44160023253443],[15.425184743238137,10.022161484686718],[15.15878209507256,10.074621489646706],[15.105501565439445,10.022161484686718],[14.785818387640752,10.022161484686718],[14.732537858007639,9.96969298979325],[14.519415739475175,10.074621489646706],[14.412854680208946,10.074621489646706],[14.359574150575828,10.022161484686718],[14.199732561676484,10.022161484686718],[14.039890972777137,9.864730700772672],[14.039890972777137,9.75973496406965],[13.986610443144022,9.75973496406965],[13.880049383877791,9.654706121726903],[13.880049383877791,9.549644516339887],[14.146452032043367,9.286849417761783],[14.199732561676484,9.286849417761783],[14.199732561676484,9.181675847514661],[14.359574150575828,9.02385707260398],[14.412854680208946,9.02385707260398],[14.412854680208946,8.971235408558963],[14.625976798741407,8.760672877839589],[14.67925732837452,8.760672877839589],[14.839098917273867,8.602672525860422],[14.892379446906984,8.602672525860422],[15.15878209507256,8.339192647455333],[15.265343154338792,8.128280520845289],[15.265343154338792,8.02278267760996],[15.318623683971905,7.970023464264306],[15.318623683971905,7.864484673378945],[15.478465272871253,7.653326864499871],[15.371904213605024,7.442064432493206],[15.105501565439445,7.177843565709869],[15.052221035806332,6.913469161302048],[14.998940506173213,6.807677650040226],[14.839098917273867,6.648946761994554],[14.67925732837452,6.278377357702322],[14.519415739475175,6.278377357702322],[14.412854680208946,6.1194802275932405],[14.306293620942714,6.066503955829818],[14.306293620942714,5.907544082187024],[14.46613520984206,5.748538562416436],[14.519415739475175,5.748538562416436],[14.519415739475175,5.377354980612036],[14.46613520984206,5.324309905458235],[14.46613520984206,5.165147397267085],[14.572696269108292,5.059016773976583],[14.572696269108292,4.846703670314443],[14.625976798741407,4.79361485453629],[14.625976798741407,4.528109799419429],[14.998940506173213,4.209375568904994],[14.998940506173213,4.049958882360495],[14.9456599765401,3.99681294595273],[14.9456599765401,3.890510784774657],[15.105501565439445,3.677866583888555],[15.212062624705677,3.677866583888555],[15.265343154338792,3.731032505040386],[15.318623683971905,4.103101328642558],[15.212062624705677,4.209375568904994],[15.15878209507256,4.368759616730086],[14.839098917273867,4.634323835534552],[14.839098917273867,5.059016773976583],[14.732537858007639,5.271260253121549],[14.785818387640752,5.377354980612036],[14.785818387640752,5.854547254247714],[14.625976798741407,6.013522477806788],[14.67925732837452,6.013522477806788],[14.892379446906984,6.172451248323487],[14.998940506173213,6.490164596533139],[15.212062624705677,6.701862814864566],[15.212062624705677,6.807677650040226],[15.371904213605024,7.12498079070197],[15.53174580250437,7.230700199160681],[15.585026332137485,7.3363948643583905],[15.691587391403715,7.3363948643583905],[15.74486792103683,7.283550646789687],[15.904709509936175,7.283550646789687],[16.171112158101753,7.442064432493206],[16.43751480626733,7.494889694715129],[16.54407586553356,7.600520954809427],[16.75719798406602,7.389232807654724],[16.91703957296537,7.389232807654724],[16.970320102598485,7.442064432493206],[17.076881161864716,7.442064432493206],[17.183442221130946,7.494889694715129],[17.396564339663406,7.706126235210257],[17.556405928562754,7.706126235210257],[17.662966987828984,7.811705183630086],[18.03593069526079,7.811705183630086],[18.08921122489391,7.864484673378945],[18.622016521225063,7.864484673378945],[18.781858110124407,8.02278267760996],[18.781858110124407,8.075535044411458],[18.835138639757524,8.075535044411458],[19.1015412879231,8.339192647455333],[19.1015412879231,8.391903015722216],[19.261382876822445,8.549991029937058],[19.261382876822445,8.655346694809456],[19.1015412879231,8.813324805025875],[19.74090764352049,8.813324805025875],[19.794188173153604,8.865969231448563],[20.007310291686064,8.865969231448563],[20.060590821319177,8.918606113738685],[20.486835058384102,8.918606113738685],[20.64667664728345,9.076471062600337],[20.64667664728345,9.12907733530684],[20.913079295449027,9.234266556047505],[21.019640354715253,9.339424389546785],[21.019640354715253,9.391991428324847],[21.1794819436146,9.549644516339887],[21.1794819436146,9.602179392980267],[21.286043002880835,9.654706121726903],[21.286043002880835,9.75973496406965],[21.392604062147065,9.75973496406965],[21.605726180679525,9.96969298979325],[21.605726180679525,10.022161484686718],[21.818848299211986,10.127072962075681],[21.872128828845103,10.231950139128319],[21.872128828845103,10.493990787520842],[21.978689888111333,10.493990787520842],[22.13853147701068,10.651109051319263],[22.298373065910024,10.651109051319263],[22.35165359554314,10.755809637295362],[22.45821465480937,10.808146326835434],[22.72461730297495,10.808146326835434],[22.831178362241182,10.755809637295362],[22.884458891874296,10.651109051319263],[23.31070312893922,10.231950139128319],[23.470544717838564,9.9172160475992],[23.577105777104794,9.812236992016816],[23.577105777104794,9.549644516339887],[23.52382524747168,9.497101534715698],[23.52382524747168,9.234266556047505],[23.417264188205447,9.181675847514661],[23.363983658572334,9.076471062600337],[23.363983658572334,8.918606113738685],[23.417264188205447,8.865969231448563],[23.417264188205447,8.655346694809456],[23.52382524747168,8.549991029937058],[23.896788954903485,8.549991029937058],[23.95006948453661,8.497302250564177],[24.10991107343595,8.497302250564177],[24.056630543802832,8.391903015722216],[24.056630543802832,8.233750627461504],[24.16319160306907,8.128280520845289],[24.269752662335296,8.075535044411458],[24.482874780867757,8.075535044411458],[24.53615531050087,8.02278267760996],[24.80255795866645,8.02278267760996],[24.855838488299565,7.917257448226919],[25.06896060683203,7.706126235210257],[25.175521666098255,7.706126235210257],[25.122241136465142,7.600520954809427],[25.122241136465142,7.389232807654724],[25.49520484389695,7.07211191842776],[25.60176590316318,7.07211191842776],[25.708326962429418,6.9663560593727025],[25.81488802169564,6.9663560593727025],[25.974729610594988,6.807677650040226],[26.028010140228105,6.701862814864566],[26.081290669861218,6.701862814864566],[26.241132258760565,6.54309760827548],[26.241132258760565,6.278377357702322],[26.3476933180268,6.172451248323487],[26.3476933180268,5.960535838319925],[26.66737649582549,5.801545399363272],[26.77393755509172,5.801545399363272],[26.827218084724837,5.695526788311219],[27.09362073289041,5.589488608346943],[27.146901262523528,5.536462292400597],[27.146901262523528,5.271260253121549],[27.040340203257298,5.271260253121549],[26.933779143991064,5.165147397267085],[26.56081543655926,5.165147397267085],[26.507534906926143,5.218206068689021],[26.400973847659913,5.218206068689021],[26.29441278839368,5.324309905458235],[25.868168551328758,5.324309905458235],[25.708326962429418,5.430395433515492],[25.38864378463072,5.430395433515492],[25.228802195731372,5.218206068689021],[25.228802195731372,5.112084283981386],[24.749277429033334,5.005944912416159],[24.58943584013399,5.165147397267085],[24.37631372160153,5.165147397267085],[24.21647213270218,5.005944912416159],[23.95006948453661,4.952868744482237],[23.896788954903485,4.899788315375389],[23.79022789563726,4.899788315375389],[23.683666836371025,4.79361485453629],[23.577105777104794,4.79361485453629],[23.417264188205447,4.687424891865142],[23.363983658572334,4.687424891865142],[23.257422599306103,4.79361485453629],[23.150861540039873,4.79361485453629],[23.044300480773643,4.899788315375389],[22.884458891874296,4.899788315375389],[22.831178362241182,4.79361485453629],[22.72461730297495,4.740521913295704],[22.671336773341835,4.581218789611191],[22.61805624370872,4.581218789611191],[22.511495184442488,4.474996910300555],[22.511495184442488,4.315635303043956],[22.45821465480937,4.209375568904994],[22.298373065910024,4.209375568904994],[22.13853147701068,4.315635303043956],[21.92540935847822,4.315635303043956],[21.872128828845103,4.368759616730086],[21.605726180679525,4.368759616730086],[21.552445651046412,4.315635303043956],[21.392604062147065,4.421880167612588],[21.286043002880835,4.421880167612588],[21.232762473247718,4.368759616730086],[21.126201413981487,4.474996910300555],[21.019640354715253,4.474996910300555],[20.96635982508214,4.528109799419429],[20.806518236182793,4.528109799419429],[20.75323770654968,4.474996910300555],[20.64667664728345,4.474996910300555],[20.593396117650332,4.634323835534552],[20.380273999117872,4.846703670314443],[20.060590821319177,5.005944912416159],[19.90074923241983,5.165147397267085],[19.794188173153604,5.218206068689021],[19.421224465721792,5.218206068689021],[19.261382876822445,5.059016773976583],[19.1015412879231,5.005944912416159],[18.99498022865687,4.899788315375389],[18.941699699023754,4.740521913295704],[18.675297050858177,4.421880167612588],[18.568735991591947,4.421880167612588],[18.462174932325716,4.315635303043956],[18.462174932325716,4.209375568904994],[18.568735991591947,4.049958882360495],[18.568735991591947,3.890510784774657],[18.462174932325716,3.677866583888555],[17.98265016562768,3.6246974914147376],[17.92936963599456,3.677866583888555],[17.662966987828984,3.677866583888555],[17.556405928562754,3.7841952092843614],[17.449844869296523,3.7841952092843614],[17.290003280397176,3.677866583888555],[17.130161691497833,3.677866583888555],[17.076881161864716,3.6246974914147376],[16.703917454432908,3.6246974914147376],[16.597356395166674,3.5715252732184433],[16.490795335900447,3.465171642123509],[16.43751480626733,3.1992360587489954],[16.384234276634214,3.146040477928189],[16.384234276634214,2.720381942882803],[16.277673217367983,2.5074948433484376],[16.277673217367983,2.6139429071084415],[16.22439268773487,2.667163576405875],[16.22439268773487,2.8800227673240646],[16.171112158101753,2.986437629907791],[15.95799003956929,3.1992360587489954],[15.851428980303062,3.1992360587489954],[15.371904213605024,3.677866583888555],[15.265343154338792,3.677866583888555],[15.212062624705677,3.6246974914147376],[15.212062624705677,3.518349974912629],[15.798148450669945,2.9332314645038973],[15.904709509936175,2.8800227673240646],[15.95799003956929,2.7735979607274936],[16.01127056920241,2.7735979607274936],[15.95799003956929,2.720381942882803],[15.95799003956929,2.6139429071084415],[16.01127056920241,2.5607199808121646],[16.01127056920241,2.4010381182917016],[16.064551098835523,2.347806622408376],[16.064551098835523,2.188100151784537],[16.01127056920241,2.134860820203973],[16.01127056920241,1.8686374177761917],[15.95799003956929,1.8686374177761917],[15.851428980303062,1.9751319439734372],[15.691587391403715,1.9751319439734372],[15.638306861770598,2.0283766703844113],[15.371904213605024,2.0283766703844113],[15.265343154338792,2.134860820203973],[15.15878209507256,2.134860820203973],[15.052221035806332,2.081619644433887],[14.9456599765401,2.188100151784537],[14.785818387640752,2.188100151784537],[14.732537858007639,2.2413375932734096],[14.253013091309597,2.2413375932734096],[14.199732561676484,2.188100151784537],[13.77348832461156,2.188100151784537],[13.720207794978446,2.2413375932734096],[13.400524617179755,2.2413375932734096],[13.347244087546636,2.347806622408376],[12.814438791215482,2.347806622408376],[12.707877731949251,2.2945730987765756],[12.654597202316136,2.347806622408376],[12.494755613416789,2.347806622408376],[12.441475083783676,2.4010381182917016],[12.334914024517444,2.4010381182917016],[12.281633494884328,2.347806622408376],[11.80210872818629,2.347806622408376],[11.748828198553175,2.4010381182917016],[11.642267139286945,2.4010381182917016],[11.588986609653828,2.347806622408376],[11.375864491121366,2.347806622408376],[11.269303431855135,2.2413375932734096],[9.990570720660367,2.2413375932734096],[9.884009661394137,2.4010381182917016],[9.777448602127905,2.4010381182917016],[9.83072913176102,2.7735979607274936],[9.884009661394137,2.826811584138342],[9.884009661394137,3.1992360587489954],[9.617607013228557,3.465171642123509],[9.617607013228557,3.5715252732184433],[9.564326483595444,3.677866583888555],[9.457765424329212,3.7841952092843614],[9.191362776163635,3.8373546510484515],[8.978240657631174,3.99681294595273],[8.978240657631174,4.103101328642558],[8.871679598364944,4.209375568904994],[8.871679598364944,4.315635303043956],[8.818399068731827,4.368759616730086],[8.551996420566251,4.368759616730086],[8.498715890933134,4.421880167612588],[7.85934953533575,4.421880167612588],[7.806069005702634,4.368759616730086],[7.6462274168032875,4.368759616730086],[7.592946887170173,4.315635303043956],[7.379824768637711,4.315635303043956],[7.326544239004595,4.262507271961251],[6.900300001939672,4.262507271961251],[6.847019472306557,4.209375568904994],[6.420775235241634,4.209375568904994],[6.367494705608519,4.1562402393139735],[6.047811527809826,4.1562402393139735],[5.834689409277364,4.315635303043956],[5.781408879644249,4.315635303043956],[5.621567290744903,4.474996910300555],[5.30188411294621,5.112084283981386],[5.30188411294621,5.271260253121549],[5.142042524046864,5.430395433515492],[5.035481464780633,5.695526788311219],[4.822359346248172,5.960535838319925],[4.769078816615057,5.960535838319925],[4.502676168449479,6.22541697326938],[4.396115109183248,6.22541697326938],[4.342834579550133,6.278377357702322],[4.076431931384556,6.278377357702322],[4.0231514017514405,6.331332356916473],[3.7567487535858635,6.331332356916473],[3.7034682239527483,6.278377357702322],[2.8509797498229017,6.278377357702322],[2.8509797498229017,6.437226020979981],[2.9042602794560173,6.490164596533139],[2.9042602794560173,7.283550646789687],[2.9575408090891324,7.3363948643583905],[2.9575408090891324,7.442064432493206],[2.8509797498229017,7.600520954809427],[2.8509797498229017,8.339192647455333],[2.9042602794560173,8.391903015722216],[2.9042602794560173,8.865969231448563],[3.064101868355363,8.865969231448563],[3.2239434572547094,9.02385707260398],[3.2772239868878246,9.12907733530684],[3.2772239868878246,9.339424389546785],[3.33050451652094,9.444550491051508],[3.437065575787171,9.497101534715698],[3.4903461054202864,9.654706121726903],[3.596907164686517,9.654706121726903]],[[11.482425550387598,6.701862814864566],[11.322583961488252,6.54309760827548],[11.322583961488252,6.490164596533139],[11.21602290222202,6.490164596533139],[11.21602290222202,6.648946761994554],[11.162742372588905,6.754773125710684],[11.00290078368956,6.860576343385114],[11.00290078368956,6.913469161302048],[10.896339724423328,7.019236993203891],[10.683217605890867,7.12498079070197],[10.523376016991522,7.12498079070197],[10.416814957725292,6.913469161302048],[10.363534428092175,6.913469161302048],[10.256973368825943,7.019236993203891],[10.097131779926597,7.019236993203891],[9.884009661394137,6.860576343385114],[9.83072913176102,6.860576343385114],[9.670887542861674,6.701862814864566],[9.670887542861674,6.596025011617747],[9.617607013228557,6.54309760827548],[9.564326483595444,6.54309760827548],[9.404484894696097,6.384281926228946],[9.351204365062982,6.384281926228946],[9.191362776163635,6.22541697326938],[9.191362776163635,6.172451248323487],[9.13808224653052,6.172451248323487],[8.765118539098713,5.801545399363272],[8.765118539098713,5.324309905458235],[8.711838009465596,5.271260253121549],[8.711838009465596,5.165147397267085],[8.605276950199366,4.952868744482237],[8.498715890933134,4.846703670314443],[8.44543536130002,4.581218789611191],[8.498715890933134,4.528109799419429],[8.605276950199366,4.528109799419429],[8.765118539098713,4.687424891865142],[8.765118539098713,4.79361485453629],[8.978240657631174,5.165147397267085],[8.978240657631174,5.377354980612036],[9.031521187264289,5.430395433515492],[9.031521187264289,5.748538562416436],[9.13808224653052,5.801545399363272],[9.13808224653052,5.854547254247714],[9.297923835429865,6.013522477806788],[9.297923835429865,6.066503955829818],[9.511045953962327,6.172451248323487],[9.83072913176102,6.437226020979981],[9.93729019102725,6.648946761994554],[9.990570720660367,6.648946761994554],[10.097131779926597,6.754773125710684],[10.203692839192831,6.701862814864566],[10.523376016991522,6.701862814864566],[10.683217605890867,6.807677650040226],[10.683217605890867,6.860576343385114],[10.789778665157097,6.807677650040226],[10.789778665157097,6.754773125710684],[11.00290078368956,6.54309760827548],[11.00290078368956,6.384281926228946],[11.10946184295579,6.278377357702322],[11.429145020754483,6.278377357702322],[11.695547668920058,6.54309760827548],[11.695547668920058,6.754773125710684],[12.015230846718751,6.9663560593727025],[11.961950317085638,7.3363948643583905],[11.90866978745252,7.389232807654724],[11.80210872818629,7.389232807654724],[11.695547668920058,7.283550646789687],[11.695547668920058,7.12498079070197],[11.748828198553175,7.07211191842776],[11.695547668920058,7.07211191842776],[11.482425550387598,6.860576343385114],[11.482425550387598,6.701862814864566]]],[[[22.511495184442488,11.852908155419005],[22.45821465480937,11.74860575269388],[22.45821465480937,11.539882766399328],[22.777897832608062,11.226507812662637],[22.884458891874296,11.226507812662637],[22.884458891874296,11.12197336681812],[22.831178362241182,11.017401413793564],[22.777897832608062,11.069692057780053],[22.45821465480937,11.069692057780053],[22.404934125176258,11.017401413793564],[22.298373065910024,11.017401413793564],[22.191812006643797,10.912792288593085],[22.03197041774445,10.912792288593085],[21.92540935847822,10.755809637295362],[21.818848299211986,10.755809637295362],[21.65900671031264,10.651109051319263],[21.65900671031264,10.336792675777994],[21.4991651214133,10.284375758735237],[21.392604062147065,10.074621489646706],[21.286043002880835,10.074621489646706],[20.913079295449027,9.707224659703918],[20.85979876581591,9.549644516339887],[20.75323770654968,9.444550491051508],[20.64667664728345,9.391991428324847],[20.540115588017215,9.391991428324847],[20.380273999117872,9.181675847514661],[20.27371293985164,9.234266556047505],[20.060590821319177,9.234266556047505],[19.90074923241983,9.12907733530684],[19.634346584254256,9.12907733530684],[19.58106605462114,9.076471062600337],[19.421224465721792,9.076471062600337],[19.36794393608868,9.12907733530684],[19.261382876822445,9.12907733530684],[19.20810234718933,9.076471062600337],[19.048260758289985,9.076471062600337],[18.941699699023754,9.02385707260398],[18.781858110124407,8.865969231448563],[18.781858110124407,8.760672877839589],[18.941699699023754,8.602672525860422],[18.99498022865687,8.602672525860422],[18.941699699023754,8.497302250564177],[18.675297050858177,8.233750627461504],[18.568735991591947,8.18101906311703],[18.51545546195883,8.075535044411458],[17.98265016562768,8.075535044411458],[17.92936963599456,8.02278267760996],[17.82280857672833,8.02278267760996],[17.76952804709522,8.075535044411458],[17.662966987828984,8.075535044411458],[17.503125398929637,7.970023464264306],[17.396564339663406,7.970023464264306],[17.290003280397176,7.864484673378945],[17.183442221130946,7.864484673378945],[17.076881161864716,7.7589190229184295],[16.970320102598485,7.7589190229184295],[16.863759043332255,7.653326864499871],[16.75719798406602,7.706126235210257],[16.650636924799795,7.917257448226919],[16.490795335900447,7.917257448226919],[16.3309537470011,7.811705183630086],[16.277673217367983,7.706126235210257],[16.171112158101753,7.706126235210257],[15.904709509936175,7.547708550188744],[15.798148450669945,7.547708550188744],[15.691587391403715,7.600520954809427],[15.691587391403715,7.7589190229184295],[15.53174580250437,7.917257448226919],[15.478465272871253,8.18101906311703],[15.318623683971905,8.497302250564177],[14.9456599765401,8.865969231448563],[14.785818387640752,8.918606113738685],[14.572696269108292,9.12907733530684],[14.519415739475175,9.12907733530684],[14.519415739475175,9.181675847514661],[14.359574150575828,9.339424389546785],[14.306293620942714,9.339424389546785],[14.306293620942714,9.444550491051508],[14.146452032043367,9.602179392980267],[14.146452032043367,9.707224659703918],[14.199732561676484,9.707224659703918],[14.306293620942714,9.812236992016816],[14.625976798741407,9.812236992016816],[14.67925732837452,9.75973496406965],[15.105501565439445,9.75973496406965],[15.15878209507256,9.812236992016816],[15.265343154338792,9.812236992016816],[15.318623683971905,9.75973496406965],[15.53174580250437,9.75973496406965],[15.585026332137485,9.812236992016816],[15.691587391403715,9.812236992016816],[15.798148450669945,9.9172160475992],[15.798148450669945,10.022161484686718],[15.691587391403715,10.074621489646706],[15.425184743238137,10.336792675777994],[15.212062624705677,10.755809637295362],[15.212062624705677,10.96510147675349],[15.15878209507256,11.017401413793564],[15.15878209507256,11.12197336681812],[15.212062624705677,11.174245299051494],[15.212062624705677,11.331004416942646],[15.265343154338792,11.383238424171472],[15.265343154338792,11.800761912734245],[15.212062624705677,11.852908155419005],[15.212062624705677,12.061393127215252],[15.105501565439445,12.1655750371273],[15.052221035806332,12.1655750371273],[15.052221035806332,12.425850497087954],[14.998940506173213,12.477874521899297],[14.998940506173213,12.633883727196348],[14.892379446906984,12.737837066078693],[14.67925732837452,12.841747787479664],[14.519415739475175,13.153221008703976],[14.146452032043367,13.153221008703976],[14.093171502410252,13.20509502599072],[14.093171502410252,13.256958025600094],[13.933329913510907,13.412480517139297],[13.933329913510907,13.464299045039011],[13.826768854244676,13.567902407061489],[13.720207794978446,13.774973239846105],[13.666927265345329,14.1369045891452],[13.613646735712216,14.188562449722845],[13.613646735712216,14.343465238593174],[13.666927265345329,14.343465238593174],[13.826768854244676,14.4982610149832],[13.880049383877791,14.60139822663657],[14.253013091309597,14.54983564407616],[14.572696269108292,14.395075773185342],[14.998940506173213,14.08523499524732],[15.052221035806332,14.08523499524732],[15.212062624705677,13.930156207515356],[15.425184743238137,13.82671240536471],[16.01127056920241,13.256958025600094],[16.01127056920241,13.20509502599072],[16.22439268773487,12.997533252897119],[16.22439268773487,12.945615567240488],[16.384234276634214,12.78979777424059],[16.384234276634214,12.737837066078693],[16.54407586553356,12.581891177689169],[16.54407586553356,12.529888095685394],[16.91703957296537,12.1655750371273],[16.91703957296537,12.113489164441141],[17.556405928562754,11.592078182049514],[17.76952804709522,11.487677640501555],[17.876089106361444,11.383238424171472],[18.03593069526079,11.331004416942646],[18.142491754527022,11.226507812662637],[19.20810234718933,10.70346386474898],[19.31466340645557,10.70346386474898],[19.47450499535491,10.598745239166647],[19.58106605462114,10.598745239166647],[19.74090764352049,10.493990787520842],[20.007310291686064,10.44160023253443],[20.060590821319177,10.389200847838355],[20.16715188058541,10.389200847838355],[20.220432410218525,10.44160023253443],[20.220432410218525,10.546372470488874],[20.27371293985164,10.598745239166647],[20.27371293985164,10.912792288593085],[20.326993469484755,10.96510147675349],[20.326993469484755,11.174245299051494],[20.380273999117872,11.226507812662637],[20.380273999117872,11.383238424171472],[20.43355452875099,11.4354628458983],[20.43355452875099,11.592078182049514],[20.486835058384102,11.64426384594997],[20.486835058384102,11.74860575269388],[20.806518236182793,12.373816062051077],[21.072920884348374,12.685865703535606],[21.072920884348374,12.737837066078693],[21.232762473247718,12.893687065297783],[21.232762473247718,12.945615567240488],[22.03197041774445,13.774973239846105],[22.03197041774445,13.619687161390644],[22.191812006643797,13.308809967387218],[21.818848299211986,12.997533252897119],[21.765567769578873,12.893687065297783],[21.765567769578873,12.633883727196348],[21.92540935847822,12.477874521899297],[22.191812006643797,12.477874521899297],[22.298373065910024,12.529888095685394],[22.298373065910024,12.373816062051077],[22.404934125176258,12.1655750371273],[22.404934125176258,11.905044439448124],[22.511495184442488,11.852908155419005]]],[[[12.814438791215482,13.567902407061489],[12.707877731949251,13.412480517139297],[12.654597202316136,13.412480517139297],[12.494755613416789,13.256958025600094],[12.441475083783676,13.153221008703976],[12.388194554150559,13.20509502599072],[12.068511376351868,13.20509502599072],[11.90866978745252,13.308809967387218],[12.388194554150559,13.774973239846105],[12.441475083783676,13.774973239846105],[13.027560909747944,14.291842813693673],[13.453768085491209,14.498219132316054],[13.400524617179755,14.446674378342118],[13.400524617179755,14.1369045891452],[13.453805146812867,14.08523499524732],[13.453805146812867,13.878440074453902],[13.507085676445985,13.774973239846105],[13.347244087546636,13.774973239846105],[13.240683028280406,13.67146057814528],[13.134121969014174,13.619687161390644],[13.027560909747944,13.619687161390644],[12.974280380114829,13.567902407061489],[12.814438791215482,13.567902407061489]]],[[[22.35165359554314,14.1369045891452],[22.35165359554314,14.188562449722845],[22.404934125176258,14.1369045891452],[22.03197041774445,13.82671240536471],[22.35165359554314,14.1369045891452]]],[[[13.453768085491209,14.498219132316054],[13.507085676445985,14.54983564407616],[13.560366206079099,14.54983564407616],[13.453768085491209,14.498219132316054]]],[[[11.482425550387598,32.20502087450716],[11.695547668920058,32.38516336613106],[11.695547668920058,32.52003501644141],[11.588986609653828,32.65470455590778],[11.588986609653828,32.83394878747176],[11.642267139286945,32.87870346041849],[11.642267139286945,33.14675664141796],[11.80210872818629,33.14675664141796],[12.015230846718751,33.05749613493052],[12.121791905984983,32.968145032741766],[12.175072435618098,32.968145032741766],[12.388194554150559,32.83394878747176],[12.974280380114829,32.83394878747176],[13.187402498647291,32.92343554745964],[13.453805146812867,32.92343554745964],[13.560366206079099,32.83394878747176],[13.826768854244676,32.83394878747176],[13.880049383877791,32.789171544536025],[14.039890972777137,32.789171544536025],[14.093171502410252,32.744371747590975],[14.253013091309597,32.744371747590975],[14.359574150575828,32.69954941267952],[14.572696269108292,32.52003501644141],[14.67925732837452,32.52003501644141],[14.732537858007639,32.47510023455575],[14.998940506173213,32.47510023455575],[15.052221035806332,32.43014301229019],[15.212062624705677,32.43014301229019],[15.371904213605024,32.3401613126281],[15.478465272871253,32.15992935839771],[15.478465272871253,31.888912060103944],[15.53174580250437,31.84366463629695],[15.53174580250437,31.753103194715933],[15.638306861770598,31.57171442451613],[15.851428980303062,31.389972078762643],[16.064551098835523,31.298968671586135],[16.171112158101753,31.298968671586135],[16.22439268773487,31.253433972433974],[16.810478513699138,31.253433972433974],[16.863759043332255,31.207877300414765],[17.0236006322316,31.207877300414765],[17.076881161864716,31.16229867374054],[17.183442221130946,31.16229867374054],[17.23672275076406,31.116698110687686],[17.396564339663406,31.116698110687686],[17.82280857672833,30.934076862470793],[17.92936963599456,30.934076862470793],[18.03593069526079,30.842635100009527],[18.30233334342637,30.796881499454628],[18.462174932325716,30.61364940763984],[18.51545546195883,30.61364940763984],[18.675297050858177,30.4759972963057],[18.728577580491294,30.4759972963057],[18.835138639757524,30.384120917640182],[19.048260758289985,30.292158075790265],[19.31466340645557,30.292158075790265],[19.52778552498803,30.43006992456602],[19.634346584254256,30.43006992456602],[20.060590821319177,30.842635100009527],[20.060590821319177,30.934076862470793],[20.113871350952294,30.97976498698673],[20.113871350952294,31.207877300414765],[20.007310291686064,31.298968671586135],[20.007310291686064,31.389972078762643],[19.95402976205295,31.435440750684357],[19.95402976205295,31.57171442451613],[19.90074923241983,31.617094809060234],[19.90074923241983,31.934137262814872],[20.060590821319177,32.114815518646886],[20.060590821319177,32.15992935839771],[20.486835058384102,32.52003501644141],[20.540115588017215,32.52003501644141],[20.75323770654968,32.65470455590778],[20.85979876581591,32.65470455590778],[21.072920884348374,32.789171544536025],[21.392604062147065,32.789171544536025],[21.71228723994576,32.968145032741766],[21.818848299211986,32.92343554745964],[22.085250947377563,32.92343554745964],[22.191812006643797,32.968145032741766],[22.298373065910024,32.87870346041849],[22.45821465480937,32.87870346041849],[22.777897832608062,32.744371747590975],[23.044300480773643,32.69954941267952],[23.097581010406756,32.65470455590778],[23.204142069672987,32.65470455590778],[23.257422599306103,32.3401613126281],[23.470544717838564,32.20502087450716],[23.79022789563726,32.20502087450716],[23.84350842527037,32.15992935839771],[24.00335001416972,32.15992935839771],[24.16319160306907,32.02452093601061],[24.90911901793268,32.02452093601061],[25.122241136465142,31.934137262814872],[25.122241136465142,31.84366463629695],[25.228802195731372,31.753103194715933],[25.228802195731372,31.70778921176238],[25.122241136465142,31.70778921176238],[24.80255795866645,31.389972078762643],[24.80255795866645,30.97976498698673],[24.90911901793268,30.796881499454628],[24.90911901793268,30.6594900461905],[24.855838488299565,30.61364940763984],[24.855838488299565,30.521903013550062],[24.642716369767104,30.246144279808277],[24.642716369767104,30.01575233400216],[24.749277429033334,29.831052406967718],[24.749277429033334,29.64601042893221],[24.80255795866645,29.599696640949507],[24.80255795866645,29.36780896487279],[24.90911901793268,29.228422115679077],[24.90911901793268,28.48183084082507],[24.642716369767104,28.48183084082507],[24.58943584013399,28.528649464070647],[23.73694736600414,28.528649464070647],[23.683666836371025,28.48183084082507],[23.204142069672987,28.48183084082507],[23.150861540039873,28.434991452045377],[22.777897832608062,28.434991452045377],[22.72461730297495,28.38813131983846],[22.45821465480937,28.38813131983846],[22.404934125176258,28.341250466376497],[22.085250947377563,28.341250466376497],[22.03197041774445,28.294348913896897],[21.71228723994576,28.294348913896897],[21.65900671031264,28.2474266847024],[21.286043002880835,28.2474266847024],[21.232762473247718,28.20048380116103],[20.699957176916563,28.20048380116103],[20.64667664728345,28.153520285706083],[20.27371293985164,28.153520285706083],[20.220432410218525,28.10653616083617],[19.847468702786717,28.10653616083617],[19.794188173153604,28.059531449115187],[19.421224465721792,28.059531449115187],[19.36794393608868,28.012506173172333],[17.876089106361444,28.012506173172333],[17.82280857672833,28.059531449115187],[17.556405928562754,28.059531449115187],[17.503125398929637,28.10653616083617],[17.343283810030293,28.10653616083617],[17.130161691497833,28.20048380116103],[17.0236006322316,28.20048380116103],[16.970320102598485,28.2474266847024],[16.863759043332255,28.2474266847024],[16.703917454432908,28.341250466376497],[16.597356395166674,28.341250466376497],[15.53174580250437,28.809123897566884],[15.425184743238137,28.9024482595207],[15.15878209507256,28.995688775302625],[15.052221035806332,29.0888452735384],[14.519415739475175,29.32136782713252],[14.412854680208946,29.414228929443283],[14.039890972777137,29.553361576434355],[13.933329913510907,29.64601042893221],[13.400524617179755,29.877259506428985],[13.293963557913521,29.877259506428985],[13.027560909747944,30.01575233400216],[12.920999850481714,30.01575233400216],[12.761158261582368,30.107973626647397],[12.654597202316136,30.107973626647397],[12.388194554150559,30.246144279808277],[12.281633494884328,30.246144279808277],[12.121791905984983,30.338150294902043],[12.015230846718751,30.338150294902043],[11.855389257819406,30.43006992456602],[11.748828198553175,30.43006992456602],[11.482425550387598,30.567787057054684],[11.375864491121366,30.567787057054684],[11.21602290222202,30.6594900461905],[11.10946184295579,30.6594900461905],[10.949620254056443,30.751106111051335],[10.843059194790213,30.751106111051335],[10.576656546624635,30.888366893924072],[10.470095487358405,30.888366893924072],[10.416814957725292,30.934076862470793],[10.416814957725292,31.025431248873446],[10.363534428092175,31.071075629596947],[10.363534428092175,31.16229867374054],[10.310253898459061,31.207877300414765],[10.310253898459061,31.298968671586135],[10.256973368825943,31.389972078762643],[10.363534428092175,31.57171442451613],[10.523376016991522,31.57171442451613],[10.736498135523982,31.753103194715933],[10.843059194790213,31.934137262814872],[10.896339724423328,31.934137262814872],[11.056181313322673,32.06967937218613],[11.375864491121366,32.20502087450716],[11.482425550387598,32.20502087450716]]],[[[23.417264188205447,35.868258108744875],[23.417264188205447,35.738630059371495],[23.363983658572334,35.738630059371495],[23.257422599306103,35.82507226577206],[23.257422599306103,35.91142042924111],[23.363983658572334,35.91142042924111],[23.417264188205447,35.868258108744875]]],[[[12.814438791215482,35.868258108744875],[12.867719320848598,35.91142042924111],[12.974280380114829,35.868258108744875],[12.974280380114829,35.781862912051395],[12.814438791215482,35.781862912051395],[12.814438791215482,35.868258108744875]]],[[[14.199732561676484,36.08383425397683],[14.359574150575828,36.08383425397683],[14.67925732837452,35.868258108744875],[14.67925732837452,35.781862912051395],[14.519415739475175,35.69537371958089],[14.412854680208946,35.738630059371495],[14.146452032043367,35.997674456187724],[14.146452032043367,36.04076613947937],[14.199732561676484,36.08383425397683]]],[[[23.52382524747168,36.94022992816309],[23.577105777104794,36.85501730793677],[23.470544717838564,36.81237532888971],[23.417264188205447,36.89763551113123],[23.52382524747168,36.94022992816309]]],[[[21.019640354715253,37.280127744595916],[21.126201413981487,37.23772398103458],[21.072920884348374,37.15284486411592],[20.96635982508214,37.19529635092627],[21.019640354715253,37.280127744595916]]],[[[13.134121969014174,38.70758860900903],[13.187402498647291,38.74915128620251],[13.293963557913521,38.70758860900903],[13.240683028280406,38.62439073702723],[13.134121969014174,38.62439073702723],[13.134121969014174,38.70758860900903]]],[[[25.335363254997603,36.51321663000687],[25.28208272536449,36.556024746428534],[25.06896060683203,36.556024746428534],[25.015680077198912,36.51321663000687],[24.90911901793268,36.51321663000687],[24.80255795866645,36.59880916080643],[24.53615531050087,36.59880916080643],[24.482874780867757,36.556024746428534],[24.37631372160153,36.556024746428534],[24.21647213270218,36.72702008476972],[24.21647213270218,36.81237532888971],[24.482874780867757,36.81237532888971],[24.642716369767104,36.89763551113123],[24.642716369767104,36.98280054878075],[24.58943584013399,37.0253473627909],[24.482874780867757,37.0253473627909],[24.37631372160153,37.11036953050637],[24.32303319196841,37.40719573841608],[24.21647213270218,37.576285011366735],[24.10991107343595,37.576285011366735],[24.056630543802832,37.534048584441585],[24.056630543802832,37.40719573841608],[23.95006948453661,37.36486363298711],[23.896788954903485,37.40719573841608],[23.896788954903485,37.66068602620176],[23.84350842527037,37.702850595515486],[23.683666836371025,37.702850595515486],[23.63038630673791,37.66068602620176],[23.63038630673791,37.40719573841608],[23.683666836371025,37.36486363298711],[23.683666836371025,37.280127744595916],[23.470544717838564,37.19529635092627],[23.31070312893922,37.19529635092627],[23.257422599306103,37.15284486411592],[23.150861540039873,37.15284486411592],[23.097581010406756,37.11036953050637],[23.097581010406756,36.98280054878075],[23.204142069672987,36.81237532888971],[23.204142069672987,36.59880916080643],[23.31070312893922,36.47038482232048],[23.31070312893922,36.38465017656419],[23.204142069672987,36.29882089657114],[23.204142069672987,36.16989973092737],[23.097581010406756,36.04076613947937],[22.991019951140526,36.04076613947937],[22.884458891874296,36.12687878824978],[22.884458891874296,36.51321663000687],[22.777897832608062,36.59880916080643],[22.671336773341835,36.59880916080643],[22.61805624370872,36.556024746428534],[22.61805624370872,36.34174736034713],[22.5647757140756,36.29882089657114],[22.35165359554314,36.38465017656419],[22.298373065910024,36.47038482232048],[22.35165359554314,36.51321663000687],[22.35165359554314,36.59880916080643],[22.24509253627691,36.7697095843584],[22.085250947377563,36.7697095843584],[21.92540935847822,36.59880916080643],[21.872128828845103,36.641569862420404],[21.71228723994576,36.641569862420404],[21.65900671031264,36.684306840609054],[21.65900671031264,36.89763551113123],[21.4991651214133,37.0253473627909],[21.552445651046412,37.067870360058414],[21.552445651046412,37.19529635092627],[21.65900671031264,37.280127744595916],[21.65900671031264,37.36486363298711],[21.392604062147065,37.576285011366735],[21.286043002880835,37.576285011366735],[21.232762473247718,37.66068602620176],[20.96635982508214,37.61849749506236],[20.913079295449027,37.576285011366735],[20.806518236182793,37.576285011366735],[20.64667664728345,37.702850595515486],[20.593396117650332,37.7871078118741],[20.593396117650332,37.99733088295274],[20.326993469484755,38.123176389767664],[20.326993469484755,38.248805356652305],[20.380273999117872,38.33243758734218],[20.540115588017215,38.457705144713906],[20.540115588017215,38.70758860900903],[20.699957176916563,38.87369418910311],[20.699957176916563,38.95660177366862],[20.486835058384102,39.12212622959523],[20.380273999117872,39.12212622959523],[20.27371293985164,39.039412473688394],[20.16715188058541,39.12212622959523],[20.113871350952294,39.12212622959523],[20.113871350952294,39.246014965101615],[20.007310291686064,39.32848610587835],[19.847468702786717,39.36968525012809],[19.794188173153604,39.4931368947106],[19.634346584254256,39.616369713284655],[19.58106605462114,39.698403266009876],[19.47450499535491,39.698403266009876],[19.36794393608868,39.78033942951026],[19.36794393608868,39.86217815203978],[19.421224465721792,39.90306095700431],[19.634346584254256,39.90306095700431],[19.68762711388737,39.94391938270966],[19.68762711388737,40.02556307148589],[19.36794393608868,40.22924522697888],[19.31466340645557,40.310547137394565],[19.31466340645557,40.391751291277316],[19.261382876822445,40.43231669530613],[19.261382876822445,40.51337412957232],[19.31466340645557,40.553866148780216],[19.31466340645557,40.67519534962264],[19.36794393608868,40.71558944653563],[19.36794393608868,40.91719242173078],[19.421224465721792,40.95743947938386],[19.421224465721792,41.318558842305485],[19.36794393608868,41.398537480231674],[19.421224465721792,41.43848993918805],[19.421224465721792,41.558199824491794],[19.52778552498803,41.63788346311465],[19.52778552498803,42.11391781904211],[19.47450499535491,42.19291202033496],[19.68762711388737,42.42930288513879],[19.794188173153604,42.3506045793141],[19.95402976205295,42.3506045793141],[20.007310291686064,42.38996606599533],[20.113871350952294,42.38996606599533],[20.113871350952294,42.311218428214836],[20.220432410218525,42.19291202033496],[20.380273999117872,42.19291202033496],[20.486835058384102,42.07438374967393],[20.486835058384102,41.876343855545485],[20.43355452875099,41.83666199252559],[20.43355452875099,41.558199824491794],[20.380273999117872,41.518321115549995],[20.380273999117872,41.27853267210214],[20.486835058384102,41.11818242099345],[20.486835058384102,41.03786001764667],[20.64667664728345,40.91719242173078],[20.64667664728345,40.836624753974114],[20.75323770654968,40.75595904967424],[20.85979876581591,40.75595904967424],[20.96635982508214,40.59433369543872],[20.85979876581591,40.553866148780216],[20.699957176916563,40.43231669530613],[20.699957176916563,40.35116143675824],[20.64667664728345,40.310547137394565],[20.64667664728345,40.22924522697888],[20.593396117650332,40.14784560624745],[20.43355452875099,40.14784560624745],[20.27371293985164,40.02556307148589],[20.220432410218525,39.94391938270966],[20.220432410218525,39.78033942951026],[20.16715188058541,39.739383524667424],[20.007310291686064,39.739383524667424],[19.95402976205295,39.698403266009876],[19.95402976205295,39.616369713284655],[20.16715188058541,39.4931368947106],[20.27371293985164,39.4931368947106],[20.43355452875099,39.616369713284655],[20.43355452875099,39.6573986600327],[20.540115588017215,39.698403266009876],[20.540115588017215,39.86217815203978],[20.486835058384102,39.90306095700431],[20.806518236182793,40.02556307148589],[20.806518236182793,40.10710916918691],[20.85979876581591,40.14784560624745],[20.85979876581591,40.22924522697888],[20.913079295449027,40.310547137394565],[20.96635982508214,40.310547137394565],[21.126201413981487,40.43231669530613],[21.1794819436146,40.51337412957232],[21.1794819436146,40.67519534962264],[21.126201413981487,40.71558944653563],[21.1794819436146,40.75595904967424],[21.232762473247718,40.71558944653563],[21.339323532513948,40.71558944653563],[21.392604062147065,40.75595904967424],[21.765567769578873,40.75595904967424],[22.03197041774445,40.95743947938386],[22.03197041774445,40.99766201297821],[22.191812006643797,40.99766201297821],[22.24509253627691,41.03786001764667],[22.298373065910024,40.99766201297821],[22.777897832608062,40.99766201297821],[22.884458891874296,41.07803348857333],[22.884458891874296,41.198406651510844],[23.257422599306103,41.198406651510844],[23.470544717838564,41.27853267210214],[23.73694736600414,41.238481940333955],[23.896788954903485,41.318558842305485],[24.10991107343595,41.318558842305485],[24.269752662335296,41.398537480231674],[24.482874780867757,41.398537480231674],[24.58943584013399,41.27853267210214],[24.695996899400217,41.27853267210214],[24.749277429033334,41.238481940333955],[24.90911901793268,41.238481940333955],[24.962399547565795,41.27853267210214],[25.228802195731372,41.11818242099345],[25.38864378463072,41.11818242099345],[25.441924314263833,41.15830681019347],[25.761607492062527,41.15830681019347],[25.81488802169564,41.198406651510844],[25.868168551328758,41.15830681019347],[25.974729610594988,41.15830681019347],[26.29441278839368,41.27853267210214],[26.241132258760565,41.198406651510844],[26.241132258760565,40.95743947938386],[26.13457119949434,40.91719242173078],[26.13457119949434,40.836624753974114],[25.974729610594988,40.75595904967424],[25.761607492062527,40.75595904967424],[25.708326962429418,40.79630415386198],[25.49520484389695,40.79630415386198],[25.441924314263833,40.836624753974114],[25.28208272536449,40.836624753974114],[25.228802195731372,40.876920844937544],[25.06896060683203,40.876920844937544],[24.90911901793268,40.79630415386198],[24.90911901793268,40.59433369543872],[24.80255795866645,40.51337412957232],[24.642716369767104,40.51337412957232],[24.53615531050087,40.553866148780216],[24.429594251234644,40.71558944653563],[24.32303319196841,40.71558944653563],[24.16319160306907,40.634776764163604],[24.056630543802832,40.634776764163604],[24.00335001416972,40.59433369543872],[24.00335001416972,40.51337412957232],[24.21647213270218,40.391751291277316],[24.269752662335296,40.391751291277316],[24.37631372160153,40.310547137394565],[24.37631372160153,40.26990839888451],[24.53615531050087,40.14784560624745],[24.53615531050087,40.10710916918691],[24.429594251234644,40.02556307148589],[24.21647213270218,40.02556307148589],[24.056630543802832,39.86217815203978],[23.84350842527037,39.86217815203978],[23.79022789563726,39.82127097409699],[23.63038630673791,39.82127097409699],[23.577105777104794,39.86217815203978],[23.417264188205447,39.86217815203978],[23.31070312893922,39.98475342292828],[23.31070312893922,40.14784560624745],[23.257422599306103,40.18855762748112],[23.150861540039873,40.18855762748112],[23.044300480773643,40.22924522697888],[22.93773942150741,40.310547137394565],[22.777897832608062,40.310547137394565],[22.671336773341835,40.14784560624745],[22.671336773341835,40.06634832226142],[22.831178362241182,39.94391938270966],[22.831178362241182,39.90306095700431],[22.991019951140526,39.739383524667424],[22.991019951140526,39.6573986600327],[23.470544717838564,39.246014965101615],[23.84350842527037,39.20474298270034],[23.896788954903485,39.28726267519098],[23.95006948453661,39.28726267519098],[24.16319160306907,39.410860100958956],[24.16319160306907,39.4931368947106],[24.21647213270218,39.53423882394018],[24.32303319196841,39.36968525012809],[24.429594251234644,39.36968525012809],[24.429594251234644,39.28726267519098],[24.37631372160153,39.246014965101615],[24.21647213270218,39.246014965101615],[24.16319160306907,39.20474298270034],[24.21647213270218,38.998019237990285],[24.16319160306907,38.95660177366862],[24.056630543802832,38.95660177366862],[24.00335001416972,38.998019237990285],[23.63038630673791,38.998019237990285],[23.577105777104794,38.95660177366862],[23.577105777104794,38.87369418910311],[23.683666836371025,38.79068978043966],[23.79022789563726,38.79068978043966],[23.896788954903485,38.70758860900903],[24.269752662335296,38.70758860900903],[24.429594251234644,38.95660177366862],[24.482874780867757,38.998019237990285],[24.58943584013399,38.998019237990285],[24.642716369767104,38.91516008819677],[24.80255795866645,38.79068978043966],[24.80255795866645,38.74915128620251],[24.695996899400217,38.66600175666388],[24.58943584013399,38.66600175666388],[24.482874780867757,38.74915128620251],[24.37631372160153,38.74915128620251],[24.32303319196841,38.70758860900903],[24.32303319196841,38.33243758734218],[24.37631372160153,38.248805356652305],[24.482874780867757,38.16507678352381],[24.695996899400217,38.16507678352381],[24.695996899400217,38.08125193598164],[24.749277429033334,38.0393034308098],[24.90911901793268,37.99733088295274],[24.962399547565795,37.91331369426827],[25.06896060683203,37.871269071125205],[25.06896060683203,37.7871078118741],[25.175521666098255,37.66068602620176],[25.28208272536449,37.66068602620176],[25.38864378463072,37.534048584441585],[25.548485373530067,37.49178822367092],[25.655046432796293,37.40719573841608],[25.655046432796293,37.19529635092627],[25.708326962429418,37.15284486411592],[25.868168551328758,37.15284486411592],[25.921449080961878,37.11036953050637],[25.921449080961878,36.98280054878075],[25.974729610594988,36.94022992816309],[26.241132258760565,36.94022992816309],[26.3476933180268,37.0253473627909],[26.56081543655926,37.0253473627909],[26.614095966192373,36.98280054878075],[26.56081543655926,36.89763551113123],[26.29441278839368,36.89763551113123],[26.187851729127452,36.81237532888971],[26.081290669861218,36.81237532888971],[25.921449080961878,36.684306840609054],[25.81488802169564,36.641569862420404],[25.81488802169564,36.51321663000687],[25.81488802169564,36.47038482232048],[25.974729610594988,36.29882089657114],[25.974729610594988,36.16989973092737],[25.868168551328758,36.16989973092737],[25.708326962429418,36.29882089657114],[25.60176590316318,36.29882089657114],[25.548485373530067,36.25587079631037],[25.38864378463072,36.25587079631037],[25.28208272536449,36.16989973092737],[25.228802195731372,36.16989973092737],[25.175521666098255,36.212897070698226],[25.335363254997603,36.29882089657114],[25.335363254997603,36.51321663000687]],[[25.06896060683203,36.85501730793677],[24.855838488299565,36.85501730793677],[24.80255795866645,36.81237532888971],[24.80255795866645,36.72702008476972],[24.855838488299565,36.684306840609054],[25.06896060683203,36.684306840609054],[25.122241136465142,36.72702008476972],[25.122241136465142,36.81237532888971],[25.06896060683203,36.85501730793677]],[[24.80255795866645,37.49178822367092],[24.642716369767104,37.49178822367092],[24.58943584013399,37.449503938496136],[24.58943584013399,37.322507631823186],[24.695996899400217,37.280127744595916],[24.695996899400217,37.11036953050637],[24.855838488299565,36.98280054878075],[24.962399547565795,36.98280054878075],[25.175521666098255,37.15284486411592],[25.28208272536449,37.19529635092627],[25.28208272536449,37.280127744595916],[25.228802195731372,37.322507631823186],[25.015680077198912,37.322507631823186],[24.90911901793268,37.280127744595916],[24.855838488299565,37.322507631823186],[24.855838488299565,37.449503938496136],[24.80255795866645,37.49178822367092]],[[24.53615531050087,37.61849749506236],[24.695996899400217,37.61849749506236],[24.749277429033334,37.66068602620176],[24.749277429033334,37.7871078118741],[24.642716369767104,37.871269071125205],[24.32303319196841,37.871269071125205],[24.269752662335296,37.82920044066575],[24.269752662335296,37.74499119379132],[24.32303319196841,37.702850595515486],[24.429594251234644,37.702850595515486],[24.53615531050087,37.61849749506236]],[[20.913079295449027,38.290633519018456],[20.85979876581591,38.248805356652305],[20.913079295449027,38.0393034308098],[20.85979876581591,37.99733088295274],[20.85979876581591,37.91331369426827],[20.913079295449027,37.871269071125205],[21.072920884348374,37.871269071125205],[21.126201413981487,37.955334301167625],[21.1794819436146,37.955334301167625],[21.286043002880835,38.0393034308098],[21.286043002880835,38.16507678352381],[21.232762473247718,38.20695310866244],[21.126201413981487,38.20695310866244],[21.019640354715253,38.290633519018456],[20.913079295449027,38.290633519018456]]],[[[13.027560909747944,40.79630415386198],[12.814438791215482,40.876920844937544],[12.867719320848598,40.95743947938386],[13.027560909747944,40.95743947938386],[13.08084143938106,40.99766201297821],[13.134121969014174,40.95743947938386],[13.134121969014174,40.876920844937544],[13.027560909747944,40.79630415386198]]],[[[22.298373065910024,41.238481940333955],[22.191812006643797,41.238481940333955],[22.13853147701068,41.198406651510844],[22.03197041774445,41.198406651510844],[21.92540935847822,41.15830681019347],[21.765567769578873,40.99766201297821],[21.65900671031264,40.99766201297821],[21.605726180679525,40.95743947938386],[21.392604062147065,40.95743947938386],[21.339323532513948,40.91719242173078],[21.072920884348374,40.91719242173078],[20.913079295449027,40.99766201297821],[20.806518236182793,40.99766201297821],[20.806518236182793,41.07803348857333],[20.64667664728345,41.238481940333955],[20.699957176916563,41.318558842305485],[20.699957176916563,41.398537480231674],[20.64667664728345,41.4784178190465],[20.699957176916563,41.518321115549995],[20.699957176916563,41.59805394171544],[20.64667664728345,41.6776883846332],[20.75323770654968,41.71746870226491],[20.913079295449027,41.83666199252559],[20.913079295449027,41.99524169080089],[21.019640354715253,42.03482503909002],[21.1794819436146,42.03482503909002],[21.286043002880835,41.9556337083662],[21.392604062147065,41.9556337083662],[21.445884591780178,41.99524169080089],[21.445884591780178,42.07438374967393],[21.552445651046412,42.11391781904211],[21.765567769578873,42.11391781904211],[21.92540935847822,42.19291202033496],[22.191812006643797,42.19291202033496],[22.24509253627691,42.23237214548397],[22.404934125176258,42.153427243733226],[22.404934125176258,42.11391781904211],[22.61805624370872,41.9556337083662],[22.777897832608062,41.916001095394954],[22.777897832608062,41.83666199252559],[22.884458891874296,41.71746870226491],[22.884458891874296,41.43848993918805],[22.671336773341835,41.318558842305485],[22.671336773341835,41.238481940333955],[22.5647757140756,41.198406651510844],[22.35165359554314,41.198406651510844],[22.298373065910024,41.238481940333955]]],[[[17.183442221130946,41.07803348857333],[17.556405928562754,40.836624753974114],[17.876089106361444,40.71558944653563],[17.98265016562768,40.71558944653563],[18.249052813793256,40.47285764325143],[18.30233334342637,40.47285764325143],[18.51545546195883,40.310547137394565],[18.568735991591947,40.22924522697888],[18.568735991591947,40.14784560624745],[18.622016521225063,40.10710916918691],[18.622016521225063,40.02556307148589],[18.51545546195883,39.94391938270966],[18.51545546195883,39.78033942951026],[18.408894402692603,39.698403266009876],[18.355613873059482,39.698403266009876],[18.142491754527022,39.78033942951026],[17.98265016562768,39.90306095700431],[17.92936963599456,39.98475342292828],[17.92936963599456,40.10710916918691],[17.82280857672833,40.18855762748112],[17.716247517462097,40.22924522697888],[17.449844869296523,40.22924522697888],[17.23672275076406,40.310547137394565],[17.130161691497833,40.391751291277316],[17.0236006322316,40.391751291277316],[16.91703957296537,40.310547137394565],[16.75719798406602,40.06634832226142],[16.75719798406602,39.94391938270966],[16.650636924799795,39.82127097409699],[16.650636924799795,39.698403266009876],[16.703917454432908,39.6573986600327],[16.810478513699138,39.6573986600327],[16.970320102598485,39.53423882394018],[17.130161691497833,39.4931368947106],[17.290003280397176,39.36968525012809],[17.23672275076406,39.32848610587835],[17.23672275076406,39.08078147334452],[17.343283810030293,38.998019237990285],[17.290003280397176,38.91516008819677],[17.130161691497833,38.79068978043966],[17.076881161864716,38.83220408397118],[16.863759043332255,38.83220408397118],[16.703917454432908,38.70758860900903],[16.703917454432908,38.374217553260955],[16.277673217367983,38.08125193598164],[16.277673217367983,37.99733088295274],[16.22439268773487,37.91331369426827],[16.117831628468636,37.82920044066575],[15.74486792103683,37.82920044066575],[15.638306861770598,37.91331369426827],[15.53174580250437,37.91331369426827],[15.371904213605024,37.7871078118741],[15.318623683971905,37.702850595515486],[15.318623683971905,37.576285011366735],[15.212062624705677,37.449503938496136],[15.212062624705677,37.36486363298711],[15.371904213605024,37.19529635092627],[15.371904213605024,37.11036953050637],[15.425184743238137,37.067870360058414],[15.425184743238137,36.94022992816309],[15.212062624705677,36.81237532888971],[15.212062624705677,36.684306840609054],[15.265343154338792,36.641569862420404],[15.15878209507256,36.556024746428534],[15.052221035806332,36.59880916080643],[14.839098917273867,36.59880916080643],[14.625976798741407,36.684306840609054],[14.519415739475175,36.684306840609054],[14.412854680208946,36.85501730793677],[14.253013091309597,36.98280054878075],[14.146452032043367,37.0253473627909],[13.880049383877791,37.0253473627909],[13.826768854244676,37.067870360058414],[13.720207794978446,37.067870360058414],[13.560366206079099,37.19529635092627],[13.453805146812867,37.19529635092627],[13.134121969014174,37.40719573841608],[13.027560909747944,37.40719573841608],[12.920999850481714,37.49178822367092],[12.654597202316136,37.49178822367092],[12.548036143049906,37.576285011366735],[12.494755613416789,37.576285011366735],[12.334914024517444,37.82920044066575],[12.228352965251213,37.871269071125205],[12.068511376351868,37.871269071125205],[12.015230846718751,37.91331369426827],[12.015230846718751,37.99733088295274],[12.281633494884328,37.99733088295274],[12.334914024517444,38.0393034308098],[12.494755613416789,38.0393034308098],[12.707877731949251,38.16507678352381],[12.707877731949251,38.20695310866244],[12.814438791215482,38.20695310866244],[12.920999850481714,38.123176389767664],[13.027560909747944,38.123176389767664],[13.08084143938106,38.20695310866244],[13.240683028280406,38.20695310866244],[13.293963557913521,38.248805356652305],[13.400524617179755,38.248805356652305],[13.507085676445985,38.123176389767664],[13.613646735712216,38.123176389767664],[13.77348832461156,37.99733088295274],[13.880049383877791,37.99733088295274],[14.039890972777137,38.08125193598164],[14.093171502410252,38.0393034308098],[14.412854680208946,38.0393034308098],[14.46613520984206,38.08125193598164],[14.625976798741407,38.08125193598164],[14.732537858007639,38.16507678352381],[14.839098917273867,38.16507678352381],[14.9456599765401,38.248805356652305],[14.9456599765401,38.33243758734218],[14.892379446906984,38.41597340846833],[14.785818387640752,38.499412753803234],[14.67925732837452,38.499412753803234],[14.625976798741407,38.457705144713906],[14.359574150575828,38.457705144713906],[14.306293620942714,38.54109622759777],[14.359574150575828,38.58275555801475],[14.998940506173213,38.58275555801475],[15.15878209507256,38.70758860900903],[15.15878209507256,38.79068978043966],[15.212062624705677,38.83220408397118],[15.318623683971905,38.79068978043966],[15.318623683971905,38.70758860900903],[15.212062624705677,38.66600175666388],[15.212062624705677,38.62439073702723],[15.105501565439445,38.54109622759777],[15.105501565439445,38.33243758734218],[15.15878209507256,38.290633519018456],[15.53174580250437,38.290633519018456],[15.585026332137485,38.33243758734218],[15.638306861770598,38.290633519018456],[15.74486792103683,38.290633519018456],[15.851428980303062,38.374217553260955],[15.851428980303062,38.54109622759777],[15.798148450669945,38.62439073702723],[16.01127056920241,38.74915128620251],[16.117831628468636,38.74915128620251],[16.171112158101753,38.79068978043966],[16.171112158101753,38.87369418910311],[16.064551098835523,38.95660177366862],[16.064551098835523,39.08078147334452],[16.01127056920241,39.12212622959523],[16.01127056920241,39.32848610587835],[15.798148450669945,39.57531643236833],[15.74486792103683,39.86217815203978],[15.638306861770598,39.94391938270966],[15.371904213605024,39.90306095700431],[15.105501565439445,40.10710916918691],[14.998940506173213,40.10710916918691],[14.892379446906984,40.18855762748112],[14.892379446906984,40.47285764325143],[14.785818387640752,40.553866148780216],[14.67925732837452,40.553866148780216],[14.625976798741407,40.51337412957232],[14.412854680208946,40.51337412957232],[14.359574150575828,40.47285764325143],[14.199732561676484,40.47285764325143],[14.093171502410252,40.634776764163604],[13.826768854244676,40.634776764163604],[13.826768854244676,40.75595904967424],[13.933329913510907,40.79630415386198],[13.933329913510907,40.91719242173078],[13.880049383877791,40.95743947938386],[13.880049383877791,41.03786001764667],[13.77348832461156,41.11818242099345],[13.560366206079099,41.11818242099345],[13.400524617179755,41.198406651510844],[13.027560909747944,41.15830681019347],[13.027560909747944,41.198406651510844],[12.867719320848598,41.318558842305485],[12.761158261582368,41.35856044648483],[12.654597202316136,41.35856044648483],[12.334914024517444,41.63788346311465],[12.281633494884328,41.63788346311465],[12.175072435618098,41.71746870226491],[12.175072435618098,41.79695551009264],[12.015230846718751,41.916001095394954],[11.855389257819406,41.9556337083662],[11.695547668920058,42.07438374967393],[11.695547668920058,42.153427243733226],[11.535706080020713,42.27180761586582],[11.429145020754483,42.311218428214836],[11.269303431855135,42.311218428214836],[11.21602290222202,42.27180761586582],[11.21602290222202,42.19291202033496],[11.10946184295579,42.153427243733226],[11.00290078368956,42.23237214548397],[10.843059194790213,42.27180761586582],[10.843059194790213,42.38996606599533],[11.00290078368956,42.38996606599533],[11.056181313322673,42.42930288513879],[11.056181313322673,42.547165306872],[10.843059194790213,42.703969676188585],[10.736498135523982,42.74310904852011],[10.736498135523982,42.82131371021392],[10.683217605890867,42.86037899434664],[10.576656546624635,42.86037899434664],[10.523376016991522,42.82131371021392],[10.523376016991522,42.664805613099865],[10.470095487358405,42.62561686198814],[10.363534428092175,42.664805613099865],[10.256973368825943,42.664805613099865],[10.150412309559712,42.507902508575825],[10.043851250293482,42.507902508575825],[10.043851250293482,42.62561686198814],[10.097131779926597,42.664805613099865],[10.097131779926597,42.82131371021392],[10.256973368825943,42.82131371021392],[10.470095487358405,42.93843545646676],[10.470095487358405,43.24967287255652],[10.256973368825943,43.482062590168894],[10.256973368825943,43.71356183437735],[10.097131779926597,43.94417025257103],[9.990570720660367,43.982518359389296],[9.777448602127905,43.982518359389296],[9.457765424329212,44.17388755133123],[9.351204365062982,44.212087113837235],[9.244643305796751,44.212087113837235],[8.978240657631174,44.32653723244163],[8.711838009465596,44.32653723244163],[8.44543536130002,44.09741414737751],[8.338874302033789,44.05914030792454],[8.285593772400674,43.982518359389296],[8.285593772400674,43.905797392303406],[8.179032713134442,43.82897741644442],[7.96591059460198,43.75205844231397],[7.85934953533575,43.75205844231397],[7.806069005702634,43.71356183437735],[7.6462274168032875,43.71356183437735],[7.6462274168032875,43.82897741644442],[7.806069005702634,43.982518359389296],[7.806069005702634,44.135663228852984],[7.699507946436404,44.212087113837235],[7.539666357537057,44.212087113837235],[7.433105298270827,44.17388755133123],[7.379824768637711,44.212087113837235],[7.273263709371481,44.212087113837235],[7.060141590839018,44.32653723244163],[7.006861061205903,44.40271349578164],[7.006861061205903,44.47879069961776],[7.060141590839018,44.55476883881361],[7.166702650105249,44.63064790893678],[7.166702650105249,44.81991213428438],[7.060141590839018,44.89544443784787],[6.953580531572788,44.89544443784787],[6.847019472306557,45.00855711726442],[7.219983179738365,45.15902724002405],[7.273263709371481,45.234113681582436],[7.273263709371481,45.42139632596384],[7.113422120472134,45.533468698451145],[7.113422120472134,45.64531817740286],[7.006861061205903,45.71976067566545],[6.953580531572788,45.71976067566545],[7.006861061205903,45.756944780723195],[7.219983179738365,45.756944780723195],[7.273263709371481,45.79410412415623],[7.433105298270827,45.79410412415623],[7.592946887170173,45.86834852966789],[7.75278847606952,45.79410412415623],[7.85934953533575,45.79410412415623],[8.179032713134442,45.97952944882368],[8.179032713134442,46.01654024220484],[8.285593772400674,46.090487566087695],[8.285593772400674,46.20122291264684],[8.338874302033789,46.238085196093735],[8.338874302033789,46.20122291264684],[8.605276950199366,46.01654024220484],[8.711838009465596,45.97952944882368],[8.818399068731827,45.83123870683422],[8.978240657631174,45.71976067566545],[9.084801716897404,45.71976067566545],[9.191362776163635,45.79410412415623],[9.191362776163635,46.01654024220484],[9.244643305796751,46.090487566087695],[9.351204365062982,46.127424098940146],[9.404484894696097,46.20122291264684],[9.404484894696097,46.274922732398345],[9.511045953962327,46.20122291264684],[9.777448602127905,46.20122291264684],[9.83072913176102,46.238085196093735],[9.93729019102725,46.238085196093735],[9.93729019102725,46.20122291264684],[10.043851250293482,46.127424098940146],[10.203692839192831,46.127424098940146],[10.310253898459061,46.20122291264684],[10.310253898459061,46.274922732398345],[10.256973368825943,46.31173552295723],[10.256973368825943,46.42202543472361],[10.203692839192831,46.49542834123601],[10.363534428092175,46.42202543472361],[10.470095487358405,46.42202543472361],[10.629937076257752,46.53209268887874],[10.576656546624635,46.71504343910922],[10.683217605890867,46.71504343910922],[10.789778665157097,46.64193732956284],[11.056181313322673,46.64193732956284],[11.162742372588905,46.71504343910922],[11.269303431855135,46.86095896299264],[11.855389257819406,46.86095896299264],[11.961950317085638,46.933768408806166],[12.015230846718751,46.933768408806166],[12.121791905984983,46.86095896299264],[12.175072435618098,46.75155940410302],[12.441475083783676,46.56873230166512],[12.548036143049906,46.53209268887874],[12.814438791215482,46.53209268887874],[12.867719320848598,46.49542834123601],[13.134121969014174,46.49542834123601],[13.240683028280406,46.42202543472361],[13.347244087546636,46.42202543472361],[13.453805146812867,46.4587392570626],[13.507085676445985,46.42202543472361],[13.453805146812867,46.42202543472361],[13.293963557913521,46.31173552295723],[13.293963557913521,46.16433588070112],[13.400524617179755,46.090487566087695],[13.453805146812867,46.090487566087695],[13.400524617179755,46.053526280907796],[13.400524617179755,45.90543359360887],[13.507085676445985,45.83123870683422],[13.507085676445985,45.756944780723195],[13.720207794978446,45.64531817740286],[13.613646735712216,45.608059782664654],[13.613646735712216,45.57077662323514],[13.507085676445985,45.49613600769099],[13.507085676445985,45.42139632596384],[13.613646735712216,45.346557573914595],[13.826768854244676,45.346557573914595],[13.880049383877791,45.3091010454089],[13.986610443144022,45.3091010454089],[14.039890972777137,45.346557573914595],[14.199732561676484,45.346557573914595],[14.253013091309597,45.38398933396203],[14.306293620942714,45.346557573914595],[14.412854680208946,45.346557573914595],[14.572696269108292,45.45877855037466],[14.625976798741407,45.45877855037466],[14.839098917273867,45.346557573914595],[14.9456599765401,45.346557573914595],[14.998940506173213,45.38398933396203],[15.15878209507256,45.3091010454089],[15.318623683971905,45.3091010454089],[15.478465272871253,45.38398933396203],[15.478465272871253,45.533468698451145],[15.53174580250437,45.57077662323514],[15.53174580250437,45.68255180815445],[15.638306861770598,45.71976067566545],[15.74486792103683,45.71976067566545],[15.851428980303062,45.83123870683422],[15.851428980303062,46.01654024220484],[15.798148450669945,46.090487566087695],[15.851428980303062,46.090487566087695],[15.95799003956929,46.16433588070112],[16.171112158101753,46.238085196093735],[16.3309537470011,46.238085196093735],[16.43751480626733,46.31173552295723],[16.43751480626733,46.38528687262363],[16.54407586553356,46.348523569206876],[16.650636924799795,46.348523569206876],[16.703917454432908,46.274922732398345],[16.810478513699138,46.274922732398345],[16.91703957296537,46.127424098940146],[17.0236006322316,46.053526280907796],[17.183442221130946,46.01654024220484],[17.23672275076406,45.90543359360887],[17.343283810030293,45.83123870683422],[17.556405928562754,45.83123870683422],[17.716247517462097,45.71976067566545],[17.76952804709522,45.71976067566545],[17.82280857672833,45.64531817740286],[17.92936963599456,45.64531817740286],[18.03593069526079,45.68255180815445],[18.08921122489391,45.64531817740286],[18.30233334342637,45.64531817740286],[18.355613873059482,45.608059782664654],[18.462174932325716,45.608059782664654],[18.568735991591947,45.64531817740286],[18.728577580491294,45.756944780723195],[18.781858110124407,45.756944780723195],[18.835138639757524,45.68255180815445],[18.835138639757524,45.49613600769099],[18.941699699023754,45.42139632596384],[18.941699699023754,45.271619748074336],[19.048260758289985,45.234113681582436],[18.99498022865687,45.15902724002405],[18.99498022865687,44.97087766103187],[18.941699699023754,44.93317343454148],[18.941699699023754,45.00855711726442],[18.781858110124407,45.15902724002405],[18.462174932325716,45.15902724002405],[18.408894402692603,45.19658284564699],[17.98265016562768,45.19658284564699],[17.876089106361444,45.15902724002405],[17.82280857672833,45.19658284564699],[17.556405928562754,45.19658284564699],[17.503125398929637,45.234113681582436],[17.183442221130946,45.234113681582436],[17.130161691497833,45.3091010454089],[17.0236006322316,45.346557573914595],[16.91703957296537,45.346557573914595],[16.75719798406602,45.234113681582436],[16.703917454432908,45.271619748074336],[16.490795335900447,45.271619748074336],[16.43751480626733,45.19658284564699],[16.277673217367983,45.08384171895205],[16.277673217367983,45.12144686451208],[16.117831628468636,45.271619748074336],[15.851428980303062,45.271619748074336],[15.691587391403715,45.15902724002405],[15.691587391403715,44.93317343454148],[15.638306861770598,44.89544443784787],[15.638306861770598,44.744280751639415],[15.691587391403715,44.6685502919028],[15.851428980303062,44.55476883881361],[15.95799003956929,44.516792152589204],[15.95799003956929,44.44076448047524],[16.01127056920241,44.40271349578164],[16.064551098835523,44.40271349578164],[16.064551098835523,44.28841195525592],[16.117831628468636,44.2502619154407],[16.117831628468636,44.17388755133123],[16.22439268773487,44.09741414737751],[16.277673217367983,43.982518359389296],[16.384234276634214,43.94417025257103],[16.597356395166674,43.790530303478405],[16.597356395166674,43.75205844231397],[17.076881161864716,43.40469827332364],[17.183442221130946,43.365979016170094],[17.183442221130946,43.28846631383094],[17.23672275076406,43.21085470723061],[17.556405928562754,42.97742662950982],[17.503125398929637,42.93843545646676],[17.503125398929637,42.86037899434664],[17.662966987828984,42.782223727408095],[17.76952804709522,42.782223727408095],[17.98265016562768,42.62561686198814],[18.19577228416014,42.547165306872],[18.30233334342637,42.46861503367324],[18.355613873059482,42.46861503367324],[18.408894402692603,42.38996606599533],[18.30233334342637,42.42930288513879],[18.142491754527022,42.547165306872],[17.92936963599456,42.62561686198814],[17.60968645819587,42.62561686198814],[17.556405928562754,42.664805613099865],[17.449844869296523,42.664805613099865],[17.343283810030293,42.703969676188585],[17.343283810030293,42.782223727408095],[17.290003280397176,42.82131371021392],[17.076881161864716,42.82131371021392],[17.0236006322316,42.782223727408095],[17.0236006322316,42.664805613099865],[16.75719798406602,42.664805613099865],[16.703917454432908,42.703969676188585],[16.597356395166674,42.703969676188585],[16.54407586553356,42.664805613099865],[16.490795335900447,42.703969676188585],[16.490795335900447,42.782223727408095],[16.597356395166674,42.82131371021392],[16.597356395166674,43.01639309399094],[16.54407586553356,43.055334847556225],[16.43751480626733,43.055334847556225],[16.277673217367983,42.93843545646676],[16.171112158101753,42.93843545646676],[16.117831628468636,42.899419577262876],[16.01127056920241,42.899419577262876],[15.95799003956929,42.93843545646676],[15.74486792103683,42.93843545646676],[15.691587391403715,42.97742662950982],[15.74486792103683,43.055334847556225],[15.851428980303062,43.01639309399094],[16.01127056920241,43.01639309399094],[16.064551098835523,43.09425188789898],[16.277673217367983,43.09425188789898],[16.3309537470011,43.133144212759554],[16.3309537470011,43.24967287255652],[16.22439268773487,43.32723502902841],[16.064551098835523,43.365979016170094],[15.904709509936175,43.482062590168894],[15.851428980303062,43.55932796503232],[15.691587391403715,43.55932796503232],[15.638306861770598,43.59792354488171],[15.53174580250437,43.59792354488171],[15.318623683971905,43.71356183437735],[15.265343154338792,43.71356183437735],[15.212062624705677,43.790530303478405],[14.998940506173213,43.94417025257103],[14.998940506173213,43.982518359389296],[14.785818387640752,44.09741414737751],[14.785818387640752,44.17388755133123],[14.572696269108292,44.28841195525592],[14.572696269108292,44.364637746201026],[14.46613520984206,44.44076448047524],[14.253013091309597,44.44076448047524],[14.199732561676484,44.706427906256096],[14.146452032043367,44.744280751639415],[14.039890972777137,44.744280751639415],[13.933329913510907,44.706427906256096],[13.826768854244676,44.744280751639415],[13.826768854244676,44.78210882773896],[13.720207794978446,44.85769067104862],[13.720207794978446,44.93317343454148],[13.560366206079099,45.08384171895205],[13.560366206079099,45.234113681582436],[13.507085676445985,45.271619748074336],[13.507085676445985,45.38398933396203],[13.453805146812867,45.42139632596384],[13.453805146812867,45.57077662323514],[13.400524617179755,45.608059782664654],[13.240683028280406,45.608059782664654],[13.187402498647291,45.57077662323514],[13.08084143938106,45.57077662323514],[12.548036143049906,45.38398933396203],[12.441475083783676,45.3091010454089],[12.441475083783676,45.12144686451208],[12.654597202316136,44.97087766103187],[12.654597202316136,44.89544443784787],[12.601316672683021,44.81991213428438],[12.388194554150559,44.6685502919028],[12.388194554150559,44.44076448047524],[12.441475083783676,44.40271349578164],[12.441475083783676,44.28841195525592],[12.494755613416789,44.212087113837235],[12.814438791215482,43.982518359389296],[12.974280380114829,43.94417025257103],[13.400524617179755,43.67504048114045],[13.507085676445985,43.6364943841208],[13.613646735712216,43.6364943841208],[13.720207794978446,43.55932796503232],[13.77348832461156,43.365979016170094],[13.880049383877791,43.24967287255652],[13.933329913510907,43.055334847556225],[13.986610443144022,43.01639309399094],[13.986610443144022,42.899419577262876],[14.039890972777137,42.86037899434664],[14.039890972777137,42.782223727408095],[14.146452032043367,42.62561686198814],[14.732537858007639,42.19291202033496],[14.839098917273867,42.153427243733226],[14.839098917273867,42.11391781904211],[14.9456599765401,42.03482503909002],[15.052221035806332,42.03482503909002],[15.15878209507256,41.9556337083662],[15.425184743238137,41.9556337083662],[15.478465272871253,41.99524169080089],[15.478465272871253,42.153427243733226],[15.638306861770598,42.153427243733226],[15.585026332137485,42.11391781904211],[15.585026332137485,41.99524169080089],[15.638306861770598,41.9556337083662],[16.171112158101753,41.9556337083662],[16.3309537470011,41.79695551009264],[16.277673217367983,41.71746870226491],[16.064551098835523,41.558199824491794],[16.064551098835523,41.4784178190465],[16.171112158101753,41.398537480231674],[16.703917454432908,41.198406651510844],[16.970320102598485,41.15830681019347],[17.183442221130946,41.07803348857333]],[[12.601316672683021,41.83666199252559],[12.601316672683021,41.916001095394954],[12.548036143049906,41.9556337083662],[12.388194554150559,41.9556337083662],[12.334914024517444,41.916001095394954],[12.334914024517444,41.83666199252559],[12.388194554150559,41.79695551009264],[12.548036143049906,41.79695551009264],[12.601316672683021,41.83666199252559]],[[12.548036143049906,43.790530303478405],[12.654597202316136,43.867399779831196],[12.654597202316136,43.982518359389296],[12.601316672683021,44.02084171155863],[12.441475083783676,44.02084171155863],[12.334914024517444,43.94417025257103],[12.334914024517444,43.82897741644442],[12.388194554150559,43.790530303478405],[12.548036143049906,43.790530303478405]]],[[[15.691587391403715,42.153427243733226],[15.74486792103683,42.23237214548397],[15.851428980303062,42.23237214548397],[15.851428980303062,42.153427243733226],[15.691587391403715,42.153427243733226]]],[[[16.384234276634214,42.38996606599533],[16.3309537470011,42.311218428214836],[16.22439268773487,42.3506045793141],[16.277673217367983,42.42930288513879],[16.384234276634214,42.38996606599533]]],[[[21.445884591780178,42.3506045793141],[21.445884591780178,42.311218428214836],[21.392604062147065,42.311218428214836],[21.286043002880835,42.23237214548397],[21.286043002880835,42.19291202033496],[21.1794819436146,42.27180761586582],[21.072920884348374,42.27180761586582],[21.019640354715253,42.19291202033496],[20.913079295449027,42.153427243733226],[20.806518236182793,42.153427243733226],[20.699957176916563,42.07438374967393],[20.699957176916563,42.153427243733226],[20.64667664728345,42.23237214548397],[20.540115588017215,42.311218428214836],[20.486835058384102,42.311218428214836],[20.43355452875099,42.38996606599533],[20.326993469484755,42.42930288513879],[20.326993469484755,42.507902508575825],[20.220432410218525,42.5864034256355],[20.380273999117872,42.703969676188585],[20.486835058384102,42.703969676188585],[20.64667664728345,42.82131371021392],[20.64667664728345,42.86037899434664],[20.806518236182793,43.01639309399094],[20.806518236182793,43.09425188789898],[20.913079295449027,43.01639309399094],[21.072920884348374,42.97742662950982],[21.1794819436146,42.82131371021392],[21.286043002880835,42.74310904852011],[21.286043002880835,42.703969676188585],[21.392604062147065,42.62561686198814],[21.552445651046412,42.5864034256355],[21.605726180679525,42.507902508575825],[21.445884591780178,42.3506045793141]]],[[[20.16715188058541,42.86037899434664],[20.16715188058541,42.82131371021392],[20.060590821319177,42.82131371021392],[19.95402976205295,42.74310904852011],[19.95402976205295,42.664805613099865],[20.007310291686064,42.5864034256355],[19.90074923241983,42.5864034256355],[19.90074923241983,42.62561686198814],[19.794188173153604,42.703969676188585],[19.68762711388737,42.703969676188585],[19.52778552498803,42.5864034256355],[19.421224465721792,42.42930288513879],[19.31466340645557,42.3506045793141],[19.31466340645557,42.27180761586582],[19.20810234718933,42.19291202033496],[19.20810234718933,42.11391781904211],[19.261382876822445,42.07438374967393],[19.261382876822445,41.83666199252559],[19.15482181755622,41.876343855545485],[19.1015412879231,41.99524169080089],[18.835138639757524,42.19291202033496],[18.51545546195883,42.311218428214836],[18.622016521225063,42.3506045793141],[18.622016521225063,42.46861503367324],[18.675297050858177,42.507902508575825],[18.675297050858177,42.703969676188585],[18.622016521225063,42.74310904852011],[18.622016521225063,42.899419577262876],[18.728577580491294,42.899419577262876],[18.781858110124407,42.93843545646676],[18.781858110124407,43.133144212759554],[18.88841916939064,43.21085470723061],[18.941699699023754,43.17201181992534],[19.1015412879231,43.17201181992534],[19.20810234718933,43.24967287255652],[19.20810234718933,43.32723502902841],[19.15482181755622,43.365979016170094],[19.261382876822445,43.32723502902841],[19.47450499535491,43.17201181992534],[19.52778552498803,43.09425188789898],[19.58106605462114,43.09425188789898],[19.794188173153604,42.97742662950982],[19.95402976205295,42.97742662950982],[20.113871350952294,42.86037899434664],[20.16715188058541,42.86037899434664]]],[[[16.91703957296537,45.08384171895205],[16.970320102598485,45.12144686451208],[17.130161691497833,45.04621180322744],[17.343283810030293,45.04621180322744],[17.396564339663406,45.00855711726442],[17.662966987828984,45.00855711726442],[17.716247517462097,45.04621180322744],[17.82280857672833,44.93317343454148],[17.92936963599456,44.93317343454148],[18.03593069526079,45.00855711726442],[18.142491754527022,44.97087766103187],[18.249052813793256,44.97087766103187],[18.30233334342637,45.00855711726442],[18.408894402692603,45.00855711726442],[18.51545546195883,44.93317343454148],[18.675297050858177,44.93317343454148],[18.728577580491294,44.85769067104862],[18.88841916939064,44.744280751639415],[19.1015412879231,44.744280751639415],[19.15482181755622,44.78210882773896],[19.261382876822445,44.78210882773896],[19.048260758289985,44.47879069961776],[19.048260758289985,44.28841195525592],[19.15482181755622,44.17388755133123],[19.31466340645557,44.135663228852984],[19.36794393608868,44.05914030792454],[19.261382876822445,44.05914030792454],[19.20810234718933,44.02084171155863],[19.20810234718933,43.867399779831196],[19.421224465721792,43.67504048114045],[19.31466340645557,43.67504048114045],[19.15482181755622,43.59792354488171],[18.941699699023754,43.59792354488171],[18.835138639757524,43.52070764622769],[18.835138639757524,43.40469827332364],[18.622016521225063,43.24967287255652],[18.568735991591947,43.17201181992534],[18.568735991591947,43.09425188789898],[18.355613873059482,42.97742662950982],[18.355613873059482,42.782223727408095],[18.462174932325716,42.664805613099865],[18.30233334342637,42.664805613099865],[18.19577228416014,42.74310904852011],[18.142491754527022,42.74310904852011],[17.98265016562768,42.86037899434664],[17.98265016562768,42.93843545646676],[17.92936963599456,42.97742662950982],[17.82280857672833,42.97742662950982],[17.82280857672833,43.01639309399094],[17.449844869296523,43.28846631383094],[17.449844869296523,43.4433927986031],[17.343283810030293,43.52070764622769],[17.183442221130946,43.55932796503232],[16.810478513699138,43.82897741644442],[16.810478513699138,43.867399779831196],[16.54407586553356,44.05914030792454],[16.54407586553356,44.09741414737751],[16.384234276634214,44.17388755133123],[16.277673217367983,44.516792152589204],[15.95799003956929,44.78210882773896],[15.904709509936175,44.78210882773896],[15.904709509936175,45.04621180322744],[15.95799003956929,45.08384171895205],[16.171112158101753,45.00855711726442],[16.171112158101753,44.97087766103187],[16.277673217367983,44.89544443784787],[16.43751480626733,44.89544443784787],[16.54407586553356,45.04621180322744],[16.650636924799795,45.12144686451208],[16.703917454432908,45.08384171895205],[16.91703957296537,45.08384171895205]]],[[[19.634346584254256,44.135663228852984],[19.58106605462114,44.212087113837235],[19.47450499535491,44.2502619154407],[19.421224465721792,44.32653723244163],[19.31466340645557,44.32653723244163],[19.261382876822445,44.364637746201026],[19.47450499535491,44.6685502919028],[19.47450499535491,44.744280751639415],[19.52778552498803,44.78210882773896],[19.52778552498803,44.89544443784787],[19.421224465721792,44.97087766103187],[19.31466340645557,44.97087766103187],[19.261382876822445,45.04621180322744],[19.421224465721792,45.04621180322744],[19.52778552498803,45.12144686451208],[19.52778552498803,45.234113681582436],[19.421224465721792,45.3091010454089],[19.31466340645557,45.3091010454089],[19.20810234718933,45.38398933396203],[19.20810234718933,45.57077662323514],[19.1015412879231,45.64531817740286],[19.1015412879231,45.71976067566545],[19.048260758289985,45.756944780723195],[19.048260758289985,45.79410412415623],[19.15482181755622,45.86834852966789],[19.31466340645557,45.86834852966789],[19.634346584254256,46.01654024220484],[19.634346584254256,46.053526280907796],[19.74090764352049,46.053526280907796],[19.794188173153604,46.01654024220484],[19.90074923241983,46.01654024220484],[19.95402976205295,46.053526280907796],[20.007310291686064,46.01654024220484],[20.220432410218525,46.01654024220484],[20.220432410218525,45.97952944882368],[20.486835058384102,45.79410412415623],[20.540115588017215,45.79410412415623],[20.593396117650332,45.68255180815445],[20.699957176916563,45.608059782664654],[20.699957176916563,45.42139632596384],[20.96635982508214,45.234113681582436],[21.392604062147065,45.08384171895205],[21.286043002880835,45.00855711726442],[21.286043002880835,44.93317343454148],[21.339323532513948,44.89544443784787],[21.286043002880835,44.85769067104862],[21.286043002880835,44.744280751639415],[21.445884591780178,44.6685502919028],[21.552445651046412,44.6685502919028],[21.65900671031264,44.55476883881361],[21.92540935847822,44.55476883881361],[21.978689888111333,44.47879069961776],[22.13853147701068,44.364637746201026],[22.24509253627691,44.364637746201026],[22.35165359554314,44.516792152589204],[22.45821465480937,44.592720757758876],[22.511495184442488,44.592720757758876],[22.511495184442488,44.55476883881361],[22.404934125176258,44.47879069961776],[22.404934125176258,44.364637746201026],[22.5647757140756,44.2502619154407],[22.5647757140756,44.17388755133123],[22.45821465480937,44.05914030792454],[22.35165359554314,44.02084171155863],[22.298373065910024,43.94417025257103],[22.298373065910024,43.67504048114045],[22.404934125176258,43.55932796503232],[22.404934125176258,43.482062590168894],[22.45821465480937,43.40469827332364],[22.884458891874296,43.133144212759554],[22.884458891874296,43.09425188789898],[22.671336773341835,42.93843545646676],[22.511495184442488,42.93843545646676],[22.35165359554314,42.82131371021392],[22.35165359554314,42.547165306872],[22.45821465480937,42.42930288513879],[22.404934125176258,42.38996606599533],[22.35165359554314,42.42930288513879],[22.24509253627691,42.42930288513879],[22.085250947377563,42.3506045793141],[22.03197041774445,42.38996606599533],[21.872128828845103,42.38996606599533],[21.765567769578873,42.3506045793141],[21.818848299211986,42.38996606599533],[21.818848299211986,42.46861503367324],[21.92540935847822,42.547165306872],[21.92540935847822,42.664805613099865],[21.818848299211986,42.74310904852011],[21.65900671031264,42.74310904852011],[21.552445651046412,42.782223727408095],[21.552445651046412,42.86037899434664],[21.445884591780178,42.93843545646676],[21.392604062147065,42.93843545646676],[21.392604062147065,42.97742662950982],[21.1794819436146,43.133144212759554],[21.126201413981487,43.133144212759554],[21.019640354715253,43.21085470723061],[21.019640354715253,43.24967287255652],[20.913079295449027,43.32723502902841],[20.75323770654968,43.32723502902841],[20.64667664728345,43.24967287255652],[20.593396117650332,43.24967287255652],[20.540115588017215,43.21085470723061],[20.540115588017215,43.055334847556225],[20.43355452875099,42.97742662950982],[20.326993469484755,42.97742662950982],[20.220432410218525,43.01639309399094],[20.007310291686064,43.17201181992534],[19.847468702786717,43.17201181992534],[19.74090764352049,43.24967287255652],[19.68762711388737,43.24967287255652],[19.421224465721792,43.4433927986031],[19.58106605462114,43.4433927986031],[19.634346584254256,43.482062590168894],[19.634346584254256,43.75205844231397],[19.52778552498803,43.82897741644442],[19.52778552498803,43.867399779831196],[19.634346584254256,43.867399779831196],[19.74090764352049,43.94417025257103],[19.74090764352049,44.09741414737751],[19.634346584254256,44.135663228852984]]],[[[15.53174580250437,46.053526280907796],[15.585026332137485,46.01654024220484],[15.585026332137485,45.90543359360887],[15.425184743238137,45.86834852966789],[15.212062624705677,45.756944780723195],[15.212062624705677,45.49613600769099],[15.15878209507256,45.49613600769099],[15.052221035806332,45.57077662323514],[14.785818387640752,45.57077662323514],[14.67925732837452,45.71976067566545],[14.572696269108292,45.71976067566545],[14.359574150575828,45.533468698451145],[14.306293620942714,45.57077662323514],[14.199732561676484,45.57077662323514],[14.146452032043367,45.533468698451145],[14.039890972777137,45.57077662323514],[14.039890972777137,45.64531817740286],[13.77348832461156,45.83123870683422],[13.77348832461156,45.97952944882368],[13.720207794978446,46.053526280907796],[13.77348832461156,46.090487566087695],[13.77348832461156,46.20122291264684],[13.560366206079099,46.274922732398345],[13.720207794978446,46.31173552295723],[13.826768854244676,46.38528687262363],[13.933329913510907,46.38528687262363],[13.986610443144022,46.348523569206876],[14.253013091309597,46.348523569206876],[14.306293620942714,46.31173552295723],[14.46613520984206,46.31173552295723],[14.519415739475175,46.274922732398345],[14.625976798741407,46.274922732398345],[14.9456599765401,46.4587392570626],[14.9456599765401,46.49542834123601],[15.052221035806332,46.49542834123601],[15.105501565439445,46.53209268887874],[15.371904213605024,46.53209268887874],[15.425184743238137,46.49542834123601],[15.53174580250437,46.49542834123601],[15.798148450669945,46.60534718130885],[15.904709509936175,46.60534718130885],[15.95799003956929,46.56873230166512],[16.117831628468636,46.56873230166512],[16.171112158101753,46.60534718130885],[16.171112158101753,46.75155940410302],[16.22439268773487,46.75155940410302],[16.277673217367983,46.56873230166512],[16.171112158101753,46.49542834123601],[16.171112158101753,46.4587392570626],[16.064551098835523,46.4587392570626],[15.904709509936175,46.31173552295723],[15.798148450669945,46.274922732398345],[15.638306861770598,46.274922732398345],[15.53174580250437,46.16433588070112],[15.53174580250437,46.053526280907796]]],[[[21.552445651046412,47.00647899921589],[21.552445651046412,46.933768408806166],[21.392604062147065,46.75155940410302],[21.392604062147065,46.67850274821924],[21.339323532513948,46.67850274821924],[21.232762473247718,46.60534718130885],[21.1794819436146,46.53209268887874],[21.1794819436146,46.42202543472361],[21.072920884348374,46.348523569206876],[21.072920884348374,46.31173552295723],[20.75323770654968,46.31173552295723],[20.64667664728345,46.238085196093735],[20.64667664728345,46.20122291264684],[20.540115588017215,46.238085196093735],[20.43355452875099,46.238085196093735],[20.380273999117872,46.20122291264684],[19.794188173153604,46.20122291264684],[19.74090764352049,46.238085196093735],[19.58106605462114,46.238085196093735],[19.31466340645557,46.053526280907796],[19.048260758289985,46.053526280907796],[18.88841916939064,45.97952944882368],[18.675297050858177,45.97952944882368],[18.462174932325716,45.83123870683422],[18.08921122489391,45.83123870683422],[18.03593069526079,45.86834852966789],[17.82280857672833,45.86834852966789],[17.662966987828984,45.97952944882368],[17.396564339663406,46.053526280907796],[17.396564339663406,46.090487566087695],[17.290003280397176,46.16433588070112],[17.130161691497833,46.20122291264684],[16.970320102598485,46.42202543472361],[16.810478513699138,46.4587392570626],[16.650636924799795,46.56873230166512],[16.597356395166674,46.56873230166512],[16.54407586553356,46.64193732956284],[16.54407586553356,46.71504343910922],[16.490795335900447,46.75155940410302],[16.490795335900447,46.82451716407738],[16.43751480626733,46.86095896299264],[16.490795335900447,46.86095896299264],[16.650636924799795,46.97013605987087],[16.650636924799795,47.15160368355662],[16.597356395166674,47.18782309775505],[16.597356395166674,47.296333161583085],[16.75719798406602,47.3685497463744],[16.810478513699138,47.44066758856769],[16.810478513699138,47.54865925539246],[17.076881161864716,47.584607129400545],[17.183442221130946,47.65642887164683],[17.183442221130946,47.79977641324747],[17.23672275076406,47.83555166101192],[17.23672275076406,47.90702821251284],[17.290003280397176,47.90702821251284],[17.60968645819587,47.69230274555763],[17.716247517462097,47.69230274555763],[17.76952804709522,47.65642887164683],[18.408894402692603,47.65642887164683],[18.462174932325716,47.69230274555763],[18.568735991591947,47.69230274555763],[18.622016521225063,47.65642887164683],[18.781858110124407,47.65642887164683],[18.941699699023754,47.79977641324747],[18.941699699023754,47.94272952243315],[19.31466340645557,47.94272952243315],[19.36794393608868,47.97840619264952],[19.52778552498803,47.97840619264952],[19.634346584254256,48.04968562673537],[19.634346584254256,48.08528839707711],[19.74090764352049,48.04968562673537],[19.847468702786717,48.04968562673537],[19.90074923241983,48.0140582263442],[20.007310291686064,48.0140582263442],[20.220432410218525,48.12086654065931],[20.326993469484755,48.12086654065931],[20.486835058384102,48.22745324428284],[20.64667664728345,48.43996218916646],[20.913079295449027,48.43996218916646],[20.96635982508214,48.404605532508945],[21.339323532513948,48.404605532508945],[21.445884591780178,48.43996218916646],[21.65900671031264,48.29838797481898],[21.71228723994576,48.22745324428284],[21.872128828845103,48.22745324428284],[21.92540935847822,48.26293291443889],[22.191812006643797,48.26293291443889],[22.35165359554314,48.12086654065931],[22.45821465480937,48.12086654065931],[22.511495184442488,48.08528839707711],[22.511495184442488,48.04968562673537],[22.61805624370872,47.97840619264952],[22.777897832608062,47.97840619264952],[22.671336773341835,47.83555166101192],[22.45821465480937,47.83555166101192],[22.404934125176258,47.79977641324747],[22.298373065910024,47.79977641324747],[21.92540935847822,47.51268670907412],[21.92540935847822,47.40462100900284],[21.818848299211986,47.3324537980871],[21.65900671031264,47.07909075150201],[21.552445651046412,47.00647899921589]]],[[[16.75719798406602,47.7639765134116],[16.703917454432908,47.79977641324747],[16.54407586553356,47.79977641324747],[16.384234276634214,47.72815195850319],[16.384234276634214,47.584607129400545],[16.490795335900447,47.51268670907412],[16.597356395166674,47.51268670907412],[16.54407586553356,47.47668948770151],[16.43751480626733,47.47668948770151],[16.3309537470011,47.3685497463744],[16.3309537470011,47.296333161583085],[16.384234276634214,47.26018783434201],[16.3309537470011,47.22401781388104],[16.3309537470011,47.11535956891616],[16.384234276634214,47.07909075150201],[16.277673217367983,47.07909075150201],[16.117831628468636,46.933768408806166],[16.064551098835523,46.933768408806166],[15.904709509936175,46.82451716407738],[15.904709509936175,46.78805064510975],[15.638306861770598,46.78805064510975],[15.53174580250437,46.71504343910922],[15.052221035806332,46.71504343910922],[14.998940506173213,46.67850274821924],[14.839098917273867,46.67850274821924],[14.785818387640752,46.60534718130885],[14.625976798741407,46.49542834123601],[14.199732561676484,46.49542834123601],[13.986610443144022,46.56873230166512],[13.720207794978446,46.56873230166512],[13.507085676445985,46.64193732956284],[13.347244087546636,46.64193732956284],[13.240683028280406,46.60534718130885],[13.187402498647291,46.64193732956284],[12.974280380114829,46.64193732956284],[12.814438791215482,46.71504343910922],[12.548036143049906,46.71504343910922],[12.281633494884328,46.933768408806166],[12.334914024517444,46.97013605987087],[12.334914024517444,47.11535956891616],[12.281633494884328,47.15160368355662],[12.015230846718751,47.11535956891616],[11.855389257819406,47.04279722902046],[11.748828198553175,47.04279722902046],[11.695547668920058,47.07909075150201],[11.482425550387598,47.07909075150201],[11.429145020754483,47.04279722902046],[11.269303431855135,47.04279722902046],[11.162742372588905,47.00647899921589],[11.00290078368956,46.89737604388091],[10.949620254056443,46.82451716407738],[10.736498135523982,46.933768408806166],[10.576656546624635,46.933768408806166],[10.576656546624635,47.00647899921589],[10.523376016991522,47.04279722902046],[10.310253898459061,47.04279722902046],[10.150412309559712,46.933768408806166],[10.043851250293482,46.933768408806166],[10.043851250293482,47.00647899921589],[9.93729019102725,47.07909075150201],[9.83072913176102,47.07909075150201],[9.72416807249479,47.15160368355662],[9.777448602127905,47.40462100900284],[9.83072913176102,47.44066758856769],[9.990570720660367,47.3685497463744],[9.990570720660367,47.296333161583085],[10.150412309559712,47.15160368355662],[10.256973368825943,47.15160368355662],[10.363534428092175,47.18782309775505],[10.576656546624635,47.3324537980871],[10.576656546624635,47.40462100900284],[10.683217605890867,47.44066758856769],[10.736498135523982,47.40462100900284],[10.843059194790213,47.40462100900284],[10.949620254056443,47.296333161583085],[11.322583961488252,47.296333161583085],[11.535706080020713,47.40462100900284],[11.588986609653828,47.40462100900284],[11.695547668920058,47.47668948770151],[11.961950317085638,47.47668948770151],[12.015230846718751,47.51268670907412],[12.281633494884328,47.51268670907412],[12.388194554150559,47.584607129400545],[12.494755613416789,47.51268670907412],[12.601316672683021,47.51268670907412],[12.707877731949251,47.54865925539246],[12.707877731949251,47.51268670907412],[12.920999850481714,47.3685497463744],[13.08084143938106,47.3685497463744],[13.240683028280406,47.51268670907412],[13.240683028280406,47.65642887164683],[13.134121969014174,47.72815195850319],[13.134121969014174,47.87130225974244],[13.08084143938106,47.94272952243315],[12.920999850481714,48.04968562673537],[12.920999850481714,48.08528839707711],[12.974280380114829,48.08528839707711],[13.187402498647291,48.19194896088315],[13.293963557913521,48.19194896088315],[13.400524617179755,48.22745324428284],[13.560366206079099,48.333818428926044],[13.613646735712216,48.404605532508945],[13.613646735712216,48.475294253914115],[13.720207794978446,48.404605532508945],[13.826768854244676,48.404605532508945],[13.933329913510907,48.510601730430146],[13.933329913510907,48.5811429336541],[14.039890972777137,48.510601730430146],[14.146452032043367,48.475294253914115],[14.253013091309597,48.475294253914115],[14.306293620942714,48.43996218916646],[14.412854680208946,48.43996218916646],[14.519415739475175,48.510601730430146],[14.625976798741407,48.475294253914115],[14.785818387640752,48.475294253914115],[14.839098917273867,48.510601730430146],[14.839098917273867,48.5811429336541],[14.892379446906984,48.651585828958574],[14.998940506173213,48.651585828958574],[15.105501565439445,48.72193044701666],[15.105501565439445,48.86232497683431],[15.15878209507256,48.82726317271753],[15.265343154338792,48.82726317271753],[15.318623683971905,48.86232497683431],[15.425184743238137,48.86232497683431],[15.638306861770598,48.75706591181417],[15.798148450669945,48.75706591181417],[15.904709509936175,48.686770420704825],[16.01127056920241,48.686770420704825],[16.064551098835523,48.651585828958574],[16.277673217367983,48.651585828958574],[16.3309537470011,48.61637666789213],[16.43751480626733,48.61637666789213],[16.54407586553356,48.686770420704825],[16.597356395166674,48.686770420704825],[16.650636924799795,48.61637666789213],[16.810478513699138,48.61637666789213],[16.863759043332255,48.5811429336541],[16.810478513699138,48.510601730430146],[16.810478513699138,48.43996218916646],[16.75719798406602,48.404605532508945],[16.75719798406602,48.333818428926044],[17.0236006322316,47.97840619264952],[16.970320102598485,47.90702821251284],[16.970320102598485,47.7639765134116],[16.75719798406602,47.7639765134116]]],[[[21.92540935847822,48.404605532508945],[21.818848299211986,48.404605532508945],[21.765567769578873,48.475294253914115],[21.605726180679525,48.5811429336541],[21.4991651214133,48.61637666789213],[21.232762473247718,48.5811429336541],[21.1794819436146,48.545884622427565],[21.126201413981487,48.5811429336541],[20.96635982508214,48.5811429336541],[20.913079295449027,48.61637666789213],[20.699957176916563,48.61637666789213],[20.64667664728345,48.5811429336541],[20.486835058384102,48.5811429336541],[20.326993469484755,48.36922428029826],[20.113871350952294,48.29838797481898],[20.060590821319177,48.22745324428284],[19.95402976205295,48.19194896088315],[19.847468702786717,48.26293291443889],[19.52778552498803,48.26293291443889],[19.421224465721792,48.19194896088315],[19.421224465721792,48.15642006080758],[19.31466340645557,48.15642006080758],[19.261382876822445,48.12086654065931],[18.941699699023754,48.12086654065931],[18.835138639757524,48.08528839707711],[18.675297050858177,47.97840619264952],[18.675297050858177,47.83555166101192],[18.355613873059482,47.83555166101192],[18.249052813793256,47.79977641324747],[18.19577228416014,47.83555166101192],[18.08921122489391,47.83555166101192],[18.03593069526079,47.79977641324747],[17.876089106361444,47.79977641324747],[17.662966987828984,47.90702821251284],[17.60968645819587,47.90702821251284],[17.396564339663406,48.04968562673537],[17.23672275076406,48.08528839707711],[17.0236006322316,48.36922428029826],[17.0236006322316,48.43996218916646],[17.130161691497833,48.510601730430146],[17.130161691497833,48.651585828958574],[17.23672275076406,48.75706591181417],[17.343283810030293,48.72193044701666],[17.662966987828984,48.72193044701666],[17.876089106361444,48.79217681905164],[18.249052813793256,49.002326779447536],[18.249052813793256,49.14193611987229],[18.355613873059482,49.21159370193282],[18.408894402692603,49.21159370193282],[18.675297050858177,49.38530893123181],[18.88841916939064,49.38530893123181],[18.88841916939064,49.315896313084515],[18.941699699023754,49.28115327171526],[19.20810234718933,49.28115327171526],[19.36794393608868,49.38530893123181],[19.36794393608868,49.41997851708937],[19.47450499535491,49.45462362691034],[19.47450499535491,49.41997851708937],[19.68762711388737,49.28115327171526],[19.68762711388737,49.14193611987229],[19.794188173153604,49.072180490533405],[19.90074923241983,49.072180490533405],[20.007310291686064,49.10707056327942],[20.060590821319177,49.072180490533405],[20.16715188058541,49.072180490533405],[20.220432410218525,49.10707056327942],[20.220432410218525,49.176777164637265],[20.43355452875099,49.28115327171526],[20.699957176916563,49.28115327171526],[20.913079295449027,49.176777164637265],[21.019640354715253,49.176777164637265],[21.072920884348374,49.24638573615059],[21.286043002880835,49.315896313084515],[21.605726180679525,49.315896313084515],[21.765567769578873,49.24638573615059],[21.872128828845103,49.24638573615059],[22.03197041774445,49.10707056327942],[22.085250947377563,49.10707056327942],[22.191812006643797,49.0372658973423],[22.298373065910024,49.0372658973423],[22.404934125176258,49.002326779447536],[22.298373065910024,48.86232497683431],[22.298373065910024,48.79217681905164],[22.24509253627691,48.75706591181417],[22.24509253627691,48.686770420704825],[22.085250947377563,48.5811429336541],[22.085250947377563,48.510601730430146],[22.03197041774445,48.43996218916646],[21.92540935847822,48.404605532508945]]],[[[18.51545546195883,49.76532896685646],[18.51545546195883,49.69645445890818],[18.728577580491294,49.558412146529456],[18.568735991591947,49.558412146529456],[18.408894402692603,49.45462362691034],[18.355613873059482,49.45462362691034],[18.30233334342637,49.41997851708937],[18.30233334342637,49.3506148647489],[18.249052813793256,49.3506148647489],[18.03593069526079,49.21159370193282],[18.03593069526079,49.10707056327942],[17.92936963599456,49.072180490533405],[17.60968645819587,48.86232497683431],[17.556405928562754,48.89736223545845],[17.343283810030293,48.89736223545845],[17.290003280397176,48.93237495268032],[17.183442221130946,48.93237495268032],[17.0236006322316,48.82726317271753],[16.970320102598485,48.75706591181417],[16.91703957296537,48.79217681905164],[16.75719798406602,48.79217681905164],[16.650636924799795,48.86232497683431],[16.43751480626733,48.86232497683431],[16.3309537470011,48.79217681905164],[16.117831628468636,48.79217681905164],[16.01127056920241,48.89736223545845],[15.904709509936175,48.93237495268032],[15.638306861770598,48.93237495268032],[15.53174580250437,49.002326779447536],[15.425184743238137,49.002326779447536],[15.371904213605024,49.0372658973423],[15.15878209507256,49.0372658973423],[15.105501565439445,49.072180490533405],[14.998940506173213,49.072180490533405],[14.892379446906984,49.002326779447536],[14.892379446906984,48.86232497683431],[14.732537858007639,48.79217681905164],[14.732537858007639,48.75706591181417],[14.625976798741407,48.686770420704825],[14.412854680208946,48.686770420704825],[14.359574150575828,48.61637666789213],[14.253013091309597,48.61637666789213],[13.933329913510907,48.82726317271753],[13.880049383877791,48.82726317271753],[13.880049383877791,48.86232497683431],[13.720207794978446,49.002326779447536],[13.613646735712216,49.0372658973423],[13.507085676445985,49.0372658973423],[13.453805146812867,49.10707056327942],[13.347244087546636,49.14193611987229],[13.187402498647291,49.24638573615059],[13.187402498647291,49.28115327171526],[13.08084143938106,49.3506148647489],[12.974280380114829,49.38530893123181],[12.867719320848598,49.38530893123181],[12.814438791215482,49.41997851708937],[12.601316672683021,49.69645445890818],[12.654597202316136,49.76532896685646],[12.654597202316136,49.9370878272814],[12.441475083783676,50.074055625890594],[12.441475083783676,50.108236605710275],[12.494755613416789,50.142393207999625],[12.494755613416789,50.210633301040474],[12.601316672683021,50.278775947427654],[12.761158261582368,50.278775947427654],[12.814438791215482,50.312810741515015],[13.08084143938106,50.312810741515015],[13.134121969014174,50.38080729852256],[13.240683028280406,50.38080729852256],[13.400524617179755,50.482619638164046],[13.507085676445985,50.482619638164046],[13.666927265345329,50.584213115671126],[13.666927265345329,50.61802899830285],[13.933329913510907,50.61802899830285],[14.199732561676484,50.75304963114787],[14.306293620942714,50.7867440937108],[14.46613520984206,50.7867440937108],[14.519415739475175,50.820414289626555],[14.67925732837452,50.7193308961096],[14.892379446906984,50.7193308961096],[14.9456599765401,50.75304963114787],[15.105501565439445,50.75304963114787],[15.15878209507256,50.7867440937108],[15.15878209507256,50.88768190497576],[15.318623683971905,50.68558788279724],[15.585026332137485,50.68558788279724],[15.691587391403715,50.61802899830285],[15.798148450669945,50.61802899830285],[15.95799003956929,50.51650844123724],[16.22439268773487,50.51650844123724],[16.117831628468636,50.44870651705587],[16.117831628468636,50.38080729852256],[16.277673217367983,50.24471680239565],[16.3309537470011,50.24471680239565],[16.43751480626733,50.17652543801421],[16.43751480626733,50.142393207999625],[16.597356395166674,50.00562051279265],[16.810478513699138,50.00562051279265],[16.863759043332255,50.074055625890594],[16.970320102598485,50.074055625890594],[17.076881161864716,50.108236605710275],[17.183442221130946,50.17652543801421],[17.183442221130946,50.24468026257065],[17.343283810030293,50.142393207999625],[17.503125398929637,50.142393207999625],[17.556405928562754,50.039850263315934],[17.662966987828984,50.00562051279265],[17.876089106361444,49.86845752843136],[17.98265016562768,49.86845752843136],[18.08921122489391,49.90278488206201],[18.30233334342637,49.799729575818574],[18.462174932325716,49.799729575818574],[18.51545546195883,49.76532896685646]]],[[[17.183442221130946,50.24471680239565],[17.183442221130946,50.24468026257065],[17.130161691497833,50.278775947427654],[17.183442221130946,50.24471680239565]]],[[[22.35165359554314,54.99343323757132],[22.404934125176258,54.962858025521754],[22.511495184442488,54.962858025521754],[22.61805624370872,54.87099262894059],[22.671336773341835,54.87099262894059],[22.777897832608062,54.809632474407614],[22.61805624370872,54.68663210755708],[22.61805624370872,54.37749422240092],[22.5647757140756,54.40851341532358],[21.605726180679525,54.40851341532358],[21.552445651046412,54.4395091618595],[20.593396117650332,54.4395091618595],[20.540115588017215,54.47048147066676],[19.794188173153604,54.47048147066676],[19.68762711388737,54.50143035042431],[19.74090764352049,54.56325785760991],[19.90074923241983,54.6558236186807],[19.90074923241983,54.90163773019976],[19.95402976205295,54.962858025521754],[20.220432410218525,54.962858025521754],[20.27371293985164,54.99343323757132],[20.326993469484755,54.962858025521754],[20.43355452875099,54.962858025521754],[20.540115588017215,54.99343323757132],[20.75323770654968,55.11550139245674],[20.75323770654968,55.14596030320894],[20.85979876581591,55.20680843492474],[20.96635982508214,55.17639598098506],[21.019640354715253,55.17639598098506],[21.126201413981487,55.17639598098506],[21.1794819436146,55.17639598098506],[21.232762473247718,55.14596030320894],[21.339323532513948,55.14596030320894],[21.392604062147065,55.17639598098506],[21.4991651214133,55.11550139245674],[21.605726180679525,55.11550139245674],[21.71228723994576,55.05451383556221],[21.978689888111333,54.99343323757132],[22.085250947377563,54.93225952606565],[22.191812006643797,54.93225952606565],[22.35165359554314,54.99343323757132]]],[[[14.67925732837452,55.23719767418679],[14.732537858007639,55.2979065454089],[14.892379446906984,55.2979065454089],[15.265343154338792,55.11550139245674],[15.265343154338792,55.023985171237285],[15.15878209507256,54.93225952606565],[14.998940506173213,54.93225952606565],[14.785818387640752,54.99343323757132],[14.67925732837452,55.05451383556221],[14.67925732837452,55.23719767418679]]],[[[4.982200935147518,51.521893438378136],[4.928920405514403,51.4887314444969],[4.875639875881287,51.521893438378136],[4.715798286981941,51.521893438378136],[4.662517757348826,51.4887314444969],[4.6092372277157105,51.521893438378136],[4.449395638816364,51.521893438378136],[4.289554049917018,51.42233503750298],[4.182992990650787,51.42233503750298],[4.129712461017672,51.38910061156288],[4.129712461017672,51.322559282936425],[4.076431931384556,51.289252367589896],[3.9165903424852098,51.25592127649443],[3.7034682239527483,51.35584202882205],[3.596907164686517,51.35584202882205],[3.4903461054202864,51.322559282936425],[3.4903461054202864,51.42233503750298],[3.3837850461540557,51.521893438378136],[3.650187694319633,51.65430016740954],[3.650187694319633,51.72035887546233],[3.7567487535858635,51.75335208842277],[3.9698708721183253,51.88508415523338],[3.9698708721183253,51.95080581171443],[4.236273520283902,52.081960642613645],[4.236273520283902,52.11468928997045],[4.396115109183248,52.21273119809606],[4.502676168449479,52.34311792484399],[4.502676168449479,52.40816749385168],[4.5559566980825945,52.44065635475872],[4.5559566980825945,52.537979329556244],[4.6092372277157105,52.57037247601339],[4.6092372277157105,52.76422949310045],[4.662517757348826,52.796455421292784],[4.662517757348826,53.02136929887942],[4.822359346248172,53.21322410731461],[5.248603583313095,53.43597379393271],[5.621567290744903,53.467700298120576],[5.674847820378018,53.4994031062291],[5.728128350011134,53.467700298120576],[5.834689409277364,53.467700298120576],[5.88796993891048,53.4994031062291],[6.154372587076057,53.4994031062291],[6.207653116709173,53.531082226257624],[6.367494705608519,53.531082226257624],[6.420775235241634,53.56273766622849],[6.58061682414098,53.56273766622849],[6.6871778834072115,53.625977538201234],[6.793738942673442,53.625977538201234],[6.900300001939672,53.689122786783294],[7.006861061205903,53.689122786783294],[7.166702650105249,53.75217347697404],[7.433105298270827,53.75217347697404],[7.486385827903941,53.78366338308376],[7.806069005702634,53.78366338308376],[7.85934953533575,53.815129674133885],[8.019191124235096,53.815129674133885],[8.072471653868211,53.75217347697404],[8.232313242767558,53.75217347697404],[8.338874302033789,53.689122786783294],[8.44543536130002,53.689122786783294],[8.498715890933134,53.720659947601],[8.498715890933134,53.84657235835049],[8.392154831666904,53.87799144398194],[8.392154831666904,53.9721071921816],[8.605276950199366,53.9721071921816],[8.658557479832481,54.003431966399056],[8.658557479832481,54.1908862085365],[8.551996420566251,54.25318281441514],[8.551996420566251,54.34645157445436],[8.44543536130002,54.37749422240092],[8.392154831666904,54.4395091618595],[8.392154831666904,54.532355809831884],[8.285593772400674,54.59413650249953],[8.285593772400674,54.68663210755708],[8.232313242767558,54.71741722871455],[8.232313242767558,54.84032421332447],[8.285593772400674,54.87099262894059],[8.285593772400674,54.962858025521754],[8.338874302033789,55.023985171237285],[8.392154831666904,55.023985171237285],[8.392154831666904,54.962858025521754],[8.605276950199366,54.809632474407614],[8.978240657631174,54.809632474407614],[9.031521187264289,54.7789174032662],[9.13808224653052,54.7789174032662],[9.244643305796751,54.71741722871455],[9.511045953962327,54.71741722871455],[9.564326483595444,54.74817899099641],[9.884009661394137,54.74817899099641],[10.043851250293482,54.68663210755708],[10.150412309559712,54.68663210755708],[10.150412309559712,54.532355809831884],[10.310253898459061,54.4395091618595],[10.470095487358405,54.4395091618595],[10.736498135523982,54.34645157445436],[10.843059194790213,54.34645157445436],[11.00290078368956,54.4395091618595],[11.00290078368956,54.50143035042431],[11.10946184295579,54.56325785760991],[11.162742372588905,54.532355809831884],[11.269303431855135,54.532355809831884],[11.322583961488252,54.56325785760991],[11.322583961488252,54.624991753262385],[11.162742372588905,54.68663210755708],[11.056181313322673,54.68663210755708],[11.00290078368956,54.71741722871455],[10.843059194790213,54.71741722871455],[10.789778665157097,54.68663210755708],[10.683217605890867,54.68663210755708],[10.576656546624635,54.7789174032662],[10.363534428092175,54.7789174032662],[10.256973368825943,54.84032421332447],[10.150412309559712,54.84032421332447],[10.097131779926597,54.809632474407614],[9.990570720660367,54.87099262894059],[9.777448602127905,54.87099262894059],[9.72416807249479,54.90163773019976],[9.511045953962327,54.90163773019976],[9.457765424329212,54.87099262894059],[9.297923835429865,54.87099262894059],[9.244643305796751,54.90163773019976],[9.084801716897404,54.90163773019976],[8.924960127998059,54.962858025521754],[8.711838009465596,54.962858025521754],[8.551996420566251,55.085019239608165],[8.498715890933134,55.085019239608165],[8.44543536130002,55.17639598098506],[8.498715890933134,55.20680843492474],[8.498715890933134,55.267563707949165],[8.392154831666904,55.2979065454089],[8.392154831666904,55.35852266830356],[8.125752183501328,55.50965768767851],[8.072471653868211,55.50965768767851],[8.072471653868211,55.63014945073501],[8.125752183501328,55.6602146567831],[8.125752183501328,55.92976427322367],[8.072471653868211,55.959599156634816],[8.072471653868211,56.13812622207155],[8.125752183501328,56.16780045080267],[8.125752183501328,56.256685704920834],[8.072471653868211,56.286268344843165],[8.072471653868211,56.52210687320634],[8.125752183501328,56.55148401359072],[8.125752183501328,56.63947877228909],[8.179032713134442,56.66876483766111],[8.179032713134442,56.75648661146559],[8.232313242767558,56.785681762133926],[8.232313242767558,56.844003963044145],[8.338874302033789,56.960376246464406],[8.551996420566251,57.07638624725454],[8.605276950199366,57.13425559579756],[8.924960127998059,57.13425559579756],[8.978240657631174,57.16315639297567],[9.404484894696097,57.16315639297567],[9.670887542861674,57.336087545456074],[9.72416807249479,57.39355108035674],[9.72416807249479,57.45092466233518],[9.884009661394137,57.53681655601269],[9.93729019102725,57.59396562093871],[10.150412309559712,57.59396562093871],[10.256973368825943,57.62250652560076],[10.576656546624635,57.76487519186658],[10.683217605890867,57.76487519186658],[10.736498135523982,57.73644620439117],[10.736498135523982,57.679521131891384],[10.683217605890867,57.679521131891384],[10.576656546624635,57.62250652560076],[10.576656546624635,57.508208374763434],[10.683217605890867,57.42224911025586],[10.629937076257752,57.39355108035674],[10.629937076257752,57.27853397449206],[10.683217605890867,57.24972339956832],[10.843059194790213,57.24972339956832],[11.00290078368956,57.336087545456074],[11.269303431855135,57.336087545456074],[11.322583961488252,57.30732201966923],[11.322583961488252,57.27853397449206],[11.162742372588905,57.22089028455643],[11.162742372588905,57.19203461912957],[11.056181313322673,57.13425559579756],[10.896339724423328,57.16315639297567],[10.843059194790213,57.22089028455643],[10.683217605890867,57.22089028455643],[10.523376016991522,57.105332217312956],[10.523376016991522,57.04741767537007],[10.363534428092175,56.87313103349875],[10.363534428092175,56.785681762133926],[10.470095487358405,56.69802815928832],[10.470095487358405,56.58083837024921],[10.523376016991522,56.55148401359072],[10.896339724423328,56.55148401359072],[11.056181313322673,56.43383865023015],[11.00290078368956,56.286268344843165],[10.896339724423328,56.197451767681464],[10.896339724423328,56.07870899011571],[10.683217605890867,56.07870899011571],[10.629937076257752,56.04896596746552],[10.629937076257752,55.98941106038603],[10.683217605890867,55.959599156634816],[10.843059194790213,55.959599156634816],[10.789778665157097,55.81019475089612],[10.843059194790213,55.78024482527683],[11.00290078368956,55.78024482527683],[11.056181313322673,55.81019475089612],[11.056181313322673,55.89990640053524],[11.10946184295579,55.92976427322367],[11.21602290222202,55.92976427322367],[11.322583961488252,55.98941106038603],[11.855389257819406,55.98941106038603],[12.281633494884328,56.13812622207155],[12.388194554150559,56.13812622207155],[12.441475083783676,56.16780045080267],[12.441475083783676,56.286268344843165],[12.548036143049906,56.34536501632396],[12.548036143049906,56.463284201456524],[12.707877731949251,56.463284201456524],[12.761158261582368,56.49270693914116],[12.761158261582368,56.58083837024921],[12.601316672683021,56.69802815928832],[12.601316672683021,56.75648661146559],[12.441475083783676,56.844003963044145],[12.334914024517444,56.87313103349875],[12.334914024517444,56.960376246464406],[12.175072435618098,57.07638624725454],[12.175072435618098,57.13425559579756],[12.068511376351868,57.19203461912957],[12.068511376351868,57.24972339956832],[11.961950317085638,57.27853397449206],[11.90866978745252,57.336087545456074],[11.90866978745252,57.47957774702336],[11.748828198553175,57.53681655601269],[11.748828198553175,57.59396562093871],[11.588986609653828,57.679521131891384],[11.588986609653828,57.821666122182855],[11.535706080020713,57.85002808623047],[11.535706080020713,57.93498010145614],[11.482425550387598,57.96325284972773],[11.482425550387598,58.01973152510937],[11.375864491121366,58.07612117694556],[11.322583961488252,58.07612117694556],[11.322583961488252,58.132421891024016],[11.375864491121366,58.16053892326982],[11.375864491121366,58.272785138388286],[11.162742372588905,58.32877524888641],[11.21602290222202,58.35673709277335],[11.21602290222202,58.60739930518825],[11.10946184295579,58.690556475150544],[11.10946184295579,58.77351568850938],[10.949620254056443,58.856277242996846],[11.10946184295579,58.88382055522819],[11.269303431855135,58.966319029319216],[11.269303431855135,59.02120857098384],[11.322583961488252,59.02120857098384],[11.322583961488252,58.966319029319216],[11.375864491121366,58.938841437287216],[11.375864491121366,58.856277242996846],[11.535706080020713,58.80112482070526],[11.642267139286945,58.80112482070526],[11.80210872818629,58.88382055522819],[11.855389257819406,58.938841437287216],[11.855389257819406,59.02120857098384],[11.90866978745252,59.04862054288843],[11.90866978745252,59.15805003134831],[11.961950317085638,59.185352859575346],[11.961950317085638,59.3215402978989],[11.90866978745252,59.3487125236809],[11.90866978745252,59.430098880058615],[11.855389257819406,59.45718426283771],[11.855389257819406,59.56530908231615],[12.015230846718751,59.646175467344506],[12.068511376351868,59.69997835667752],[12.068511376351868,59.78052086763705],[12.015230846718751,59.834108126196895],[12.068511376351868,59.80732526416588],[12.175072435618098,59.80732526416588],[12.281633494884328,59.860869465183214],[12.281633494884328,59.88760929258752],[12.388194554150559,59.88760929258752],[12.441475083783676,59.91432761988204],[12.441475083783676,59.96769982007797],[12.494755613416789,59.96769982007797],[12.601316672683021,60.020986157737596],[12.654597202316136,60.07418672497687],[12.654597202316136,60.286133137187406],[12.761158261582368,60.36526082885593],[12.761158261582368,60.49671462970088],[12.654597202316136,60.601495393372446],[12.654597202316136,60.653758606772385],[12.494755613416789,60.78404648470114],[12.441475083783676,60.9655634456139],[12.761158261582368,60.9655634456139],[12.867719320848598,61.01723605796988],[12.867719320848598,61.09458751751578],[13.027560909747944,61.248724758201604],[13.027560909747944,61.37659783032669],[12.814438791215482,61.50395010231673],[12.814438791215482,61.52935819214036],[12.654597202316136,61.60545794796858],[12.548036143049906,61.60545794796858],[12.334914024517444,61.706634205003965],[12.334914024517444,61.85777854389798],[12.388194554150559,61.88289708275213],[12.388194554150559,62.03317630785905],[12.441475083783676,62.058150956822494],[12.441475083783676,62.3562506399708],[12.334914024517444,62.43031660308416],[12.334914024517444,62.65141825350988],[12.388194554150559,62.67588386441863],[12.388194554150559,62.77354440033942],[12.441475083783676,62.79790911860964],[12.441475083783676,62.8951666964983],[12.494755613416789,62.91943082850198],[12.494755613416789,62.99210279099795],[12.548036143049906,63.01628667494184],[12.548036143049906,63.08871818821589],[12.601316672683021,63.112822020792855],[12.601316672683021,63.18501367531232],[12.707877731949251,63.280990040461646],[12.707877731949251,63.328858798878485],[12.761158261582368,63.35276336523337],[12.761158261582368,63.40051293397095],[12.814438791215482,63.42435796105822],[12.814438791215482,63.47198856245736],[12.974280380114829,63.59071883518053],[12.974280380114829,63.63807271182108],[13.347244087546636,63.96734784479973],[13.453805146812867,64.01407376889631],[13.507085676445985,63.99072056893847],[13.666927265345329,63.99072056893847],[13.720207794978446,63.96734784479973],[13.826768854244676,63.96734784479973],[13.880049383877791,63.94395558404977],[14.039890972777137,63.94395558404977],[14.146452032043367,63.99072056893847],[14.306293620942714,64.13054734121273],[14.306293620942714,64.33897549625688],[14.253013091309597,64.36203732682382],[14.253013091309597,64.45409152414268],[15.212062624705677,64.88715099848534],[15.212062624705677,64.90975247531665],[15.425184743238137,64.99996825579849],[15.425184743238137,65.02247473176587],[15.638306861770598,65.11231113445909],[15.638306861770598,65.13472292242511],[15.851428980303062,65.22418119905882],[15.851428980303062,65.24649861202165],[16.3309537470011,65.46863874995145],[16.3309537470011,65.49074964020963],[16.650636924799795,65.62302272862539],[16.650636924799795,65.64500298482358],[17.92936963599456,66.16697440721765],[17.98265016562768,66.16697440721765],[18.30233334342637,66.29581250432892],[18.355613873059482,66.29581250432892],[18.781858110124407,66.44529407976742],[18.99498022865687,66.48783958084229],[19.1015412879231,66.53031258991246],[19.15482181755622,66.53031258991246],[19.261382876822445,66.57271320719502],[19.421224465721792,66.59388640023049],[19.52778552498803,66.63617861771193],[20.486835058384102,66.82560229388254],[20.593396117650332,66.82560229388254],[20.75323770654968,66.86749897361425],[21.019640354715253,66.88842046076742],[21.072920884348374,66.90932406279335],[21.1794819436146,66.90932406279335],[21.232762473247718,66.93020979220141],[21.339323532513948,66.93020979220141],[21.392604062147065,66.95107766149985],[21.4991651214133,66.95107766149985],[21.552445651046412,66.97192768319572],[21.92540935847822,66.99275986979477],[21.978689888111333,67.01357423380149],[22.191812006643797,67.01357423380149],[22.24509253627691,67.03437078771917],[22.511495184442488,67.03437078771917],[22.5647757140756,67.05514954404968],[22.884458891874296,67.05514954404968],[22.93773942150741,67.07591051529363],[23.577105777104794,67.07591051529363],[23.63038630673791,67.03437078771917],[23.63038630673791,66.99275986979477],[23.79022789563726,66.93020979220141],[23.896788954903485,66.8465595888232],[23.896788954903485,66.80462707627944],[23.84350842527037,66.7836339234999],[23.84350842527037,66.65729766720426],[23.79022789563726,66.63617861771193],[23.79022789563726,66.55152194126408],[23.577105777104794,66.46657589806946],[23.577105777104794,66.27438515070118],[23.63038630673791,66.2529395487627],[23.63038630673791,66.18849312774199],[23.896788954903485,66.0807162899199],[23.95006948453661,66.03747711464348],[24.00335001416972,65.88556017758668],[24.056630543802832,65.8637839624495],[24.056630543802832,65.71083213234208],[24.10991107343595,65.688907674146],[24.10991107343595,65.57900633047785],[24.00335001416972,65.60102384802184],[23.896788954903485,65.60102384802184],[23.84350842527037,65.57900633047785],[23.84350842527037,65.53491533443011],[23.73694736600414,65.53491533443011],[23.73694736600414,65.64500298482358],[23.683666836371025,65.66696462915185],[23.577105777104794,65.66696462915185],[23.52382524747168,65.688907674146],[23.363983658572334,65.688907674146],[22.93773942150741,65.57900633047785],[22.93773942150741,65.51284183085822],[22.777897832608062,65.42436082047753],[22.72461730297495,65.42436082047753],[22.61805624370872,65.38000794218438],[22.5647757140756,65.33558001482974],[22.404934125176258,65.33558001482974],[22.298373065910024,65.38000794218438],[22.191812006643797,65.38000794218438],[22.03197041774445,65.31333787643159],[22.03197041774445,65.15711581034662],[21.978689888111333,65.13472292242511],[21.872128828845103,65.13472292242511],[21.818848299211986,65.0898804339286],[21.765567769578873,65.0898804339286],[21.65900671031264,65.04496224509934],[21.65900671031264,65.02247473176587],[21.392604062147065,64.90975247531665],[21.392604062147065,64.63727551408648],[21.605726180679525,64.56872567526817],[21.71228723994576,64.47705685459955],[21.71228723994576,64.40810302553028],[21.552445651046412,64.33897549625688],[21.552445651046412,64.31589432825636],[21.392604062147065,64.24653467500688],[21.286043002880835,64.22337603263637],[21.286043002880835,64.20019799052528],[21.072920884348374,64.10729157561501],[21.072920884348374,64.06072164600344],[21.019640354715253,64.03740745710614],[21.019640354715253,63.96734784479973],[20.913079295449027,63.89711240300803],[20.913079295449027,63.85019092642398],[21.019640354715253,63.803191054951995],[21.072920884348374,63.803191054951995],[21.072920884348374,63.708955730187284],[20.96635982508214,63.614405634866294],[20.806518236182793,63.54328601808304],[20.75323770654968,63.567012300379744],[20.75323770654968,63.66172007843209],[20.699957176916563,63.68534774708969],[20.593396117650332,63.68534774708969],[20.380273999117872,63.614405634866294],[20.16715188058541,63.614405634866294],[20.007310291686064,63.54328601808304],[20.007310291686064,63.448183166433374],[19.90074923241983,63.448183166433374],[19.794188173153604,63.40051293397095],[19.421224465721792,63.37664807281402],[19.36794393608868,63.35276336523337],[19.36794393608868,63.30493436140237],[19.15482181755622,63.18501367531232],[19.15482181755622,63.160969752025785],[19.048260758289985,63.160969752025785],[18.835138639757524,63.064594361251366],[18.781858110124407,63.01628667494184],[18.781858110124407,62.96789886346881],[18.622016521225063,62.8951666964983],[18.622016521225063,62.87088247177747],[18.462174932325716,62.79790911860964],[18.355613873059482,62.77354440033942],[18.355613873059482,62.749159528033445],[18.249052813793256,62.700329272316786],[18.19577228416014,62.57790008042068],[17.876089106361444,62.43031660308416],[17.876089106361444,62.3809596397642],[17.662966987828984,62.331521278521706],[17.662966987828984,62.28200142198697],[17.876089106361444,62.207568620719776],[17.82280857672833,62.15784460050856],[17.716247517462097,62.15784460050856],[17.60968645819587,62.10803874487174],[17.556405928562754,62.058150956822494],[17.556405928562754,62.008181139462735],[17.662966987828984,61.93307239672318],[17.503125398929637,61.88289708275213],[17.503125398929637,61.75709822795062],[17.662966987828984,61.706634205003965],[17.662966987828984,61.68137118516647],[17.556405928562754,61.58011210298066],[17.556405928562754,61.50395010231673],[17.343283810030293,61.45307159398312],[17.343283810030293,61.299936578540176],[17.396564339663406,61.2743411082314],[17.396564339663406,61.197429371353174],[17.449844869296523,61.146050322813764],[17.343283810030293,61.09458751751578],[17.343283810030293,60.913806744678894],[17.449844869296523,60.88789683144632],[17.449844869296523,60.78404648470114],[17.556405928562754,60.75803116562783],[17.556405928562754,60.705937166219215],[17.82280857672833,60.601495393372446],[17.92936963599456,60.601495393372446],[18.03593069526079,60.62763758768121],[18.142491754527022,60.57533201212692],[18.142491754527022,60.49671462970088],[18.19577228416014,60.470466383680666],[18.30233334342637,60.470466383680666],[18.408894402692603,60.54914743223364],[18.51545546195883,60.522941641989796],[18.568735991591947,60.470466383680666],[18.568735991591947,60.391594126495676],[18.728577580491294,60.312530345832826],[18.835138639757524,60.20681350332582],[18.941699699023754,60.15382695816445],[18.941699699023754,60.020986157737596],[18.99498022865687,59.96769982007797],[19.261382876822445,59.860869465183214],[19.261382876822445,59.80732526416588],[19.31466340645557,59.78052086763705],[19.31466340645557,59.646175467344506],[19.048260758289985,59.48424796312402],[19.1015412879231,59.3487125236809],[19.048260758289985,59.3215402978989],[19.048260758289985,59.23989314177937],[18.941699699023754,59.212633892646195],[18.941699699023754,59.15805003134831],[18.88841916939064,59.10337894460587],[18.781858110124407,59.10337894460587],[18.728577580491294,59.07601066370785],[18.622016521225063,58.966319029319216],[18.51545546195883,58.966319029319216],[18.408894402692603,58.91134194962616],[18.408894402692603,58.88382055522819],[18.08921122489391,58.80112482070526],[17.92936963599456,58.690556475150544],[17.76952804709522,58.74588459420893],[17.662966987828984,58.74588459420893],[17.556405928562754,58.63514037535985],[17.449844869296523,58.662859428350025],[17.290003280397176,58.662859428350025],[17.23672275076406,58.60739930518825],[17.183442221130946,58.60739930518825],[17.076881161864716,58.55185106939323],[17.076881161864716,58.272785138388286],[17.130161691497833,58.21670639201921],[16.91703957296537,58.047937473613814],[16.91703957296537,57.79328182759828],[16.810478513699138,57.73644620439117],[16.810478513699138,57.62250652560076],[16.863759043332255,57.59396562093871],[16.810478513699138,57.56540230124258],[16.810478513699138,57.39355108035674],[16.650636924799795,57.27853397449206],[16.650636924799795,57.16315639297567],[16.703917454432908,57.13425559579756],[16.810478513699138,57.13425559579756],[16.91703957296537,57.22089028455643],[16.91703957296537,57.27853397449206],[16.970320102598485,57.336087545456074],[17.130161691497833,57.39355108035674],[17.23672275076406,57.336087545456074],[17.23672275076406,57.27853397449206],[17.183442221130946,57.24972339956832],[17.183442221130946,57.13425559579756],[17.0236006322316,56.9894126851894],[16.970320102598485,56.785681762133926],[16.863759043332255,56.72726874720607],[16.863759043332255,56.66876483766111],[16.810478513699138,56.63947877228909],[16.810478513699138,56.55148401359072],[16.703917454432908,56.43383865023015],[16.703917454432908,56.34536501632396],[16.650636924799795,56.315828112036556],[16.650636924799795,56.256685704920834],[16.490795335900447,56.13812622207155],[16.43751480626733,56.13812622207155],[16.384234276634214,56.16780045080267],[16.384234276634214,56.315828112036556],[16.3309537470011,56.34536501632396],[16.22439268773487,56.34536501632396],[16.171112158101753,56.315828112036556],[16.171112158101753,56.227080182463375],[16.117831628468636,56.16780045080267],[15.904709509936175,56.01919999411217],[15.904709509936175,55.959599156634816],[15.798148450669945,55.959599156634816],[15.74486792103683,56.01919999411217],[15.638306861770598,56.04896596746552],[15.371904213605024,56.04896596746552],[15.318623683971905,56.07870899011571],[15.105501565439445,56.07870899011571],[14.9456599765401,56.01919999411217],[14.9456599765401,55.959599156634816],[14.839098917273867,55.959599156634816],[14.785818387640752,55.92976427322367],[14.46613520984206,55.92976427322367],[14.306293620942714,55.81019475089612],[14.306293620942714,55.7202758532285],[14.46613520984206,55.56994977579355],[14.46613520984206,55.47947696523218],[14.253013091309597,55.328226195782044],[14.039890972777137,55.328226195782044],[13.986610443144022,55.35852266830356],[13.720207794978446,55.35852266830356],[13.666927265345329,55.328226195782044],[13.560366206079099,55.328226195782044],[13.347244087546636,55.267563707949165],[13.293963557913521,55.2979065454089],[13.134121969014174,55.2979065454089],[13.08084143938106,55.328226195782044],[12.867719320848598,55.328226195782044],[12.814438791215482,55.35852266830356],[12.814438791215482,55.47947696523218],[12.761158261582368,55.50965768767851],[12.548036143049906,55.50965768767851],[12.494755613416789,55.539815288077065],[12.388194554150559,55.539815288077065],[12.334914024517444,55.50965768767851],[12.334914024517444,55.449273111390895],[12.548036143049906,55.35852266830356],[12.548036143049906,55.23719767418679],[12.441475083783676,55.17639598098506],[12.334914024517444,55.17639598098506],[12.281633494884328,55.14596030320894],[12.281633494884328,55.085019239608165],[12.334914024517444,55.05451383556221],[12.494755613416789,55.05451383556221],[12.654597202316136,54.99343323757132],[12.654597202316136,54.90163773019976],[12.548036143049906,54.87099262894059],[12.494755613416789,54.90163773019976],[12.388194554150559,54.90163773019976],[12.334914024517444,54.87099262894059],[12.228352965251213,54.74817899099641],[12.068511376351868,54.6558236186807],[12.068511376351868,54.532355809831884],[12.015230846718751,54.50143035042431],[11.90866978745252,54.532355809831884],[11.855389257819406,54.59413650249953],[11.642267139286945,54.59413650249953],[11.588986609653828,54.532355809831884],[11.429145020754483,54.532355809831884],[11.375864491121366,54.50143035042431],[11.375864491121366,54.4395091618595],[11.429145020754483,54.37749422240092],[11.21602290222202,54.315385462867745],[11.21602290222202,54.1908862085365],[11.162742372588905,54.15970265024713],[11.162742372588905,54.066010852179325],[11.21602290222202,54.034733183604786],[11.429145020754483,54.034733183604786],[11.588986609653828,54.12849557706569],[11.695547668920058,54.15970265024713],[11.90866978745252,54.15970265024713],[11.961950317085638,54.1908862085365],[12.121791905984983,54.1908862085365],[12.228352965251213,54.284295879046],[12.281633494884328,54.284295879046],[12.388194554150559,54.34645157445436],[12.441475083783676,54.4395091618595],[12.548036143049906,54.50143035042431],[12.654597202316136,54.47048147066676],[12.974280380114829,54.47048147066676],[13.08084143938106,54.532355809831884],[13.08084143938106,54.59413650249953],[13.134121969014174,54.624991753262385],[13.453805146812867,54.71741722871455],[13.560366206079099,54.59413650249953],[13.720207794978446,54.59413650249953],[13.77348832461156,54.56325785760991],[13.77348832461156,54.40851341532358],[13.826768854244676,54.37749422240092],[13.826768854244676,54.284295879046],[14.039890972777137,54.222046260422466],[13.986610443144022,54.1908862085365],[13.986610443144022,54.12849557706569],[14.199732561676484,54.003431966399056],[14.146452032043367,53.9721071921816],[14.146452032043367,53.78366338308376],[14.199732561676484,53.75217347697404],[14.199732561676484,53.4994031062291],[14.306293620942714,53.37244966543699],[14.306293620942714,53.085416042058625],[14.093171502410252,52.95722733326737],[14.093171502410252,52.76422949310045],[14.306293620942714,52.69970603097294],[14.306293620942714,52.667408482162415],[14.519415739475175,52.537979329556244],[14.46613520984206,52.31055720242211],[14.625976798741407,52.180074560732116],[14.625976798741407,51.91795700924984],[14.519415739475175,51.85218724288364],[14.519415739475175,51.72035887546233],[14.625976798741407,51.65430016740954],[14.625976798741407,51.4887314444969],[14.785818387640752,51.38910061156288],[14.892379446906984,51.35584202882205],[14.892379446906984,51.25592127649443],[14.9456599765401,51.189186542045455],[14.892379446906984,51.15578288625695],[14.892379446906984,51.05542669062161],[14.839098917273867,51.02192619559348],[14.839098917273867,50.95485252440602],[14.785818387640752,50.92127933621188],[14.572696269108292,51.08890296667725],[14.306293620942714,51.08890296667725],[14.199732561676484,51.02192619559348],[14.199732561676484,50.92127933621188],[14.093171502410252,50.854060224752615],[13.933329913510907,50.854060224752615],[13.826768854244676,50.7867440937108],[13.666927265345329,50.7867440937108],[13.453805146812867,50.68558788279724],[13.347244087546636,50.68558788279724],[13.240683028280406,50.65182058544155],[13.134121969014174,50.584213115671126],[13.134121969014174,50.55037293186607],[13.027560909747944,50.55037293186607],[12.920999850481714,50.482619638164046],[12.707877731949251,50.482619638164046],[12.654597202316136,50.44870651705587],[12.548036143049906,50.44870651705587],[12.334914024517444,50.346821190066805],[12.334914024517444,50.312810741515015],[12.281633494884328,50.312810741515015],[12.175072435618098,50.38080729852256],[12.068511376351868,50.38080729852256],[12.015230846718751,50.346821190066805],[12.015230846718751,50.17652543801421],[12.121791905984983,50.108236605710275],[12.121791905984983,50.039850263315934],[12.334914024517444,49.90278488206201],[12.388194554150559,49.90278488206201],[12.334914024517444,49.661980550132284],[12.494755613416789,49.52384043696035],[12.494755613416789,49.45462362691034],[12.548036143049906,49.38530893123181],[12.814438791215482,49.21159370193282],[12.920999850481714,49.21159370193282],[13.08084143938106,49.10707056327942],[13.134121969014174,49.0372658973423],[13.293963557913521,49.002326779447536],[13.347244087546636,48.89736223545845],[13.453805146812867,48.82726317271753],[13.560366206079099,48.82726317271753],[13.720207794978446,48.75706591181417],[13.720207794978446,48.61637666789213],[13.613646735712216,48.651585828958574],[13.507085676445985,48.651585828958574],[13.347244087546636,48.545884622427565],[13.347244087546636,48.404605532508945],[13.240683028280406,48.333818428926044],[13.08084143938106,48.333818428926044],[12.974280380114829,48.29838797481898],[12.654597202316136,48.12086654065931],[12.654597202316136,48.04968562673537],[12.867719320848598,47.83555166101192],[12.814438791215482,47.72815195850319],[12.654597202316136,47.72815195850319],[12.548036143049906,47.69230274555763],[12.494755613416789,47.7639765134116],[12.228352965251213,47.79977641324747],[12.121791905984983,47.72815195850319],[12.121791905984983,47.65642887164683],[11.855389257819406,47.65642887164683],[11.748828198553175,47.620530333879366],[11.695547668920058,47.65642887164683],[11.588986609653828,47.65642887164683],[11.535706080020713,47.584607129400545],[11.429145020754483,47.584607129400545],[11.322583961488252,47.51268670907412],[11.322583961488252,47.47668948770151],[11.162742372588905,47.47668948770151],[11.10946184295579,47.44066758856769],[10.949620254056443,47.584607129400545],[10.736498135523982,47.584607129400545],[10.683217605890867,47.620530333879366],[10.416814957725292,47.620530333879366],[10.363534428092175,47.584607129400545],[10.363534428092175,47.40462100900284],[10.203692839192831,47.44066758856769],[10.203692839192831,47.47668948770151],[9.990570720660367,47.620530333879366],[9.884009661394137,47.65642887164683],[9.777448602127905,47.65642887164683],[9.670887542861674,47.584607129400545],[9.617607013228557,47.584607129400545],[9.404484894696097,47.65642887164683],[9.297923835429865,47.72815195850319],[8.978240657631174,47.72815195850319],[8.658557479832481,47.87130225974244],[8.551996420566251,47.87130225974244],[8.44543536130002,47.83555166101192],[8.338874302033789,47.69230274555763],[8.232313242767558,47.69230274555763],[8.072471653868211,47.620530333879366],[7.96591059460198,47.620530333879366],[7.912630064968866,47.65642887164683],[7.699507946436404,47.65642887164683],[7.699507946436404,47.79977641324747],[7.75278847606952,47.83555166101192],[7.75278847606952,48.12086654065931],[7.912630064968866,48.29838797481898],[7.912630064968866,48.43996218916646],[7.96591059460198,48.475294253914115],[7.96591059460198,48.5811429336541],[8.232313242767558,48.75706591181417],[8.338874302033789,48.89736223545845],[8.338874302033789,48.96736313262405],[7.96591059460198,49.10707056327942],[7.6462274168032875,49.10707056327942],[7.6462274168032875,49.14193611987229],[7.539666357537057,49.21159370193282],[7.326544239004595,49.21159370193282],[7.273263709371481,49.176777164637265],[7.166702650105249,49.176777164637265],[6.953580531572788,49.28115327171526],[6.793738942673442,49.28115327171526],[6.6871778834072115,49.41997851708937],[6.58061682414098,49.48924426531606],[6.527336294507865,49.48924426531606],[6.527336294507865,49.558412146529456],[6.6871778834072115,49.661980550132284],[6.6871778834072115,49.799729575818574],[6.58061682414098,49.86845752843136],[6.47405576487475,49.86845752843136],[6.367494705608519,49.90278488206201],[6.367494705608519,49.9370878272814],[6.260933646342288,50.00562051279265],[6.260933646342288,50.074055625890594],[6.314214175975404,50.142393207999625],[6.527336294507865,50.278775947427654],[6.527336294507865,50.346821190066805],[6.367494705608519,50.55037293186607],[6.367494705608519,50.61802899830285],[6.207653116709173,50.7193308961096],[6.207653116709173,50.88768190497576],[6.154372587076057,50.92127933621188],[6.154372587076057,51.02192619559348],[6.260933646342288,51.08890296667725],[6.260933646342288,51.22256600339017],[6.367494705608519,51.322559282936425],[6.367494705608519,51.455545313014376],[6.154372587076057,51.72035887546233],[6.260933646342288,51.75335208842277],[6.314214175975404,51.72035887546233],[6.47405576487475,51.72035887546233],[6.58061682414098,51.786321216192704],[6.847019472306557,51.819266265446025],[6.953580531572788,51.88508415523338],[6.953580531572788,51.98363056943521],[6.900300001939672,52.01643128924682],[7.166702650105249,52.180074560732116],[7.166702650105249,52.40816749385168],[7.060141590839018,52.505562265373925],[6.847019472306557,52.505562265373925],[6.847019472306557,52.537979329556244],[7.113422120472134,52.537979329556244],[7.166702650105249,52.57037247601339],[7.166702650105249,52.667408482162415],[7.219983179738365,52.69970603097294],[7.219983179738365,52.82865749086227],[7.326544239004595,52.892990084154846],[7.326544239004595,53.24511670609226],[7.273263709371481,53.27698555344527],[7.166702650105249,53.27698555344527],[7.113422120472134,53.24511670609226],[7.113422120472134,52.95722733326737],[7.006861061205903,52.86083570930832],[6.953580531572788,52.69970603097294],[6.793738942673442,52.69970603097294],[6.633897353774096,52.60274171204565],[6.633897353774096,52.40816749385168],[6.847019472306557,52.34311792484399],[6.953580531572788,52.34311792484399],[6.953580531572788,52.277972511883455],[6.900300001939672,52.21273119809606],[6.633897353774096,52.081960642613645],[6.633897353774096,51.98363056943521],[6.6871778834072115,51.95080581171443],[6.58061682414098,51.91795700924984],[6.260933646342288,51.91795700924984],[6.207653116709173,51.95080581171443],[6.1010920574429415,51.95080581171443],[5.834689409277364,51.786321216192704],[5.834689409277364,51.68734157066449],[6.1010920574429415,51.4887314444969],[6.1010920574429415,51.322559282936425],[5.99453099817671,51.25592127649443],[5.99453099817671,51.15578288625695],[5.88796993891048,51.22256600339017],[5.781408879644249,51.25592127649443],[5.674847820378018,51.25592127649443],[5.568286761111787,51.322559282936425],[5.355164642579325,51.322559282936425],[5.248603583313095,51.35584202882205],[5.248603583313095,51.42233503750298],[5.142042524046864,51.521893438378136],[4.982200935147518,51.521893438378136]],[[5.142042524046864,53.24511670609226],[5.035481464780633,53.181307749299606],[5.035481464780633,53.085416042058625],[5.0887619944137485,53.05340456944132],[5.195323053679979,53.05340456944132],[5.355164642579325,53.11740372442504],[5.355164642579325,53.21322410731461],[5.30188411294621,53.24511670609226],[5.142042524046864,53.24511670609226]],[[11.056181313322673,54.99343323757132],[11.10946184295579,54.962858025521754],[11.269303431855135,54.962858025521754],[11.322583961488252,54.99343323757132],[11.322583961488252,55.05451383556221],[11.269303431855135,55.085019239608165],[11.10946184295579,55.085019239608165],[11.056181313322673,55.05451383556221],[11.056181313322673,54.99343323757132]],[[10.843059194790213,55.38879597222731],[10.896339724423328,55.35852266830356],[11.056181313322673,55.35852266830356],[11.10946184295579,55.38879597222731],[11.10946184295579,55.449273111390895],[11.056181313322673,55.47947696523218],[10.896339724423328,55.47947696523218],[10.843059194790213,55.449273111390895],[10.843059194790213,55.38879597222731]],[[10.683217605890867,55.63014945073501],[10.736498135523982,55.600061160212064],[10.843059194790213,55.600061160212064],[10.896339724423328,55.63014945073501],[10.896339724423328,55.69025678779525],[10.843059194790213,55.7202758532285],[10.736498135523982,55.7202758532285],[10.683217605890867,55.69025678779525],[10.683217605890867,55.63014945073501]],[[10.310253898459061,55.81019475089612],[10.363534428092175,55.78024482527683],[10.470095487358405,55.78024482527683],[10.523376016991522,55.81019475089612],[10.523376016991522,55.87002552896968],[10.470095487358405,55.89990640053524],[10.363534428092175,55.89990640053524],[10.310253898459061,55.87002552896968],[10.310253898459061,55.81019475089612]]],[[[19.1015412879231,57.45092466233518],[19.1015412879231,57.39355108035674],[18.88841916939064,57.30732201966923],[18.88841916939064,57.24972339956832],[18.781858110124407,57.16315639297567],[18.675297050858177,57.16315639297567],[18.622016521225063,57.13425559579756],[18.622016521225063,57.07638624725454],[18.51545546195883,57.04741767537007],[18.51545546195883,56.960376246464406],[18.408894402692603,56.90223543078755],[18.408894402692603,56.87313103349875],[18.30233334342637,56.844003963044145],[18.142491754527022,56.844003963044145],[18.142491754527022,56.960376246464406],[18.19577228416014,56.9894126851894],[18.19577228416014,57.07638624725454],[18.142491754527022,57.105332217312956],[18.142491754527022,57.19203461912957],[17.92936963599456,57.24972339956832],[17.98265016562768,57.30732201966923],[18.08921122489391,57.30732201966923],[18.142491754527022,57.336087545456074],[18.142491754527022,57.39355108035674],[18.08921122489391,57.42224911025586],[18.08921122489391,57.53681655601269],[18.30233334342637,57.65102502574244],[18.462174932325716,57.821666122182855],[18.568735991591947,57.85002808623047],[18.728577580491294,57.93498010145614],[19.048260758289985,57.93498010145614],[19.1015412879231,57.991503320715275],[19.20810234718933,58.01973152510937],[19.31466340645557,57.991503320715275],[19.421224465721792,57.991503320715275],[19.421224465721792,57.906685065223186],[19.261382876822445,57.85002808623047],[19.15482181755622,57.73644620439117],[19.048260758289985,57.679521131891384],[18.941699699023754,57.65102502574244],[18.941699699023754,57.47957774702336],[18.99498022865687,57.45092466233518],[19.1015412879231,57.45092466233518]]],[[[23.363983658572334,57.821666122182855],[23.363983658572334,57.73644620439117],[23.204142069672987,57.73644620439117],[23.204142069672987,57.821666122182855],[23.363983658572334,57.821666122182855]]],[[[19.421224465721792,58.38467681022508],[19.421224465721792,58.32877524888641],[19.31466340645557,58.272785138388286],[19.20810234718933,58.300791267706444],[19.15482181755622,58.35673709277335],[19.20810234718933,58.41259441211181],[19.31466340645557,58.41259441211181],[19.421224465721792,58.38467681022508]]],[[[20.75323770654968,63.112822020792855],[20.85979876581591,63.13690587129172],[20.913079295449027,63.112822020792855],[20.85979876581591,63.064594361251366],[20.85979876581591,63.04045052759384],[20.75323770654968,63.112822020792855]]],[[[13.560366206079099,64.08401634802624],[13.666927265345329,64.17700053621891],[13.826768854244676,64.24653467500688],[13.826768854244676,64.26967393009387],[14.039890972777137,64.36203732682382],[14.039890972777137,64.29279381035656],[14.093171502410252,64.26967393009387],[14.093171502410252,64.17700053621891],[13.986610443144022,64.08401634802624],[13.933329913510907,64.06072164600344],[13.77348832461156,64.06072164600344],[13.720207794978446,64.08401634802624],[13.560366206079099,64.08401634802624]]],[[[31.462624162805874,-23.544797779305593],[31.62246575170522,-23.740019554848537],[31.62246575170522,-23.83752101661364],[31.675746281338338,-23.934949224057387],[31.782307340604564,-24.032303950714752],[31.782307340604564,-24.22679206090996],[31.888868399870802,-24.372463587171275],[31.888868399870802,-24.56643145505155],[31.94214892950391,-24.614876660735675],[31.94214892950391,-25.387430254895403],[31.888868399870802,-25.435552879958525],[31.888868399870802,-25.771871771687188],[31.83558787023768,-25.819839946231184],[31.83558787023768,-25.91571800077515],[31.51590469243899,-25.675877256890622],[31.40934363317276,-25.675877256890622],[31.302782573906526,-25.72388419996302],[31.036379925740953,-25.96362782943551],[30.983099396107836,-26.05938896167064],[30.983099396107836,-26.155071890732586],[30.716696747942258,-26.44164943646293],[30.716696747942258,-26.917695896073102],[30.76997727757538,-26.965190957554682],[30.876538336841605,-26.965190957554682],[30.876538336841605,-27.107555914330906],[31.14294098500718,-27.34442864276981],[31.356063103539643,-27.43903640825512],[31.51590469243899,-27.43903640825512],[31.569185222072107,-27.486309912272002],[32.101990518403255,-27.486309912272002],[32.155271048036376,-27.43903640825512],[32.155271048036376,-27.34442864276981],[32.101990518403255,-27.297094428474086],[32.101990518403255,-27.06012099079185],[32.155271048036376,-27.01266599717456],[33.007759522166225,-27.01266599717456],[33.007759522166225,-27.06012099079185],[32.954478992533105,-27.107555914330906],[32.954478992533105,-27.24974002470021],[32.84791793326688,-27.391742643903154],[32.84791793326688,-27.486309912272002],[32.79463740363376,-27.533563132465364],[32.741356874000644,-27.863765767439745],[32.68807634436753,-27.9108558792948],[32.68807634436753,-28.192965415550926],[32.52823475546818,-28.47433233930501],[32.52823475546818,-28.61473581425172],[32.101990518403255,-28.988227056874912],[31.83558787023768,-29.081390287818664],[31.729026810971455,-29.174469344483477],[31.729026810971455,-29.22097725449194],[31.40934363317276,-29.49958073446853],[31.302782573906526,-29.68489202451521],[31.1962215146403,-29.777419866508875],[31.14294098500718,-29.869862289334222],[31.14294098500718,-30.00836540950044],[30.983099396107836,-30.146675432383567],[30.716696747942258,-30.652151529012844],[30.503574629409798,-30.88104581123788],[30.450294099776684,-31.018120662896333],[30.183891451611103,-31.291679158758427],[30.183891451611103,-31.337195389302636],[29.651086155279955,-31.745849034826758],[29.597805625646835,-31.745849034826758],[29.171561388581914,-32.152707255744076],[29.171561388581914,-32.197802347438596],[28.692036621883876,-32.60265096676612],[28.692036621883876,-32.647521931321585],[28.37235344408518,-32.87153888501766],[28.319072914452068,-32.87153888501766],[27.94610920702026,-33.1842136823469],[27.732987088487796,-33.27334533458747],[27.519864969955336,-33.45133583074159],[27.306742851422875,-33.540194431403116],[27.146901262523528,-33.673311184926916],[27.040340203257298,-33.673311184926916],[26.56081543655926,-33.89471506005651],[26.29441278839368,-33.89471506005651],[26.241132258760565,-33.85048009157475],[25.868168551328758,-33.85048009157475],[25.761607492062527,-33.93892709620217],[25.761607492062527,-34.02728231385435],[25.81488802169564,-34.11554562989043],[25.761607492062527,-34.15964278924847],[25.441924314263833,-34.15964278924847],[25.228802195731372,-34.07142546670069],[25.122241136465142,-34.07142546670069],[25.015680077198912,-34.15964278924847],[24.962399547565795,-34.29179610350958],[24.855838488299565,-34.33580110702716],[24.80255795866645,-34.29179610350958],[24.53615531050087,-34.29179610350958],[24.21647213270218,-34.15964278924847],[23.95006948453661,-34.15964278924847],[23.896788954903485,-34.11554562989043],[23.577105777104794,-34.11554562989043],[23.470544717838564,-34.20371693066159],[22.991019951140526,-34.20371693066159],[22.93773942150741,-34.15964278924847],[22.777897832608062,-34.15964278924847],[22.72461730297495,-34.11554562989043],[22.61805624370872,-34.11554562989043],[22.5647757140756,-34.15964278924847],[22.298373065910024,-34.15964278924847],[22.24509253627691,-34.20371693066159],[22.24509253627691,-34.29179610350958],[22.085250947377563,-34.33580110702716],[21.978689888111333,-34.46767761974665],[21.872128828845103,-34.51159024556619],[21.445884591780178,-34.51159024556619],[21.392604062147065,-34.55547974275822],[21.286043002880835,-34.55547974275822],[21.126201413981487,-34.46767761974665],[21.019640354715253,-34.46767761974665],[20.96635982508214,-34.55547974275822],[20.85979876581591,-34.59934609776456],[20.806518236182793,-34.55547974275822],[20.64667664728345,-34.55547974275822],[20.540115588017215,-34.59934609776456],[20.27371293985164,-34.818330269771586],[20.220432410218525,-34.818330269771586],[20.113871350952294,-34.949442212395724],[19.95402976205295,-34.949442212395724],[19.90074923241983,-34.905761475609054],[19.634346584254256,-34.905761475609054],[19.421224465721792,-34.730806175008745],[19.31466340645557,-34.730806175008745],[19.261382876822445,-34.68700932729455],[19.261382876822445,-34.59934609776456],[19.15482181755622,-34.51159024556619],[19.048260758289985,-34.46767761974665],[18.941699699023754,-34.46767761974665],[18.835138639757524,-34.51159024556619],[18.781858110124407,-34.46767761974665],[18.781858110124407,-34.247768040078476],[18.728577580491294,-34.20371693066159],[18.622016521225063,-34.20371693066159],[18.568735991591947,-34.247768040078476],[18.568735991591947,-34.46767761974665],[18.462174932325716,-34.46767761974665],[18.355613873059482,-34.379783036765176],[18.355613873059482,-34.29179610350958],[18.30233334342637,-34.247768040078476],[18.30233334342637,-34.02728231385435],[18.355613873059482,-33.98311618558848],[18.355613873059482,-33.71763773727739],[18.30233334342637,-33.673311184926916],[18.30233334342637,-33.58458951716181],[18.249052813793256,-33.540194431403116],[18.08921122489391,-33.540194431403116],[18.03593069526079,-33.495776530935],[18.03593069526079,-33.45133583074159],[18.19577228416014,-33.317877082589284],[18.51545546195883,-33.317877082589284],[18.568735991591947,-33.362386091428164],[18.835138639757524,-33.362386091428164],[18.88841916939064,-33.406872345869566],[19.1015412879231,-33.406872345869566],[19.15482181755622,-33.45133583074159],[19.31466340645557,-33.45133583074159],[19.36794393608868,-33.495776530935],[19.847468702786717,-33.540194431403116],[19.90074923241983,-33.58458951716181],[20.16715188058541,-33.58458951716181],[20.220432410218525,-33.62896177328946],[21.1794819436146,-33.62896177328946],[21.232762473247718,-33.58458951716181],[21.445884591780178,-33.58458951716181],[21.4991651214133,-33.540194431403116],[21.65900671031264,-33.540194431403116],[21.71228723994576,-33.495776530935],[21.872128828845103,-33.495776530935],[22.085250947377563,-33.406872345869566],[22.24509253627691,-33.406872345869566],[22.45821465480937,-33.317877082589284],[22.5647757140756,-33.317877082589284],[22.61805624370872,-33.27334533458747],[22.72461730297495,-33.27334533458747],[22.777897832608062,-33.22879086272],[22.884458891874296,-33.22879086272],[23.044300480773643,-33.139613808891],[23.31070312893922,-33.09499125783795],[23.73694736600414,-32.916274589569255],[23.84350842527037,-32.916274589569255],[24.00335001416972,-32.82678059710479],[24.10991107343595,-32.82678059710479],[24.749277429033334,-32.55775751535751],[24.855838488299565,-32.55775751535751],[25.122241136465142,-32.42294240339178],[25.228802195731372,-32.42294240339178],[25.49520484389695,-32.2879255005757],[25.60176590316318,-32.2879255005757],[25.761607492062527,-32.197802347438596],[25.868168551328758,-32.197802347438596],[26.028010140228105,-32.10758984311496],[26.13457119949434,-32.10758984311496],[26.29441278839368,-32.01728812288322],[26.400973847659913,-32.01728812288322],[26.56081543655926,-31.926897323041597],[26.66737649582549,-31.926897323041597],[27.413303910689102,-31.609830013435516],[27.839548147754027,-31.337195389302636],[27.892828677387147,-31.337195389302636],[28.052670266286487,-31.200580751488122],[28.105950795919608,-31.200580751488122],[28.26579238481895,-31.06376854846327],[28.319072914452068,-31.06376854846327],[29.171561388581914,-30.376761579704656],[29.171561388581914,-30.330787497658264],[29.757647214546182,-29.777419866508875],[29.757647214546182,-29.731166612769876],[29.91748880344553,-29.592278925954513],[30.024049862711756,-29.406797614739865],[30.130610921977993,-29.31392973249244],[30.183891451611103,-29.174469344483477],[30.290452510877337,-29.081390287818664],[30.450294099776684,-28.801648754852007],[30.503574629409798,-28.567955454644814],[30.556855159042914,-28.521154289000314],[30.556855159042914,-28.427489627610964],[30.61013568867603,-28.380626176035495],[30.61013568867603,-28.23991160417311],[30.66341621830914,-28.192965415550926],[30.66341621830914,-28.004974603324285],[30.716696747942258,-27.95792549886816],[30.716696747942258,-27.154970743781256],[30.66341621830914,-27.107555914330906],[30.66341621830914,-26.965190957554682],[30.61013568867603,-26.917695896073102],[30.61013568867603,-26.822645804414336],[30.450294099776684,-26.63230642819115],[30.450294099776684,-26.584671895097905],[30.130610921977993,-26.346202329330445],[29.8109277441793,-26.202883965670022],[29.544525096013718,-26.155071890732586],[29.491244566380608,-26.107240214295217],[29.38468350711437,-26.107240214295217],[29.33140297748126,-26.05938896167064],[29.224841918215027,-26.05938896167064],[29.171561388581914,-26.011518158236523],[29.06500032931568,-26.011518158236523],[29.01171979968257,-25.96362782943551],[28.63875609225076,-25.96362782943551],[28.585475562617646,-25.91571800077515],[28.212511855185834,-25.91571800077515],[28.15923132555272,-25.96362782943551],[27.679706558854686,-25.96362782943551],[27.626426029221566,-26.011518158236523],[27.306742851422875,-26.011518158236523],[27.25346232178976,-26.05938896167064],[26.933779143991064,-26.05938896167064],[26.88049861435795,-26.107240214295217],[26.614095966192373,-26.107240214295217],[26.56081543655926,-26.155071890732586],[26.400973847659913,-26.155071890732586],[26.241132258760565,-26.2506764138598],[26.13457119949434,-26.2506764138598],[26.081290669861218,-26.298449210119177],[25.974729610594988,-26.298449210119177],[25.81488802169564,-26.39393574644091],[25.548485373530067,-26.44164943646293],[25.49520484389695,-26.48934337447393],[25.335363254997603,-26.48934337447393],[25.28208272536449,-26.537017535616396],[24.749277429033334,-26.537017535616396],[24.53615531050087,-26.44164943646293],[24.269752662335296,-26.202883965670022],[24.16319160306907,-26.011518158236523],[24.056630543802832,-25.91571800077515],[24.056630543802832,-25.819839946231184],[24.21647213270218,-25.819839946231184],[24.32303319196841,-25.91571800077515],[24.53615531050087,-25.91571800077515],[24.642716369767104,-26.011518158236523],[24.90911901793268,-26.011518158236523],[25.06896060683203,-25.91571800077515],[25.441924314263833,-25.91571800077515],[25.548485373530067,-25.86778869782792],[25.761607492062527,-25.675877256890622],[25.81488802169564,-25.579805360352893],[25.81488802169564,-25.435552879958525],[26.028010140228105,-25.05003607565634],[26.028010140228105,-24.905152994193994],[26.081290669861218,-24.905152994193994],[26.187851729127452,-24.808469616905878],[26.507534906926143,-24.808469616905878],[26.66737649582549,-24.614876660735675],[26.66737649582549,-24.56643145505155],[26.720657025458603,-24.56643145505155],[26.88049861435795,-24.420983555894697],[26.98705967362418,-24.372463587171275],[27.040340203257298,-24.275367811945515],[27.040340203257298,-24.08095368825701],[27.09362073289041,-24.032303950714752],[27.09362073289041,-23.886244291303633],[27.413303910689102,-23.593630508246733],[27.519864969955336,-23.593630508246733],[27.732987088487796,-23.39819085435879],[27.839548147754027,-23.39819085435879],[28.15923132555272,-23.055477438116707],[28.15923132555272,-23.006446738347883],[28.319072914452068,-22.85924782435876],[28.37235344408518,-22.761026498376996],[28.692036621883876,-22.761026498376996],[28.798597681150106,-22.662734476117322],[28.95843927004945,-22.662734476117322],[29.118280858948797,-22.515164409411625],[29.118280858948797,-22.41669669250926],[29.171561388581914,-22.367436622646427],[29.597805625646835,-22.367436622646427],[29.651086155279955,-22.318159118795982],[29.864208273812412,-22.318159118795982],[30.290452510877337,-22.515164409411625],[30.716696747942258,-22.515164409411625],[30.76997727757538,-22.465939298153785],[31.036379925740953,-22.465939298153785],[31.08966045537407,-22.515164409411625],[31.1962215146403,-22.515164409411625],[31.302782573906526,-22.711889309393065],[31.302782573906526,-22.81014601327577],[31.356063103539643,-22.85924782435876],[31.356063103539643,-22.957398216468523],[31.40934363317276,-23.006446738347883],[31.40934363317276,-23.10449028635851],[31.462624162805874,-23.153485253719776],[31.462624162805874,-23.544797779305593]]],[[[31.888868399870802,-27.24974002470021],[31.462624162805874,-27.24974002470021],[31.40934363317276,-27.202365455197686],[31.302782573906526,-27.202365455197686],[31.14294098500718,-27.06012099079185],[31.08966045537407,-26.822645804414336],[30.929818866474722,-26.67992111023392],[30.929818866474722,-26.537017535616396],[30.983099396107836,-26.44164943646293],[31.14294098500718,-26.298449210119177],[31.249502044273417,-26.05938896167064],[31.40934363317276,-25.91571800077515],[31.569185222072107,-25.96362782943551],[31.83558787023768,-26.155071890732586],[31.99542945913703,-26.155071890732586],[31.99542945913703,-26.537017535616396],[32.04870998877015,-26.584671895097905],[32.04870998877015,-26.72751591662914],[31.888868399870802,-26.822645804414336],[31.888868399870802,-27.24974002470021]]],[[[22.45821465480937,-18.271678962898257],[22.671336773341835,-18.271678962898257],[22.72461730297495,-18.221080562190046],[22.93773942150741,-18.221080562190046],[22.991019951140526,-18.170467447670987],[23.257422599306103,-18.170467447670987],[23.31070312893922,-18.271678962898257],[23.470544717838564,-18.423385530721436],[23.470544717838564,-18.52444903023523],[23.577105777104794,-18.625452833821956],[23.73694736600414,-18.625452833821956],[23.84350842527037,-18.52444903023523],[23.84350842527037,-18.473924725031495],[24.056630543802832,-18.372831482251307],[24.21647213270218,-18.221080562190046],[24.37631372160153,-18.221080562190046],[24.429594251234644,-18.170467447670987],[24.482874780867757,-18.221080562190046],[24.642716369767104,-18.221080562190046],[24.855838488299565,-18.018540173807963],[25.175521666098255,-18.018540173807963],[25.228802195731372,-18.170467447670987],[25.38864378463072,-18.322262614623853],[25.38864378463072,-18.423385530721436],[25.708326962429418,-18.776846000508893],[25.761607492062527,-18.928103289213706],[25.868168551328758,-19.028865533848474],[25.868168551328758,-19.17989429210321],[26.028010140228105,-19.431300988678807],[26.028010140228105,-19.531755109119903],[26.081290669861218,-19.63214679057051],[26.400973847659913,-19.882851059239957],[26.454254377293026,-19.882851059239957],[26.614095966192373,-20.03308375637395],[26.933779143991064,-20.18317295855585],[27.040340203257298,-20.18317295855585],[27.20018179215664,-20.283152266631113],[27.20018179215664,-20.632570700772295],[27.25346232178976,-20.682422531646907],[27.36002338105599,-20.682422531646907],[27.466584440322226,-20.632570700772295],[27.519864969955336,-20.682422531646907],[27.626426029221566,-20.682422531646907],[27.626426029221566,-21.229705206975684],[27.839548147754027,-21.428217672190332],[27.839548147754027,-21.57692522948837],[27.999389736653374,-21.72548031037055],[28.105950795919608,-21.72548031037055],[28.15923132555272,-21.774964641465058],[28.37235344408518,-21.774964641465058],[28.4256339737183,-21.824431906181964],[28.692036621883876,-21.824431906181964],[28.851878210783223,-21.92331511264731],[28.95843927004945,-21.92331511264731],[28.95843927004945,-22.12087537031046],[29.01171979968257,-22.219551930366354],[28.851878210783223,-22.41669669250926],[28.63875609225076,-22.515164409411625],[28.37235344408518,-22.515164409411625],[28.26579238481895,-22.613562028405713],[28.212511855185834,-22.613562028405713],[27.839548147754027,-23.055477438116707],[27.786267618120913,-23.055477438116707],[27.679706558854686,-23.153485253719776],[27.57314549958845,-23.153485253719776],[27.519864969955336,-23.202462310910004],[27.519864969955336,-23.300362577930727],[27.413303910689102,-23.300362577930727],[27.306742851422875,-23.349285729495726],[27.25346232178976,-23.447077923545194],[27.146901262523528,-23.447077923545194],[26.933779143991064,-23.642445066245603],[26.88049861435795,-23.740019554848537],[26.88049861435795,-23.934949224057387],[26.827218084724837,-23.98363578659862],[26.827218084724837,-24.12958497114041],[26.77393755509172,-24.178197771343815],[26.77393755509172,-24.275367811945515],[26.720657025458603,-24.275367811945515],[26.56081543655926,-24.420983555894697],[26.507534906926143,-24.420983555894697],[26.400973847659913,-24.56643145505155],[26.13457119949434,-24.614876660735675],[26.081290669861218,-24.663303107047604],[25.921449080961878,-24.663303107047604],[25.81488802169564,-24.76009961235288],[25.761607492062527,-25.098292466089326],[25.655046432796293,-25.24294735290335],[25.655046432796293,-25.339288441121166],[25.60176590316318,-25.387430254895403],[25.60176590316318,-25.483656290025365],[25.548485373530067,-25.579805360352893],[25.441924314263833,-25.675877256890622],[25.335363254997603,-25.72388419996302],[25.228802195731372,-25.72388419996302],[25.175521666098255,-25.675877256890622],[25.015680077198912,-25.675877256890622],[24.90911901793268,-25.771871771687188],[24.695996899400217,-25.771871771687188],[24.53615531050087,-25.675877256890622],[24.37631372160153,-25.675877256890622],[24.269752662335296,-25.579805360352893],[24.00335001416972,-25.579805360352893],[23.84350842527037,-25.435552879958525],[23.84350842527037,-25.339288441121166],[23.79022789563726,-25.29112746498566],[23.79022789563726,-24.856820753206044],[23.84350842527037,-24.808469616905878],[23.84350842527037,-24.614876660735675],[23.95006948453661,-24.420983555894697],[23.95006948453661,-24.323924996621088],[24.00335001416972,-24.275367811945515],[24.00335001416972,-24.178197771343815],[24.056630543802832,-24.12958497114041],[24.056630543802832,-23.98363578659862],[24.16319160306907,-23.78877942832739],[24.21647213270218,-23.447077923545194],[24.32303319196841,-23.251421428701764],[24.32303319196841,-23.153485253719776],[24.37631372160153,-23.10449028635851],[24.37631372160153,-22.957398216468523],[24.429594251234644,-22.90833190195805],[24.429594251234644,-22.711889309393065],[24.482874780867757,-22.662734476117322],[24.429594251234644,-22.318159118795982],[24.21647213270218,-22.12087537031046],[24.21647213270218,-22.071511152160102],[23.257422599306103,-21.130348518340625],[22.991019951140526,-21.080645170945903],[22.93773942150741,-21.030925197254266],[22.777897832608062,-21.030925197254266],[22.72461730297495,-20.981188629157547],[22.404934125176258,-20.981188629157547],[22.35165359554314,-20.93143549860823],[21.818848299211986,-20.93143549860823],[21.765567769578873,-20.981188629157547],[21.445884591780178,-20.981188629157547],[21.392604062147065,-21.030925197254266],[21.232762473247718,-21.030925197254266],[21.126201413981487,-21.080645170945903],[21.126201413981487,-18.473924725031495],[21.605726180679525,-18.473924725031495],[21.65900671031264,-18.423385530721436],[21.872128828845103,-18.423385530721436],[21.92540935847822,-18.372831482251307],[22.13853147701068,-18.372831482251307],[22.191812006643797,-18.322262614623853],[22.404934125176258,-18.322262614623853],[22.45821465480937,-18.271678962898257]]],[[[34.49961435189345,-10.485602636060557],[34.39305329262722,-10.485602636060557],[34.3397727629941,-10.537985742454651],[34.3397727629941,-11.322639848858447],[34.39305329262722,-11.374875387044186],[34.39305329262722,-11.583721335367363],[34.44633382226035,-11.635908563501614],[34.44633382226035,-11.792411362778445],[34.233211703727875,-12.000942819181484],[34.17993117409476,-12.105148257944645],[34.17993117409476,-12.365483372702586],[34.286492233360995,-12.417519470826784],[34.286492233360995,-12.521560415202401],[34.3397727629941,-12.57356517988337],[34.3397727629941,-12.729516155374498],[34.44633382226035,-12.937301530243236],[34.44633382226035,-13.404182323643694],[34.659455940792796,-13.663171411046369],[34.81929752969214,-13.663171411046369],[34.92585858895838,-13.714935274853108],[35.13898070749084,-13.921876225984574],[35.19226123712395,-13.921876225984574],[35.19226123712395,-14.025277444451769],[35.40538335565642,-14.231939787616419],[35.45866388528953,-14.386812723828033],[35.61850547418887,-14.541578351765109],[35.67178600382199,-14.541578351765109],[35.67178600382199,-14.644695300655389],[35.77834706308822,-14.74776377706054],[35.77834706308822,-15.108117246620523],[35.72506653345511,-15.159546757826977],[35.72506653345511,-15.365139375237014],[35.77834706308822,-15.416505981325452],[35.77834706308822,-15.724437676291858],[35.72506653345511,-15.775714614040258],[35.72506653345511,-16.031904127800757],[35.61850547418887,-16.083102732011703],[35.40538335565642,-16.083102732011703],[35.19226123712395,-16.287764903466307],[35.19226123712395,-16.441121628905442],[35.085700177857724,-16.543292267187937],[35.085700177857724,-16.696446715573977],[35.13898070749084,-16.747470981563097],[35.085700177857724,-16.747470981563097],[34.71273647042592,-16.39001611903108],[34.659455940792796,-16.287764903466307],[34.55289488152657,-16.236619272193227],[34.55289488152657,-16.083102732011703],[34.44633382226035,-15.98069237396273],[34.44633382226035,-15.878229567642585],[34.55289488152657,-15.775714614040258],[34.55289488152657,-15.621845067915011],[34.71273647042592,-15.416505981325452],[34.71273647042592,-14.74776377706054],[34.55289488152657,-14.438413241748487],[34.44633382226035,-14.33520028273415],[34.286492233360995,-14.33520028273415],[34.07337011482853,-14.438413241748487],[33.64712587776361,-14.438413241748487],[33.54056481849737,-14.33520028273415],[33.434003759231146,-14.076960601075461],[33.22088164069868,-13.870158243119986],[33.06104005179934,-13.870158243119986],[32.954478992533105,-13.766687727925369],[32.954478992533105,-13.611396176249318],[33.06104005179934,-13.507811752890118],[33.06104005179934,-13.404182323643694],[33.16760111106557,-13.30050820810555],[33.16760111106557,-13.19678972659412],[33.11432058143245,-13.144913948894517],[33.16760111106557,-13.093027200146318],[33.16760111106557,-12.937301530243236],[33.11432058143245,-12.833430300665741],[33.22088164069868,-12.833430300665741],[33.32744269996492,-12.729516155374498],[33.434003759231146,-12.729516155374498],[33.70040640739672,-12.469545165262236],[33.70040640739672,-12.365483372702586],[33.59384534813049,-12.261380128826348],[33.48728428886426,-12.261380128826348],[33.434003759231146,-12.209313064899204],[33.434003759231146,-12.053050596993927],[33.48728428886426,-12.000942819181484],[33.48728428886426,-11.688086005060287],[33.434003759231146,-11.635908563501614],[33.434003759231146,-11.47931768528605],[33.54056481849737,-11.322639848858447],[33.54056481849737,-11.165876178168116],[33.434003759231146,-11.009027800349573],[33.54056481849737,-11.009027800349573],[33.59384534813049,-10.90441571365713],[33.806967466662954,-10.69508144756559],[33.806967466662954,-10.537985742454651],[33.70040640739672,-10.380809869847756],[33.70040640739672,-10.275981981349155],[33.48728428886426,-10.066222195059892],[33.48728428886426,-9.856325998077535],[33.434007977258645,-9.803830954382693],[33.806967466662954,-9.803830954382693],[33.86024799629607,-9.856325998077535],[34.020089585195414,-9.856325998077535],[34.07337011482853,-9.961290977493029],[34.07337011482853,-10.066222195059892],[34.286492233360995,-10.275981981349155],[34.286492233360995,-10.328400294694882],[34.39305329262722,-10.43321066442006],[34.49961435189345,-10.43321066442006],[34.49961435189345,-10.485602636060557]]],[[[28.15923132555272,-12.625559418584013],[28.37235344408518,-12.625559418584013],[28.47891450335141,-12.989220950513085],[28.53219503298453,-13.041129520590678],[28.692036621883876,-13.041129520590678],[28.95843927004945,-13.559609610251982],[29.118280858948797,-13.559609610251982],[29.171561388581914,-13.611396176249318],[29.278122447848144,-13.611396176249318],[29.38468350711437,-13.507811752890118],[29.544525096013718,-13.456002644045084],[29.544525096013718,-13.507811752890118],[29.651086155279955,-13.611396176249318],[29.864208273812412,-13.611396176249318],[29.970769333078646,-13.507811752890118],[29.970769333078646,-12.157235760932808],[29.91748880344553,-12.105148257944645],[29.597805625646835,-12.105148257944645],[29.38468350711437,-12.313436911738656],[29.118280858948797,-12.313436911738656],[29.118280858948797,-12.261380128826348],[28.95843927004945,-12.105148257944645],[28.95843927004945,-12.053050596993927],[28.585475562617646,-11.740253618615169],[28.53219503298453,-11.635908563501614],[28.53219503298453,-11.53152436212599],[28.63875609225076,-11.374875387044186],[28.63875609225076,-11.113602741713072],[28.692036621883876,-11.061319935152742],[28.692036621883876,-10.956726379204573],[28.851878210783223,-10.799766817303485],[28.851878210783223,-10.642725190429434],[28.798597681150106,-10.590359941324554],[28.798597681150106,-9.961290977493029],[28.851878210783223,-9.908812686683893],[28.851878210783223,-9.803830954382693],[28.798597681150106,-9.751327598342968],[28.798597681150106,-9.54123190681757],[28.692036621883876,-9.488687631415514],[28.692036621883876,-9.436135300852731],[28.585475562617646,-9.331006646210154],[28.692036621883876,-9.331006646210154],[29.06500032931568,-8.910178434085047],[29.06500032931568,-8.646913030241056],[29.171561388581914,-8.594237685175543],[29.43796403674749,-8.594237685175543],[29.491244566380608,-8.541555020102805],[29.757647214546182,-8.541555020102805],[29.8109277441793,-8.488865078552571],[30.130610921977993,-8.488865078552571],[30.183891451611103,-8.4361679040852],[30.503574629409798,-8.4361679040852],[30.556855159042914,-8.383463540291507],[30.66341621830914,-8.383463540291507],[30.66341621830914,-8.4361679040852],[30.82325780720849,-8.541555020102805],[30.82325780720849,-8.594237685175543],[30.983099396107836,-8.752241586385622],[31.08966045537407,-8.804894710559894],[31.40934363317276,-8.804894710559894],[31.569185222072107,-9.015431835510679],[31.675746281338338,-9.068047057179902],[31.83558787023768,-9.068047057179902],[31.83558787023768,-9.120654568480855],[31.99542945913703,-9.278430408196575],[32.208551577669496,-9.278430408196575],[32.2618321073026,-9.331006646210154],[32.42167369620195,-9.331006646210154],[32.52823475546818,-9.436135300852731],[32.68807634436753,-9.436135300852731],[32.741356874000644,-9.54123190681757],[32.84791793326688,-9.54123190681757],[32.90119846289999,-9.69881597273663],[33.06104005179934,-9.856325998077535],[33.16760111106557,-9.856325998077535],[33.2741621703318,-9.961290977493029],[33.2741621703318,-10.17111930981146],[33.48728428886426,-10.380809869847756],[33.48728428886426,-10.485602636060557],[33.54056481849737,-10.537985742454651],[33.54056481849737,-10.642725190429434],[33.434003759231146,-10.7474286705666],[33.32744269996492,-10.7474286705666],[33.16760111106557,-10.852095845684866],[33.16760111106557,-11.009027800349573],[33.2741621703318,-11.165876178168116],[33.2741621703318,-11.270394773506187],[33.16760111106557,-11.427101346396023],[33.16760111106557,-11.688086005060287],[33.22088164069868,-11.740253618615169],[33.22088164069868,-12.053050596993927],[33.16760111106557,-12.105148257944645],[33.16760111106557,-12.209313064899204],[33.32744269996492,-12.469545165262236],[33.22088164069868,-12.521560415202401],[33.06104005179934,-12.521560415202401],[32.954478992533105,-12.625559418584013],[32.90119846289999,-12.729516155374498],[32.90119846289999,-13.248654493048477],[32.84791793326688,-13.30050820810555],[32.84791793326688,-13.404182323643694],[32.5815152851013,-13.611396176249318],[32.5815152851013,-13.714935274853108],[32.68807634436753,-13.766687727925369],[32.68807634436753,-13.870158243119986],[32.79463740363376,-13.973582639599433],[32.84791793326688,-13.973582639599433],[32.90119846289999,-14.076960601075461],[32.79463740363376,-14.128632070051202],[32.68807634436753,-14.128632070051202],[32.63479581473442,-14.180291812006619],[32.52823475546818,-14.180291812006619],[32.47495422583507,-14.231939787616419],[32.368393166568836,-14.231939787616419],[32.31511263693572,-14.283575957602514],[32.208551577669496,-14.283575957602514],[32.155271048036376,-14.33520028273415],[32.04870998877015,-14.33520028273415],[31.99542945913703,-14.386812723828033],[31.888868399870802,-14.386812723828033],[31.83558787023768,-14.438413241748487],[31.729026810971455,-14.438413241748487],[31.462624162805874,-14.593142865829059],[31.08966045537407,-14.644695300655389],[31.036379925740953,-14.696235617348345],[30.876538336841605,-14.696235617348345],[30.66341621830914,-14.79927974099309],[30.556855159042914,-14.79927974099309],[30.397013570143567,-14.902274926566921],[30.290452510877337,-14.902274926566921],[30.130610921977993,-15.056675269410738],[30.130610921977993,-15.159546757826977],[30.183891451611103,-15.210963764623719],[30.183891451611103,-15.313760111610817],[30.290452510877337,-15.416505981325452],[30.290452510877337,-15.570529473045088],[29.597805625646835,-15.570529473045088],[29.491244566380608,-15.673147814965494],[29.38468350711437,-15.673147814965494],[29.171561388581914,-15.775714614040258],[29.06500032931568,-15.878229567642585],[28.905158740416333,-15.929467508044022],[28.798597681150106,-16.031904127800757],[28.74531715151699,-16.49221369065023],[28.53219503298453,-16.594357321493696],[28.4256339737183,-16.594357321493696],[28.212511855185834,-16.696446715573977],[28.105950795919608,-16.798481577749698],[27.839548147754027,-16.900461613729078],[27.57314549958845,-17.206069834388085],[27.57314549958845,-17.30782763977714],[27.09362073289041,-17.76503707342429],[27.09362073289041,-17.815766625528923],[26.98705967362418,-17.91718240284964],[26.88049861435795,-17.91718240284964],[26.827218084724837,-17.96786855688466],[26.614095966192373,-17.96786855688466],[26.454254377293026,-17.866481747210127],[26.187851729127452,-17.815766625528923],[25.974729610594988,-17.91718240284964],[25.81488802169564,-17.76503707342429],[25.38864378463072,-17.76503707342429],[25.122241136465142,-17.511174107060224],[25.015680077198912,-17.460358723493012],[24.53615531050087,-17.460358723493012],[24.482874780867757,-17.409529160375328],[24.21647213270218,-17.409529160375328],[24.16319160306907,-17.460358723493012],[24.00335001416972,-17.460358723493012],[23.95006948453661,-17.511174107060224],[23.470544717838564,-17.561975275073117],[23.363983658572334,-17.460358723493012],[23.257422599306103,-17.460358723493012],[23.097581010406756,-17.2569557545773],[22.93773942150741,-17.206069834388085],[22.93773942150741,-17.155169915485697],[22.5647757140756,-16.798481577749698],[22.5647757140756,-16.747470981563097],[22.404934125176258,-16.594357321493696],[22.298373065910024,-16.594357321493696],[22.24509253627691,-16.49221369065023],[22.24509253627691,-16.39001611903108],[22.191812006643797,-16.3388971981572],[22.191812006643797,-16.236619272193227],[22.13853147701068,-16.185460341625003],[22.13853147701068,-13.19678972659412],[24.00335001416972,-13.19678972659412],[24.10991107343595,-13.093027200146318],[24.10991107343595,-12.937301530243236],[24.056630543802832,-12.885371300154892],[24.056630543802832,-12.677543090626108],[24.16319160306907,-12.521560415202401],[24.16319160306907,-12.261380128826348],[24.10991107343595,-12.209313064899204],[24.10991107343595,-12.000942819181484],[24.16319160306907,-11.948824965649585],[24.16319160306907,-11.792411362778445],[24.10991107343595,-11.688086005060287],[24.21647213270218,-11.53152436212599],[24.21647213270218,-11.427101346396023],[24.16319160306907,-11.374875387044186],[24.16319160306907,-11.21814020269412],[24.269752662335296,-11.21814020269412],[24.32303319196841,-11.270394773506187],[24.269752662335296,-11.374875387044186],[24.269752662335296,-11.53152436212599],[24.429594251234644,-11.635908563501614],[24.642716369767104,-11.635908563501614],[24.80255795866645,-11.47931768528605],[25.06896060683203,-11.47931768528605],[25.122241136465142,-11.427101346396023],[25.228802195731372,-11.427101346396023],[25.228802195731372,-11.688086005060287],[25.335363254997603,-11.844559196202843],[25.38864378463072,-11.844559196202843],[25.49520484389695,-11.948824965649585],[25.708326962429418,-11.948824965649585],[25.761607492062527,-12.000942819181484],[25.868168551328758,-12.000942819181484],[25.974729610594988,-12.105148257944645],[26.507534906926143,-12.105148257944645],[26.66737649582549,-12.209313064899204],[26.77393755509172,-12.209313064899204],[26.827218084724837,-12.157235760932808],[26.933779143991064,-12.157235760932808],[27.09362073289041,-12.000942819181484],[27.146901262523528,-11.896697077581798],[27.413303910689102,-12.105148257944645],[27.413303910689102,-12.209313064899204],[27.466584440322226,-12.313436911738656],[27.57314549958845,-12.417519470826784],[27.679706558854686,-12.469545165262236],[27.892828677387147,-12.469545165262236],[27.999389736653374,-12.57356517988337],[28.105950795919608,-12.57356517988337],[28.15923132555272,-12.625559418584013]]],[[[33.11432058143245,-17.561975275073117],[33.16760111106557,-17.511174107060224],[33.16760111106557,-17.30782763977714],[33.11432058143245,-17.2569557545773],[33.11432058143245,-17.155169915485697],[33.007759522166225,-17.053328226916953],[33.11432058143245,-16.849478467373885],[33.11432058143245,-16.696446715573977],[33.06104005179934,-16.64540881659544],[32.84791793326688,-16.64540881659544],[32.741356874000644,-16.543292267187937],[32.63479581473442,-16.49221369065023],[32.52823475546818,-16.49221369065023],[32.368393166568836,-16.39001611903108],[32.04870998877015,-16.39001611903108],[31.83558787023768,-16.185460341625003],[31.729026810971455,-16.134288149100787],[31.569185222072107,-16.134288149100787],[31.356063103539643,-15.98069237396273],[31.249502044273417,-15.98069237396273],[31.1962215146403,-15.929467508044022],[31.08966045537407,-15.929467508044022],[31.036379925740953,-15.98069237396273],[30.983099396107836,-15.929467508044022],[30.556855159042914,-15.929467508044022],[30.556855159042914,-15.46785989171909],[30.397013570143567,-15.210963764623719],[30.397013570143567,-15.108117246620523],[30.503574629409798,-15.056675269410738],[30.61013568867603,-15.056675269410738],[30.76997727757538,-14.953754070854059],[30.876538336841605,-14.953754070854059],[30.929818866474722,-14.902274926566921],[31.14294098500718,-14.902274926566921],[31.1962215146403,-14.850783470395717],[31.356063103539643,-14.850783470395717],[31.40934363317276,-14.79927974099309],[31.51590469243899,-14.79927974099309],[31.782307340604564,-14.644695300655389],[32.04870998877015,-14.593142865829059],[32.101990518403255,-14.541578351765109],[32.208551577669496,-14.541578351765109],[32.2618321073026,-14.490001797407551],[32.368393166568836,-14.490001797407551],[32.42167369620195,-14.438413241748487],[32.52823475546818,-14.438413241748487],[32.5815152851013,-14.386812723828033],[32.68807634436753,-14.386812723828033],[32.741356874000644,-14.33520028273415],[32.84791793326688,-14.33520028273415],[32.90119846289999,-14.283575957602514],[33.007759522166225,-14.283575957602514],[33.06104005179934,-14.231939787616419],[33.22088164069868,-14.231939787616419],[33.380723229598026,-14.438413241748487],[33.380723229598026,-14.490001797407551],[33.64712587776361,-14.74776377706054],[33.806967466662954,-14.74776377706054],[33.9668090555623,-14.644695300655389],[34.17993117409476,-14.644695300655389],[34.233211703727875,-14.593142865829059],[34.39305329262722,-14.593142865829059],[34.44633382226035,-14.696235617348345],[34.44633382226035,-14.902274926566921],[34.49961435189345,-14.953754070854059],[34.49961435189345,-15.313760111610817],[34.3397727629941,-15.519201068311125],[34.3397727629941,-15.673147814965494],[34.17993117409476,-15.826978590407776],[34.17993117409476,-16.031904127800757],[34.3397727629941,-16.185460341625003],[34.3397727629941,-16.3388971981572],[35.03241964822461,-17.002386530073412],[34.97913911859149,-17.053328226916953],[34.97913911859149,-17.155169915485697],[35.13898070749084,-17.30782763977714],[35.3521028260233,-17.30782763977714],[35.45866388528953,-17.206069834388085],[35.45866388528953,-16.747470981563097],[35.3521028260233,-16.64540881659544],[35.40538335565642,-16.543292267187937],[35.40538335565642,-16.39001611903108],[35.45866388528953,-16.3388971981572],[35.61850547418887,-16.3388971981572],[35.67178600382199,-16.287764903466307],[35.77834706308822,-16.287764903466307],[35.938188651987566,-16.134288149100787],[35.938188651987566,-15.98069237396273],[35.99146918162069,-15.929467508044022],[35.99146918162069,-15.365139375237014],[35.938188651987566,-15.313760111610817],[35.938188651987566,-15.210963764623719],[36.0447497112538,-15.056675269410738],[36.0447497112538,-14.850783470395717],[35.99146918162069,-14.79927974099309],[35.99146918162069,-14.644695300655389],[35.83162759272134,-14.490001797407551],[35.77834706308822,-14.490001797407551],[35.77834706308822,-14.386812723828033],[35.565224944555766,-14.128632070051202],[35.565224944555766,-14.076960601075461],[35.3521028260233,-13.870158243119986],[35.298822296390185,-13.870158243119986],[35.298822296390185,-13.766687727925369],[35.03241964822461,-13.507811752890118],[34.92585858895838,-13.456002644045084],[34.81929752969214,-13.456002644045084],[34.76601700005903,-13.404182323643694],[34.76601700005903,-13.093027200146318],[34.71273647042592,-13.041129520590678],[34.71273647042592,-12.937301530243236],[34.76601700005903,-12.885371300154892],[34.76601700005903,-12.677543090626108],[34.659455940792796,-12.57356517988337],[34.659455940792796,-12.365483372702586],[34.76601700005903,-12.313436911738656],[34.92585858895838,-12.157235760932808],[34.92585858895838,-12.053050596993927],[34.872578059325264,-11.948824965649585],[34.92585858895838,-11.896697077581798],[34.92585858895838,-11.740253618615169],[35.40538335565642,-11.740253618615169],[35.45866388528953,-11.792411362778445],[35.67178600382199,-11.792411362778445],[35.83162759272134,-11.635908563501614],[35.938188651987566,-11.635908563501614],[36.098030240886914,-11.740253618615169],[36.098030240886914,-11.792411362778445],[36.20459130015315,-11.896697077581798],[36.41771341868561,-11.896697077581798],[36.47099394831872,-11.844559196202843],[36.52427447795184,-11.896697077581798],[36.737396596484295,-11.896697077581798],[36.89723818538364,-11.792411362778445],[37.11036030391611,-11.792411362778445],[37.27020189281546,-11.896697077581798],[37.53660454098103,-11.896697077581798],[37.85628771877972,-11.740253618615169],[37.96284877804597,-11.635908563501614],[38.069409837312186,-11.427101346396023],[38.17597089657841,-11.47931768528605],[38.28253195584465,-11.47931768528605],[38.442373544743994,-11.583721335367363],[38.60221513364334,-11.583721335367363],[38.70877619290957,-11.47931768528605],[39.02845937070826,-11.322639848858447],[39.18830095960761,-11.322639848858447],[39.24158148924073,-11.374875387044186],[39.34814254850696,-11.374875387044186],[39.56126466703942,-11.165876178168116],[39.66782572630565,-11.165876178168116],[39.721106255938764,-11.113602741713072],[39.88094784483811,-11.113602741713072],[39.98750890410434,-11.009027800349573],[40.147350493003685,-10.956726379204573],[40.30719208190303,-10.799766817303485],[40.30719208190303,-10.7474286705666],[40.41375314116926,-10.7474286705666],[40.57359473006861,-10.590359941324554],[40.57359473006861,-10.485602636060557],[40.52031420043549,-10.43321066442006],[40.41375314116926,-10.43321066442006],[40.25391155226991,-10.590359941324554],[40.25391155226991,-10.642725190429434],[40.147350493003685,-10.642725190429434],[40.04078943373746,-10.7474286705666],[39.98750890410434,-10.7474286705666],[39.77438678557188,-10.90441571365713],[39.61454519667253,-10.90441571365713],[39.56126466703942,-10.956726379204573],[39.45470360777318,-10.956726379204573],[39.294862018873836,-11.113602741713072],[38.868617781808915,-11.113602741713072],[38.655495663276454,-11.21814020269412],[38.54893460401022,-11.322639848858447],[38.442373544743994,-11.322639848858447],[38.22925142621153,-11.165876178168116],[37.96284877804597,-11.21814020269412],[37.74972665951349,-11.427101346396023],[37.74972665951349,-11.53152436212599],[37.69644612988038,-11.583721335367363],[37.589885070614145,-11.583721335367363],[37.53660454098103,-11.635908563501614],[37.27020189281546,-11.635908563501614],[37.16364083354922,-11.53152436212599],[36.790677126117416,-11.53152436212599],[36.737396596484295,-11.635908563501614],[36.311152359419374,-11.635908563501614],[36.311152359419374,-11.583721335367363],[36.20459130015315,-11.47931768528605],[36.151310770520034,-11.47931768528605],[36.0447497112538,-11.374875387044186],[35.77834706308822,-11.374875387044186],[35.61850547418887,-11.53152436212599],[35.565224944555766,-11.47931768528605],[35.45866388528953,-11.47931768528605],[35.40538335565642,-11.53152436212599],[35.13898070749084,-11.53152436212599],[35.085700177857724,-11.427101346396023],[34.76601700005903,-11.113602741713072],[34.81929752969214,-11.009027800349573],[34.81929752969214,-10.642725190429434],[34.71273647042592,-10.43321066442006],[34.71273647042592,-10.066222195059892],[34.659455940792796,-9.961290977493029],[34.44633382226035,-9.751327598342968],[34.44633382226035,-9.69881597273663],[34.3397727629941,-9.646296120376483],[34.286492233360995,-9.54123190681757],[34.233211703727875,-9.54123190681757],[34.12665064446165,-9.436135300852731],[33.9668090555623,-9.436135300852731],[33.91352852592918,-9.54123190681757],[33.48728428886426,-9.54123190681757],[33.380723229598026,-9.436135300852731],[33.16760111106557,-9.436135300852731],[33.06104005179934,-9.331006646210154],[32.954478992533105,-9.331006646210154],[32.79463740363376,-9.225846287154365],[32.63479581473442,-9.225846287154365],[32.47495422583507,-9.068047057179902],[32.31511263693572,-9.068047057179902],[32.155271048036376,-8.96280894671955],[32.04870998877015,-8.96280894671955],[31.99542945913703,-8.85754034091771],[31.888868399870802,-8.804894710559894],[31.782307340604564,-8.804894710559894],[31.729026810971455,-8.85754034091771],[31.675746281338338,-8.6995810118004],[31.51590469243899,-8.541555020102805],[31.14294098500718,-8.541555020102805],[30.929818866474722,-8.33075203079257],[30.929818866474722,-8.172575064725745],[30.556855159042914,-7.539251656641989],[30.556855159042914,-7.327933897970699],[30.450294099776684,-7.1693796189892876],[30.503574629409798,-7.116515864711638],[30.503574629409798,-7.010770129960851],[30.183891451611103,-6.64047334230551],[29.970769333078646,-6.64047334230551],[29.757647214546182,-6.428749011529914],[29.704366684913065,-6.3228535954442115],[29.704366684913065,-6.058020939544432],[29.864208273812412,-5.952051170282409],[29.864208273812412,-5.7400506770410855],[29.704366684913065,-5.527971304758321],[29.704366684913065,-5.4219029379579275],[29.757647214546182,-5.368861741912731],[29.757647214546182,-5.15665125818068],[29.651086155279955,-5.0505192280478735],[29.597805625646835,-5.0505192280478735],[29.597805625646835,-4.625820951801538],[29.8109277441793,-4.625820951801538],[30.024049862711756,-4.466492144540384],[30.077330392344876,-4.466492144540384],[30.34373304051045,-4.147731905703659],[30.34373304051045,-4.041449417676494],[30.556855159042914,-3.8819996781191715],[30.556855159042914,-3.7225198220365474],[30.66341621830914,-3.616183793999525],[30.716696747942258,-3.616183793999525],[30.76997727757538,-3.5098352922965024],[30.82325780720849,-3.5098352922965024],[30.983099396107836,-3.3502899500543717],[30.983099396107836,-3.031122463678776],[30.876538336841605,-2.924711886152414],[30.76997727757538,-2.924711886152414],[30.61013568867603,-2.8182912108449623],[30.66341621830914,-2.765077200959377],[30.66341621830914,-2.605421031920853],[30.76997727757538,-2.552197748491676],[30.876538336841605,-2.552197748491676],[30.983099396107836,-2.4457446159915794],[30.983099396107836,-2.339283034965103],[31.036379925740953,-2.286049190912118],[31.036379925740953,-2.073094528364208],[30.983099396107836,-2.0198512706398244],[30.983099396107836,-1.540588938429001],[30.76997727757538,-1.327546848701532],[30.716696747942258,-1.327546848701532],[30.716696747942258,-1.2742833426559927],[30.82325780720849,-1.1677530722565286],[31.99542945913703,-1.1677530722565286],[31.99542945913703,-1.3808092073006084],[32.04870998877015,-1.4340703724516184],[32.208551577669496,-1.4340703724516184],[32.2618321073026,-1.540588938429001],[32.04870998877015,-1.6471021787275408],[32.04870998877015,-1.7536097255331138],[31.888868399870802,-1.9666062679069984],[31.888868399870802,-2.1263359951610328],[31.99542945913703,-2.2328133723343835],[32.101990518403255,-2.2328133723343835],[32.155271048036376,-2.1795756251189102],[32.31511263693572,-2.1795756251189102],[32.42167369620195,-2.1263359951610328],[32.52823475546818,-2.2328133723343835],[32.68807634436753,-2.2328133723343835],[32.79463740363376,-2.073094528364208],[32.79463740363376,-1.8068612489608458],[33.007759522166225,-1.8068612489608458],[33.11432058143245,-1.7536097255331138],[33.16760111106557,-1.8068612489608458],[33.2741621703318,-1.8068612489608458],[33.32744269996492,-1.700356686801563],[33.434003759231146,-1.6471021787275408],[33.54056481849737,-1.6471021787275408],[33.64712587776361,-1.540588938429001],[33.70040640739672,-1.3808092073006084],[33.75368693702984,-1.3808092073006084],[33.86024799629607,-1.2742833426559927],[33.86024799629607,-1.2210187351705515],[34.12665064446165,-1.2210187351705515],[34.3397727629941,-1.3808092073006084],[34.71273647042592,-1.540588938429001],[34.81929752969214,-1.6471021787275408],[35.085700177857724,-1.7536097255331138],[35.19226123712395,-1.8601112111299556],[35.565224944555766,-2.0198512706398244],[35.67178600382199,-2.1263359951610328],[36.0447497112538,-2.286049190912118],[36.151310770520034,-2.392514858614848],[36.41771341868561,-2.4989722612344383],[36.52427447795184,-2.605421031920853],[36.89723818538364,-2.765077200959377],[37.003799244649876,-2.871502787836796],[37.53660454098103,-3.137522577381557],[37.589885070614145,-3.1907185959599658],[37.589885070614145,-3.3502899500543717],[37.53660454098103,-3.4034746819007298],[37.53660454098103,-3.669353390028802],[37.589885070614145,-3.7225198220365474],[37.69644612988038,-3.7225198220365474],[38.069409837312186,-4.041449417676494],[38.17597089657841,-4.041449417676494],[38.17597089657841,-4.094592425854397],[38.28253195584465,-4.20086781175209],[38.33581248547776,-4.20086781175209],[38.655495663276454,-4.466492144540384],[38.76205672254269,-4.466492144540384],[38.76205672254269,-4.5196056537409595],[38.868617781808915,-4.625820951801538],[38.921898311442035,-4.625820951801538],[39.02845937070826,-4.7320203205327855],[39.13502042997449,-4.7320203205327855],[39.18830095960761,-4.8382033975241105],[39.294862018873836,-4.8382033975241105],[39.34814254850696,-4.785113918135757],[39.34814254850696,-4.678922649990468],[39.294862018873836,-4.625820951801538],[39.18830095960761,-4.625820951801538],[39.18830095960761,-4.572715271276006],[39.08173990034138,-4.466492144540384],[39.02845937070826,-4.466492144540384],[38.921898311442035,-4.360253632601869],[38.81533725217581,-4.360253632601869],[38.81533725217581,-4.307128720634621],[38.70877619290957,-4.20086781175209],[38.655495663276454,-4.20086781175209],[38.33581248547776,-3.9351529982991704],[38.22925142621153,-3.9351529982991704],[38.22925142621153,-3.8819996781191715],[38.1226903669453,-3.7756830444346963],[38.069409837312186,-3.7756830444346963],[37.80300718914661,-3.5098352922965024],[37.85628771877972,-3.4034746819007298],[37.85628771877972,-3.1907185959599658],[37.80300718914661,-3.084323851378799],[37.643165600247265,-2.924711886152414],[36.790677126117416,-2.4989722612344383],[36.68411606685119,-2.392514858614848],[36.311152359419374,-2.2328133723343835],[36.20459130015315,-2.1263359951610328],[35.938188651987566,-2.0198512706398244],[35.83162759272134,-1.9133595660923803],[34.97913911859149,-1.4873302981581136],[34.872578059325264,-1.3808092073006084],[34.49961435189345,-1.2210187351705515],[34.39305329262722,-1.1144863999298047],[34.233211703727875,-1.061218764210622],[34.07337011482853,-0.9014105369619964],[34.07337011482853,-0.42194874742246286],[34.12665064446165,-0.3686727770661935],[34.12665064446165,-0.15556616864076614],[34.07337011482853,-0.10228906510130256],[34.07337011482853,0.05754259191553674],[34.233211703727875,0.21737380114854588],[34.233211703727875,0.3239270776655937],[34.286492233360995,0.4304792338795314],[34.60617541115969,0.803397638463261],[34.60617541115969,0.9099401937186959],[34.71273647042592,1.0164796024043723],[34.872578059325264,1.0697480116980143],[34.97913911859149,1.176282010048362],[34.97913911859149,1.3360752666893787],[35.13898070749084,1.549116560223766],[35.13898070749084,2.081619644433887],[35.03241964822461,2.2413375932734096],[35.085700177857724,2.347806622408376],[35.085700177857724,2.5074948433484376],[34.92585858895838,2.720381942882803],[34.872578059325264,2.8800227673240646],[34.71273647042592,2.986437629907791],[34.71273647042592,3.0928421823623164],[34.55289488152657,3.305618893313155],[34.55289488152657,3.411990320490354],[34.60617541115969,3.465171642123509],[34.60617541115969,3.6246974914147376],[34.233211703727875,3.99681294595273],[34.233211703727875,4.103101328642558],[34.17993117409476,4.1562402393139735],[34.55289488152657,4.528109799419429],[34.659455940792796,4.581218789611191],[34.76601700005903,4.581218789611191],[34.92585858895838,4.687424891865142],[35.03241964822461,4.687424891865142],[35.24554176675707,4.79361485453629],[35.298822296390185,4.740521913295704],[35.45866388528953,4.740521913295704],[35.511944414922645,4.581218789611191],[35.67178600382199,4.421880167612588],[35.88490812235445,4.421880167612588],[36.0447497112538,4.262507271961251],[36.89723818538364,4.262507271961251],[37.05707977428299,4.103101328642558],[37.16364083354922,4.103101328642558],[37.85628771877972,3.6246974914147376],[37.90956824841284,3.6246974914147376],[38.1226903669453,3.411990320490354],[38.76205672254269,3.411990320490354],[38.97517884107514,3.305618893313155],[39.08173990034138,3.305618893313155],[39.13502042997449,3.3588060556653003],[39.18830095960761,3.305618893313155],[39.40142307814007,3.305618893313155],[39.45470360777318,3.2524288791111995],[39.61454519667253,3.2524288791111995],[39.77438678557188,3.411990320490354],[39.77438678557188,3.465171642123509],[39.88094784483811,3.518349974912629],[39.934228374471225,3.677866583888555],[40.04078943373746,3.7841952092843614],[40.147350493003685,3.7841952092843614],[40.786716848601074,4.103101328642558],[40.946558437500414,3.943663564919203],[40.999838967133535,3.943663564919203],[41.053119496766655,3.8373546510484515],[41.10640002639976,3.8373546510484515],[41.212961085665995,3.731032505040386],[41.31952214493223,3.731032505040386],[41.37280267456534,3.7841952092843614],[41.69248585236404,3.7841952092843614],[41.69248585236404,3.677866583888555],[41.639205322730916,3.677866583888555],[41.53264426346469,3.5715252732184433],[41.426083204198456,3.3588060556653003],[40.946558437500414,2.8800227673240646],[40.89327790786731,2.7735979607274936],[40.89327790786731,-0.9014105369619964],[41.053119496766655,-1.1144863999298047],[41.053119496766655,-1.1677530722565286],[41.212961085665995,-1.327546848701532],[41.26624161529911,-1.327546848701532],[41.26624161529911,-1.4340703724516184],[41.37280267456534,-1.540588938429001],[41.426083204198456,-1.540588938429001],[41.479363733831576,-1.8068612489608458],[41.5859247930978,-1.8601112111299556],[41.5859247930978,-1.9133595660923803],[41.37280267456534,-2.1263359951610328],[41.26624161529911,-2.1795756251189102],[41.26624161529911,-2.2328133723343835],[41.212961085665995,-2.2328133723343835],[40.999838967133535,-2.4457446159915794],[40.946558437500414,-2.4457446159915794],[40.89327790786731,-2.552197748491676],[40.83999737823419,-2.552197748491676],[40.73343631896796,-2.6586420656890346],[40.52031420043549,-2.6586420656890346],[40.30719208190303,-2.8182912108449623],[40.30719208190303,-2.977918460020041],[40.36047261153615,-3.084323851378799],[40.25391155226991,-3.1907185959599658],[40.25391155226991,-3.3502899500543717],[40.04078943373746,-3.563011079550394],[39.98750890410434,-3.669353390028802],[39.98750890410434,-3.828843011648992],[39.66782572630565,-4.413374789034957],[39.66782572630565,-4.5196056537409595],[39.45470360777318,-4.785113918135757],[39.34814254850696,-4.8382033975241105],[39.34814254850696,-4.944369820644351],[39.24158148924073,-5.1035874378586845],[39.24158148924073,-5.262765549786472],[39.18830095960761,-5.315815930832045],[39.18830095960761,-5.4219029379579275],[38.921898311442035,-5.89905859903904],[38.921898311442035,-6.110998047942468],[38.97517884107514,-6.163969912474945],[38.97517884107514,-6.375804037193115],[39.08173990034138,-6.428749011529914],[39.40142307814007,-6.746301543699359],[39.45470360777318,-6.852106627541454],[39.56126466703942,-6.852106627541454],[39.66782572630565,-7.010770129960851],[39.66782572630565,-7.222237238799917],[39.45470360777318,-7.4336054883882765],[39.45470360777318,-7.539251656641989],[39.40142307814007,-7.592065097134201],[39.40142307814007,-7.697672470441049],[39.56126466703942,-7.856034100809528],[39.56126466703942,-8.119835409216218],[39.45470360777318,-8.278033419239591],[39.40142307814007,-8.541555020102805],[39.45470360777318,-8.594237685175543],[39.45470360777318,-8.6995810118004],[39.61454519667253,-8.85754034091771],[39.721106255938764,-9.068047057179902],[39.721106255938764,-9.173254326199512],[39.77438678557188,-9.225846287154365],[39.77438678557188,-9.54123190681757],[39.88094784483811,-9.751327598342968],[39.88094784483811,-9.856325998077535],[39.934228374471225,-9.961290977493029],[40.147350493003685,-10.17111930981146],[40.57359473006861,-10.380809869847756],[40.73343631896796,-10.69508144756559],[40.68015578933484,-11.165876178168116],[40.57359473006861,-11.270394773506187],[40.57359473006861,-11.844559196202843],[40.62687525970173,-11.896697077581798],[40.62687525970173,-12.365483372702586],[40.68015578933484,-12.417519470826784],[40.68015578933484,-12.625559418584013],[40.73343631896796,-12.677543090626108],[40.73343631896796,-12.885371300154892],[40.68015578933484,-12.937301530243236],[40.68015578933484,-13.559609610251982],[40.73343631896796,-13.663171411046369],[40.68015578933484,-13.714935274853108],[40.68015578933484,-13.818428730565003],[40.73343631896796,-13.870158243119986],[40.73343631896796,-14.128632070051202],[40.83999737823419,-14.231939787616419],[40.83999737823419,-14.386812723828033],[40.946558437500414,-14.438413241748487],[40.946558437500414,-14.902274926566921],[40.89327790786731,-14.953754070854059],[40.89327790786731,-15.108117246620523],[40.786716848601074,-15.159546757826977],[40.786716848601074,-15.365139375237014],[40.68015578933484,-15.570529473045088],[40.25391155226991,-16.031904127800757],[40.09406996337057,-16.3388971981572],[40.04078943373746,-16.3388971981572],[39.934228374471225,-16.441121628905442],[39.934228374471225,-16.543292267187937],[39.82766731520499,-16.64540881659544],[39.507984137406304,-16.798481577749698],[39.40142307814007,-16.900461613729078],[39.34814254850696,-16.900461613729078],[39.18830095960761,-17.10425603420051],[39.08173990034138,-17.155169915485697],[38.921898311442035,-17.155169915485697],[38.868617781808915,-17.206069834388085],[38.70877619290957,-17.206069834388085],[38.49565407437711,-17.30782763977714],[38.38909301511089,-17.30782763977714],[38.1226903669453,-17.460358723493012],[38.016129307679066,-17.460358723493012],[37.80300718914661,-17.561975275073117],[37.69644612988038,-17.663534820694633],[37.376762952081684,-17.815766625528923],[37.11036030391611,-18.069197218168],[37.003799244649876,-18.271678962898257],[36.52427447795184,-18.72639666304564],[36.52427447795184,-18.87769934811234],[36.41771341868561,-18.978492029251097],[36.311152359419374,-18.978492029251097],[36.25787182978626,-19.028865533848474],[36.098030240886914,-19.028865533848474],[35.88490812235445,-19.129566699506636],[35.77834706308822,-19.230206512331534],[35.77834706308822,-19.280503326103947],[35.511944414922645,-19.531755109119903],[35.511944414922645,-19.581958771566498],[35.45866388528953,-19.581958771566498],[35.13898070749084,-19.882851059239957],[34.97913911859149,-19.932944513583468],[34.872578059325264,-20.03308375637395],[34.872578059325264,-20.283152266631113],[34.81929752969214,-20.33311777391449],[34.81929752969214,-20.5328180601806],[34.97913911859149,-20.682422531646907],[35.085700177857724,-20.73225799305378],[35.24554176675707,-21.030925197254266],[35.24554176675707,-21.477803747644167],[35.3521028260233,-21.57692522948837],[35.3521028260233,-21.675978943934375],[35.40538335565642,-21.72548031037055],[35.40538335565642,-21.92331511264731],[35.45866388528953,-22.022129682712162],[35.565224944555766,-22.12087537031046],[35.61850547418887,-22.12087537031046],[35.61850547418887,-22.219551930366354],[35.67178600382199,-22.26886421125089],[35.67178600382199,-22.515164409411625],[35.61850547418887,-22.564371996176785],[35.61850547418887,-22.85924782435876],[35.72506653345511,-22.957398216468523],[35.72506653345511,-23.006446738347883],[35.61850547418887,-23.153485253719776],[35.61850547418887,-23.39819085435879],[35.565224944555766,-23.447077923545194],[35.565224944555766,-23.593630508246733],[35.511944414922645,-23.642445066245603],[35.511944414922645,-23.740019554848537],[35.67178600382199,-23.83752101661364],[35.67178600382199,-23.98363578659862],[35.61850547418887,-24.032303950714752],[35.61850547418887,-24.22679206090996],[35.3521028260233,-24.517967517376007],[35.3521028260233,-24.56643145505155],[35.13898070749084,-24.76009961235288],[34.81929752969214,-24.905152994193994],[34.71273647042592,-24.905152994193994],[34.55289488152657,-25.00176068231755],[34.286492233360995,-25.05003607565634],[34.233211703727875,-25.098292466089326],[34.12665064446165,-25.098292466089326],[33.9668090555623,-25.19474813135332],[33.86024799629607,-25.19474813135332],[33.11432058143245,-25.531740458875415],[32.90119846289999,-25.72388419996302],[32.84791793326688,-25.819839946231184],[32.84791793326688,-25.91571800077515],[32.90119846289999,-25.96362782943551],[33.06104005179934,-25.96362782943551],[33.11432058143245,-26.011518158236523],[33.06104005179934,-26.107240214295217],[33.06104005179934,-26.48934337447393],[33.007759522166225,-26.537017535616396],[33.007759522166225,-26.822645804414336],[32.368393166568836,-26.822645804414336],[32.2618321073026,-26.77509082284487],[32.2618321073026,-26.48934337447393],[32.208551577669496,-26.44164943646293],[32.208551577669496,-26.05938896167064],[32.101990518403255,-25.96362782943551],[32.101990518403255,-25.771871771687188],[32.155271048036376,-25.72388419996302],[32.155271048036376,-24.46948487515402],[32.04870998877015,-24.275367811945515],[32.04870998877015,-24.178197771343815],[31.99542945913703,-24.12958497114041],[31.99542945913703,-23.934949224057387],[31.888868399870802,-23.83752101661364],[31.675746281338338,-23.447077923545194],[31.675746281338338,-23.10449028635851],[31.569185222072107,-22.90833190195805],[31.569185222072107,-22.81014601327577],[31.51590469243899,-22.761026498376996],[31.51590469243899,-22.613562028405713],[31.462624162805874,-22.564371996176785],[31.462624162805874,-22.515164409411625],[31.782307340604564,-22.219551930366354],[31.782307340604564,-22.12087537031046],[31.729026810971455,-22.071511152160102],[31.62246575170522,-22.071511152160102],[31.356063103539643,-22.318159118795982],[31.302782573906526,-22.26886421125089],[30.983099396107836,-22.26886421125089],[30.929818866474722,-22.219551930366354],[30.82325780720849,-22.219551930366354],[30.76997727757538,-22.26886421125089],[30.34373304051045,-22.26886421125089],[30.290452510877337,-22.219551930366354],[30.130610921977993,-22.219551930366354],[29.864208273812412,-22.071511152160102],[29.544525096013718,-22.071511152160102],[29.43796403674749,-22.12087537031046],[29.33140297748126,-22.022129682712162],[29.224841918215027,-22.022129682712162],[29.171561388581914,-21.97273099263211],[29.171561388581914,-21.824431906181964],[29.06500032931568,-21.72548031037055],[28.798597681150106,-21.675978943934375],[28.692036621883876,-21.57692522948837],[28.37235344408518,-21.57692522948837],[28.319072914452068,-21.527372943857852],[28.15923132555272,-21.527372943857852],[28.052670266286487,-21.32899500924038],[27.839548147754027,-21.130348518340625],[27.839548147754027,-20.5328180601806],[27.732987088487796,-20.433000331000816],[27.466584440322226,-20.433000331000816],[27.413303910689102,-20.38306713961596],[27.413303910689102,-20.23317065056024],[27.36002338105599,-20.133159223531464],[27.20018179215664,-19.983022090364802],[27.09362073289041,-19.932944513583468],[26.933779143991064,-19.932944513583468],[26.720657025458603,-19.83274176060335],[26.507534906926143,-19.682319132510102],[26.507534906926143,-19.63214679057051],[26.400973847659913,-19.531755109119903],[26.29441278839368,-19.531755109119903],[26.241132258760565,-19.481535836911075],[26.241132258760565,-19.38105059822023],[26.13457119949434,-19.17989429210321],[26.13457119949434,-19.028865533848474],[26.081290669861218,-18.928103289213706],[25.921449080961878,-18.776846000508893],[25.921449080961878,-18.675932262595904],[25.655046432796293,-18.423385530721436],[25.548485373530067,-18.170467447670987],[25.38864378463072,-18.018540173807963],[25.49520484389695,-18.069197218168],[25.60176590316318,-18.069197218168],[25.655046432796293,-18.018540173807963],[25.761607492062527,-18.018540173807963],[25.921449080961878,-18.170467447670987],[26.13457119949434,-18.170467447670987],[26.241132258760565,-18.069197218168],[26.29441278839368,-18.11983965456898],[26.507534906926143,-18.11983965456898],[26.614095966192373,-18.221080562190046],[26.827218084724837,-18.221080562190046],[26.88049861435795,-18.170467447670987],[27.040340203257298,-18.170467447670987],[27.25346232178976,-18.018540173807963],[27.306742851422875,-17.866481747210127],[27.732987088487796,-17.460358723493012],[27.839548147754027,-17.206069834388085],[27.999389736653374,-17.053328226916953],[28.26579238481895,-16.95143098016213],[28.47891450335141,-16.798481577749698],[28.585475562617646,-16.798481577749698],[28.63875609225076,-16.747470981563097],[28.798597681150106,-16.747470981563097],[29.01171979968257,-16.543292267187937],[29.01171979968257,-16.185460341625003],[29.118280858948797,-16.083102732011703],[29.171561388581914,-16.083102732011703],[29.33140297748126,-15.929467508044022],[29.43796403674749,-15.878229567642585],[29.597805625646835,-15.878229567642585],[29.651086155279955,-15.826978590407776],[29.864208273812412,-15.826978590407776],[29.91748880344553,-15.775714614040258],[29.970769333078646,-15.826978590407776],[30.34373304051045,-15.826978590407776],[30.34373304051045,-16.134288149100787],[30.397013570143567,-16.185460341625003],[30.929818866474722,-16.185460341625003],[30.983099396107836,-16.236619272193227],[31.14294098500718,-16.236619272193227],[31.249502044273417,-16.185460341625003],[31.356063103539643,-16.3388971981572],[31.729026810971455,-16.39001611903108],[31.888868399870802,-16.594357321493696],[31.99542945913703,-16.64540881659544],[32.101990518403255,-16.64540881659544],[32.208551577669496,-16.594357321493696],[32.2618321073026,-16.64540881659544],[32.42167369620195,-16.64540881659544],[32.63479581473442,-16.747470981563097],[32.63479581473442,-16.798481577749698],[32.741356874000644,-16.900461613729078],[32.79463740363376,-16.900461613729078],[32.79463740363376,-17.10425603420051],[32.90119846289999,-17.2569557545773],[32.90119846289999,-17.663534820694633],[32.954478992533105,-17.76503707342429],[32.84791793326688,-17.91718240284964],[32.84791793326688,-18.11983965456898],[32.90119846289999,-18.170467447670987],[32.90119846289999,-18.473924725031495],[32.79463740363376,-18.574958411443017],[32.79463740363376,-18.675932262595904],[32.84791793326688,-18.72639666304564],[32.79463740363376,-18.72639666304564],[32.63479581473442,-18.87769934811234],[32.63479581473442,-19.129566699506636],[32.741356874000644,-19.230206512331534],[32.79463740363376,-19.230206512331534],[32.68807634436753,-19.431300988678807],[32.68807634436753,-19.581958771566498],[32.741356874000644,-19.63214679057051],[32.741356874000644,-19.732475763822023],[32.84791793326688,-19.882851059239957],[32.954478992533105,-19.882851059239957],[32.954478992533105,-19.932944513583468],[32.79463740363376,-20.18317295855585],[32.79463740363376,-20.283152266631113],[32.741356874000644,-20.38306713961596],[32.63479581473442,-20.482917315394083],[32.52823475546818,-20.482917315394083],[32.42167369620195,-20.632570700772295],[32.42167369620195,-20.981188629157547],[32.31511263693572,-21.080645170945903],[32.31511263693572,-21.32899500924038],[32.208551577669496,-21.428217672190332],[32.208551577669496,-21.527372943857852],[32.2618321073026,-21.57692522948837],[32.368393166568836,-21.57692522948837],[32.47495422583507,-21.477803747644167],[32.5815152851013,-21.477803747644167],[32.63479581473442,-21.428217672190332],[32.63479581473442,-21.32899500924038],[32.5815152851013,-21.279358484736218],[32.5815152851013,-21.130348518340625],[32.63479581473442,-21.080645170945903],[32.63479581473442,-20.73225799305378],[32.741356874000644,-20.73225799305378],[32.79463740363376,-20.682422531646907],[32.90119846289999,-20.482917315394083],[33.007759522166225,-20.38306713961596],[33.06104005179934,-20.23317065056024],[33.16760111106557,-20.133159223531464],[33.16760111106557,-19.782616651001714],[32.954478992533105,-19.481535836911075],[32.954478992533105,-19.38105059822023],[33.007759522166225,-19.33078469939074],[33.007759522166225,-19.079223768687307],[32.90119846289999,-18.978492029251097],[32.954478992533105,-18.978492029251097],[33.06104005179934,-18.87769934811234],[33.06104005179934,-18.625452833821956],[33.16760111106557,-18.52444903023523],[33.16760111106557,-18.322262614623853],[33.11432058143245,-18.271678962898257],[33.11432058143245,-17.91718240284964],[33.16760111106557,-17.866481747210127],[33.16760111106557,-17.612762191582643],[33.11432058143245,-17.561975275073117]],[[31.729026810971455,-21.92331511264731],[31.729026810971455,-22.022129682712162],[31.782307340604564,-22.071511152160102],[31.888868399870802,-22.071511152160102],[32.2618321073026,-21.72548031037055],[32.2618321073026,-21.626460573253997],[32.208551577669496,-21.57692522948837],[32.101990518403255,-21.57692522948837],[31.729026810971455,-21.92331511264731]],[[35.99146918162069,3.5715252732184433],[36.0447497112538,3.518349974912629],[36.151310770520034,3.518349974912629],[36.20459130015315,3.5715252732184433],[36.20459130015315,3.8373546510484515],[36.151310770520034,3.890510784774657],[36.0447497112538,3.890510784774657],[35.99146918162069,3.8373546510484515],[35.99146918162069,3.5715252732184433]]],[[[33.434003759231146,-9.803830954382693],[33.380723229598026,-9.751327598342968],[33.434007977258645,-9.803830954382693],[33.434003759231146,-9.803830954382693]]],[[[30.397013570143567,-3.5098352922965024],[30.290452510877337,-3.7756830444346963],[30.130610921977993,-3.9351529982991704],[30.130610921977993,-4.041449417676494],[29.864208273812412,-4.307128720634621],[29.757647214546182,-4.307128720634621],[29.704366684913065,-4.360253632601869],[29.544525096013718,-4.360253632601869],[29.491244566380608,-4.094592425854397],[29.38468350711437,-3.9351529982991704],[29.38468350711437,-2.977918460020041],[29.491244566380608,-3.031122463678776],[29.597805625646835,-3.031122463678776],[29.651086155279955,-2.977918460020041],[29.864208273812412,-2.977918460020041],[30.024049862711756,-2.8182912108449623],[30.077330392344876,-2.7118608039729875],[30.077330392344876,-2.605421031920853],[30.23717198124422,-2.605421031920853],[30.450294099776684,-2.4989722612344383],[30.34373304051045,-2.6586420656890346],[30.34373304051045,-2.924711886152414],[30.503574629409798,-3.137522577381557],[30.66341621830914,-3.137522577381557],[30.716696747942258,-3.1907185959599658],[30.556855159042914,-3.3502899500543717],[30.503574629409798,-3.4566564778661664],[30.397013570143567,-3.5098352922965024]]],[[[30.503574629409798,-2.2328133723343835],[30.397013570143567,-2.2328133723343835],[30.34373304051045,-2.286049190912118],[29.91748880344553,-2.286049190912118],[29.864208273812412,-2.339283034965103],[29.864208273812412,-2.605421031920853],[29.8109277441793,-2.7118608039729875],[29.491244566380608,-2.7118608039729875],[29.278122447848144,-2.552197748491676],[29.06500032931568,-2.552197748491676],[29.118280858948797,-2.4457446159915794],[29.171561388581914,-2.4457446159915794],[29.278122447848144,-2.339283034965103],[29.278122447848144,-1.9666062679069984],[29.33140297748126,-1.9133595660923803],[29.33140297748126,-1.8068612489608458],[29.597805625646835,-1.59384624727874],[29.704366684913065,-1.59384624727874],[29.8109277441793,-1.540588938429001],[29.91748880344553,-1.6471021787275408],[30.024049862711756,-1.6471021787275408],[30.130610921977993,-1.59384624727874],[30.397013570143567,-1.327546848701532],[30.450294099776684,-1.327546848701532],[30.450294099776684,-1.3808092073006084],[30.61013568867603,-1.540588938429001],[30.66341621830914,-1.540588938429001],[30.76997727757538,-1.7536097255331138],[30.76997727757538,-1.8601112111299556],[30.716696747942258,-1.9133595660923803],[30.716696747942258,-2.1263359951610328],[30.76997727757538,-2.1795756251189102],[30.76997727757538,-2.286049190912118],[30.556855159042914,-2.286049190912118],[30.503574629409798,-2.2328133723343835]]],[[[32.5815152851013,-1.4340703724516184],[32.68807634436753,-1.4873302981581136],[32.63479581473442,-1.59384624727874],[32.5815152851013,-1.540588938429001],[32.5815152851013,-1.4340703724516184]]],[[[34.659455940792796,2.667163576405875],[34.71273647042592,2.667163576405875],[34.71273647042592,2.5607199808121646],[34.81929752969214,2.454267540558193],[34.81929752969214,2.188100151784537],[34.872578059325264,2.134860820203973],[34.872578059325264,1.9218855111264226],[34.92585858895838,1.8686374177761917],[34.92585858895838,1.6556293582463426],[34.81929752969214,1.549116560223766],[34.71273647042592,1.282811941278955],[34.44633382226035,1.123015496253928],[34.39305329262722,1.0164796024043723],[34.39305329262722,0.9099401937186959],[34.233211703727875,0.7501252959701704],[34.17993117409476,0.6435787114767795],[34.07337011482853,0.5903045615741838],[34.07337011482853,0.4837547767197904],[33.9668090555623,0.2706505564137046],[33.86024799629607,0.1640968579339396],[33.86024799629607,-0.26211992612822715],[33.70040640739672,-0.26211992612822715],[33.59384534813049,-0.04901187311826022],[33.434003759231146,-0.04901187311826022],[33.2741621703318,-0.26211992612822715],[33.16760111106557,-0.15556616864076614],[32.954478992533105,-0.15556616864076614],[32.79463740363376,-0.31539648794751257],[32.79463740363376,-0.42194874742246286],[32.741356874000644,-0.42194874742246286],[32.47495422583507,-0.6883222057120018],[32.47495422583507,-0.7415952962869593],[32.368393166568836,-0.848139507955681],[32.2618321073026,-0.7948677457165889],[32.208551577669496,-0.6883222057120018],[32.155271048036376,-0.6883222057120018],[32.101990518403255,-0.5817742853205967],[31.99542945913703,-0.5817742853205967],[31.888868399870802,-0.6883222057120018],[31.888868399870802,-0.9546807866964655],[30.929818866474722,-0.9546807866964655],[30.876538336841605,-0.9014105369619964],[30.76997727757538,-0.9014105369619964],[30.66341621830914,-1.0079502111233858],[30.556855159042914,-0.9546807866964655],[30.450294099776684,-0.9546807866964655],[30.34373304051045,-1.0079502111233858],[30.024049862711756,-1.3808092073006084],[29.91748880344553,-1.2742833426559927],[29.757647214546182,-1.2742833426559927],[29.704366684913065,-1.1677530722565286],[29.704366684913065,-1.061218764210622],[29.757647214546182,-1.0079502111233858],[29.757647214546182,-0.7415952962869593],[29.8109277441793,-0.6883222057120018],[29.8109277441793,-0.2088431376713231],[29.864208273812412,-0.15556616864076614],[29.864208273812412,-0.04901187311826022],[29.970769333078646,0.05754259191553674],[29.970769333078646,0.21737380114854588],[30.077330392344876,0.3772033188414026],[30.077330392344876,0.6435787114767795],[30.34373304051045,0.8566692863933512],[30.34373304051045,0.9099401937186959],[30.450294099776684,1.0164796024043723],[30.66341621830914,1.123015496253928],[30.716696747942258,1.229547507061759],[31.08966045537407,1.602373651616379],[31.14294098500718,1.602373651616379],[31.356063103539643,1.8153877098627367],[31.356063103539643,1.9218855111264226],[31.40934363317276,1.9751319439734372],[31.40934363317276,2.188100151784537],[31.356063103539643,2.2945730987765756],[30.929818866474722,2.5074948433484376],[30.929818866474722,2.6139429071084415],[30.983099396107836,2.667163576405875],[30.983099396107836,2.9332314645038973],[30.929818866474722,2.986437629907791],[30.929818866474722,3.0928421823623164],[31.08966045537407,3.3588060556653003],[31.08966045537407,3.518349974912629],[31.302782573906526,3.6246974914147376],[31.51590469243899,3.465171642123509],[31.62246575170522,3.465171642123509],[31.83558787023768,3.6246974914147376],[31.94214892950391,3.411990320490354],[32.04870998877015,3.411990320490354],[32.101990518403255,3.3588060556653003],[32.2618321073026,3.3588060556653003],[32.42167369620195,3.5715252732184433],[32.741356874000644,3.5715252732184433],[32.79463740363376,3.6246974914147376],[32.954478992533105,3.6246974914147376],[33.007759522166225,3.677866583888555],[33.22088164069868,3.5715252732184433],[33.59384534813049,3.5715252732184433],[33.9668090555623,3.943663564919203],[34.020089585195414,3.943663564919203],[34.020089585195414,3.7841952092843614],[34.07337011482853,3.677866583888555],[34.17993117409476,3.5715252732184433],[34.3397727629941,3.518349974912629],[34.3397727629941,3.146040477928189],[34.39305329262722,3.039641217776608],[34.49961435189345,2.9332314645038973],[34.55289488152657,2.7735979607274936],[34.659455940792796,2.667163576405875]]],[[[34.020089585195414,8.549991029937058],[33.806967466662954,8.444606231297248],[33.70040640739672,8.549991029937058],[33.2741621703318,8.549991029937058],[33.11432058143245,8.391903015722216],[33.11432058143245,8.18101906311703],[32.954478992533105,7.970023464264306],[32.954478992533105,7.706126235210257],[33.11432058143245,7.600520954809427],[33.48728428886426,7.547708550188744],[33.54056481849737,7.494889694715129],[33.70040640739672,7.494889694715129],[33.806967466662954,7.389232807654724],[33.86024799629607,7.389232807654724],[33.9668090555623,7.283550646789687],[33.9668090555623,7.177843565709869],[34.07337011482853,7.07211191842776],[34.07337011482853,7.019236993203891],[34.286492233360995,6.807677650040226],[34.39305329262722,6.807677650040226],[34.55289488152657,6.596025011617747],[34.659455940792796,6.54309760827548],[34.71273647042592,6.437226020979981],[34.71273647042592,6.331332356916473],[34.76601700005903,6.278377357702322],[34.76601700005903,6.172451248323487],[34.872578059325264,6.013522477806788],[34.872578059325264,5.854547254247714],[35.03241964822461,5.536462292400597],[35.19226123712395,5.377354980612036],[35.24554176675707,5.271260253121549],[35.13898070749084,5.165147397267085],[35.13898070749084,5.059016773976583],[35.19226123712395,5.005944912416159],[35.085700177857724,4.952868744482237],[34.92585858895838,4.952868744482237],[34.81929752969214,4.846703670314443],[34.71273647042592,4.846703670314443],[34.39305329262722,4.687424891865142],[34.020089585195414,4.315635303043956],[33.91352852592918,4.262507271961251],[33.91352852592918,4.209375568904994],[33.54056481849737,3.8373546510484515],[33.434003759231146,3.8373546510484515],[33.380723229598026,3.7841952092843614],[33.32744269996492,3.8373546510484515],[33.22088164069868,3.8373546510484515],[33.11432058143245,3.943663564919203],[33.007759522166225,3.943663564919203],[32.84791793326688,3.8373546510484515],[32.368393166568836,3.7841952092843614],[32.155271048036376,3.6246974914147376],[32.101990518403255,3.6246974914147376],[31.99542945913703,3.731032505040386],[31.99542945913703,3.7841952092843614],[31.888868399870802,3.890510784774657],[31.782307340604564,3.890510784774657],[31.62246575170522,3.731032505040386],[31.51590469243899,3.731032505040386],[31.356063103539643,3.8373546510484515],[31.14294098500718,3.8373546510484515],[31.08966045537407,3.7841952092843614],[30.983099396107836,3.7841952092843614],[30.876538336841605,3.677866583888555],[30.82325780720849,3.731032505040386],[30.716696747942258,3.731032505040386],[30.61013568867603,3.943663564919203],[30.450294099776684,3.943663564919203],[30.34373304051045,3.99681294595273],[29.970769333078646,4.421880167612588],[29.91748880344553,4.581218789611191],[29.8109277441793,4.687424891865142],[29.704366684913065,4.687424891865142],[29.651086155279955,4.740521913295704],[29.43796403674749,4.740521913295704],[29.38468350711437,4.687424891865142],[29.38468350711437,4.581218789611191],[29.33140297748126,4.474996910300555],[29.171561388581914,4.474996910300555],[29.06500032931568,4.581218789611191],[28.905158740416333,4.581218789611191],[28.851878210783223,4.634323835534552],[28.74531715151699,4.634323835534552],[28.53219503298453,4.421880167612588],[28.26579238481895,4.421880167612588],[28.052670266286487,4.634323835534552],[27.94610920702026,4.634323835534552],[27.892828677387147,4.79361485453629],[27.732987088487796,4.952868744482237],[27.626426029221566,5.005944912416159],[27.626426029221566,5.059016773976583],[27.413303910689102,5.271260253121549],[27.413303910689102,5.589488608346943],[27.306742851422875,5.695526788311219],[27.306742851422875,5.748538562416436],[27.040340203257298,5.960535838319925],[26.933779143991064,5.960535838319925],[26.827218084724837,6.066503955829818],[26.66737649582549,6.066503955829818],[26.66737649582549,6.22541697326938],[26.454254377293026,6.384281926228946],[26.507534906926143,6.490164596533139],[26.507534906926143,6.648946761994554],[26.241132258760565,6.860576343385114],[26.241132258760565,6.913469161302048],[26.081290669861218,7.07211191842776],[25.548485373530067,7.3363948643583905],[25.38864378463072,7.494889694715129],[25.441924314263833,7.547708550188744],[25.441924314263833,7.7589190229184295],[25.228802195731372,7.970023464264306],[25.122241136465142,7.970023464264306],[25.122241136465142,8.02278267760996],[24.90911901793268,8.233750627461504],[24.80255795866645,8.233750627461504],[24.749277429033334,8.286475170142982],[24.58943584013399,8.286475170142982],[24.53615531050087,8.339192647455333],[24.32303319196841,8.339192647455333],[24.37631372160153,8.444606231297248],[24.37631372160153,8.655346694809456],[24.642716369767104,8.708013493290176],[24.695996899400217,8.760672877839589],[24.749277429033334,9.02385707260398],[24.80255795866645,9.076471062600337],[24.80255795866645,9.234266556047505],[24.962399547565795,9.444550491051508],[24.962399547565795,9.707224659703918],[25.122241136465142,9.864730700772672],[25.175521666098255,9.96969298979325],[25.175521666098255,10.127072962075681],[25.441924314263833,10.127072962075681],[25.655046432796293,10.231950139128319],[25.81488802169564,10.231950139128319],[25.81488802169564,10.127072962075681],[26.400973847659913,9.549644516339887],[26.454254377293026,9.549644516339887],[26.454254377293026,9.444550491051508],[26.56081543655926,9.339424389546785],[26.66737649582549,9.286849417761783],[26.77393755509172,9.286849417761783],[27.09362073289041,9.444550491051508],[27.57314549958845,9.444550491051508],[27.626426029221566,9.391991428324847],[27.892828677387147,9.391991428324847],[27.892828677387147,9.339424389546785],[28.052670266286487,9.181675847514661],[28.95843927004945,9.181675847514661],[29.01171979968257,9.234266556047505],[29.01171979968257,9.391991428324847],[29.06500032931568,9.391991428324847],[29.278122447848144,9.549644516339887],[29.43796403674749,9.549644516339887],[29.651086155279955,9.654706121726903],[29.757647214546182,9.812236992016816],[29.757647214546182,9.9172160475992],[29.970769333078646,10.074621489646706],[30.077330392344876,10.074621489646706],[30.183891451611103,10.022161484686718],[30.450294099776684,9.812236992016816],[30.556855159042914,9.812236992016816],[30.556855159042914,9.75973496406965],[30.76997727757538,9.549644516339887],[30.876538336841605,9.549644516339887],[30.929818866474722,9.602179392980267],[31.249502044273417,9.602179392980267],[31.356063103539643,9.654706121726903],[31.888868399870802,10.179515859411653],[32.04870998877015,10.493990787520842],[32.2618321073026,10.70346386474898],[32.2618321073026,10.808146326835434],[32.208551577669496,10.86047389128386],[32.101990518403255,10.86047389128386],[31.83558787023768,10.598745239166647],[31.83558787023768,10.493990787520842],[31.729026810971455,10.389200847838355],[31.729026810971455,10.336792675777994],[31.1962215146403,9.812236992016816],[30.82325780720849,9.812236992016816],[30.716696747942258,9.9172160475992],[30.61013568867603,9.9172160475992],[30.61013568867603,9.96969298979325],[30.503574629409798,10.074621489646706],[30.290452510877337,10.179515859411653],[30.130610921977993,10.336792675777994],[30.024049862711756,10.336792675777994],[29.704366684913065,10.179515859411653],[29.544525096013718,10.022161484686718],[29.544525096013718,9.864730700772672],[29.491244566380608,9.812236992016816],[29.224841918215027,9.75973496406965],[29.171561388581914,9.707224659703918],[29.06500032931568,9.707224659703918],[28.851878210783223,9.549644516339887],[28.851878210783223,9.497101534715698],[28.74531715151699,9.391991428324847],[28.15923132555272,9.391991428324847],[27.999389736653374,9.654706121726903],[27.57314549958845,9.654706121726903],[27.519864969955336,9.707224659703918],[27.306742851422875,9.707224659703918],[27.25346232178976,9.654706121726903],[27.040340203257298,9.654706121726903],[26.98705967362418,9.602179392980267],[26.88049861435795,9.602179392980267],[26.827218084724837,9.549644516339887],[26.66737649582549,9.549644516339887],[26.56081543655926,9.602179392980267],[26.56081543655926,9.707224659703918],[26.028010140228105,10.231950139128319],[26.028010140228105,10.389200847838355],[25.921449080961878,10.493990787520842],[25.441924314263833,10.44160023253443],[25.38864378463072,10.389200847838355],[25.122241136465142,10.389200847838355],[24.962399547565795,10.179515859411653],[24.962399547565795,10.074621489646706],[24.90911901793268,9.96969298979325],[24.749277429033334,9.812236992016816],[24.695996899400217,9.707224659703918],[24.695996899400217,9.444550491051508],[24.58943584013399,9.339424389546785],[24.58943584013399,9.12907733530684],[24.482874780867757,8.918606113738685],[24.16319160306907,8.760672877839589],[24.056630543802832,8.760672877839589],[24.00335001416972,8.813324805025875],[23.683666836371025,8.813324805025875],[23.73694736600414,8.865969231448563],[23.73694736600414,8.971235408558963],[23.683666836371025,9.076471062600337],[23.79022789563726,9.181675847514661],[23.79022789563726,9.549644516339887],[23.84350842527037,9.602179392980267],[23.79022789563726,9.864730700772672],[23.683666836371025,10.074621489646706],[23.577105777104794,10.179515859411653],[23.577105777104794,10.231950139128319],[23.470544717838564,10.336792675777994],[23.470544717838564,10.389200847838355],[23.044300480773643,10.808146326835434],[23.044300480773643,10.96510147675349],[23.097581010406756,11.017401413793564],[23.097581010406756,11.331004416942646],[22.991019951140526,11.487677640501555],[22.831178362241182,11.487677640501555],[22.72461730297495,11.592078182049514],[22.72461730297495,11.905044439448124],[22.777897832608062,11.957170723562436],[22.777897832608062,12.061393127215252],[22.671336773341835,12.1655750371273],[22.61805624370872,12.1655750371273],[22.61805624370872,12.269716124712001],[22.5647757140756,12.321771257630898],[22.5647757140756,12.633883727196348],[22.35165359554314,12.78979777424059],[22.191812006643797,12.78979777424059],[22.085250947377563,12.685865703535606],[22.03197041774445,12.685865703535606],[21.978689888111333,12.78979777424059],[22.03197041774445,12.893687065297783],[22.191812006643797,13.049440081900958],[22.24509253627691,13.049440081900958],[22.404934125176258,13.20509502599072],[22.404934125176258,13.464299045039011],[22.24509253627691,13.723222617542701],[22.404934125176258,13.878440074453902],[22.5647757140756,13.930156207515356],[22.671336773341835,14.033553707394049],[22.671336773341835,14.240208537662507],[22.5647757140756,14.395075773185342],[22.61805624370872,14.4982610149832],[22.72461730297495,14.4982610149832],[22.831178362241182,14.60139822663657],[22.831178362241182,14.756013306001128],[23.52382524747168,15.476081469965516],[23.577105777104794,15.578746960272069],[23.896788954903485,15.578746960272069],[23.95006948453661,15.527420604092269],[24.056630543802832,15.527420604092269],[24.16319160306907,15.630060500507014],[24.16319160306907,16.193652774232874],[25.228802195731372,17.265102277588483],[25.228802195731372,17.315971912147862],[25.60176590316318,17.671663176817226],[25.60176590316318,17.722419185938648],[25.921449080961878,18.026652332747076],[25.921449080961878,18.077307040467307],[26.29441278839368,18.43147883849827],[26.29441278839368,18.482015651121124],[26.720657025458603,18.88577102021698],[26.720657025458603,18.936172529646154],[27.25346232178976,19.489577967443736],[27.25346232178976,19.539794742493097],[27.413303910689102,19.6903512420615],[27.413303910689102,19.74050535468295],[27.57314549958845,19.890873061911464],[27.679706558854686,20.09114128895599],[27.786267618120913,20.191179641167434],[27.839548147754027,20.341116725167677],[28.052670266286487,20.59068849367914],[28.105950795919608,20.740236097252943],[28.212511855185834,20.839852518821154],[28.74531715151699,21.8323509902906],[31.302782573906526,21.8323509902906],[31.356063103539643,21.881798417164227],[31.40934363317276,21.8323509902906],[37.003799244649876,21.8323509902906],[37.003799244649876,21.584857941548503],[37.11036030391611,21.386558273325097],[37.4300434817148,21.038887448810893],[37.4300434817148,20.989153535654285],[37.27020189281546,20.839852518821154],[37.27020189281546,20.69040325991921],[37.32348242244857,20.640554047939432],[37.32348242244857,20.391063503245995],[37.27020189281546,20.341116725167677],[37.27020189281546,20.191179641167434],[37.32348242244857,20.141168472727028],[37.32348242244857,19.84076629801491],[37.376762952081684,19.79064371781288],[37.376762952081684,19.43934561096477],[37.4300434817148,19.389097706843998],[37.4300434817148,19.137626158261064],[37.53660454098103,18.986558832503224],[37.53660454098103,18.835354338639977],[37.643165600247265,18.73447559702621],[37.80300718914661,18.73447559702621],[37.96284877804597,18.583044557396377],[38.016129307679066,18.583044557396377],[38.22925142621153,18.38092716611596],[38.28253195584465,18.279779382104277],[38.38909301511089,18.279779382104277],[38.60221513364334,18.127947134566114],[38.655495663276454,18.127947134566114],[38.70877619290957,18.026652332747076],[38.70877619290957,17.975983046792276],[38.655495663276454,18.026652332747076],[38.54893460401022,18.026652332747076],[38.38909301511089,17.87460088200515],[38.33581248547776,17.722419185938648],[38.22925142621153,17.620892838725627],[38.016129307679066,17.620892838725627],[37.90956824841284,17.519309319008435],[37.74972665951349,17.519309319008435],[37.69644612988038,17.417668914089468],[37.589885070614145,17.417668914089468],[37.4300434817148,17.315971912147862],[37.4300434817148,17.163320922358658],[37.376762952081684,17.112409274277432],[37.16364083354922,17.112409274277432],[37.11036030391611,17.163320922358658],[37.003799244649876,17.163320922358658],[36.89723818538364,17.06148369436836],[36.89723818538364,16.704617610698175],[36.790677126117416,16.55146968587174],[36.790677126117416,16.44930336702562],[36.843957655750536,16.3982000079631],[36.843957655750536,16.193652774232874],[36.790677126117416,16.142482702692924],[36.790677126117416,16.040102905381513],[36.737396596484295,15.988893254531256],[36.737396596484295,15.886434636132279],[36.68411606685119,15.783923846323745],[36.577555007584955,15.681361186849834],[36.577555007584955,15.527420604092269],[36.52427447795184,15.476081469965516],[36.52427447795184,15.373365020115035],[36.364432889052495,15.116352950959119],[36.364432889052495,14.807527313551784],[36.41771341868561,14.756013306001128],[36.41771341868561,14.033553707394049],[36.364432889052495,13.981860764997181],[36.364432889052495,13.67146057814528],[36.311152359419374,13.619687161390644],[36.311152359419374,13.516106354986254],[36.151310770520034,13.308809967387218],[36.098030240886914,13.049440081900958],[36.0447497112538,12.997533252897119],[36.0447497112538,12.78979777424059],[35.938188651987566,12.737837066078693],[35.72506653345511,12.737837066078693],[35.511944414922645,12.529888095685394],[35.24554176675707,12.009286966543801],[35.03241964822461,11.852908155419005],[34.97913911859149,11.74860575269388],[34.97913911859149,11.4354628458983],[34.872578059325264,11.278760865872894],[34.872578059325264,10.86047389128386],[34.81929752969214,10.808146326835434],[34.659455940792796,10.96510147675349],[34.55289488152657,10.96510147675349],[34.3397727629941,10.755809637295362],[34.3397727629941,10.70346386474898],[34.233211703727875,10.598745239166647],[34.233211703727875,10.074621489646706],[34.12665064446165,9.96969298979325],[34.12665064446165,10.074621489646706],[33.9668090555623,10.284375758735237],[33.86024799629607,10.284375758735237],[33.86024799629607,10.336792675777994],[33.64712587776361,10.546372470488874],[33.54056481849737,10.546372470488874],[33.48728428886426,10.493990787520842],[33.48728428886426,10.389200847838355],[33.70040640739672,10.179515859411653],[33.806967466662954,10.179515859411653],[33.86024799629607,10.074621489646706],[33.86024799629607,9.96969298979325],[33.91352852592918,9.9172160475992],[33.86024799629607,9.812236992016816],[33.86024799629607,9.654706121726903],[33.806967466662954,9.602179392980267],[33.806967466662954,9.391991428324847],[33.91352852592918,9.286849417761783],[34.020089585195414,9.286849417761783],[34.020089585195414,8.549991029937058]]],[[[42.54497432649388,15.73264898140398],[42.59825485612701,15.783923846323745],[42.59825485612701,15.937670485584942],[42.65153538576011,15.886434636132279],[42.75809644502635,15.886434636132279],[42.81137697465946,15.937670485584942],[42.81137697465946,16.142482702692924],[42.75809644502635,16.193652774232874],[42.65153538576011,16.193652774232874],[42.491693796860766,16.091299400597563],[42.491693796860766,15.988893254531256],[42.43841326722765,15.988893254531256],[42.278571678328305,16.091299400597563],[42.225291148695185,16.193652774232874],[42.01216903016273,16.193652774232874],[41.9056079708965,16.347083231952297],[41.9056079708965,16.500393272018194],[41.79904691163026,16.602532571569846],[41.5859247930978,16.602532571569846],[41.5859247930978,16.755639690359963],[41.53264426346469,16.806648094329685],[41.53264426346469,16.857642785855965],[41.69248585236404,17.06148369436836],[41.9056079708965,17.06148369436836],[42.01216903016273,17.112409274277432],[42.06544955979584,17.06148369436836],[42.06544955979584,16.908623728240773],[42.225291148695185,16.755639690359963],[42.331852207961425,16.755639690359963],[42.38513273759453,16.806648094329685],[42.38513273759453,16.908623728240773],[42.331852207961425,16.95959088483953],[42.331852207961425,17.21421860223624],[42.278571678328305,17.265102277588483],[42.278571678328305,17.366827469701143],[42.172010619062085,17.468496209208492],[42.11873008942896,17.468496209208492],[42.06544955979584,17.57010820749424],[42.01216903016273,17.57010820749424],[41.69248585236404,17.82388807422505],[41.5859247930978,17.82388807422505],[41.479363733831576,17.671663176817226],[41.426083204198456,17.722419185938648],[41.479363733831576,17.82388807422505],[41.5859247930978,17.87460088200515],[41.5859247930978,18.026652332747076],[41.479363733831576,18.127947134566114],[41.479363733831576,18.229183340631558],[41.37280267456534,18.330360668967913],[41.212961085665995,18.330360668967913],[41.15968055603288,18.38092716611596],[41.053119496766655,18.38092716611596],[41.053119496766655,18.583044557396377],[41.15968055603288,18.684013606124378],[41.15968055603288,18.78492251939676],[41.053119496766655,18.936172529646154],[40.946558437500414,18.936172529646154],[40.89327790786731,18.986558832503224],[40.89327790786731,19.238261047382547],[40.62687525970173,19.539794742493097],[40.62687525970173,19.640181413443702],[40.52031420043549,19.74050535468295],[40.52031420043549,19.84076629801491],[40.46703367080238,19.890873061911464],[40.200631022636806,19.890873061911464],[40.147350493003685,19.84076629801491],[40.09406996337057,19.890873061911464],[40.09406996337057,20.09114128895599],[40.04078943373746,20.141168472727028],[39.77438678557188,20.191179641167434],[39.721106255938764,20.241174761313744],[39.45470360777318,20.191179641167434],[39.507984137406304,20.29115380026198],[39.61454519667253,20.341116725167677],[39.61454519667253,20.440994101771782],[39.40142307814007,20.69040325991921],[39.40142307814007,20.740236097252943],[39.24158148924073,20.889636038625774],[39.13502042997449,21.08860476245184],[39.13502042997449,21.187989463719013],[39.08173990034138,21.23765678776328],[39.08173990034138,21.63439056969071],[38.921898311442035,21.8323509902906],[38.921898311442035,22.030037775231023],[39.02845937070826,22.12877793750904],[39.02845937070826,22.276758453785426],[38.921898311442035,22.375325291065177],[38.921898311442035,22.719758316322515],[38.76205672254269,22.867108333114864],[38.76205672254269,23.063326549597935],[38.655495663276454,23.161328638297448],[38.60221513364334,23.161328638297448],[38.60221513364334,23.30819733704741],[38.49565407437711,23.406019839882333],[38.38909301511089,23.45490401531679],[38.22925142621153,23.45490401531679],[38.22925142621153,23.503770101539743],[38.33581248547776,23.60144789106265],[38.33581248547776,23.699052978508124],[38.28253195584465,23.747828187372264],[38.1226903669453,23.747828187372264],[38.016129307679066,23.650259536876852],[37.90956824841284,23.699052978508124],[37.90956824841284,23.79658513494861],[38.016129307679066,23.89404413247327],[38.016129307679066,23.991429744189197],[37.96284877804597,24.040094959743517],[37.85628771877972,24.040094959743517],[37.74972665951349,24.13737006955203],[37.589885070614145,24.13737006955203],[37.376762952081684,24.331698220110756],[37.376762952081684,24.477249145798122],[37.21692136318234,24.62263193885273],[37.05707977428299,24.912890169322623],[37.05707977428299,24.96120045567092],[37.16364083354922,24.96120045567092],[37.21692136318234,25.00949178847522],[37.21692136318234,25.106017486092775],[37.16364083354922,25.15425179738767],[36.95051871501676,25.15425179738767],[36.89723818538364,25.250663211637573],[36.790677126117416,25.250663211637573],[36.68411606685119,25.29884026146137],[36.63083553721807,25.395136914162986],[36.47099394831872,25.53943788075833],[36.47099394831872,25.63554221106574],[36.52427447795184,25.68356540375054],[36.52427447795184,25.923390606383233],[36.41771341868561,26.067052193256377],[36.364432889052495,26.067052193256377],[36.364432889052495,26.306096737116523],[36.25787182978626,26.44928749243444],[36.151310770520034,26.44928749243444],[35.99146918162069,26.592300444182666],[35.99146918162069,26.687543301610425],[35.938188651987566,26.735134923247674],[35.88490812235445,26.735134923247674],[35.83162759272134,26.830258429761386],[35.83162759272134,26.97279398176219],[35.72506653345511,27.020265813248685],[35.72506653345511,27.209952400249026],[35.565224944555766,27.35200589443281],[35.511944414922645,27.49387743647045],[35.19226123712395,27.635566390693953],[35.03241964822461,27.824199882051527],[34.49961435189345,27.824199882051527],[34.3397727629941,27.635566390693953],[34.17993117409476,27.635566390693953],[34.12665064446165,27.729923944318404],[34.020089585195414,27.729923944318404],[33.9668090555623,27.682755357924968],[33.9668090555623,27.588357065842207],[34.020089585195414,27.541127406651896],[34.12665064446165,27.541127406651896],[34.12665064446165,27.35200589443281],[34.07337011482853,27.304674915066713],[34.07337011482853,26.92530212454418],[34.12665064446165,26.877790265790303],[34.12665064446165,26.592300444182666],[34.17993117409476,26.544649257630578],[34.17993117409476,26.44928749243444],[34.286492233360995,26.35384670332109],[34.286492233360995,26.258327089848052],[34.44633382226035,25.97129731445463],[34.659455940792796,25.731569246832915],[34.81929752969214,25.443256464297196],[34.81929752969214,25.34699817110455],[34.872578059325264,25.250663211637573],[34.97913911859149,25.15425179738767],[35.085700177857724,24.96120045567092],[35.085700177857724,24.864560956350644],[35.13898070749084,24.76784585853883],[35.298822296390185,24.62263193885273],[35.298822296390185,24.477249145798122],[35.511944414922645,24.380233830805246],[35.511944414922645,24.234571230781253],[35.77834706308822,23.991429744189197],[35.88490812235445,23.942746125698328],[35.88490812235445,23.8453237927801],[35.938188651987566,23.747828187372264],[35.67178600382199,23.747828187372264],[35.61850547418887,23.699052978508124],[35.61850547418887,23.406019839882333],[35.72506653345511,23.259259067639395],[35.83162759272134,23.210302825004668],[35.77834706308822,23.11233653673507],[35.77834706308822,22.965253036036103],[35.99146918162069,22.719758316322515],[36.25787182978626,22.670606306235193],[36.52427447795184,22.424582566598065],[36.577555007584955,22.326050576699966],[36.63083553721807,22.326050576699966],[36.95051871501676,22.07941648447101],[36.52427447795184,22.07941648447101],[36.47099394831872,22.030037775231023],[31.675746281338338,22.030037775231023],[31.62246575170522,22.07941648447101],[31.62246575170522,22.227448952666805],[31.569185222072107,22.276758453785426],[31.40934363317276,22.276758453785426],[31.249502044273417,22.12877793750904],[31.249502044273417,22.07941648447101],[30.876538336841605,22.07941648447101],[30.82325780720849,22.030037775231023],[30.61013568867603,22.030037775231023],[30.556855159042914,22.07941648447101],[30.290452510877337,22.07941648447101],[30.23717198124422,22.030037775231023],[30.130610921977993,22.030037775231023],[30.077330392344876,22.07941648447101],[29.704366684913065,22.07941648447101],[29.651086155279955,22.030037775231023],[29.597805625646835,22.07941648447101],[29.33140297748126,22.07941648447101],[29.278122447848144,22.030037775231023],[29.171561388581914,22.030037775231023],[29.118280858948797,22.07941648447101],[28.905158740416333,22.07941648447101],[29.06500032931568,22.375325291065177],[29.06500032931568,22.47382237307791],[29.171561388581914,22.621436676927278],[29.224841918215027,22.867108333114864],[29.278122447848144,22.916189568487155],[29.278122447848144,23.01429870622948],[29.33140297748126,23.063326549597935],[29.33140297748126,23.161328638297448],[29.38468350711437,23.210302825004668],[29.43796403674749,23.552618069713226],[29.491244566380608,23.60144789106265],[29.491244566380608,23.747828187372264],[29.544525096013718,23.79658513494861],[29.544525096013718,24.088741744222713],[29.597805625646835,24.13737006955203],[29.597805625646835,25.250663211637573],[29.544525096013718,25.29884026146137],[29.544525096013718,25.731569246832915],[29.491244566380608,25.779553714426505],[29.491244566380608,25.97129731445463],[29.43796403674749,26.019184518578065],[29.43796403674749,26.162728852613625],[29.33140297748126,26.35384670332109],[29.33140297748126,26.44928749243444],[29.224841918215027,26.639931800393207],[29.118280858948797,26.735134923247674],[29.118280858948797,26.78270664078344],[28.63875609225076,27.209952400249026],[28.585475562617646,27.209952400249026],[28.4256339737183,27.35200589443281],[28.212511855185834,27.44660717871058],[28.105950795919608,27.541127406651896],[28.052670266286487,27.541127406651896],[27.94610920702026,27.635566390693953],[27.786267618120913,27.682755357924968],[27.679706558854686,27.777072126722686],[27.146901262523528,28.012506173172333],[27.040340203257298,28.012506173172333],[26.88049861435795,28.10653616083617],[26.614095966192373,28.153520285706083],[26.56081543655926,28.20048380116103],[26.454254377293026,28.20048380116103],[26.400973847659913,28.2474266847024],[26.241132258760565,28.2474266847024],[26.187851729127452,28.294348913896897],[25.974729610594988,28.294348913896897],[25.921449080961878,28.341250466376497],[25.761607492062527,28.341250466376497],[25.708326962429418,28.38813131983846],[25.441924314263833,28.38813131983846],[25.38864378463072,28.434991452045377],[25.175521666098255,28.434991452045377],[25.122241136465142,28.48183084082507],[25.122241136465142,29.274905537090294],[25.015680077198912,29.46062770004126],[25.015680077198912,29.692302919905156],[24.962399547565795,29.738574093456045],[24.962399547565795,29.923445207469197],[24.855838488299565,30.061873719515113],[24.855838488299565,30.154052035571368],[25.06896060683203,30.43006992456602],[25.06896060683203,30.521903013550062],[25.122241136465142,30.567787057054684],[25.122241136465142,30.888366893924072],[25.015680077198912,31.071075629596947],[25.015680077198912,31.298968671586135],[25.28208272536449,31.57171442451613],[25.335363254997603,31.52631194141978],[25.548485373530067,31.52631194141978],[25.761607492062527,31.617094809060234],[26.187851729127452,31.617094809060234],[26.400973847659913,31.52631194141978],[26.720657025458603,31.52631194141978],[26.77393755509172,31.48088737753366],[26.98705967362418,31.48088737753366],[27.146901262523528,31.389972078762643],[27.413303910689102,31.389972078762643],[27.57314549958845,31.207877300414765],[27.786267618120913,31.207877300414765],[27.839548147754027,31.253433972433974],[27.94610920702026,31.253433972433974],[28.052670266286487,31.116698110687686],[28.47891450335141,31.116698110687686],[28.692036621883876,31.025431248873446],[28.798597681150106,31.025431248873446],[29.06500032931568,30.842635100009527],[29.278122447848144,30.842635100009527],[29.491244566380608,30.934076862470793],[30.077330392344876,31.344481379723515],[30.290452510877337,31.344481379723515],[30.397013570143567,31.52631194141978],[30.503574629409798,31.48088737753366],[30.66341621830914,31.48088737753366],[30.983099396107836,31.617094809060234],[31.249502044273417,31.617094809060234],[31.302782573906526,31.57171442451613],[31.40934363317276,31.57171442451613],[31.51590469243899,31.48088737753366],[31.782307340604564,31.48088737753366],[31.888868399870802,31.57171442451613],[32.04870998877015,31.52631194141978],[32.04870998877015,31.48088737753366],[32.2618321073026,31.298968671586135],[32.368393166568836,31.298968671586135],[32.47495422583507,31.207877300414765],[32.52823475546818,31.207877300414765],[32.52823475546818,31.16229867374054],[32.63479581473442,31.071075629596947],[32.741356874000644,31.071075629596947],[33.11432058143245,31.253433972433974],[33.32744269996492,31.253433972433974],[33.380723229598026,31.207877300414765],[33.48728428886426,31.207877300414765],[33.59384534813049,31.116698110687686],[33.70040640739672,31.116698110687686],[33.75368693702984,31.16229867374054],[33.91352852592918,31.16229867374054],[34.12665064446165,31.253433972433974],[34.12665064446165,31.16229867374054],[34.286492233360995,30.934076862470793],[34.3397727629941,30.705308953656246],[34.39305329262722,30.6594900461905],[34.39305329262722,30.567787057054684],[34.44633382226035,30.521903013550062],[34.44633382226035,30.338150294902043],[34.55289488152657,30.246144279808277],[34.60617541115969,30.154052035571368],[34.60617541115969,30.061873719515113],[34.659455940792796,30.01575233400216],[34.659455940792796,29.877259506428985],[34.76601700005903,29.692302919905156],[34.76601700005903,29.507005255929126],[34.872578059325264,29.36780896487279],[34.872578059325264,29.274905537090294],[35.085700177857724,29.181917583896993],[35.298822296390185,29.181917583896993],[35.3521028260233,29.13539196280729],[35.61850547418887,29.13539196280729],[35.67178600382199,29.0888452735384],[35.938188651987566,29.0888452735384],[35.99146918162069,29.042277537283915],[36.151310770520034,29.042277537283915],[36.364432889052495,29.228422115679077],[36.364432889052495,29.274905537090294],[36.47099394831872,29.274905537090294],[36.63083553721807,29.414228929443283],[36.790677126117416,29.692302919905156],[36.89723818538364,29.738574093456045],[37.003799244649876,29.738574093456045],[37.05707977428299,29.784823929237653],[37.21692136318234,29.784823929237653],[37.27020189281546,29.831052406967718],[37.48332401134792,29.831052406967718],[37.589885070614145,29.877259506428985],[37.74972665951349,30.107973626647397],[37.74972665951349,30.20010892652429],[37.96284877804597,30.338150294902043],[38.016129307679066,30.338150294902043],[38.1226903669453,30.43006992456602],[38.1226903669453,30.521903013550062],[37.96284877804597,30.6594900461905],[37.85628771877972,30.6594900461905],[37.80300718914661,30.61364940763984],[37.80300718914661,30.521903013550062],[37.85628771877972,30.4759972963057],[37.80300718914661,30.4759972963057],[37.589885070614145,30.338150294902043],[37.48332401134792,30.154052035571368],[37.48332401134792,30.061873719515113],[37.376762952081684,30.01575233400216],[37.21692136318234,30.01575233400216],[37.16364083354922,29.96960949000105],[36.95051871501676,29.96960949000105],[36.89723818538364,29.923445207469197],[36.737396596484295,29.923445207469197],[36.63083553721807,29.831052406967718],[36.47099394831872,29.553361576434355],[36.311152359419374,29.414228929443283],[36.311152359419374,29.36780896487279],[36.20459130015315,29.36780896487279],[36.098030240886914,29.274905537090294],[35.77834706308822,29.274905537090294],[35.72506653345511,29.32136782713252],[35.45866388528953,29.32136782713252],[35.40538335565642,29.36780896487279],[35.13898070749084,29.36780896487279],[35.085700177857724,29.414228929443283],[35.13898070749084,29.507005255929126],[35.13898070749084,29.64601042893221],[35.19226123712395,29.692302919905156],[35.19226123712395,29.831052406967718],[35.298822296390185,30.01575233400216],[35.298822296390185,30.43006992456602],[35.45866388528953,30.705308953656246],[35.45866388528953,30.796881499454628],[35.565224944555766,30.934076862470793],[35.565224944555766,31.253433972433974],[35.61850547418887,31.298968671586135],[35.61850547418887,31.57171442451613],[35.72506653345511,31.70778921176238],[35.72506653345511,31.979340227179286],[35.67178600382199,32.02452093601061],[35.72506653345511,32.06967937218613],[35.72506653345511,32.43014301229019],[35.77834706308822,32.47510023455575],[35.77834706308822,32.56494734152435],[35.88490812235445,32.56494734152435],[36.151310770520034,32.3401613126281],[36.25787182978626,32.3401613126281],[36.47099394831872,32.20502087450716],[36.63083553721807,32.20502087450716],[36.68411606685119,32.15992935839771],[36.89723818538364,32.15992935839771],[37.05707977428299,32.29513686839462],[37.21692136318234,32.3401613126281],[37.80300718914661,32.69954941267952],[37.85628771877972,32.69954941267952],[37.96284877804597,32.789171544536025],[38.1226903669453,32.83394878747176],[38.54893460401022,33.10213772044546],[38.76205672254269,33.19135288230952],[38.76205672254269,33.10213772044546],[38.81533725217581,33.05749613493052],[38.81533725217581,32.92343554745964],[38.921898311442035,32.744371747590975],[38.921898311442035,32.60983719344516],[38.97517884107514,32.56494734152435],[38.921898311442035,32.47510023455575],[38.921898311442035,32.3401613126281],[38.97517884107514,32.29513686839462],[38.97517884107514,32.20502087450716],[39.08173990034138,32.15992935839771],[39.02845937070826,32.06967937218613],[38.921898311442035,32.02452093601061],[38.81533725217581,32.02452093601061],[38.76205672254269,31.979340227179286],[38.655495663276454,31.979340227179286],[38.60221513364334,31.934137262814872],[38.442373544743994,31.934137262814872],[38.38909301511089,31.888912060103944],[38.28253195584465,31.888912060103944],[38.22925142621153,31.84366463629695],[38.069409837312186,31.84366463629695],[37.85628771877972,31.753103194715933],[37.74972665951349,31.753103194715933],[37.69644612988038,31.70778921176238],[37.53660454098103,31.70778921176238],[37.32348242244857,31.617094809060234],[37.21692136318234,31.617094809060234],[37.16364083354922,31.57171442451613],[37.003799244649876,31.57171442451613],[36.95051871501676,31.52631194141978],[36.95051871501676,31.344481379723515],[37.376762952081684,30.97976498698673],[37.48332401134792,30.97976498698673],[37.53660454098103,31.025431248873446],[37.53660454098103,31.116698110687686],[37.21692136318234,31.389972078762643],[37.27020189281546,31.435440750684357],[37.376762952081684,31.435440750684357],[37.4300434817148,31.48088737753366],[37.589885070614145,31.48088737753366],[37.80300718914661,31.57171442451613],[37.90956824841284,31.57171442451613],[37.96284877804597,31.617094809060234],[38.1226903669453,31.617094809060234],[38.33581248547776,31.70778921176238],[38.49565407437711,31.70778921176238],[38.70877619290957,31.79839500870819],[38.81533725217581,31.79839500870819],[38.868617781808915,31.84366463629695],[39.08173990034138,31.84366463629695],[39.24158148924073,31.979340227179286],[39.40142307814007,31.979340227179286],[39.45470360777318,31.934137262814872],[39.66782572630565,31.934137262814872],[39.721106255938764,31.888912060103944],[39.934228374471225,31.888912060103944],[39.98750890410434,31.84366463629695],[40.25391155226991,31.84366463629695],[40.30719208190303,31.79839500870819],[40.41375314116926,31.79839500870819],[40.41375314116926,31.753103194715933],[40.36047261153615,31.70778921176238],[40.36047261153615,31.57171442451613],[40.30719208190303,31.48088737753366],[40.04078943373746,31.207877300414765],[39.98750890410434,31.207877300414765],[39.82766731520499,31.071075629596947],[39.77438678557188,31.071075629596947],[39.61454519667253,30.934076862470793],[39.56126466703942,30.934076862470793],[39.294862018873836,30.705308953656246],[39.24158148924073,30.705308953656246],[39.08173990034138,30.567787057054684],[39.02845937070826,30.567787057054684],[38.868617781808915,30.43006992456602],[38.655495663276454,30.338150294902043],[38.442373544743994,30.154052035571368],[38.38909301511089,30.154052035571368],[38.069409837312186,29.831052406967718],[38.016129307679066,29.738574093456045],[38.016129307679066,29.274905537090294],[38.1226903669453,29.0888452735384],[38.1226903669453,28.995688775302625],[38.17597089657841,28.94907900891849],[38.17597089657841,28.855796548563628],[38.22925142621153,28.809123897566884],[38.22925142621153,28.715715861858946],[38.49565407437711,28.2474266847024],[38.60221513364334,28.153520285706083],[38.60221513364334,28.10653616083617],[38.921898311442035,27.777072126722686],[38.921898311442035,27.729923944318404],[39.18830095960761,27.49387743647045],[39.18830095960761,27.44660717871058],[39.88094784483811,26.78270664078344],[39.88094784483811,26.735134923247674],[40.04078943373746,26.592300444182666],[40.04078943373746,26.544649257630578],[40.30719208190303,26.258327089848052],[40.30719208190303,26.21053778662298],[40.786716848601074,25.68356540375054],[40.786716848601074,25.63554221106574],[40.946558437500414,25.491356795232356],[41.053119496766655,25.29884026146137],[41.53264426346469,24.76784585853883],[41.53264426346469,24.71946002786152],[41.69248585236404,24.57418973506956],[41.69248585236404,24.52572879490646],[41.852327441263384,24.380233830805246],[41.852327441263384,24.331698220110756],[42.01216903016273,24.18597990772055],[42.01216903016273,24.13737006955203],[42.172010619062085,23.991429744189197],[42.278571678328305,23.79658513494861],[42.43841326722765,23.650259536876852],[42.54497432649388,23.45490401531679],[42.704815915393226,23.30819733704741],[42.81137697465946,23.11233653673507],[42.91793803392569,23.01429870622948],[42.91793803392569,22.965253036036103],[43.077779622825034,22.818009359514303],[43.18434068209127,22.621436676927278],[43.2909017413575,22.52304468034632],[43.2909017413575,22.47382237307791],[43.39746280062373,22.375325291065177],[43.45074333025685,22.227448952666805],[43.6638654487893,21.98064184044462],[43.71714597842242,21.8323509902906],[43.93026809695488,21.584857941548503],[44.356512334019804,20.79005252763529],[44.356512334019804,20.69040325991921],[44.46307339328603,20.54080662956397],[44.51635392291915,20.29115380026198],[44.62291498218538,20.141168472727028],[44.6761955118185,19.890873061911464],[44.72947604145161,19.84076629801491],[44.72947604145161,19.74050535468295],[44.782756571084725,19.6903512420615],[44.782756571084725,19.589995902383414],[44.99587868961719,19.187951291736923],[44.99587868961719,19.087285681091195],[45.31556186741588,18.482015651121124],[45.52868398594835,18.229183340631558],[45.52868398594835,18.17857257971253],[46.061489282279496,17.671663176817226],[46.274611400811956,17.57010820749424],[46.38117246007819,17.468496209208492],[46.64757510824377,17.366827469701143],[46.64757510824377,17.315971912147862],[45.79508663411392,17.315971912147862],[45.7418061044808,17.366827469701143],[45.47540345631523,17.366827469701143],[45.31556186741588,17.468496209208492],[44.836037100717846,17.468496209208492],[44.782756571084725,17.519309319008435],[44.62291498218538,17.519309319008435],[44.56963445255227,17.468496209208492],[44.09010968585423,17.468496209208492],[44.03682915622111,17.417668914089468],[43.82370703768865,17.417668914089468],[43.61058491915619,17.57010820749424],[43.39746280062373,17.57010820749424],[43.2909017413575,17.519309319008435],[43.131060152458154,17.366827469701143],[43.077779622825034,17.010544219061185],[43.02449909319193,16.95959088483953],[43.02449909319193,16.857642785855965],[43.077779622825034,16.755639690359963],[43.02449909319193,16.704617610698175],[43.02449909319193,16.602532571569846],[42.91793803392569,16.55146968587174],[42.75809644502635,16.3982000079631],[42.75809644502635,16.29595307616731],[42.81137697465946,16.24480957783461],[42.97121856355881,16.24480957783461],[43.34418227099061,16.602532571569846],[43.2909017413575,17.06148369436836],[43.39746280062373,17.163320922358658],[43.39746280062373,17.315971912147862],[43.45074333025685,17.366827469701143],[43.557304389523075,17.366827469701143],[43.770426508055536,17.163320922358658],[44.19667074512046,17.163320922358658],[44.356512334019804,17.265102277588483],[44.62291498218538,17.21421860223624],[44.6761955118185,17.265102277588483],[45.26228133778277,17.265102277588483],[45.422122926682114,17.163320922358658],[45.635245045214575,17.163320922358658],[45.6885255748477,17.112409274277432],[46.11476981191262,17.112409274277432],[46.16805034154573,17.06148369436836],[46.487733519344424,17.06148369436836],[46.541014048977544,17.112409274277432],[46.75413616751,17.112409274277432],[46.860697226776225,16.908623728240773],[46.967258286042465,16.806648094329685],[47.07381934530869,16.806648094329685],[47.127099874941806,16.755639690359963],[47.23366093420805,16.755639690359963],[47.340221993474266,16.857642785855965],[47.55334411200673,16.95959088483953],[47.65990517127297,16.95959088483953],[47.713185700906074,16.908623728240773],[48.03286887870477,16.908623728240773],[48.08614940833789,16.857642785855965],[48.29927152687034,16.857642785855965],[48.35255205650346,16.908623728240773],[48.88535735283462,16.908623728240773],[48.93863788246773,16.95959088483953],[49.73784582696446,16.95959088483953],[49.95096794549692,16.857642785855965],[50.05752900476316,16.857642785855965],[50.16409006402939,16.755639690359963],[50.217370593662494,16.755639690359963],[50.53705377146119,16.44930336702562],[50.53705377146119,16.3982000079631],[50.696895360360536,16.24480957783461],[50.696895360360536,16.193652774232874],[50.96329800852612,15.886434636132279],[50.96329800852612,15.83518574381439],[51.496103304857265,15.270597915711416],[51.496103304857265,15.167780462547528],[51.336261715957924,15.064912967214433],[51.176420127058584,15.064912967214433],[51.123139597425464,15.01346054976144],[50.96329800852612,15.01346054976144],[50.910017478893,14.96199573709749],[50.696895360360536,14.96199573709749],[50.64361483072742,14.910518567769207],[50.53705377146119,14.910518567769207],[50.43049271219496,14.807527313551784],[50.217370593662494,14.704487096462882],[49.89768741586381,14.704487096462882],[49.84440688623069,14.652948723728151],[49.684565297331346,14.652948723728151],[49.36488211953265,14.4982610149832],[49.25832106026642,14.395075773185342],[49.20504053063331,14.395075773185342],[48.93863788246773,14.08523499524732],[48.93863788246773,14.033553707394049],[48.88535735283462,14.033553707394049],[48.778796293568384,13.930156207515356],[48.61895470466904,13.930156207515356],[48.56567417503592,13.878440074453902],[48.192710467604115,13.878440074453902],[48.139429937970995,13.930156207515356],[48.03286887870477,13.930156207515356],[47.92630781943854,13.82671240536471],[47.766466230539194,13.774973239846105],[47.55334411200673,13.567902407061489],[47.4467830527405,13.516106354986254],[47.340221993474266,13.516106354986254],[47.28694146384115,13.464299045039011],[47.07381934530869,13.464299045039011],[46.807416697143125,13.308809967387218],[46.061489282279496,13.308809967387218],[46.00820875264638,13.256958025600094],[45.79508663411392,13.256958025600094],[45.581964515581454,13.101336013929377],[45.581964515581454,13.049440081900958],[45.47540345631523,12.945615567240488],[45.368842397049,12.945615567240488],[45.26228133778277,12.893687065297783],[45.15572027851653,12.78979777424059],[45.15572027851653,12.633883727196348],[44.56963445255227,12.633883727196348],[44.24995127475358,12.477874521899297],[43.93026809695488,12.477874521899297],[43.82370703768865,12.581891177689169],[43.61058491915619,12.581891177689169],[43.45074333025685,12.477874521899297],[43.504023859889955,12.113489164441141],[43.557304389523075,12.061393127215252],[43.504023859889955,12.009286966543801],[43.504023859889955,11.905044439448124],[43.45074333025685,11.852908155419005],[43.2909017413575,11.852908155419005],[43.18434068209127,11.74860575269388],[43.18434068209127,11.64426384594997],[43.2909017413575,11.592078182049514],[43.2909017413575,11.539882766399328],[43.18434068209127,11.487677640501555],[43.18434068209127,11.4354628458983],[43.077779622825034,11.331004416942646],[43.077779622825034,11.278760865872894],[42.91793803392569,11.069692057780053],[42.704815915393226,11.174245299051494],[42.59825485612701,11.174245299051494],[42.38513273759453,11.069692057780053],[42.11873008942896,11.069692057780053],[42.06544955979584,11.017401413793564],[41.95888850052961,11.017401413793564],[41.95888850052961,11.331004416942646],[41.9056079708965,11.383238424171472],[41.9056079708965,11.487677640501555],[41.95888850052961,11.592078182049514],[42.11873008942896,11.74860575269388],[42.11873008942896,11.800761912734245],[42.278571678328305,11.957170723562436],[42.331852207961425,12.061393127215252],[42.331852207961425,12.1655750371273],[42.38513273759453,12.1655750371273],[42.491693796860766,12.269716124712001],[42.491693796860766,12.321771257630898],[42.54497432649388,12.321771257630898],[42.65153538576011,12.21765070422118],[42.81137697465946,12.21765070422118],[42.97121856355881,12.373816062051077],[43.02449909319193,12.477874521899297],[43.23762121172438,12.581891177689169],[43.23762121172438,12.685865703535606],[43.18434068209127,12.737837066078693],[43.02449909319193,12.737837066078693],[42.97121856355881,12.685865703535606],[42.86465750429257,12.685865703535606],[42.704815915393226,12.477874521899297],[42.59825485612701,12.581891177689169],[42.43841326722765,12.581891177689169],[42.38513273759453,12.685865703535606],[42.225291148695185,12.841747787479664],[42.172010619062085,12.841747787479664],[42.01216903016273,12.997533252897119],[41.95888850052961,13.153221008703976],[41.69248585236404,13.412480517139297],[41.479363733831576,13.516106354986254],[41.26624161529911,13.723222617542701],[41.15968055603288,13.930156207515356],[40.89327790786731,14.188562449722845],[40.786716848601074,14.240208537662507],[40.68015578933484,14.240208537662507],[40.52031420043549,14.343465238593174],[40.41375314116926,14.343465238593174],[40.41375314116926,14.395075773185342],[40.30719208190303,14.4982610149832],[40.200631022636806,14.54983564407616],[39.98750890410434,14.54983564407616],[39.934228374471225,14.4982610149832],[39.88094784483811,14.54983564407616],[39.721106255938764,14.54983564407616],[39.61454519667253,14.652948723728151],[39.507984137406304,14.652948723728151],[39.40142307814007,14.54983564407616],[39.294862018873836,14.54983564407616],[39.24158148924073,14.652948723728151],[39.13502042997449,14.704487096462882],[38.97517884107514,14.704487096462882],[38.868617781808915,14.54983564407616],[38.655495663276454,14.54983564407616],[38.60221513364334,14.4982610149832],[38.49565407437711,14.4982610149832],[38.442373544743994,14.60139822663657],[38.28253195584465,14.756013306001128],[38.17597089657841,14.756013306001128],[38.016129307679066,14.910518567769207],[37.85628771877972,14.910518567769207],[37.80300718914661,14.859029080372373],[37.80300718914661,14.756013306001128],[37.69644612988038,14.60139822663657],[37.69644612988038,14.4982610149832],[37.589885070614145,14.291842813693673],[37.376762952081684,14.54983564407616],[37.27020189281546,14.54983564407616],[37.16364083354922,14.4982610149832],[37.003799244649876,14.343465238593174],[36.95051871501676,14.395075773185342],[36.68411606685119,14.395075773185342],[36.63083553721807,14.4982610149832],[36.63083553721807,14.859029080372373],[36.577555007584955,14.910518567769207],[36.577555007584955,15.01346054976144],[36.790677126117416,15.373365020115035],[36.790677126117416,15.578746960272069],[37.11036030391611,16.193652774232874],[37.11036030391611,16.3982000079631],[37.05707977428299,16.44930336702562],[37.05707977428299,16.55146968587174],[37.16364083354922,16.704617610698175],[37.16364083354922,16.857642785855965],[37.48332401134792,16.857642785855965],[37.589885070614145,16.95959088483953],[37.643165600247265,17.06148369436836],[37.643165600247265,17.163320922358658],[37.69644612988038,17.21421860223624],[37.96284877804597,17.265102277588483],[38.016129307679066,17.315971912147862],[38.22925142621153,17.315971912147862],[38.33581248547776,17.366827469701143],[38.38909301511089,17.468496209208492],[38.54893460401022,17.620892838725627],[38.54893460401022,17.722419185938648],[38.70877619290957,17.87460088200515],[38.70877619290957,17.925299218045524],[38.81533725217581,17.722419185938648],[38.921898311442035,17.620892838725627],[39.02845937070826,17.417668914089468],[39.08173990034138,17.163320922358658],[39.13502042997449,17.112409274277432],[39.13502042997449,16.95959088483953],[39.24158148924073,16.755639690359963],[39.24158148924073,16.653581892148896],[39.45470360777318,16.55146968587174],[39.294862018873836,16.44930336702562],[39.294862018873836,16.24480957783461],[39.34814254850696,16.193652774232874],[39.45470360777318,16.193652774232874],[39.56126466703942,16.347083231952297],[39.66782572630565,16.347083231952297],[39.66782572630565,16.29595307616731],[39.56126466703942,16.193652774232874],[39.56126466703942,16.091299400597563],[39.66782572630565,15.937670485584942],[39.77438678557188,15.886434636132279],[39.77438678557188,15.83518574381439],[39.56126466703942,15.73264898140398],[39.56126466703942,15.630060500507014],[39.721106255938764,15.476081469965516],[39.82766731520499,15.476081469965516],[39.934228374471225,15.527420604092269],[40.09406996337057,15.373365020115035],[40.30719208190303,15.270597915711416],[40.52031420043549,15.064912967214433],[40.73343631896796,14.96199573709749],[40.999838967133535,14.704487096462882],[41.10640002639976,14.652948723728151],[41.26624161529911,14.652948723728151],[41.31952214493223,14.54983564407616],[41.479363733831576,14.395075773185342],[41.479363733831576,14.343465238593174],[41.639205322730916,14.188562449722845],[41.74576638199715,13.981860764997181],[41.95888850052961,13.878440074453902],[42.06544955979584,13.878440074453902],[42.225291148695185,13.67146057814528],[42.278571678328305,13.67146057814528],[42.38513273759453,13.567902407061489],[42.491693796860766,13.308809967387218],[42.59825485612701,13.256958025600094],[42.81137697465946,13.049440081900958],[42.97121856355881,13.049440081900958],[43.18434068209127,12.841747787479664],[43.2909017413575,12.633883727196348],[43.39746280062373,12.633883727196348],[43.45074333025685,12.685865703535606],[43.45074333025685,12.78979777424059],[43.18434068209127,13.20509502599072],[43.23762121172438,13.256958025600094],[43.23762121172438,13.774973239846105],[43.077779622825034,13.981860764997181],[43.02449909319193,13.981860764997181],[43.077779622825034,14.033553707394049],[43.077779622825034,14.1369045891452],[42.86465750429257,14.54983564407616],[42.91793803392569,14.60139822663657],[42.91793803392569,14.704487096462882],[42.86465750429257,14.756013306001128],[42.86465750429257,15.01346054976144],[42.81137697465946,15.064912967214433],[42.65153538576011,15.064912967214433],[42.54497432649388,15.167780462547528],[42.54497432649388,15.32198778063907],[42.331852207961425,15.424729595940192],[42.278571678328305,15.681361186849834],[42.331852207961425,15.73264898140398],[42.54497432649388,15.73264898140398]],[[42.491693796860766,16.602532571569846],[42.43841326722765,16.55146968587174],[42.43841326722765,16.44930336702562],[42.54497432649388,16.347083231952297],[42.65153538576011,16.347083231952297],[42.704815915393226,16.3982000079631],[42.704815915393226,16.55146968587174],[42.65153538576011,16.602532571569846],[42.491693796860766,16.602532571569846]],[[33.007759522166225,28.57544729974053],[33.11432058143245,28.57544729974053],[33.16760111106557,28.62222432585838],[33.16760111106557,28.9024482595207],[32.954478992533105,29.0888452735384],[32.84791793326688,29.0888452735384],[32.79463740363376,29.042277537283915],[32.79463740363376,28.855796548563628],[32.954478992533105,28.715715861858946],[32.954478992533105,28.62222432585838],[33.007759522166225,28.57544729974053]],[[37.53660454098103,30.97976498698673],[37.48332401134792,30.934076862470793],[37.48332401134792,30.842635100009527],[37.69644612988038,30.6594900461905],[37.80300718914661,30.6594900461905],[37.85628771877972,30.705308953656246],[37.85628771877972,30.796881499454628],[37.643165600247265,30.97976498698673],[37.53660454098103,30.97976498698673]]],[[[34.97913911859149,32.43014301229019],[34.92585858895838,32.3401613126281],[34.92585858895838,32.20502087450716],[34.872578059325264,32.15992935839771],[34.872578059325264,32.06967937218613],[34.92585858895838,32.02452093601061],[34.92585858895838,31.888912060103944],[34.872578059325264,31.84366463629695],[34.872578059325264,31.753103194715933],[34.97913911859149,31.66245307735374],[34.81929752969214,31.48088737753366],[34.81929752969214,31.298968671586135],[34.92585858895838,31.207877300414765],[35.24554176675707,31.207877300414765],[35.3521028260233,31.298968671586135],[35.3521028260233,31.025431248873446],[35.24554176675707,30.888366893924072],[35.19226123712395,30.6594900461905],[35.13898070749084,30.61364940763984],[35.13898070749084,30.521903013550062],[35.085700177857724,30.4759972963057],[35.085700177857724,30.154052035571368],[34.97913911859149,29.96960949000105],[34.97913911859149,29.784823929237653],[34.92585858895838,29.831052406967718],[34.92585858895838,29.96960949000105],[34.81929752969214,30.107973626647397],[34.81929752969214,30.20010892652429],[34.76601700005903,30.246144279808277],[34.76601700005903,30.338150294902043],[34.71273647042592,30.384120917640182],[34.71273647042592,30.4759972963057],[34.659455940792796,30.521903013550062],[34.659455940792796,30.61364940763984],[34.60617541115969,30.6594900461905],[34.60617541115969,30.751106111051335],[34.44633382226035,31.025431248873446],[34.44633382226035,31.16229867374054],[34.55289488152657,31.344481379723515],[34.659455940792796,31.435440750684357],[34.659455940792796,31.57171442451613],[34.55289488152657,31.66245307735374],[34.55289488152657,31.70778921176238],[34.71273647042592,31.934137262814872],[34.76601700005903,32.15992935839771],[34.81929752969214,32.20502087450716],[34.872578059325264,32.52003501644141],[34.92585858895838,32.56494734152435],[34.92585858895838,32.789171544536025],[35.085700177857724,32.92343554745964],[35.085700177857724,32.968145032741766],[35.19226123712395,32.92343554745964],[35.511944414922645,32.92343554745964],[35.72506653345511,33.10213772044546],[35.77834706308822,33.05749613493052],[35.77834706308822,32.83394878747176],[35.67178600382199,32.789171544536025],[35.511944414922645,32.65470455590778],[35.45866388528953,32.56494734152435],[35.3521028260233,32.60983719344516],[35.19226123712395,32.60983719344516],[34.97913911859149,32.43014301229019]]],[[[35.085700177857724,31.435440750684357],[35.13898070749084,31.57171442451613],[35.298822296390185,31.57171442451613],[35.3521028260233,31.617094809060234],[35.3521028260233,31.79839500870819],[35.13898070749084,31.934137262814872],[35.13898070749084,32.15992935839771],[35.19226123712395,32.20502087450716],[35.19226123712395,32.3401613126281],[35.298822296390185,32.38516336613106],[35.40538335565642,32.29513686839462],[35.45866388528953,32.29513686839462],[35.45866388528953,31.66245307735374],[35.40538335565642,31.617094809060234],[35.40538335565642,31.52631194141978],[35.3521028260233,31.52631194141978],[35.24554176675707,31.435440750684357],[35.085700177857724,31.435440750684357]]],[[[36.151310770520034,33.946004172278656],[35.88490812235445,33.72473315638968],[35.88490812235445,33.50289023424592],[35.83162759272134,33.50289023424592],[35.72506653345511,33.413993346105784],[35.72506653345511,33.36951073649679],[35.61850547418887,33.36951073649679],[35.45866388528953,33.280477262010315],[35.45866388528953,33.14675664141796],[35.13898070749084,33.14675664141796],[35.24554176675707,33.32500537005681],[35.24554176675707,33.413993346105784],[35.40538335565642,33.63606451321154],[35.40538335565642,33.72473315638968],[35.45866388528953,33.76903317077872],[35.45866388528953,33.90179580938731],[35.511944414922645,33.90179580938731],[35.61850547418887,33.99018958610701],[35.61850547418887,34.254819339428145],[35.72506653345511,34.342845021340864],[35.72506653345511,34.38682325523422],[35.938188651987566,34.51861936331295],[36.0447497112538,34.474710439922355],[36.25787182978626,34.474710439922355],[36.25787182978626,34.38682325523422],[36.311152359419374,34.342845021340864],[36.41771341868561,34.342845021340864],[36.47099394831872,34.29884371145344],[36.47099394831872,34.12260799001237],[36.41771341868561,34.12260799001237],[36.25787182978626,33.99018958610701],[36.25787182978626,33.946004172278656],[36.151310770520034,33.946004172278656]]],[[[41.26624161529911,36.38465017656419],[41.212961085665995,36.34174736034713],[41.212961085665995,36.16989973092737],[41.15968055603288,36.12687878824978],[41.15968055603288,35.954559215591786],[41.26624161529911,35.82507226577206],[41.26624161529911,35.738630059371495],[41.31952214493223,35.652093904588064],[41.212961085665995,35.522113728381896],[41.212961085665995,35.435343122592826],[41.15968055603288,35.391922709830446],[41.15968055603288,35.218007281397355],[41.10640002639976,35.17447004234837],[41.10640002639976,35.00008793736587],[41.15968055603288,34.956434187845325],[41.15968055603288,34.825333410164376],[41.10640002639976,34.78158668475911],[41.10640002639976,34.69402361367323],[40.999838967133535,34.51861936331295],[40.89327790786731,34.430778399339005],[40.786716848601074,34.38682325523422],[40.68015578933484,34.38682325523422],[40.57359473006861,34.29884371145344],[40.41375314116926,34.254819339428145],[40.30719208190303,34.16670146469706],[40.147350493003685,34.12260799001237],[40.04078943373746,34.03435203652116],[39.88094784483811,33.99018958610701],[39.77438678557188,33.90179580938731],[39.61454519667253,33.857564511846235],[39.507984137406304,33.76903317077872],[39.34814254850696,33.72473315638968],[39.24158148924073,33.63606451321154],[39.08173990034138,33.59169591393361],[38.97517884107514,33.50289023424592],[38.70877619290957,33.413993346105784],[38.54893460401022,33.280477262010315],[38.38909301511089,33.235926427644564],[37.96284877804597,32.968145032741766],[37.80300718914661,32.92343554745964],[37.21692136318234,32.56494734152435],[37.05707977428299,32.52003501644141],[36.843957655750536,32.38516336613106],[36.47099394831872,32.43014301229019],[36.25787182978626,32.60983719344516],[36.151310770520034,32.60983719344516],[36.151310770520034,32.69954941267952],[36.0447497112538,32.744371747590975],[36.0447497112538,33.235926427644564],[35.99146918162069,33.280477262010315],[36.0447497112538,33.36951073649679],[36.20459130015315,33.50289023424592],[36.20459130015315,33.59169591393361],[36.151310770520034,33.680410265625824],[36.41771341868561,33.680410265625824],[36.52427447795184,33.76903317077872],[36.52427447795184,33.857564511846235],[36.47099394831872,33.90179580938731],[36.52427447795184,33.90179580938731],[36.737396596484295,34.078491509232],[36.737396596484295,34.342845021340864],[36.577555007584955,34.51861936331295],[36.63083553721807,34.56250515590096],[36.63083553721807,34.65020729453734],[36.577555007584955,34.69402361367323],[36.311152359419374,34.73781674818148],[36.25787182978626,34.69402361367323],[35.938188651987566,34.69402361367323],[35.88490812235445,34.73781674818148],[35.88490812235445,35.348478906909186],[35.72506653345511,35.47874013286648],[35.72506653345511,35.608790626361525],[35.77834706308822,35.652093904588064],[35.77834706308822,35.82507226577206],[35.83162759272134,35.868258108744875],[35.88490812235445,35.781862912051395],[36.098030240886914,35.69537371958089],[36.25787182978626,35.69537371958089],[36.364432889052495,35.82507226577206],[36.47099394831872,35.868258108744875],[36.52427447795184,35.954559215591786],[36.52427447795184,36.04076613947937],[36.577555007584955,36.08383425397683],[36.737396596484295,36.08383425397683],[36.843957655750536,36.16989973092737],[36.843957655750536,36.25587079631037],[36.737396596484295,36.38465017656419],[36.737396596484295,36.641569862420404],[36.790677126117416,36.684306840609054],[36.843957655750536,36.641569862420404],[36.95051871501676,36.641569862420404],[36.95051871501676,36.556024746428534],[37.003799244649876,36.51321663000687],[37.589885070614145,36.51321663000687],[37.80300718914661,36.641569862420404],[37.96284877804597,36.641569862420404],[38.22925142621153,36.7697095843584],[38.38909301511089,36.7697095843584],[38.76205672254269,36.556024746428534],[39.13502042997449,36.556024746428534],[39.18830095960761,36.51321663000687],[39.294862018873836,36.51321663000687],[39.34814254850696,36.556024746428534],[39.56126466703942,36.556024746428534],[39.61454519667253,36.59880916080643],[39.82766731520499,36.59880916080643],[40.786716848601074,36.98280054878075],[41.10640002639976,36.98280054878075],[41.15968055603288,36.94022992816309],[41.5859247930978,36.94022992816309],[41.639205322730916,36.98280054878075],[41.79904691163026,36.98280054878075],[41.852327441263384,37.0253473627909],[42.01216903016273,37.0253473627909],[42.172010619062085,37.11036953050637],[42.172010619062085,37.15284486411592],[42.278571678328305,37.11036953050637],[42.225291148695185,37.0253473627909],[42.225291148695185,36.94022992816309],[42.172010619062085,36.94022992816309],[41.79904691163026,36.641569862420404],[41.69248585236404,36.641569862420404],[41.639205322730916,36.59880916080643],[41.479363733831576,36.59880916080643],[41.26624161529911,36.47038482232048],[41.26624161529911,36.38465017656419]]],[[[32.2618321073026,35.087325594136935],[32.47495422583507,35.087325594136935],[32.52823475546818,35.13090947569717],[32.52823475546818,35.087325594136935],[32.63479581473442,35.00008793736587],[32.741356874000644,35.00008793736587],[32.79463740363376,34.91275717479644],[33.007759522166225,34.91275717479644],[33.11432058143245,35.00008793736587],[33.2741621703318,35.00008793736587],[33.380723229598026,34.956434187845325],[33.380723229598026,34.869056911216646],[33.434003759231146,34.825333410164376],[33.75368693702984,34.825333410164376],[33.75368693702984,34.78158668475911],[33.380723229598026,34.606367804138074],[33.22088164069868,34.606367804138074],[33.11432058143245,34.474710439922355],[33.06104005179934,34.474710439922355],[33.16760111106557,34.56250515590096],[33.16760111106557,34.65020729453734],[33.007759522166225,34.78158668475911],[32.79463740363376,34.78158668475911],[32.68807634436753,34.69402361367323],[32.68807634436753,34.56250515590096],[32.42167369620195,34.65020729453734],[32.2618321073026,34.91275717479644],[32.2618321073026,35.087325594136935]]],[[[24.00335001416972,34.869056911216646],[24.00335001416972,34.956434187845325],[24.10991107343595,35.00008793736587],[24.10991107343595,34.956434187845325],[24.21647213270218,34.869056911216646],[24.21647213270218,34.73781674818148],[24.10991107343595,34.73781674818148],[24.00335001416972,34.869056911216646]]],[[[24.269752662335296,35.608790626361525],[24.32303319196841,35.47874013286648],[24.429594251234644,35.391922709830446],[24.58943584013399,35.391922709830446],[24.642716369767104,35.435343122592826],[25.175521666098255,35.435343122592826],[25.228802195731372,35.47874013286648],[25.335363254997603,35.47874013286648],[25.335363254997603,35.391922709830446],[25.38864378463072,35.348478906909186],[25.868168551328758,35.348478906909186],[25.868168551328758,35.26152118021163],[25.921449080961878,35.218007281397355],[26.028010140228105,35.218007281397355],[26.187851729127452,35.348478906909186],[26.3476933180268,35.348478906909186],[26.454254377293026,35.26152118021163],[26.454254377293026,35.218007281397355],[26.400973847659913,35.17447004234837],[26.400973847659913,35.04371841042159],[26.241132258760565,34.869056911216646],[26.13457119949434,34.869056911216646],[26.081290669861218,34.91275717479644],[25.868168551328758,34.91275717479644],[25.81488802169564,34.869056911216646],[25.81488802169564,34.78158668475911],[25.708326962429418,34.78158668475911],[25.708326962429418,34.869056911216646],[25.655046432796293,34.91275717479644],[25.38864378463072,34.91275717479644],[25.335363254997603,34.869056911216646],[25.175521666098255,34.869056911216646],[25.122241136465142,34.825333410164376],[24.749277429033334,34.825333410164376],[24.642716369767104,34.91275717479644],[24.58943584013399,34.91275717479644],[24.58943584013399,35.00008793736587],[24.429594251234644,35.087325594136935],[24.16319160306907,35.087325594136935],[24.10991107343595,35.04371841042159],[24.10991107343595,35.087325594136935],[24.056630543802832,35.13090947569717],[23.63038630673791,35.13090947569717],[23.52382524747168,35.218007281397355],[23.52382524747168,35.522113728381896],[23.63038630673791,35.652093904588064],[23.73694736600414,35.69537371958089],[23.84350842527037,35.69537371958089],[23.95006948453661,35.565463896929884],[24.056630543802832,35.565463896929884],[24.10991107343595,35.608790626361525],[24.269752662335296,35.608790626361525]]],[[[33.11432058143245,35.26152118021163],[32.90119846289999,35.17447004234837],[32.90119846289999,35.391922709830446],[33.22088164069868,35.391922709830446],[33.2741621703318,35.348478906909186],[33.59384534813049,35.348478906909186],[33.806967466662954,35.435343122592826],[33.9668090555623,35.435343122592826],[34.17993117409476,35.565463896929884],[34.49961435189345,35.69537371958089],[34.659455940792796,35.69537371958089],[34.71273647042592,35.652093904588064],[34.659455940792796,35.565463896929884],[34.60617541115969,35.565463896929884],[34.39305329262722,35.391922709830446],[34.3397727629941,35.391922709830446],[34.12665064446165,35.218007281397355],[34.020089585195414,35.17447004234837],[33.64712587776361,35.13090947569717],[33.54056481849737,35.26152118021163],[33.11432058143245,35.26152118021163]]],[[[26.88049861435795,35.26152118021163],[26.827218084724837,35.30501172621933],[26.827218084724837,35.435343122592826],[27.040340203257298,35.522113728381896],[27.040340203257298,35.608790626361525],[27.146901262523528,35.738630059371495],[27.146901262523528,35.82507226577206],[27.20018179215664,35.91142042924111],[27.306742851422875,35.91142042924111],[27.36002338105599,35.868258108744875],[27.36002338105599,35.738630059371495],[27.306742851422875,35.69537371958089],[27.306742851422875,35.522113728381896],[27.36002338105599,35.435343122592826],[27.20018179215664,35.30501172621933],[27.040340203257298,35.30501172621933],[26.98705967362418,35.26152118021163],[26.88049861435795,35.26152118021163]]],[[[26.88049861435795,36.25587079631037],[26.827218084724837,36.212897070698226],[26.720657025458603,36.212897070698226],[26.66737649582549,36.25587079631037],[26.66737649582549,36.38465017656419],[26.720657025458603,36.38465017656419],[26.88049861435795,36.25587079631037]]],[[[26.3476933180268,36.641569862420404],[26.507534906926143,36.641569862420404],[26.56081543655926,36.59880916080643],[26.56081543655926,36.427529334207286],[26.187851729127452,36.427529334207286],[26.13457119949434,36.47038482232048],[26.13457119949434,36.556024746428534],[26.3476933180268,36.641569862420404]]],[[[24.00335001416972,36.7697095843584],[23.84350842527037,36.7697095843584],[23.84350842527037,36.81237532888971],[23.896788954903485,36.85501730793677],[24.00335001416972,36.85501730793677],[24.00335001416972,36.7697095843584]]],[[[30.397013570143567,41.238481940333955],[30.556855159042914,41.15830681019347],[30.76997727757538,41.15830681019347],[30.82325780720849,41.11818242099345],[31.249502044273417,41.11818242099345],[31.356063103539643,41.198406651510844],[31.356063103539643,41.27853267210214],[31.51590469243899,41.398537480231674],[31.62246575170522,41.398537480231674],[31.729026810971455,41.4784178190465],[32.101990518403255,41.59805394171544],[32.31511263693572,41.757224412053525],[32.63479581473442,41.876343855545485],[32.90119846289999,41.876343855545485],[33.32744269996492,42.03482503909002],[33.64712587776361,42.03482503909002],[33.70040640739672,41.99524169080089],[34.60617541115969,41.99524169080089],[34.659455940792796,41.9556337083662],[34.76601700005903,41.9556337083662],[34.97913911859149,42.11391781904211],[35.24554176675707,42.07438374967393],[35.3521028260233,41.99524169080089],[35.298822296390185,41.9556337083662],[35.298822296390185,41.79695551009264],[35.511944414922645,41.6776883846332],[35.77834706308822,41.6776883846332],[35.938188651987566,41.757224412053525],[36.0447497112538,41.757224412053525],[36.151310770520034,41.71746870226491],[36.25787182978626,41.59805394171544],[36.25787182978626,41.43848993918805],[36.41771341868561,41.318558842305485],[36.52427447795184,41.318558842305485],[36.63083553721807,41.398537480231674],[36.843957655750536,41.398537480231674],[36.89723818538364,41.35856044648483],[37.003799244649876,41.35856044648483],[37.16364083354922,41.238481940333955],[37.21692136318234,41.15830681019347],[37.376762952081684,41.15830681019347],[37.4300434817148,41.11818242099345],[37.643165600247265,41.11818242099345],[37.69644612988038,41.15830681019347],[37.80300718914661,41.15830681019347],[37.90956824841284,41.11818242099345],[37.90956824841284,41.07803348857333],[38.016129307679066,40.99766201297821],[38.17597089657841,40.99766201297821],[38.22925142621153,40.95743947938386],[38.60221513364334,40.95743947938386],[38.81533725217581,41.03786001764667],[38.921898311442035,41.03786001764667],[38.97517884107514,41.07803348857333],[39.18830095960761,41.07803348857333],[39.24158148924073,41.11818242099345],[39.56126466703942,41.11818242099345],[39.66782572630565,41.03786001764667],[39.82766731520499,41.03786001764667],[39.88094784483811,40.99766201297821],[40.09406996337057,40.99766201297821],[40.147350493003685,40.95743947938386],[40.25391155226991,40.95743947938386],[40.36047261153615,41.03786001764667],[40.52031420043549,41.03786001764667],[40.57359473006861,41.07803348857333],[40.68015578933484,41.07803348857333],[40.83999737823419,41.198406651510844],[40.999838967133535,41.198406651510844],[41.426083204198456,41.43848993918805],[41.74576638199715,41.318558842305485],[41.9056079708965,41.318558842305485],[41.95888850052961,41.35856044648483],[42.331852207961425,41.35856044648483],[42.38513273759453,41.318558842305485],[42.54497432649388,41.318558842305485],[42.704815915393226,41.43848993918805],[42.86465750429257,41.318558842305485],[43.02449909319193,41.318558842305485],[43.077779622825034,41.238481940333955],[43.077779622825034,41.15830681019347],[43.18434068209127,41.07803348857333],[43.34418227099061,41.07803348857333],[43.39746280062373,40.95743947938386],[43.61058491915619,40.836624753974114],[43.6638654487893,40.634776764163604],[43.504023859889955,40.51337412957232],[43.504023859889955,40.391751291277316],[43.557304389523075,40.35116143675824],[43.557304389523075,40.22924522697888],[43.61058491915619,40.18855762748112],[43.61058491915619,40.06634832226142],[43.71714597842242,39.98475342292828],[44.03682915622111,39.86217815203978],[44.143390215487344,39.86217815203978],[44.19667074512046,39.90306095700431],[44.409792863652925,39.90306095700431],[44.51635392291915,39.82127097409699],[44.51635392291915,39.78033942951026],[44.356512334019804,39.616369713284655],[44.356512334019804,39.45201065144403],[44.24995127475358,39.4931368947106],[44.143390215487344,39.4931368947106],[43.983548626588,39.410860100958956],[43.983548626588,39.20474298270034],[44.09010968585423,39.08078147334452],[44.09010968585423,38.87369418910311],[44.19667074512046,38.79068978043966],[44.19667074512046,38.58275555801475],[44.24995127475358,38.54109622759777],[44.24995127475358,38.290633519018456],[44.30323180438669,38.248805356652305],[44.30323180438669,38.16507678352381],[44.24995127475358,38.08125193598164],[44.143390215487344,37.99733088295274],[44.143390215487344,37.82920044066575],[44.46307339328603,37.61849749506236],[44.51635392291915,37.534048584441585],[44.51635392291915,37.36486363298711],[44.6761955118185,37.23772398103458],[44.62291498218538,37.23772398103458],[44.409792863652925,37.11036953050637],[44.409792863652925,37.23772398103458],[44.19667074512046,37.36486363298711],[43.983548626588,37.36486363298711],[43.87698756732177,37.280127744595916],[43.71714597842242,37.280127744595916],[43.6638654487893,37.322507631823186],[43.504023859889955,37.322507631823186],[43.39746280062373,37.40719573841608],[42.91793803392569,37.40719573841608],[42.86465750429257,37.449503938496136],[42.75809644502635,37.449503938496136],[42.65153538576011,37.36486363298711],[42.54497432649388,37.19529635092627],[42.491693796860766,37.19529635092627],[42.491693796860766,37.280127744595916],[42.331852207961425,37.36486363298711],[42.172010619062085,37.36486363298711],[42.06544955979584,37.280127744595916],[42.06544955979584,37.23772398103458],[41.95888850052961,37.19529635092627],[41.74576638199715,37.19529635092627],[41.69248585236404,37.15284486411592],[41.53264426346469,37.15284486411592],[41.479363733831576,37.11036953050637],[41.31952214493223,37.11036953050637],[41.26624161529911,37.15284486411592],[41.053119496766655,37.15284486411592],[40.999838967133535,37.19529635092627],[40.89327790786731,37.19529635092627],[40.83999737823419,37.15284486411592],[40.68015578933484,37.15284486411592],[40.52031420043549,37.067870360058414],[40.41375314116926,37.067870360058414],[40.30719208190303,36.98280054878075],[39.88094784483811,36.81237532888971],[39.77438678557188,36.81237532888971],[39.721106255938764,36.7697095843584],[39.507984137406304,36.7697095843584],[39.45470360777318,36.72702008476972],[39.18830095960761,36.72702008476972],[39.13502042997449,36.7697095843584],[38.76205672254269,36.7697095843584],[38.60221513364334,36.89763551113123],[38.49565407437711,36.94022992816309],[38.38909301511089,36.94022992816309],[38.33581248547776,36.98280054878075],[38.22925142621153,36.98280054878075],[37.85628771877972,36.81237532888971],[37.589885070614145,36.7697095843584],[37.4300434817148,36.684306840609054],[37.376762952081684,36.72702008476972],[37.16364083354922,36.72702008476972],[37.05707977428299,36.81237532888971],[36.790677126117416,36.85501730793677],[36.737396596484295,36.89763551113123],[36.63083553721807,36.89763551113123],[36.52427447795184,36.7697095843584],[36.52427447795184,36.556024746428534],[36.47099394831872,36.51321663000687],[36.47099394831872,36.34174736034713],[36.52427447795184,36.29882089657114],[36.364432889052495,36.29882089657114],[36.311152359419374,36.25587079631037],[36.311152359419374,36.08383425397683],[36.151310770520034,35.997674456187724],[36.151310770520034,35.954559215591786],[36.098030240886914,35.997674456187724],[35.938188651987566,35.997674456187724],[35.88490812235445,36.12687878824978],[35.77834706308822,36.212897070698226],[35.77834706308822,36.34174736034713],[35.83162759272134,36.427529334207286],[35.88490812235445,36.427529334207286],[36.0447497112538,36.556024746428534],[36.151310770520034,36.59880916080643],[36.151310770520034,36.72702008476972],[36.098030240886914,36.7697095843584],[35.99146918162069,36.7697095843584],[35.88490812235445,36.684306840609054],[35.83162759272134,36.684306840609054],[35.72506653345511,36.51321663000687],[35.61850547418887,36.47038482232048],[35.3521028260233,36.47038482232048],[35.13898070749084,36.556024746428534],[35.03241964822461,36.641569862420404],[34.92585858895838,36.641569862420404],[34.81929752969214,36.72702008476972],[34.71273647042592,36.72702008476972],[34.233211703727875,36.38465017656419],[34.17993117409476,36.25587079631037],[34.020089585195414,36.12687878824978],[33.91352852592918,36.12687878824978],[33.75368693702984,36.04076613947937],[33.22088164069868,36.04076613947937],[33.16760111106557,35.997674456187724],[32.954478992533105,35.997674456187724],[32.90119846289999,35.954559215591786],[32.68807634436753,35.954559215591786],[32.63479581473442,35.997674456187724],[32.52823475546818,35.997674456187724],[32.368393166568836,36.12687878824978],[32.2618321073026,36.16989973092737],[32.208551577669496,36.29882089657114],[31.99542945913703,36.47038482232048],[31.675746281338338,36.556024746428534],[31.569185222072107,36.641569862420404],[31.356063103539643,36.72702008476972],[31.1962215146403,36.72702008476972],[31.14294098500718,36.7697095843584],[30.76997727757538,36.7697095843584],[30.66341621830914,36.684306840609054],[30.66341621830914,36.59880916080643],[30.716696747942258,36.51321663000687],[30.61013568867603,36.38465017656419],[30.61013568867603,36.212897070698226],[30.503574629409798,36.12687878824978],[30.503574629409798,36.08383425397683],[30.397013570143567,36.08383425397683],[30.34373304051045,36.16989973092737],[30.183891451611103,36.16989973092737],[29.864208273812412,36.04076613947937],[29.544525096013718,36.04076613947937],[29.06500032931568,36.34174736034713],[29.06500032931568,36.427529334207286],[28.95843927004945,36.51321663000687],[28.851878210783223,36.51321663000687],[28.585475562617646,36.684306840609054],[28.4256339737183,36.684306840609054],[28.26579238481895,36.59880916080643],[28.26579238481895,36.47038482232048],[28.37235344408518,36.38465017656419],[28.37235344408518,36.34174736034713],[28.26579238481895,36.212897070698226],[28.26579238481895,36.12687878824978],[28.212511855185834,36.04076613947937],[27.999389736653374,35.91142042924111],[27.94610920702026,35.82507226577206],[27.786267618120913,35.781862912051395],[27.732987088487796,35.82507226577206],[27.732987088487796,36.04076613947937],[27.626426029221566,36.12687878824978],[27.519864969955336,36.12687878824978],[27.519864969955336,36.25587079631037],[27.466584440322226,36.29882089657114],[27.36002338105599,36.29882089657114],[27.20018179215664,36.427529334207286],[26.98705967362418,36.427529334207286],[26.933779143991064,36.47038482232048],[26.933779143991064,36.641569862420404],[26.88049861435795,36.72702008476972],[26.933779143991064,36.7697095843584],[26.933779143991064,36.89763551113123],[26.77393755509172,37.067870360058414],[26.77393755509172,37.11036953050637],[26.66737649582549,37.19529635092627],[26.56081543655926,37.19529635092627],[26.507534906926143,37.23772398103458],[26.507534906926143,37.449503938496136],[26.454254377293026,37.49178822367092],[26.241132258760565,37.49178822367092],[26.028010140228105,37.40719573841608],[25.974729610594988,37.449503938496136],[25.974729610594988,37.576285011366735],[26.081290669861218,37.66068602620176],[26.241132258760565,37.66068602620176],[26.29441278839368,37.702850595515486],[26.507534906926143,37.702850595515486],[26.720657025458603,37.82920044066575],[26.827218084724837,37.82920044066575],[26.88049861435795,37.871269071125205],[26.88049861435795,37.955334301167625],[26.77393755509172,38.0393034308098],[26.56081543655926,38.0393034308098],[26.3476933180268,38.16507678352381],[26.241132258760565,38.16507678352381],[26.13457119949434,38.08125193598164],[25.974729610594988,38.08125193598164],[25.868168551328758,38.16507678352381],[25.868168551328758,38.41597340846833],[25.81488802169564,38.457705144713906],[25.49520484389695,38.457705144713906],[25.49520484389695,38.58275555801475],[25.548485373530067,38.62439073702723],[25.708326962429418,38.62439073702723],[25.761607492062527,38.58275555801475],[25.868168551328758,38.58275555801475],[25.921449080961878,38.62439073702723],[26.13457119949434,38.62439073702723],[26.187851729127452,38.58275555801475],[26.29441278839368,38.58275555801475],[26.400973847659913,38.70758860900903],[26.66737649582549,38.66600175666388],[26.77393755509172,38.79068978043966],[26.77393755509172,38.87369418910311],[26.720657025458603,38.91516008819677],[26.614095966192373,38.91516008819677],[26.56081543655926,38.87369418910311],[26.400973847659913,38.87369418910311],[26.3476933180268,38.91516008819677],[26.187851729127452,38.91516008819677],[26.028010140228105,39.039412473688394],[25.921449080961878,39.039412473688394],[25.81488802169564,39.12212622959523],[25.81488802169564,39.246014965101615],[26.028010140228105,39.36968525012809],[26.028010140228105,39.4931368947106],[26.081290669861218,39.53423882394018],[26.081290669861218,39.698403266009876],[25.974729610594988,39.739383524667424],[25.974729610594988,39.86217815203978],[26.028010140228105,39.90306095700431],[26.028010140228105,39.98475342292828],[25.974729610594988,40.02556307148589],[25.60176590316318,40.02556307148589],[25.548485373530067,39.98475342292828],[25.548485373530067,39.90306095700431],[25.441924314263833,39.82127097409699],[25.441924314263833,39.698403266009876],[25.228802195731372,39.698403266009876],[25.015680077198912,39.78033942951026],[25.015680077198912,39.98475342292828],[25.06896060683203,40.02556307148589],[25.38864378463072,40.02556307148589],[25.441924314263833,40.06634832226142],[25.60176590316318,40.06634832226142],[25.708326962429418,40.18855762748112],[25.708326962429418,40.26990839888451],[25.60176590316318,40.310547137394565],[25.441924314263833,40.43231669530613],[25.441924314263833,40.47285764325143],[25.548485373530067,40.553866148780216],[25.655046432796293,40.553866148780216],[25.761607492062527,40.51337412957232],[25.81488802169564,40.43231669530613],[25.81488802169564,40.310547137394565],[25.868168551328758,40.26990839888451],[26.028010140228105,40.26990839888451],[26.081290669861218,40.22924522697888],[26.187851729127452,40.22924522697888],[26.241132258760565,40.26990839888451],[26.29441278839368,40.47285764325143],[26.241132258760565,40.51337412957232],[26.13457119949434,40.51337412957232],[26.028010140228105,40.59433369543872],[26.028010140228105,40.634776764163604],[26.081290669861218,40.59433369543872],[26.187851729127452,40.59433369543872],[26.241132258760565,40.634776764163604],[26.241132258760565,40.67519534962264],[26.507534906926143,40.876920844937544],[26.507534906926143,41.15830681019347],[26.56081543655926,41.198406651510844],[26.66737649582549,41.198406651510844],[26.77393755509172,41.27853267210214],[26.77393755509172,41.63788346311465],[26.720657025458603,41.6776883846332],[26.614095966192373,41.6776883846332],[26.720657025458603,41.83666199252559],[26.933779143991064,41.83666199252559],[27.09362073289041,41.916001095394954],[27.25346232178976,41.916001095394954],[27.306742851422875,41.9556337083662],[27.519864969955336,41.79695551009264],[27.679706558854686,41.79695551009264],[27.732987088487796,41.83666199252559],[28.105950795919608,41.83666199252559],[28.15923132555272,41.876343855545485],[28.15923132555272,41.71746870226491],[28.212511855185834,41.63788346311465],[28.4256339737183,41.4784178190465],[28.95843927004945,41.27853267210214],[29.171561388581914,41.27853267210214],[29.224841918215027,41.238481940333955],[29.491244566380608,41.238481940333955],[29.544525096013718,41.198406651510844],[29.8109277441793,41.198406651510844],[29.864208273812412,41.15830681019347],[30.183891451611103,41.15830681019347],[30.290452510877337,41.238481940333955],[30.397013570143567,41.238481940333955]],[[27.892828677387147,36.34174736034713],[27.892828677387147,36.427529334207286],[27.786267618120913,36.47038482232048],[27.732987088487796,36.556024746428534],[27.57314549958845,36.556024746428534],[27.519864969955336,36.51321663000687],[27.519864969955336,36.427529334207286],[27.626426029221566,36.29882089657114],[27.839548147754027,36.29882089657114],[27.892828677387147,36.34174736034713]],[[29.06500032931568,40.71558944653563],[29.06500032931568,40.836624753974114],[29.01171979968257,40.876920844937544],[28.63875609225076,40.876920844937544],[28.37235344408518,40.99766201297821],[28.212511855185834,40.99766201297821],[27.999389736653374,40.876920844937544],[27.892828677387147,40.91719242173078],[27.626426029221566,40.91719242173078],[27.57314549958845,40.876920844937544],[27.57314549958845,40.71558944653563],[27.626426029221566,40.67519534962264],[27.786267618120913,40.67519534962264],[27.892828677387147,40.553866148780216],[27.999389736653374,40.51337412957232],[28.105950795919608,40.51337412957232],[28.212511855185834,40.43231669530613],[28.47891450335141,40.43231669530613],[28.585475562617646,40.59433369543872],[28.692036621883876,40.553866148780216],[28.798597681150106,40.553866148780216],[28.905158740416333,40.59433369543872],[29.06500032931568,40.71558944653563]]],[[[25.122241136465142,39.410860100958956],[24.962399547565795,39.410860100958956],[24.962399547565795,39.53423882394018],[25.015680077198912,39.57531643236833],[25.122241136465142,39.57531643236833],[25.175521666098255,39.4931368947106],[25.122241136465142,39.410860100958956]]],[[[26.400973847659913,41.318558842305485],[26.29441278839368,41.27853267210214],[26.3476933180268,41.4784178190465],[26.29441278839368,41.518321115549995],[26.29441278839368,41.59805394171544],[26.507534906926143,41.518321115549995],[26.56081543655926,41.43848993918805],[26.400973847659913,41.318558842305485]]],[[[25.974729610594988,41.59805394171544],[26.081290669861218,41.4784178190465],[26.081290669861218,41.398537480231674],[25.761607492062527,41.398537480231674],[25.708326962429418,41.35856044648483],[25.49520484389695,41.35856044648483],[25.441924314263833,41.318558842305485],[25.28208272536449,41.318558842305485],[25.175521666098255,41.398537480231674],[25.06896060683203,41.398537480231674],[24.962399547565795,41.4784178190465],[24.749277429033334,41.4784178190465],[24.642716369767104,41.59805394171544],[24.056630543802832,41.59805394171544],[23.95006948453661,41.518321115549995],[23.79022789563726,41.518321115549995],[23.63038630673791,41.43848993918805],[23.52382524747168,41.4784178190465],[23.31070312893922,41.4784178190465],[23.204142069672987,41.398537480231674],[23.097581010406756,41.398537480231674],[23.150861540039873,41.757224412053525],[23.044300480773643,41.83666199252559],[22.991019951140526,42.03482503909002],[22.884458891874296,42.11391781904211],[22.72461730297495,42.11391781904211],[22.5647757140756,42.23237214548397],[22.5647757140756,42.27180761586582],[22.671336773341835,42.3506045793141],[22.671336773341835,42.507902508575825],[22.61805624370872,42.547165306872],[22.61805624370872,42.74310904852011],[22.777897832608062,42.74310904852011],[22.884458891874296,42.82131371021392],[22.884458891874296,42.86037899434664],[23.097581010406756,43.01639309399094],[23.150861540039873,43.09425188789898],[23.150861540039873,43.17201181992534],[22.884458891874296,43.365979016170094],[22.831178362241182,43.4433927986031],[22.671336773341835,43.482062590168894],[22.671336773341835,43.59792354488171],[22.511495184442488,43.75205844231397],[22.511495184442488,43.82897741644442],[22.61805624370872,43.94417025257103],[22.671336773341835,43.94417025257103],[22.777897832608062,44.02084171155863],[22.777897832608062,44.09741414737751],[22.884458891874296,44.02084171155863],[22.777897832608062,43.94417025257103],[22.777897832608062,43.82897741644442],[22.884458891874296,43.71356183437735],[23.097581010406756,43.71356183437735],[23.150861540039873,43.75205844231397],[23.577105777104794,43.75205844231397],[23.63038630673791,43.71356183437735],[23.896788954903485,43.71356183437735],[24.10991107343595,43.6364943841208],[24.429594251234644,43.6364943841208],[24.482874780867757,43.67504048114045],[24.642716369767104,43.67504048114045],[24.695996899400217,43.6364943841208],[25.015680077198912,43.6364943841208],[25.06896060683203,43.59792354488171],[25.28208272536449,43.59792354488171],[25.38864378463072,43.52070764622769],[25.49520484389695,43.52070764622769],[25.708326962429418,43.59792354488171],[25.81488802169564,43.59792354488171],[26.241132258760565,43.905797392303406],[26.3476933180268,43.94417025257103],[26.507534906926143,43.94417025257103],[26.56081543655926,43.982518359389296],[26.827218084724837,43.982518359389296],[26.98705967362418,44.05914030792454],[27.09362073289041,44.05914030792454],[27.20018179215664,44.02084171155863],[27.36002338105599,43.905797392303406],[27.626426029221566,43.905797392303406],[27.732987088487796,43.82897741644442],[27.839548147754027,43.82897741644442],[27.892828677387147,43.867399779831196],[27.892828677387147,43.82897741644442],[28.052670266286487,43.71356183437735],[28.26579238481895,43.6364943841208],[28.53219503298453,43.59792354488171],[28.585475562617646,43.6364943841208],[28.692036621883876,43.6364943841208],[28.692036621883876,43.55932796503232],[28.74531715151699,43.482062590168894],[28.692036621883876,43.40469827332364],[28.47891450335141,43.28846631383094],[28.4256339737183,43.32723502902841],[28.26579238481895,43.32723502902841],[28.052670266286487,43.133144212759554],[28.052670266286487,42.899419577262876],[27.999389736653374,42.86037899434664],[27.999389736653374,42.62561686198814],[27.892828677387147,42.62561686198814],[27.732987088487796,42.547165306872],[27.732987088487796,42.46861503367324],[27.839548147754027,42.42930288513879],[27.892828677387147,42.3506045793141],[27.892828677387147,42.23237214548397],[28.105950795919608,42.07438374967393],[28.15923132555272,41.99524169080089],[27.94610920702026,42.07438374967393],[27.786267618120913,42.07438374967393],[27.57314549958845,41.99524169080089],[27.36002338105599,42.153427243733226],[27.040340203257298,42.153427243733226],[26.827218084724837,42.03482503909002],[26.614095966192373,42.03482503909002],[26.454254377293026,41.876343855545485],[26.3476933180268,41.876343855545485],[26.13457119949434,41.79695551009264],[25.974729610594988,41.6776883846332],[25.974729610594988,41.59805394171544]]],[[[28.798597681150106,43.94417025257103],[28.692036621883876,43.790530303478405],[28.37235344408518,43.790530303478405],[28.319072914452068,43.82897741644442],[28.212511855185834,43.82897741644442],[28.105950795919608,43.905797392303406],[28.105950795919608,43.982518359389296],[27.999389736653374,44.05914030792454],[27.892828677387147,44.05914030792454],[27.786267618120913,44.02084171155863],[27.732987088487796,44.09741414737751],[27.626426029221566,44.09741414737751],[27.519864969955336,44.05914030792454],[27.413303910689102,44.09741414737751],[27.36002338105599,44.17388755133123],[27.25346232178976,44.17388755133123],[27.20018179215664,44.212087113837235],[26.88049861435795,44.212087113837235],[26.66737649582549,44.135663228852984],[26.507534906926143,44.135663228852984],[26.454254377293026,44.09741414737751],[26.241132258760565,44.09741414737751],[26.13457119949434,44.05914030792454],[25.708326962429418,43.75205844231397],[25.49520484389695,43.75205844231397],[25.441924314263833,43.71356183437735],[25.335363254997603,43.75205844231397],[25.175521666098255,43.75205844231397],[25.122241136465142,43.790530303478405],[24.749277429033334,43.790530303478405],[24.58943584013399,43.867399779831196],[24.429594251234644,43.867399779831196],[24.37631372160153,43.82897741644442],[24.00335001416972,43.82897741644442],[23.84350842527037,43.905797392303406],[23.577105777104794,43.905797392303406],[23.52382524747168,43.94417025257103],[23.257422599306103,43.94417025257103],[23.204142069672987,43.905797392303406],[23.044300480773643,43.905797392303406],[23.150861540039873,43.982518359389296],[23.150861540039873,44.09741414737751],[23.044300480773643,44.17388755133123],[22.884458891874296,44.212087113837235],[22.831178362241182,44.28841195525592],[22.671336773341835,44.40271349578164],[22.671336773341835,44.44076448047524],[22.831178362241182,44.44076448047524],[22.884458891874296,44.47879069961776],[22.884458891874296,44.592720757758876],[22.5647757140756,44.78210882773896],[22.404934125176258,44.78210882773896],[22.191812006643797,44.63064790893678],[22.191812006643797,44.592720757758876],[22.085250947377563,44.706427906256096],[21.978689888111333,44.744280751639415],[21.765567769578873,44.744280751639415],[21.71228723994576,44.78210882773896],[21.71228723994576,44.89544443784787],[21.605726180679525,44.97087766103187],[21.605726180679525,45.15902724002405],[21.445884591780178,45.271619748074336],[21.339323532513948,45.271619748074336],[21.232762473247718,45.346557573914595],[21.126201413981487,45.346557573914595],[20.96635982508214,45.45877855037466],[20.96635982508214,45.533468698451145],[20.913079295449027,45.57077662323514],[20.913079295449027,45.79410412415623],[20.85979876581591,45.83123870683422],[20.75323770654968,45.83123870683422],[20.75323770654968,45.86834852966789],[20.64667664728345,45.9424938996497],[20.593396117650332,45.9424938996497],[20.486835058384102,46.01654024220484],[20.486835058384102,46.053526280907796],[20.540115588017215,46.053526280907796],[20.593396117650332,46.01654024220484],[20.699957176916563,46.01654024220484],[20.913079295449027,46.127424098940146],[21.126201413981487,46.127424098940146],[21.286043002880835,46.20122291264684],[21.339323532513948,46.31173552295723],[21.445884591780178,46.38528687262363],[21.445884591780178,46.49542834123601],[21.65900671031264,46.64193732956284],[21.65900671031264,46.75155940410302],[21.818848299211986,46.89737604388091],[21.818848299211986,47.00647899921589],[21.92540935847822,47.04279722902046],[21.978689888111333,47.11535956891616],[21.978689888111333,47.22401781388104],[22.13853147701068,47.3324537980871],[22.13853147701068,47.44066758856769],[22.298373065910024,47.51268670907412],[22.35165359554314,47.620530333879366],[22.45821465480937,47.620530333879366],[22.511495184442488,47.65642887164683],[22.671336773341835,47.65642887164683],[22.777897832608062,47.69230274555763],[23.044300480773643,47.87130225974244],[23.097581010406756,47.87130225974244],[23.204142069672987,47.94272952243315],[23.204142069672987,47.97840619264952],[23.257422599306103,47.97840619264952],[23.257422599306103,47.94272952243315],[23.363983658572334,47.87130225974244],[23.577105777104794,47.87130225974244],[23.63038630673791,47.90702821251284],[23.84350842527037,47.83555166101192],[24.10991107343595,47.83555166101192],[24.16319160306907,47.79977641324747],[24.37631372160153,47.79977641324747],[24.429594251234644,47.83555166101192],[24.53615531050087,47.83555166101192],[24.695996899400217,47.72815195850319],[24.80255795866645,47.69230274555763],[24.855838488299565,47.620530333879366],[25.122241136465142,47.620530333879366],[25.38864378463072,47.79977641324747],[25.548485373530067,47.79977641324747],[25.60176590316318,47.83555166101192],[26.028010140228105,47.83555166101192],[26.081290669861218,47.87130225974244],[26.187851729127452,47.87130225974244],[26.29441278839368,47.90702821251284],[26.454254377293026,48.12086654065931],[26.614095966192373,48.12086654065931],[26.720657025458603,48.15642006080758],[26.827218084724837,48.12086654065931],[26.98705967362418,48.0140582263442],[27.040340203257298,47.90702821251284],[27.146901262523528,47.83555166101192],[27.146901262523528,47.7639765134116],[27.20018179215664,47.72815195850319],[27.20018179215664,47.65642887164683],[27.25346232178976,47.584607129400545],[27.466584440322226,47.40462100900284],[27.519864969955336,47.296333161583085],[27.732987088487796,47.15160368355662],[27.732987088487796,47.07909075150201],[27.892828677387147,46.97013605987087],[27.94610920702026,46.97013605987087],[27.94610920702026,46.933768408806166],[28.052670266286487,46.86095896299264],[28.052670266286487,46.75155940410302],[28.15923132555272,46.64193732956284],[28.15923132555272,46.38528687262363],[28.052670266286487,46.274922732398345],[28.052670266286487,46.090487566087695],[27.999389736653374,46.053526280907796],[27.999389736653374,45.9424938996497],[28.052670266286487,45.90543359360887],[28.052670266286487,45.71976067566545],[28.105950795919608,45.68255180815445],[28.052670266286487,45.64531817740286],[28.052670266286487,45.49613600769099],[28.105950795919608,45.45877855037466],[28.105950795919608,45.38398933396203],[28.212511855185834,45.3091010454089],[28.26579238481895,45.3091010454089],[28.26579238481895,45.271619748074336],[28.37235344408518,45.19658284564699],[28.47891450335141,45.15902724002405],[28.585475562617646,45.15902724002405],[28.63875609225076,45.12144686451208],[28.851878210783223,45.12144686451208],[28.905158740416333,45.15902724002405],[29.01171979968257,45.15902724002405],[29.171561388581914,45.271619748074336],[29.278122447848144,45.3091010454089],[29.544525096013718,45.3091010454089],[29.597805625646835,45.271619748074336],[29.597805625646835,45.15902724002405],[29.651086155279955,45.12144686451208],[29.757647214546182,45.12144686451208],[29.8109277441793,45.15902724002405],[29.8109277441793,45.08384171895205],[29.757647214546182,45.04621180322744],[29.757647214546182,44.81991213428438],[29.651086155279955,44.706427906256096],[29.544525096013718,44.744280751639415],[29.33140297748126,44.744280751639415],[29.224841918215027,44.706427906256096],[29.06500032931568,44.592720757758876],[29.01171979968257,44.47879069961776],[28.851878210783223,44.364637746201026],[28.798597681150106,44.28841195525592],[28.798597681150106,44.135663228852984],[28.74531715151699,44.09741414737751],[28.74531715151699,44.02084171155863],[28.798597681150106,43.94417025257103]]],[[[28.63875609225076,48.0140582263442],[28.74531715151699,48.0140582263442],[28.74531715151699,47.97840619264952],[28.95843927004945,47.83555166101192],[29.118280858948797,47.83555166101192],[29.118280858948797,47.620530333879366],[29.06500032931568,47.584607129400545],[29.06500032931568,47.40462100900284],[29.224841918215027,47.296333161583085],[29.33140297748126,47.26018783434201],[29.33140297748126,47.22401781388104],[29.43796403674749,47.15160368355662],[29.43796403674749,47.00647899921589],[29.491244566380608,46.97013605987087],[29.491244566380608,46.86095896299264],[29.544525096013718,46.82451716407738],[29.651086155279955,46.82451716407738],[29.864208273812412,46.71504343910922],[29.864208273812412,46.53209268887874],[29.704366684913065,46.53209268887874],[29.597805625646835,46.49542834123601],[29.544525096013718,46.53209268887874],[29.33140297748126,46.53209268887874],[29.278122447848144,46.56873230166512],[29.118280858948797,46.56873230166512],[29.01171979968257,46.53209268887874],[28.851878210783223,46.42202543472361],[28.851878210783223,46.20122291264684],[28.905158740416333,46.16433588070112],[28.905158740416333,46.090487566087695],[28.851878210783223,46.01654024220484],[28.74531715151699,46.01654024220484],[28.63875609225076,45.90543359360887],[28.63875609225076,45.83123870683422],[28.4256339737183,45.68255180815445],[28.4256339737183,45.57077662323514],[28.319072914452068,45.608059782664654],[28.319072914452068,45.756944780723195],[28.26579238481895,45.79410412415623],[28.26579238481895,46.090487566087695],[28.319072914452068,46.127424098940146],[28.319072914452068,46.238085196093735],[28.37235344408518,46.274922732398345],[28.37235344408518,46.348523569206876],[28.4256339737183,46.38528687262363],[28.4256339737183,46.49542834123601],[28.37235344408518,46.53209268887874],[28.37235344408518,46.71504343910922],[28.26579238481895,46.86095896299264],[28.26579238481895,46.933768408806166],[28.212511855185834,46.97013605987087],[28.212511855185834,47.04279722902046],[28.105950795919608,47.11535956891616],[27.999389736653374,47.11535956891616],[27.94610920702026,47.22401781388104],[27.732987088487796,47.3685497463744],[27.732987088487796,47.47668948770151],[27.466584440322226,47.65642887164683],[27.413303910689102,47.83555166101192],[27.36002338105599,47.87130225974244],[27.36002338105599,47.94272952243315],[27.09362073289041,48.22745324428284],[27.146901262523528,48.26293291443889],[27.306742851422875,48.26293291443889],[27.36002338105599,48.29838797481898],[27.466584440322226,48.29838797481898],[27.519864969955336,48.333818428926044],[27.786267618120913,48.333818428926044],[27.94610920702026,48.22745324428284],[28.052670266286487,48.19194896088315],[28.105950795919608,48.12086654065931],[28.26579238481895,48.08528839707711],[28.319072914452068,48.0140582263442],[28.4256339737183,47.97840619264952],[28.585475562617646,47.97840619264952],[28.63875609225076,48.0140582263442]]],[[[29.06500032931568,51.68734157066449],[28.95843927004945,51.621234659104964],[28.74531715151699,51.55503130111339],[28.63875609225076,51.621234659104964],[28.4256339737183,51.621234659104964],[28.319072914452068,51.68734157066449],[28.15923132555272,51.68734157066449],[28.105950795919608,51.621234659104964],[27.839548147754027,51.65430016740954],[27.786267618120913,51.621234659104964],[27.57314549958845,51.68734157066449],[27.466584440322226,51.68734157066449],[27.413303910689102,51.65430016740954],[27.413303910689102,51.68734157066449],[27.20018179215664,51.819266265446025],[26.98705967362418,51.819266265446025],[26.933779143991064,51.786321216192704],[26.77393755509172,51.85218724288364],[26.56081543655926,51.85218724288364],[26.507534906926143,51.88508415523338],[26.3476933180268,51.88508415523338],[26.187851729127452,51.95080581171443],[25.921449080961878,51.95080581171443],[25.868168551328758,51.98363056943521],[25.655046432796293,51.98363056943521],[25.548485373530067,51.95080581171443],[25.49520484389695,51.98363056943521],[25.335363254997603,51.98363056943521],[25.28208272536449,52.01643128924682],[25.175521666098255,52.01643128924682],[25.015680077198912,51.95080581171443],[24.58943584013399,51.95080581171443],[24.53615531050087,51.91795700924984],[24.37631372160153,51.91795700924984],[24.21647213270218,51.819266265446025],[24.21647213270218,51.75335208842277],[24.16319160306907,51.68734157066449],[24.056630543802832,51.68734157066449],[23.95006948453661,51.65430016740954],[23.896788954903485,51.68734157066449],[23.73694736600414,51.68734157066449],[23.79022789563726,51.75335208842277],[23.79022789563726,52.081960642613645],[23.73694736600414,52.14739392702111],[23.577105777104794,52.24536384613162],[23.470544717838564,52.24536384613162],[23.363983658572334,52.277972511883455],[23.470544717838564,52.40816749385168],[23.577105777104794,52.47312127619135],[23.95006948453661,52.57037247601339],[24.056630543802832,52.635087044978484],[24.056630543802832,53.14936762425819],[23.896788954903485,53.308830657209946],[23.84350842527037,53.467700298120576],[23.79022789563726,53.4994031062291],[23.79022789563726,53.56273766622849],[23.73694736600414,53.59436943418698],[23.73694736600414,53.75217347697404],[23.683666836371025,53.78366338308376],[23.73694736600414,53.815129674133885],[23.896788954903485,53.815129674133885],[23.95006948453661,53.84657235835049],[24.16319160306907,53.84657235835049],[24.269752662335296,53.78366338308376],[24.482874780867757,53.78366338308376],[24.53615531050087,53.84657235835049],[24.642716369767104,53.87799144398194],[24.855838488299565,53.87799144398194],[24.962399547565795,53.94075885259377],[24.962399547565795,54.034733183604786],[25.122241136465142,54.034733183604786],[25.228802195731372,54.066010852179325],[25.335363254997603,54.15970265024713],[25.441924314263833,54.15970265024713],[25.441924314263833,54.09726498052497],[25.60176590316318,54.034733183604786],[25.761607492062527,54.034733183604786],[25.921449080961878,54.09726498052497],[25.921449080961878,54.284295879046],[25.761607492062527,54.37749422240092],[25.761607492062527,54.4395091618595],[25.868168551328758,54.50143035042431],[25.868168551328758,54.71741722871455],[25.974729610594988,54.84032421332447],[26.081290669861218,54.84032421332447],[26.187851729127452,54.87099262894059],[26.3476933180268,54.962858025521754],[26.400973847659913,55.023985171237285],[26.66737649582549,55.023985171237285],[26.77393755509172,55.085019239608165],[26.77393755509172,55.14596030320894],[26.933779143991064,55.20680843492474],[26.933779143991064,55.2979065454089],[26.77393755509172,55.35852266830356],[26.66737649582549,55.35852266830356],[26.720657025458603,55.50965768767851],[26.77393755509172,55.539815288077065],[26.77393755509172,55.600061160212064],[26.933779143991064,55.63014945073501],[27.09362073289041,55.75027186255798],[27.146901262523528,55.75027186255798],[27.25346232178976,55.69025678779525],[27.36002338105599,55.69025678779525],[27.413303910689102,55.7202758532285],[27.679706558854686,55.7202758532285],[27.786267618120913,55.81019475089612],[27.786267618120913,55.89990640053524],[27.839548147754027,55.89990640053524],[27.94610920702026,55.959599156634816],[27.94610920702026,55.98941106038603],[28.052670266286487,56.04896596746552],[28.15923132555272,56.04896596746552],[28.319072914452068,55.959599156634816],[28.4256339737183,55.959599156634816],[28.53219503298453,56.01919999411217],[28.798597681150106,55.840121648944816],[28.905158740416333,55.840121648944816],[28.95843927004945,55.89990640053524],[29.06500032931568,55.92976427322367],[29.171561388581914,55.92976427322367],[29.33140297748126,55.87002552896968],[29.278122447848144,55.840121648944816],[29.278122447848144,55.7202758532285],[29.43796403674749,55.600061160212064],[29.597805625646835,55.600061160212064],[29.757647214546182,55.69025678779525],[29.91748880344553,55.69025678779525],[29.970769333078646,55.75027186255798],[30.34373304051045,55.75027186255798],[30.556855159042914,55.63014945073501],[30.61013568867603,55.56994977579355],[30.82325780720849,55.50965768767851],[30.82325780720849,55.38879597222731],[30.716696747942258,55.2979065454089],[30.716696747942258,55.23719767418679],[30.876538336841605,55.11550139245674],[30.876538336841605,55.023985171237285],[30.716696747942258,54.87099262894059],[30.716696747942258,54.74817899099641],[30.929818866474722,54.624991753262385],[30.983099396107836,54.56325785760991],[31.036379925740953,54.56325785760991],[31.036379925740953,54.4395091618595],[31.1962215146403,54.34645157445436],[31.249502044273417,54.284295879046],[31.249502044273417,54.1908862085365],[31.569185222072107,54.034733183604786],[31.729026810971455,54.003431966399056],[31.729026810971455,53.75217347697404],[31.83558787023768,53.689122786783294],[31.99542945913703,53.689122786783294],[32.101990518403255,53.720659947601],[32.155271048036376,53.689122786783294],[32.2618321073026,53.689122786783294],[32.31511263693572,53.65756198636212],[32.31511263693572,53.56273766622849],[32.368393166568836,53.4994031062291],[32.52823475546818,53.43597379393271],[32.5815152851013,53.37244966543699],[32.47495422583507,53.37244966543699],[32.368393166568836,53.27698555344527],[32.368393166568836,53.21322410731461],[32.155271048036376,53.14936762425819],[31.94214892950391,53.14936762425819],[31.782307340604564,53.24511670609226],[31.675746281338338,53.27698555344527],[31.40934363317276,53.24511670609226],[31.302782573906526,53.181307749299606],[31.302782573906526,53.11740372442504],[31.1962215146403,53.02136929887942],[31.1962215146403,52.95722733326737],[31.462624162805874,52.76422949310045],[31.462624162805874,52.57037247601339],[31.51590469243899,52.537979329556244],[31.51590469243899,52.24536384613162],[31.62246575170522,52.180074560732116],[31.62246575170522,52.14739392702111],[31.569185222072107,52.180074560732116],[31.462624162805874,52.180074560732116],[31.249502044273417,52.11468928997045],[31.1962215146403,52.14739392702111],[31.08966045537407,52.14739392702111],[31.036379925740953,52.11468928997045],[30.929818866474722,52.11468928997045],[30.76997727757538,51.98363056943521],[30.76997727757538,51.95080581171443],[30.66341621830914,51.91795700924984],[30.556855159042914,51.786321216192704],[30.556855159042914,51.72035887546233],[30.450294099776684,51.621234659104964],[30.450294099776684,51.521893438378136],[30.503574629409798,51.4887314444969],[30.503574629409798,51.38910061156288],[30.290452510877337,51.521893438378136],[29.8109277441793,51.521893438378136],[29.757647214546182,51.55503130111339],[29.651086155279955,51.55503130111339],[29.491244566380608,51.455545313014376],[29.38468350711437,51.455545313014376],[29.38468350711437,51.521893438378136],[29.33140297748126,51.58814503918553],[29.171561388581914,51.68734157066449],[29.06500032931568,51.68734157066449]]],[[[27.786267618120913,56.07870899011571],[27.679706558854686,55.959599156634816],[27.57314549958845,55.92976427322367],[27.57314549958845,55.87002552896968],[27.519864969955336,55.840121648944816],[27.466584440322226,55.87002552896968],[27.25346232178976,55.87002552896968],[27.20018179215664,55.89990640053524],[27.09362073289041,55.89990640053524],[26.98705967362418,55.87002552896968],[26.827218084724837,55.78024482527683],[26.827218084724837,55.75027186255798],[26.614095966192373,55.75027186255798],[26.56081543655926,55.7202758532285],[26.507534906926143,55.7202758532285],[26.3476933180268,55.81019475089612],[26.3476933180268,55.840121648944816],[26.081290669861218,55.98941106038603],[25.974729610594988,55.98941106038603],[25.921449080961878,55.959599156634816],[25.921449080961878,55.89990640053524],[26.3476933180268,55.63014945073501],[26.507534906926143,55.600061160212064],[26.507534906926143,55.539815288077065],[26.454254377293026,55.50965768767851],[26.454254377293026,55.41904611682596],[26.400973847659913,55.38879597222731],[26.400973847659913,55.267563707949165],[26.56081543655926,55.20680843492474],[26.29441278839368,55.20680843492474],[26.187851729127452,55.14596030320894],[26.13457119949434,55.085019239608165],[26.13457119949434,55.023985171237285],[26.081290669861218,54.99343323757132],[25.868168551328758,54.99343323757132],[25.81488802169564,54.962858025521754],[25.655046432796293,54.7789174032662],[25.655046432796293,54.56325785760991],[25.548485373530067,54.50143035042431],[25.548485373530067,54.4395091618595],[25.49520484389695,54.37749422240092],[25.38864378463072,54.315385462867745],[25.228802195731372,54.315385462867745],[25.06896060683203,54.1908862085365],[24.855838488299565,54.1908862085365],[24.695996899400217,54.09726498052497],[24.695996899400217,54.034733183604786],[24.53615531050087,54.003431966399056],[24.429594251234644,53.94075885259377],[24.37631372160153,53.94075885259377],[24.269752662335296,54.003431966399056],[23.896788954903485,54.003431966399056],[23.84350842527037,53.9721071921816],[23.63038630673791,53.9721071921816],[23.63038630673791,54.12849557706569],[23.577105777104794,54.1908862085365],[23.31070312893922,54.315385462867745],[23.257422599306103,54.315385462867745],[23.044300480773643,54.4395091618595],[22.93773942150741,54.4395091618595],[22.831178362241182,54.47048147066676],[22.831178362241182,54.56325785760991],[22.884458891874296,54.59413650249953],[22.884458891874296,54.6558236186807],[22.991019951140526,54.74817899099641],[22.991019951140526,54.87099262894059],[22.831178362241182,54.99343323757132],[22.72461730297495,55.023985171237285],[22.72461730297495,55.085019239608165],[22.671336773341835,55.11550139245674],[22.13853147701068,55.11550139245674],[22.085250947377563,55.14596030320894],[21.92540935847822,55.14596030320894],[21.71228723994576,55.23719767418679],[21.605726180679525,55.23719767418679],[21.4991651214133,55.328226195782044],[21.126201413981487,55.2979065454089],[21.072920884348374,55.328226195782044],[20.96635982508214,55.328226195782044],[21.072920884348374,55.449273111390895],[21.072920884348374,55.75027186255798],[21.019640354715253,55.78024482527683],[21.019640354715253,55.959599156634816],[21.072920884348374,55.98941106038603],[21.232762473247718,55.98941106038603],[21.339323532513948,56.04896596746552],[21.392604062147065,56.13812622207155],[22.03197041774445,56.315828112036556],[22.5647757140756,56.315828112036556],[22.671336773341835,56.256685704920834],[22.777897832608062,56.256685704920834],[22.884458891874296,56.315828112036556],[22.93773942150741,56.315828112036556],[22.93773942150741,56.286268344843165],[23.044300480773643,56.227080182463375],[23.204142069672987,56.227080182463375],[23.31070312893922,56.286268344843165],[23.363983658572334,56.286268344843165],[23.417264188205447,56.256685704920834],[23.683666836371025,56.256685704920834],[23.73694736600414,56.227080182463375],[23.84350842527037,56.227080182463375],[23.896788954903485,56.256685704920834],[24.10991107343595,56.16780045080267],[24.37631372160153,56.197451767681464],[24.429594251234644,56.16780045080267],[24.53615531050087,56.16780045080267],[24.80255795866645,56.315828112036556],[24.855838488299565,56.315828112036556],[25.06896060683203,56.10842907174966],[25.175521666098255,56.10842907174966],[25.228802195731372,56.07870899011571],[25.38864378463072,56.07870899011571],[25.441924314263833,56.04896596746552],[25.655046432796293,56.04896596746552],[25.708326962429418,55.98941106038603],[25.81488802169564,55.98941106038603],[25.868168551328758,56.01919999411217],[25.868168551328758,56.10842907174966],[25.761607492062527,56.197451767681464],[25.335363254997603,56.197451767681464],[25.228802195731372,56.227080182463375],[25.06896060683203,56.374879067545045],[25.06896060683203,56.43383865023015],[24.962399547565795,56.49270693914116],[24.855838488299565,56.49270693914116],[24.749277429033334,56.43383865023015],[24.695996899400217,56.43383865023015],[24.482874780867757,56.315828112036556],[24.429594251234644,56.34536501632396],[24.269752662335296,56.34536501632396],[24.16319160306907,56.315828112036556],[24.00335001416972,56.374879067545045],[23.84350842527037,56.374879067545045],[23.79022789563726,56.40437027555614],[23.577105777104794,56.40437027555614],[23.52382524747168,56.374879067545045],[23.363983658572334,56.43383865023015],[23.257422599306103,56.43383865023015],[23.150861540039873,56.374879067545045],[23.044300480773643,56.463284201456524],[22.93773942150741,56.463284201456524],[22.72461730297495,56.40437027555614],[22.671336773341835,56.43383865023015],[22.298373065910024,56.43383865023015],[22.24509253627691,56.463284201456524],[22.085250947377563,56.463284201456524],[21.818848299211986,56.374879067545045],[21.552445651046412,56.34536501632396],[21.445884591780178,56.286268344843165],[21.286043002880835,56.256685704920834],[21.1794819436146,56.197451767681464],[21.126201413981487,56.10842907174966],[21.019640354715253,56.10842907174966],[20.96635982508214,56.16780045080267],[20.96635982508214,56.55148401359072],[21.019640354715253,56.58083837024921],[21.019640354715253,56.81485420929393],[21.392604062147065,57.01842649142237],[21.392604062147065,57.27853397449206],[21.4991651214133,57.39355108035674],[21.605726180679525,57.45092466233518],[21.71228723994576,57.59396562093871],[21.818848299211986,57.59396562093871],[21.872128828845103,57.62250652560076],[22.03197041774445,57.62250652560076],[22.511495184442488,57.76487519186658],[22.72461730297495,57.76487519186658],[22.72461730297495,57.59396562093871],[22.831178362241182,57.53681655601269],[22.884458891874296,57.53681655601269],[23.044300480773643,57.42224911025586],[23.097581010406756,57.42224911025586],[23.257422599306103,57.336087545456074],[23.31070312893922,57.19203461912957],[23.363983658572334,57.16315639297567],[23.363983658572334,57.105332217312956],[23.470544717838564,57.04741767537007],[23.577105777104794,57.04741767537007],[23.683666836371025,56.9894126851894],[23.84350842527037,56.9894126851894],[23.95006948453661,57.01842649142237],[24.10991107343595,57.105332217312956],[24.16319160306907,57.105332217312956],[24.37631372160153,57.22089028455643],[24.37631372160153,57.47957774702336],[24.32303319196841,57.508208374763434],[24.32303319196841,57.76487519186658],[24.429594251234644,57.76487519186658],[24.58943584013399,57.85002808623047],[24.695996899400217,57.85002808623047],[24.749277429033334,57.87836773036485],[24.90911901793268,57.87836773036485],[25.122241136465142,57.96325284972773],[25.175521666098255,57.906685065223186],[25.335363254997603,57.906685065223186],[25.38864378463072,57.93498010145614],[25.60176590316318,57.821666122182855],[25.708326962429418,57.821666122182855],[25.921449080961878,57.76487519186658],[26.028010140228105,57.707994854589174],[26.081290669861218,57.707994854589174],[26.13457119949434,57.62250652560076],[26.507534906926143,57.42224911025586],[26.66737649582549,57.42224911025586],[26.77393755509172,57.47957774702336],[26.88049861435795,57.47957774702336],[26.98705967362418,57.508208374763434],[27.306742851422875,57.42224911025586],[27.466584440322226,57.42224911025586],[27.466584440322226,57.36483056222344],[27.519864969955336,57.336087545456074],[27.732987088487796,57.27853397449206],[27.786267618120913,57.19203461912957],[27.626426029221566,57.105332217312956],[27.626426029221566,57.04741767537007],[27.679706558854686,56.9894126851894],[27.57314549958845,56.87313103349875],[27.57314549958845,56.81485420929393],[27.679706558854686,56.75648661146559],[27.786267618120913,56.75648661146559],[27.786267618120913,56.69802815928832],[27.94610920702026,56.610169953152905],[27.94610920702026,56.55148401359072],[28.052670266286487,56.463284201456524],[28.052670266286487,56.40437027555614],[28.105950795919608,56.374879067545045],[28.105950795919608,56.197451767681464],[27.892828677387147,56.13812622207155],[27.786267618120913,56.07870899011571]]],[[[27.413303910689102,58.88382055522819],[27.413303910689102,58.82871200184707],[27.36002338105599,58.80112482070526],[27.36002338105599,58.63514037535985],[27.413303910689102,58.60739930518825],[27.413303910689102,58.49621463326984],[27.466584440322226,58.46836331273305],[27.466584440322226,58.35673709277335],[27.413303910689102,58.32877524888641],[27.413303910689102,58.18863375334095],[27.57314549958845,58.01973152510937],[27.57314549958845,57.906685065223186],[27.626426029221566,57.85002808623047],[27.519864969955336,57.85002808623047],[27.466584440322226,57.821666122182855],[27.25346232178976,57.59396562093871],[27.146901262523528,57.59396562093871],[26.98705967362418,57.679521131891384],[26.88049861435795,57.679521131891384],[26.77393755509172,57.62250652560076],[26.507534906926143,57.59396562093871],[26.29441278839368,57.707994854589174],[26.241132258760565,57.76487519186658],[26.187851729127452,57.76487519186658],[26.187851729127452,57.821666122182855],[26.081290669861218,57.87836773036485],[25.974729610594988,57.87836773036485],[25.81488802169564,57.96325284972773],[25.708326962429418,57.96325284972773],[25.335363254997603,58.132421891024016],[25.175521666098255,58.132421891024016],[24.962399547565795,58.047937473613814],[24.749277429033334,58.047937473613814],[24.642716369767104,57.991503320715275],[24.53615531050087,57.991503320715275],[24.37631372160153,57.906685065223186],[24.37631372160153,57.991503320715275],[24.429594251234644,58.01973152510937],[24.429594251234644,58.16053892326982],[24.37631372160153,58.18863375334095],[24.269752662335296,58.18863375334095],[24.10991107343595,58.132421891024016],[24.10991107343595,58.07612117694556],[24.056630543802832,58.047937473613814],[23.95006948453661,58.047937473613814],[23.95006948453661,58.16053892326982],[24.00335001416972,58.18863375334095],[24.00335001416972,58.24475685009921],[23.84350842527037,58.300791267706444],[23.73694736600414,58.300791267706444],[23.683666836371025,58.35673709277335],[23.683666836371025,58.41259441211181],[23.577105777104794,58.46836331273305],[23.470544717838564,58.46836331273305],[23.417264188205447,58.44048990931612],[23.417264188205447,58.38467681022508],[23.257422599306103,58.38467681022508],[22.777897832608062,58.16053892326982],[22.671336773341835,58.16053892326982],[22.61805624370872,58.1042826458346],[22.511495184442488,58.07612117694556],[22.404934125176258,58.07612117694556],[22.298373065910024,57.991503320715275],[22.298373065910024,57.93498010145614],[22.13853147701068,57.85002808623047],[22.03197041774445,57.85002808623047],[21.978689888111333,57.906685065223186],[21.978689888111333,57.991503320715275],[22.085250947377563,58.07612117694556],[22.085250947377563,58.132421891024016],[21.818848299211986,58.24475685009921],[21.765567769578873,58.300791267706444],[21.765567769578873,58.35673709277335],[21.818848299211986,58.38467681022508],[21.818848299211986,58.49621463326984],[21.92540935847822,58.524043881846005],[22.13853147701068,58.524043881846005],[22.35165359554314,58.579636206855355],[22.45821465480937,58.63514037535985],[22.45821465480937,58.74588459420893],[22.35165359554314,58.82871200184707],[22.191812006643797,58.82871200184707],[22.03197041774445,58.88382055522819],[22.03197041774445,58.938841437287216],[22.085250947377563,58.966319029319216],[22.404934125176258,58.966319029319216],[22.45821465480937,59.02120857098384],[22.61805624370872,59.10337894460587],[22.72461730297495,59.10337894460587],[22.831178362241182,59.02120857098384],[23.097581010406756,59.02120857098384],[23.257422599306103,59.07601066370785],[23.31070312893922,59.04862054288843],[23.417264188205447,59.04862054288843],[23.470544717838564,59.07601066370785],[23.470544717838564,59.212633892646195],[23.363983658572334,59.23989314177937],[23.363983658572334,59.3215402978989],[23.470544717838564,59.3215402978989],[23.577105777104794,59.2671306182041],[23.73694736600414,59.2671306182041],[23.896788954903485,59.37586302177821],[24.00335001416972,59.37586302177821],[24.056630543802832,59.40299180347319],[24.21647213270218,59.40299180347319],[24.37631372160153,59.48424796312402],[24.429594251234644,59.48424796312402],[24.482874780867757,59.51128999224143],[24.482874780867757,59.592286165972226],[24.53615531050087,59.6192416238568],[24.642716369767104,59.592286165972226],[24.749277429033334,59.592286165972226],[25.06896060683203,59.67308770781991],[25.228802195731372,59.592286165972226],[25.441924314263833,59.592286165972226],[25.548485373530067,59.67308770781991],[25.655046432796293,59.67308770781991],[25.708326962429418,59.69997835667752],[25.868168551328758,59.69997835667752],[25.921449080961878,59.646175467344506],[26.13457119949434,59.646175467344506],[26.241132258760565,59.592286165972226],[26.400973847659913,59.592286165972226],[26.454254377293026,59.56530908231615],[26.77393755509172,59.56530908231615],[26.98705967362418,59.45718426283771],[27.57314549958845,59.45718426283771],[27.626426029221566,59.430098880058615],[27.999389736653374,59.430098880058615],[28.052670266286487,59.37586302177821],[27.999389736653374,59.37586302177821],[27.839548147754027,59.29434633316039],[27.786267618120913,59.23989314177937],[27.786267618120913,59.15805003134831],[27.732987088487796,59.130725396757406],[27.732987088487796,59.07601066370785],[27.679706558854686,59.02120857098384],[27.413303910689102,58.88382055522819]]],[[[27.25346232178976,59.78052086763705],[27.20018179215664,59.78052086763705],[27.146901262523528,59.860869465183214],[27.306742851422875,59.860869465183214],[27.306742851422875,59.80732526416588],[27.25346232178976,59.78052086763705]]],[[[27.839548147754027,60.04759715689674],[28.105950795919608,60.04759715689674],[28.15923132555272,60.020986157737596],[27.94610920702026,59.94102445854847],[27.839548147754027,59.94102445854847],[27.786267618120913,59.96769982007797],[27.786267618120913,60.020986157737596],[27.839548147754027,60.04759715689674]]],[[[28.37235344408518,59.96769982007797],[28.37235344408518,60.04759715689674],[28.47891450335141,60.04759715689674],[28.53219503298453,60.020986157737596],[28.47891450335141,59.96769982007797],[28.37235344408518,59.96769982007797]]],[[[26.98705967362418,60.127301614059476],[27.09362073289041,60.10075487351555],[27.146901262523528,60.04759715689674],[27.146901262523528,59.99435371597106],[27.09362073289041,59.96769982007797],[27.040340203257298,59.96769982007797],[26.933779143991064,60.020986157737596],[26.933779143991064,60.10075487351555],[26.98705967362418,60.127301614059476]]],[[[35.77834706308822,64.63727551408648],[35.77834706308822,64.59159481755783],[35.72506653345511,64.56872567526817],[35.511944414922645,64.66008709330455],[35.511944414922645,64.70565277610837],[35.67178600382199,64.70565277610837],[35.77834706308822,64.63727551408648]]],[[[35.67178600382199,64.90975247531665],[35.61850547418887,64.93233492695332],[35.61850547418887,64.97744280468267],[35.511944414922645,65.02247473176587],[35.511944414922645,65.06743080831464],[35.45866388528953,65.0898804339286],[35.45866388528953,65.11231113445909],[35.565224944555766,65.15711581034662],[35.67178600382199,65.17948981074463],[35.938188651987566,65.17948981074463],[36.0447497112538,65.20184493614106],[36.098030240886914,65.17948981074463],[36.311152359419374,65.17948981074463],[36.364432889052495,65.15711581034662],[36.311152359419374,65.11231113445909],[36.25787182978626,65.11231113445909],[36.151310770520034,65.06743080831464],[36.151310770520034,65.02247473176587],[36.0447497112538,64.954898365905],[35.938188651987566,64.954898365905],[35.77834706308822,64.90975247531665],[35.67178600382199,64.90975247531665]]],[[[42.278571678328305,2.9332314645038973],[42.225291148695185,2.8800227673240646],[42.225291148695185,2.720381942882803],[42.11873008942896,2.5074948433484376],[42.06544955979584,2.134860820203973],[42.01216903016273,2.081619644433887],[42.01216903016273,1.9218855111264226],[41.95888850052961,1.8686374177761917],[41.95888850052961,1.6556293582463426],[41.9056079708965,1.602373651616379],[41.9056079708965,1.3893374372872496],[41.852327441263384,1.3360752666893787],[41.852327441263384,0.9632103144007511],[41.79904691163026,0.9099401937186959],[41.79904691163026,-0.2088431376713231],[41.852327441263384,-0.26211992612822715],[41.852327441263384,-0.5284995476076282],[41.9056079708965,-0.5817742853205967],[41.9056079708965,-0.848139507955681],[41.95888850052961,-0.9014105369619964],[41.95888850052961,-1.327546848701532],[41.69248585236404,-1.7536097255331138],[41.69248585236404,-1.59384624727874],[41.5859247930978,-1.4873302981581136],[41.53264426346469,-1.4873302981581136],[41.53264426346469,-1.3808092073006084],[41.426083204198456,-1.2742833426559927],[41.37280267456534,-1.2742833426559927],[41.37280267456534,-1.1677530722565286],[41.212961085665995,-1.0079502111233858],[41.15968055603288,-0.9014105369619964],[41.15968055603288,-0.3686727770661935],[41.10640002639976,-0.31539648794751257],[41.10640002639976,2.667163576405875],[41.15968055603288,2.7735979607274936],[41.5859247930978,3.1992360587489954],[41.69248585236404,3.411990320490354],[41.79904691163026,3.518349974912629],[41.79904691163026,3.6246974914147376],[41.852327441263384,3.6246974914147376],[41.95888850052961,3.731032505040386],[41.95888850052961,3.7841952092843614],[42.11873008942896,3.99681294595273],[42.225291148695185,4.049958882360495],[42.59825485612701,4.049958882360495],[42.54497432649388,3.7841952092843614],[42.491693796860766,3.731032505040386],[42.491693796860766,3.6246974914147376],[42.43841326722765,3.5715252732184433],[42.43841326722765,3.465171642123509],[42.38513273759453,3.411990320490354],[42.38513273759453,3.2524288791111995],[42.278571678328305,3.039641217776608],[42.278571678328305,2.9332314645038973]]],[[[37.74972665951349,14.033553707394049],[37.80300718914661,14.291842813693673],[37.96284877804597,14.60139822663657],[38.1226903669453,14.4982610149832],[38.22925142621153,14.4982610149832],[38.22925142621153,14.446674378342118],[38.442373544743994,14.240208537662507],[38.60221513364334,14.240208537662507],[38.655495663276454,14.291842813693673],[38.868617781808915,14.291842813693673],[39.08173990034138,14.446674378342118],[39.18830095960761,14.291842813693673],[39.45470360777318,14.291842813693673],[39.507984137406304,14.343465238593174],[39.77438678557188,14.343465238593174],[39.934228374471225,14.240208537662507],[40.04078943373746,14.240208537662507],[40.09406996337057,14.291842813693673],[40.200631022636806,14.291842813693673],[40.25391155226991,14.240208537662507],[40.36047261153615,14.240208537662507],[40.36047261153615,14.188562449722845],[40.46703367080238,14.08523499524732],[40.786716848601074,13.981860764997181],[40.999838967133535,13.774973239846105],[41.10640002639976,13.567902407061489],[41.31952214493223,13.360650811252002],[41.53264426346469,13.256958025600094],[41.74576638199715,13.049440081900958],[41.79904691163026,12.893687065297783],[42.06544955979584,12.633883727196348],[42.172010619062085,12.581891177689169],[42.172010619062085,12.529888095685394],[42.278571678328305,12.425850497087954],[42.225291148695185,12.321771257630898],[42.225291148695185,12.21765070422118],[42.172010619062085,12.21765070422118],[42.06544955979584,12.113489164441141],[41.95888850052961,11.905044439448124],[41.74576638199715,11.696439716638679],[41.69248585236404,11.592078182049514],[41.69248585236404,11.226507812662637],[41.74576638199715,11.174245299051494],[41.74576638199715,11.069692057780053],[41.69248585236404,11.017401413793564],[41.69248585236404,10.912792288593085],[41.9056079708965,10.755809637295362],[42.06544955979584,10.755809637295362],[42.11873008942896,10.808146326835434],[42.43841326722765,10.808146326835434],[42.59825485612701,10.912792288593085],[42.704815915393226,10.912792288593085],[42.75809644502635,10.86047389128386],[42.59825485612701,10.651109051319263],[42.59825485612701,10.493990787520842],[42.75809644502635,10.231950139128319],[42.75809644502635,10.127072962075681],[43.077779622825034,9.75973496406965],[43.131060152458154,9.75973496406965],[43.18434068209127,9.654706121726903],[43.18434068209127,9.549644516339887],[43.34418227099061,9.391991428324847],[43.34418227099061,9.339424389546785],[43.770426508055536,9.02385707260398],[43.87698756732177,9.02385707260398],[43.93026809695488,9.076471062600337],[43.93026809695488,9.181675847514661],[43.6638654487893,9.444550491051508],[43.557304389523075,9.444550491051508],[43.557304389523075,9.497101534715698],[43.39746280062373,9.654706121726903],[43.39746280062373,9.75973496406965],[43.34418227099061,9.864730700772672],[43.23762121172438,9.96969298979325],[43.18434068209127,9.96969298979325],[43.18434068209127,10.022161484686718],[42.97121856355881,10.231950139128319],[42.97121856355881,10.336792675777994],[42.86465750429257,10.493990787520842],[42.86465750429257,10.598745239166647],[42.91793803392569,10.70346386474898],[43.077779622825034,10.86047389128386],[43.131060152458154,11.017401413793564],[43.34418227099061,11.278760865872894],[43.39746280062373,11.383238424171472],[43.39746280062373,11.487677640501555],[43.557304389523075,11.487677640501555],[43.61058491915619,11.383238424171472],[43.61058491915619,11.226507812662637],[43.71714597842242,11.017401413793564],[44.143390215487344,10.598745239166647],[44.19667074512046,10.598745239166647],[44.356512334019804,10.44160023253443],[44.46307339328603,10.389200847838355],[44.6761955118185,10.389200847838355],[44.72947604145161,10.44160023253443],[44.99587868961719,10.44160023253443],[45.20900080814965,10.546372470488874],[45.31556186741588,10.651109051319263],[45.422122926682114,10.651109051319263],[45.79508663411392,10.86047389128386],[45.95492822301327,10.86047389128386],[46.00820875264638,10.808146326835434],[46.274611400811956,10.808146326835434],[46.4344529897113,10.70346386474898],[46.4344529897113,10.598745239166647],[46.00820875264638,10.179515859411653],[46.00820875264638,10.127072962075681],[45.422122926682114,9.549644516339887],[45.368842397049,9.549644516339887],[44.62291498218538,8.865969231448563],[44.51635392291915,8.918606113738685],[44.409792863652925,8.918606113738685],[44.356512334019804,8.971235408558963],[44.24995127475358,8.971235408558963],[44.09010968585423,9.076471062600337],[43.983548626588,9.076471062600337],[43.93026809695488,9.02385707260398],[43.93026809695488,8.918606113738685],[44.03682915622111,8.813324805025875],[44.30323180438669,8.760672877839589],[44.409792863652925,8.708013493290176],[44.409792863652925,8.655346694809456],[43.93026809695488,8.18101906311703],[43.82370703768865,7.970023464264306],[43.71714597842242,7.864484673378945],[43.557304389523075,7.547708550188744],[43.557304389523075,7.442064432493206],[43.45074333025685,7.283550646789687],[43.45074333025685,7.12498079070197],[43.34418227099061,6.913469161302048],[43.2909017413575,6.54309760827548],[43.23762121172438,6.490164596533139],[43.18434068209127,6.013522477806788],[43.131060152458154,5.960535838319925],[43.131060152458154,5.801545399363272],[43.077779622825034,5.748538562416436],[43.077779622825034,5.536462292400597],[42.97121856355881,5.324309905458235],[42.97121856355881,5.165147397267085],[42.86465750429257,4.952868744482237],[42.86465750429257,4.79361485453629],[42.75809644502635,4.581218789611191],[42.75809644502635,4.474996910300555],[42.704815915393226,4.421880167612588],[42.704815915393226,4.315635303043956],[42.54497432649388,4.315635303043956],[42.491693796860766,4.262507271961251],[42.11873008942896,4.262507271961251],[41.852327441263384,4.049958882360495],[41.53264426346469,4.049958882360495],[41.479363733831576,3.99681294595273],[41.26624161529911,3.99681294595273],[41.212961085665995,4.049958882360495],[41.10640002639976,4.049958882360495],[41.10640002639976,4.103101328642558],[40.89327790786731,4.315635303043956],[40.73343631896796,4.315635303043956],[40.30719208190303,4.103101328642558],[40.147350493003685,4.103101328642558],[40.04078943373746,3.99681294595273],[39.88094784483811,3.943663564919203],[39.77438678557188,3.8373546510484515],[39.66782572630565,3.5715252732184433],[39.56126466703942,3.518349974912629],[39.45470360777318,3.518349974912629],[39.40142307814007,3.5715252732184433],[39.18830095960761,3.5715252732184433],[39.13502042997449,3.6246974914147376],[38.868617781808915,3.5715252732184433],[38.76205672254269,3.677866583888555],[38.655495663276454,3.677866583888555],[38.60221513364334,3.731032505040386],[38.49565407437711,3.731032505040386],[38.442373544743994,3.677866583888555],[38.17597089657841,3.677866583888555],[37.589885070614145,4.103101328642558],[37.53660454098103,4.103101328642558],[37.4300434817148,4.209375568904994],[37.376762952081684,4.209375568904994],[37.16364083354922,4.421880167612588],[37.05707977428299,4.421880167612588],[37.003799244649876,4.474996910300555],[36.790677126117416,4.474996910300555],[36.737396596484295,4.528109799419429],[36.577555007584955,4.528109799419429],[36.47099394831872,4.474996910300555],[36.41771341868561,4.528109799419429],[36.098030240886914,4.528109799419429],[36.098030240886914,4.634323835534552],[35.938188651987566,4.740521913295704],[35.938188651987566,5.324309905458235],[35.72506653345511,5.483431219120922],[35.40538335565642,5.483431219120922],[35.3521028260233,5.589488608346943],[35.24554176675707,5.642510121972721],[35.24554176675707,5.695526788311219],[35.13898070749084,5.801545399363272],[35.13898070749084,6.013522477806788],[34.97913911859149,6.278377357702322],[34.97913911859149,6.384281926228946],[34.92585858895838,6.437226020979981],[34.92585858895838,6.54309760827548],[34.872578059325264,6.648946761994554],[34.71273647042592,6.807677650040226],[34.659455940792796,6.807677650040226],[34.659455940792796,6.860576343385114],[34.55289488152657,6.9663560593727025],[34.39305329262722,7.019236993203891],[34.3397727629941,7.177843565709869],[34.233211703727875,7.283550646789687],[34.17993117409476,7.283550646789687],[34.17993117409476,7.389232807654724],[33.75368693702984,7.7589190229184295],[33.16760111106557,7.864484673378945],[33.32744269996492,8.02278267760996],[33.32744269996492,8.286475170142982],[33.380723229598026,8.233750627461504],[33.48728428886426,8.233750627461504],[33.59384534813049,8.286475170142982],[33.75368693702984,8.18101906311703],[33.86024799629607,8.18101906311703],[33.9668090555623,8.286475170142982],[34.07337011482853,8.286475170142982],[34.233211703727875,8.444606231297248],[34.286492233360995,8.549991029937058],[34.286492233360995,8.760672877839589],[34.233211703727875,8.813324805025875],[34.233211703727875,9.549644516339887],[34.286492233360995,9.602179392980267],[34.286492233360995,9.75973496406965],[34.39305329262722,9.96969298979325],[34.49961435189345,10.074621489646706],[34.49961435189345,10.231950139128319],[34.44633382226035,10.284375758735237],[34.44633382226035,10.493990787520842],[34.60617541115969,10.70346386474898],[34.76601700005903,10.493990787520842],[34.872578059325264,10.493990787520842],[35.03241964822461,10.651109051319263],[35.085700177857724,10.755809637295362],[35.085700177857724,10.96510147675349],[35.13898070749084,11.017401413793564],[35.13898070749084,11.331004416942646],[35.24554176675707,11.487677640501555],[35.24554176675707,11.592078182049514],[35.19226123712395,11.64426384594997],[35.45866388528953,11.905044439448124],[35.511944414922645,12.061393127215252],[35.61850547418887,12.1655750371273],[35.61850547418887,12.269716124712001],[35.83162759272134,12.529888095685394],[36.20459130015315,12.529888095685394],[36.311152359419374,12.685865703535606],[36.311152359419374,13.101336013929377],[36.577555007584955,13.567902407061489],[36.577555007584955,13.67146057814528],[36.63083553721807,13.723222617542701],[36.63083553721807,14.08523499524732],[36.68411606685119,14.1369045891452],[36.95051871501676,14.1369045891452],[37.003799244649876,14.08523499524732],[37.16364083354922,14.08523499524732],[37.27020189281546,14.240208537662507],[37.32348242244857,14.240208537662507],[37.376762952081684,14.1369045891452],[37.53660454098103,13.981860764997181],[37.69644612988038,13.981860764997181],[37.74972665951349,14.033553707394049]]],[[[42.91793803392569,13.619687161390644],[42.81137697465946,13.516106354986254],[42.704815915393226,13.516106354986254],[42.65153538576011,13.567902407061489],[42.65153538576011,13.67146057814528],[42.704815915393226,13.723222617542701],[42.704815915393226,13.878440074453902],[42.65153538576011,13.981860764997181],[42.75809644502635,14.08523499524732],[42.81137697465946,14.08523499524732],[42.91793803392569,13.981860764997181],[42.97121856355881,13.981860764997181],[42.91793803392569,13.930156207515356],[42.91793803392569,13.619687161390644]]],[[[42.01216903016273,15.219195463581224],[42.11873008942896,15.219195463581224],[42.278571678328305,15.064912967214433],[42.278571678328305,14.96199573709749],[42.225291148695185,14.910518567769207],[42.11873008942896,14.96199573709749],[42.11873008942896,15.01346054976144],[42.01216903016273,15.116352950959119],[42.01216903016273,15.219195463581224]]],[[[41.852327441263384,15.578746960272069],[41.95888850052961,15.527420604092269],[41.9056079708965,15.424729595940192],[41.79904691163026,15.476081469965516],[41.852327441263384,15.578746960272069]]],[[[47.28694146384115,17.06148369436836],[47.23366093420805,17.010544219061185],[47.07381934530869,17.010544219061185],[46.913977756409345,17.21421860223624],[47.127099874941806,17.112409274277432],[47.23366093420805,17.112409274277432],[47.28694146384115,17.06148369436836]]],[[[55.811826205139624,17.468496209208492],[56.131509382938304,17.620892838725627],[56.238070442204545,17.620892838725627],[56.29135097183765,17.519309319008435],[56.451192560737,17.519309319008435],[56.451192560737,17.417668914089468],[56.397912031103886,17.366827469701143],[56.29135097183765,17.417668914089468],[56.184789912571425,17.417668914089468],[56.131509382938304,17.366827469701143],[55.59870408660716,17.366827469701143],[55.59870408660716,17.519309319008435],[55.70526514587338,17.468496209208492],[55.811826205139624,17.468496209208492]]],[[[57.35696156449996,23.89404413247327],[57.463522623766195,23.89404413247327],[57.51680315339931,23.8453237927801],[57.62336421266555,23.8453237927801],[57.67664474229865,23.79658513494861],[57.836486331198,23.79658513494861],[57.88976686083112,23.747828187372264],[58.1561695089967,23.747828187372264],[58.31601109789604,23.650259536876852],[58.688974805327845,23.650259536876852],[58.688974805327845,23.60144789106265],[58.90209692386032,23.45490401531679],[58.90209692386032,23.406019839882333],[59.11521904239277,23.210302825004668],[59.11521904239277,23.11233653673507],[59.328341160925234,22.916189568487155],[59.328341160925234,22.867108333114864],[59.48818274982458,22.719758316322515],[59.5414632794577,22.621436676927278],[59.9144269868895,22.52304468034632],[59.967707516522616,22.424582566598065],[59.967707516522616,22.276758453785426],[59.9144269868895,22.227448952666805],[59.9144269868895,22.12877793750904],[59.807865927623276,22.030037775231023],[59.807865927623276,21.931228710829256],[59.75458539799016,21.8323509902906],[59.59474380909081,21.683906219754384],[59.59474380909081,21.584857941548503],[59.48818274982458,21.386558273325097],[59.38162169055835,21.287307385128084],[59.22178010165901,21.23765678776328],[58.95537745349342,20.989153535654285],[58.90209692386032,20.889636038625774],[58.90209692386032,20.740236097252943],[59.00865798312654,20.69040325991921],[59.00865798312654,20.59068849367914],[59.06193851275966,20.54080662956397],[59.06193851275966,20.391063503245995],[59.00865798312654,20.391063503245995],[58.90209692386032,20.29115380026198],[58.90209692386032,20.191179641167434],[58.742255334960966,20.041098122877155],[58.63569427569473,20.09114128895599],[58.63569427569473,20.141168472727028],[58.529133216428505,20.241174761313744],[58.31601109789604,20.241174761313744],[58.26273056826293,20.29115380026198],[58.1561695089967,20.29115380026198],[57.94304739046424,20.141168472727028],[57.94304739046424,19.890873061911464],[57.836486331198,19.74050535468295],[57.836486331198,19.43934561096477],[57.88976686083112,19.389097706843998],[57.88976686083112,19.137626158261064],[57.94304739046424,19.087285681091195],[57.94304739046424,18.88577102021698],[57.836486331198,18.835354338639977],[57.35696156449996,18.835354338639977],[57.303681034866855,18.78492251939676],[57.19711997560062,18.78492251939676],[57.1438394459675,18.73447559702621],[57.037278386701274,18.73447559702621],[56.93071732743504,18.684013606124378],[56.77087573853569,18.482015651121124],[56.66431467926947,18.026652332747076],[56.451192560737,17.82388807422505],[56.0782288533052,17.82388807422505],[56.02494832367208,17.773160830314612],[55.59870408660716,17.773160830314612],[55.49214302734092,17.671663176817226],[55.49214302734092,17.57010820749424],[55.3855819680747,17.519309319008435],[55.3855819680747,17.366827469701143],[55.43886249770781,17.315971912147862],[55.3855819680747,17.265102277588483],[55.3855819680747,17.163320922358658],[55.332301438441576,17.06148369436836],[55.22574037917535,17.010544219061185],[55.11917931990912,17.112409274277432],[55.11917931990912,17.21421860223624],[55.065898790276,17.265102277588483],[55.065898790276,17.468496209208492],[55.01261826064288,17.519309319008435],[55.01261826064288,17.671663176817226],[54.95933773100978,17.722419185938648],[54.95933773100978,18.43147883849827],[55.01261826064288,18.482015651121124],[55.01261826064288,18.73447559702621],[55.065898790276,18.78492251939676],[55.065898790276,19.036929894421345],[55.11917931990912,19.087285681091195],[55.11917931990912,19.489577967443736],[55.17245984954223,19.539794742493097],[55.17245984954223,19.940963976183927],[55.22574037917535,19.99103900757267],[55.22574037917535,20.241174761313744],[55.332301438441576,20.440994101771782],[55.332301438441576,20.54080662956397],[55.3855819680747,20.59068849367914],[55.3855819680747,20.69040325991921],[55.43886249770781,20.740236097252943],[55.43886249770781,20.889636038625774],[55.54542355697404,21.08860476245184],[55.54542355697404,21.187989463719013],[55.59870408660716,21.23765678776328],[55.59870408660716,21.33694122417462],[55.65198461624027,21.386558273325097],[55.65198461624027,21.53530836653829],[55.758545675506504,21.73340486059041],[55.758545675506504,21.8323509902906],[55.811826205139624,21.881798417164227],[55.811826205139624,21.98064184044462],[55.70526514587338,22.178122103751498],[55.59870408660716,22.276758453785426],[55.54542355697404,22.424582566598065],[55.3855819680747,22.621436676927278],[55.3855819680747,23.063326549597935],[55.65198461624027,23.552618069713226],[55.65198461624027,23.650259536876852],[55.70526514587338,23.699052978508124],[55.70526514587338,23.8453237927801],[55.91838726440585,23.8453237927801],[56.131509382938304,23.991429744189197],[56.131509382938304,24.18597990772055],[55.971667794038964,24.331698220110756],[55.971667794038964,24.671055378885477],[56.0782288533052,24.57418973506956],[56.184789912571425,24.57418973506956],[56.451192560737,24.81621284373968],[56.55775362000323,24.81621284373968],[56.55775362000323,24.71946002786152],[56.71759520890258,24.52572879490646],[56.71759520890258,24.477249145798122],[57.25040050523373,23.942746125698328],[57.35696156449996,23.89404413247327]]],[[[52.295311249354,24.52572879490646],[52.348591778987114,24.57418973506956],[52.45515283825335,24.52572879490646],[52.45515283825335,24.428750815243394],[52.295311249354,24.380233830805246],[52.295311249354,24.52572879490646]]],[[[52.66827495678581,24.81621284373968],[52.66827495678581,24.71946002786152],[52.61499442715269,24.671055378885477],[52.56171389751958,24.76784585853883],[52.66827495678581,24.81621284373968]]],[[[55.43886249770781,23.991429744189197],[55.43886249770781,23.650259536876852],[55.332301438441576,23.503770101539743],[55.27902090880846,23.259259067639395],[55.11917931990912,23.01429870622948],[55.11917931990912,22.719758316322515],[55.065898790276,22.670606306235193],[55.01261826064288,22.719758316322515],[54.6929350828442,22.719758316322515],[54.63965455321108,22.76889267734332],[54.26669084577928,22.76889267734332],[54.21341031614615,22.818009359514303],[53.89372713834746,22.818009359514303],[53.84044660871436,22.867108333114864],[53.46748290128254,22.867108333114864],[53.414202371649424,22.916189568487155],[53.09451919385073,22.916189568487155],[53.041238664217616,22.965253036036103],[52.72155548641893,22.965253036036103],[52.61499442715269,23.01429870622948],[52.61499442715269,23.063326549597935],[52.50843336788646,23.161328638297448],[52.45515283825335,23.161328638297448],[52.45515283825335,23.259259067639395],[52.295311249354,23.406019839882333],[52.295311249354,23.45490401531679],[52.13546966045465,23.60144789106265],[52.08218913082154,23.60144789106265],[52.08218913082154,23.699052978508124],[51.762505953022846,24.040094959743517],[51.762505953022846,24.18597990772055],[51.65594489375661,24.283144010851036],[51.549383834490385,24.283144010851036],[51.496103304857265,24.234571230781253],[51.496103304857265,24.040094959743517],[51.602664364123505,23.942746125698328],[51.602664364123505,23.89404413247327],[51.92234754192219,23.552618069713226],[51.975628071555306,23.552618069713226],[51.975628071555306,23.45490401531679],[52.13546966045465,23.30819733704741],[52.13546966045465,23.259259067639395],[52.295311249354,23.11233653673507],[52.348591778987114,23.11233653673507],[52.348591778987114,23.01429870622948],[52.45515283825335,22.916189568487155],[52.50843336788646,22.916189568487155],[52.50843336788646,22.867108333114864],[52.61499442715269,22.76889267734332],[52.88139707531827,22.76889267734332],[52.93467760495138,22.719758316322515],[53.30764131238319,22.719758316322515],[53.36092184201631,22.670606306235193],[53.680605019815005,22.670606306235193],[53.73388554944811,22.621436676927278],[54.106849256879926,22.621436676927278],[54.16012978651304,22.572249458307297],[54.47981296431173,22.572249458307297],[54.53309349394485,22.52304468034632],[54.906057201376655,22.52304468034632],[54.95933773100978,22.47382237307791],[55.22574037917535,22.47382237307791],[55.54542355697404,21.98064184044462],[55.54542355697404,21.78288646111117],[55.43886249770781,21.584857941548503],[55.43886249770781,21.485741875931968],[55.3855819680747,21.436158501062753],[55.3855819680747,21.287307385128084],[55.27902090880846,21.08860476245184],[55.27902090880846,20.989153535654285],[55.22574037917535,20.939403054924785],[55.22574037917535,21.33694122417462],[55.17245984954223,21.386558273325097],[55.17245984954223,21.63439056969071],[55.11917931990912,21.683906219754384],[55.11917931990912,21.78288646111117],[55.01261826064288,21.98064184044462],[54.852776671743534,22.12877793750904],[54.63965455321108,22.227448952666805],[54.53309349394485,22.227448952666805],[54.47981296431173,22.276758453785426],[54.21341031614615,22.276758453785426],[54.16012978651304,22.326050576699966],[53.84044660871436,22.326050576699966],[53.78716607908123,22.375325291065177],[53.52076343091566,22.375325291065177],[53.30764131238319,22.47382237307791],[53.14779972348385,22.47382237307791],[53.09451919385073,22.52304468034632],[52.93467760495138,22.52304468034632],[52.88139707531827,22.572249458307297],[52.72155548641893,22.572249458307297],[52.66827495678581,22.621436676927278],[52.50843336788646,22.621436676927278],[52.45515283825335,22.670606306235193],[52.348591778987114,22.670606306235193],[52.18875019008777,22.76889267734332],[52.08218913082154,22.76889267734332],[51.86906701228908,22.867108333114864],[51.762505953022846,22.965253036036103],[51.602664364123505,23.01429870622948],[51.44282277522416,23.161328638297448],[51.38954224559104,23.161328638297448],[51.22970065669169,23.30819733704741],[51.176420127058584,23.30819733704741],[50.32393165292874,24.088741744222713],[50.32393165292874,24.13737006955203],[50.05752900476316,24.380233830805246],[50.05752900476316,24.428750815243394],[49.89768741586381,24.57418973506956],[49.89768741586381,24.62263193885273],[49.684565297331346,24.81621284373968],[49.684565297331346,24.864560956350644],[49.524723708432,25.00949178847522],[49.524723708432,25.057764140879645],[49.36488211953265,25.202467048101898],[49.25832106026642,25.395136914162986],[49.09847947136707,25.53943788075833],[49.09847947136707,25.587499694729694],[48.93863788246773,25.731569246832915],[48.93863788246773,25.779553714426505],[48.72551576393527,25.97129731445463],[48.72551576393527,26.019184518578065],[48.51239364540281,26.21053778662298],[48.51239364540281,26.258327089848052],[48.139429937970995,26.639931800393207],[48.139429937970995,26.687543301610425],[47.766466230539194,27.067717594873226],[47.65990517127297,27.257323742425765],[47.50006358237361,27.39931665685028],[47.50006358237361,27.44660717871058],[47.23366093420805,27.729923944318404],[47.23366093420805,27.777072126722686],[46.967258286042465,28.012506173172333],[46.967258286042465,28.059531449115187],[46.487733519344424,28.528649464070647],[46.487733519344424,28.57544729974053],[46.38117246007819,28.668980520513113],[46.274611400811956,28.855796548563628],[46.274611400811956,28.94907900891849],[46.32789193044508,28.9024482595207],[46.487733519344424,28.9024482595207],[46.541014048977544,28.94907900891849],[46.807416697143125,28.94907900891849],[46.860697226776225,28.9024482595207],[47.23366093420805,28.9024482595207],[47.28694146384115,28.855796548563628],[47.39350252310739,28.855796548563628],[47.50006358237361,28.715715861858946],[47.50006358237361,28.57544729974053],[47.65990517127297,28.38813131983846],[48.56567417503592,28.38813131983846],[48.61895470466904,28.48183084082507],[48.67223523430215,28.38813131983846],[48.67223523430215,28.294348913896897],[48.778796293568384,28.153520285706083],[48.778796293568384,28.059531449115187],[48.88535735283462,28.012506173172333],[48.88535735283462,27.918394019464277],[48.991918412100844,27.824199882051527],[48.991918412100844,27.682755357924968],[49.20504053063331,27.541127406651896],[49.36488211953265,27.541127406651896],[49.471443178798886,27.35200589443281],[49.73784582696446,27.35200589443281],[49.79112635659757,27.304674915066713],[49.79112635659757,26.97279398176219],[50.16409006402939,26.78270664078344],[50.32393165292874,26.496978265453837],[50.32393165292874,26.35384670332109],[50.43049271219496,26.258327089848052],[50.59033430109431,26.258327089848052],[50.696895360360536,26.306096737116523],[50.80345641962677,26.21053778662298],[50.75017588999366,26.162728852613625],[50.75017588999366,25.827518780709752],[50.80345641962677,25.779553714426505],[50.910017478893,25.779553714426505],[50.96329800852612,25.827518780709752],[50.96329800852612,25.923390606383233],[51.01657853815923,26.019184518578065],[51.123139597425464,26.067052193256377],[51.28298118632481,26.21053778662298],[51.336261715957924,26.21053778662298],[51.496103304857265,26.067052193256377],[51.549383834490385,25.97129731445463],[51.602664364123505,25.97129731445463],[51.70922542338973,25.875464419925944],[51.70922542338973,25.587499694729694],[51.65594489375661,25.53943788075833],[51.65594489375661,25.395136914162986],[51.762505953022846,25.202467048101898],[51.762505953022846,24.96120045567092],[51.65594489375661,24.81621284373968],[51.65594489375661,24.671055378885477],[51.86906701228908,24.57418973506956],[51.86906701228908,24.283144010851036],[51.92234754192219,24.234571230781253],[52.02890860118843,24.234571230781253],[52.08218913082154,24.283144010851036],[52.13546966045465,24.234571230781253],[52.13546966045465,24.040094959743517],[52.18875019008777,23.991429744189197],[52.295311249354,23.991429744189197],[52.401872308620234,24.040094959743517],[52.56171389751958,24.18597990772055],[52.56171389751958,24.380233830805246],[52.72155548641893,24.380233830805246],[52.774836016052035,24.331698220110756],[52.774836016052035,24.18597990772055],[52.828116545685155,24.13737006955203],[52.9879581345845,24.13737006955203],[53.041238664217616,24.18597990772055],[53.041238664217616,24.283144010851036],[53.09451919385073,24.380233830805246],[53.30764131238319,24.380233830805246],[53.36092184201631,24.477249145798122],[53.46748290128254,24.477249145798122],[53.627324490181884,24.331698220110756],[53.89372713834746,24.331698220110756],[53.94700766798058,24.283144010851036],[54.053568727246805,24.283144010851036],[54.16012978651304,24.331698220110756],[54.63965455321108,24.71946002786152],[54.63965455321108,24.76784585853883],[54.74621561247731,24.864560956350644],[54.852776671743534,24.864560956350644],[55.01261826064288,25.00949178847522],[55.065898790276,25.00949178847522],[55.22574037917535,25.15425179738767],[55.332301438441576,25.34699817110455],[55.54542355697404,25.53943788075833],[55.54542355697404,25.587499694729694],[55.86510673477273,25.731569246832915],[56.02494832367208,25.875464419925944],[56.02494832367208,25.923390606383233],[56.131509382938304,25.923390606383233],[56.0782288533052,25.875464419925944],[56.0782288533052,25.587499694729694],[56.238070442204545,25.443256464297196],[56.34463150147077,25.443256464297196],[56.451192560737,25.53943788075833],[56.451192560737,25.491356795232356],[56.50447309037012,25.443256464297196],[56.50447309037012,25.202467048101898],[56.451192560737,25.15425179738767],[56.451192560737,25.057764140879645],[56.397912031103886,25.057764140879645],[56.184789912571425,24.864560956350644],[56.184789912571425,24.912890169322623],[56.02494832367208,25.057764140879645],[55.91838726440585,25.057764140879645],[55.758545675506504,24.912890169322623],[55.758545675506504,24.671055378885477],[55.70526514587338,24.62263193885273],[55.70526514587338,24.13737006955203],[55.758545675506504,24.088741744222713],[55.59870408660716,24.088741744222713],[55.43886249770781,23.991429744189197]],[[56.451192560737,25.34699817110455],[56.397912031103886,25.395136914162986],[56.238070442204545,25.395136914162986],[56.131509382938304,25.250663211637573],[56.131509382938304,25.15425179738767],[56.238070442204545,25.057764140879645],[56.34463150147077,25.057764140879645],[56.451192560737,25.15425179738767],[56.451192560737,25.34699817110455]],[[50.96329800852612,24.428750815243394],[51.22970065669169,24.428750815243394],[51.336261715957924,24.52572879490646],[51.336261715957924,24.62263193885273],[51.28298118632481,24.671055378885477],[51.176420127058584,24.671055378885477],[51.06985906779234,24.62263193885273],[50.96329800852612,24.71946002786152],[50.85673694925988,24.71946002786152],[50.80345641962677,24.671055378885477],[50.80345641962677,24.57418973506956],[50.96329800852612,24.428750815243394]],[[50.75017588999366,25.68356540375054],[50.696895360360536,25.731569246832915],[50.48377324182808,25.731569246832915],[50.43049271219496,25.68356540375054],[50.43049271219496,25.587499694729694],[50.59033430109431,25.395136914162986],[50.696895360360536,25.395136914162986],[50.75017588999366,25.443256464297196],[50.75017588999366,25.68356540375054]],[[50.48377324182808,25.875464419925944],[50.43049271219496,25.923390606383233],[50.32393165292874,25.923390606383233],[50.270651123295615,25.875464419925944],[50.270651123295615,25.779553714426505],[50.32393165292874,25.731569246832915],[50.43049271219496,25.731569246832915],[50.48377324182808,25.779553714426505],[50.48377324182808,25.875464419925944]]],[[[52.828116545685155,24.864560956350644],[52.88139707531827,24.912890169322623],[52.88139707531827,25.15425179738767],[52.9879581345845,25.15425179738767],[52.9879581345845,24.96120045567092],[53.041238664217616,24.912890169322623],[53.14779972348385,24.912890169322623],[53.20108025311696,24.81621284373968],[53.09451919385073,24.76784585853883],[53.041238664217616,24.81621284373968],[52.88139707531827,24.81621284373968],[52.828116545685155,24.864560956350644]]],[[[54.21341031614615,25.15425179738767],[54.21341031614615,25.250663211637573],[54.319971375412386,25.250663211637573],[54.3732519050455,25.202467048101898],[54.26669084577928,25.106017486092775],[54.21341031614615,25.15425179738767]]],[[[56.55775362000323,26.019184518578065],[56.55775362000323,25.875464419925944],[56.451192560737,25.731569246832915],[56.451192560737,25.63554221106574],[56.34463150147077,25.68356540375054],[56.34463150147077,26.067052193256377],[56.238070442204545,26.162728852613625],[56.131509382938304,26.162728852613625],[56.184789912571425,26.258327089848052],[56.29135097183765,26.258327089848052],[56.397912031103886,26.40157696341947],[56.611034149636346,26.40157696341947],[56.66431467926947,26.306096737116523],[56.611034149636346,26.258327089848052],[56.611034149636346,26.067052193256377],[56.55775362000323,26.019184518578065]]],[[[49.84440688623069,27.729923944318404],[49.95096794549692,27.682755357924968],[49.89768741586381,27.588357065842207],[49.84440688623069,27.635566390693953],[49.84440688623069,27.729923944318404]]],[[[47.23366093420805,32.29513686839462],[47.340221993474266,32.3401613126281],[47.340221993474266,32.2500900501075],[47.4467830527405,32.06967937218613],[47.766466230539194,31.753103194715933],[47.713185700906074,31.66245307735374],[47.713185700906074,31.57171442451613],[47.65990517127297,31.52631194141978],[47.65990517127297,31.435440750684357],[47.60662464163985,31.389972078762643],[47.60662464163985,30.97976498698673],[47.766466230539194,30.842635100009527],[47.92630781943854,30.842635100009527],[47.92630781943854,30.43006992456602],[48.139429937970995,30.292158075790265],[48.139429937970995,30.246144279808277],[48.24599099723723,30.154052035571368],[48.29927152687034,30.154052035571368],[48.35255205650346,30.061873719515113],[48.35255205650346,29.96960949000105],[48.51239364540281,29.831052406967718],[48.51239364540281,29.692302919905156],[48.45911311576969,29.64601042893221],[48.45911311576969,29.46062770004126],[48.51239364540281,29.414228929443283],[48.51239364540281,29.32136782713252],[48.45911311576969,29.274905537090294],[48.29927152687034,29.274905537090294],[48.24599099723723,29.228422115679077],[48.24599099723723,29.042277537283915],[48.405832586136576,28.855796548563628],[48.405832586136576,28.809123897566884],[48.51239364540281,28.715715861858946],[48.51239364540281,28.57544729974053],[47.81974676017231,28.57544729974053],[47.713185700906074,28.668980520513113],[47.713185700906074,28.809123897566884],[47.60662464163985,28.995688775302625],[47.50006358237361,29.0888452735384],[47.02053881567557,29.0888452735384],[46.967258286042465,29.13539196280729],[46.807416697143125,29.13539196280729],[47.02053881567557,29.36780896487279],[47.18038040457492,29.64601042893221],[47.18038040457492,29.738574093456045],[47.23366093420805,29.831052406967718],[47.340221993474266,29.923445207469197],[47.4467830527405,29.923445207469197],[47.50006358237361,29.96960949000105],[47.713185700906074,29.96960949000105],[47.92630781943854,29.877259506428985],[48.03286887870477,29.877259506428985],[48.08614940833789,29.923445207469197],[48.08614940833789,30.01575233400216],[48.03286887870477,30.061873719515113],[47.81974676017231,30.154052035571368],[47.340221993474266,30.154052035571368],[47.23366093420805,30.107973626647397],[47.02053881567557,29.923445207469197],[47.02053881567557,29.831052406967718],[46.913977756409345,29.692302919905156],[46.913977756409345,29.599696640949507],[46.807416697143125,29.507005255929126],[46.75413616751,29.36780896487279],[46.487733519344424,29.13539196280729],[46.22133087117884,29.13539196280729],[46.22133087117884,29.228422115679077],[46.16805034154573,29.274905537090294],[46.16805034154573,29.738574093456045],[46.22133087117884,29.784823929237653],[46.22133087117884,29.96960949000105],[46.274611400811956,30.01575233400216],[46.274611400811956,30.107973626647397],[46.38117246007819,30.20010892652429],[46.4344529897113,30.338150294902043],[46.541014048977544,30.43006992456602],[46.64757510824377,30.61364940763984],[46.64757510824377,30.796881499454628],[46.70085563787688,30.842635100009527],[46.70085563787688,31.071075629596947],[46.64757510824377,31.116698110687686],[46.64757510824377,31.389972078762643],[46.59429457861065,31.435440750684357],[46.59429457861065,31.617094809060234],[46.541014048977544,31.66245307735374],[46.541014048977544,31.79839500870819],[46.487733519344424,31.84366463629695],[46.487733519344424,31.979340227179286],[46.38117246007819,32.15992935839771],[46.38117246007819,32.29513686839462],[46.16805034154573,32.65470455590778],[46.16805034154573,32.744371747590975],[46.061489282279496,32.87870346041849],[46.16805034154573,32.789171544536025],[46.274611400811956,32.789171544536025],[46.32789193044508,32.83394878747176],[46.541014048977544,32.744371747590975],[46.70085563787688,32.60983719344516],[46.807416697143125,32.60983719344516],[46.807416697143125,32.56494734152435],[47.127099874941806,32.29513686839462],[47.23366093420805,32.29513686839462]]],[[[45.52868398594835,38.83220408397118],[45.79508663411392,38.83220408397118],[45.848367163747035,38.79068978043966],[46.00820875264638,38.79068978043966],[46.11476981191262,38.70758860900903],[46.22133087117884,38.70758860900903],[46.32789193044508,38.79068978043966],[46.4344529897113,38.79068978043966],[46.487733519344424,38.74915128620251],[46.64757510824377,38.74915128620251],[46.967258286042465,39.039412473688394],[47.07381934530869,39.039412473688394],[47.28694146384115,39.246014965101615],[47.340221993474266,39.246014965101615],[47.4467830527405,39.32848610587835],[47.4467830527405,39.36968525012809],[47.55334411200673,39.36968525012809],[47.87302728980542,39.53423882394018],[48.03286887870477,39.53423882394018],[48.192710467604115,39.410860100958956],[48.192710467604115,39.36968525012809],[48.08614940833789,39.32848610587835],[48.03286887870477,39.246014965101615],[48.03286887870477,39.16344673513181],[48.192710467604115,39.039412473688394],[48.192710467604115,38.998019237990285],[48.08614940833789,38.998019237990285],[47.92630781943854,38.87369418910311],[47.92630781943854,38.79068978043966],[48.08614940833789,38.66600175666388],[48.139429937970995,38.66600175666388],[48.139429937970995,38.62439073702723],[48.35255205650346,38.457705144713906],[48.405832586136576,38.457705144713906],[48.67223523430215,38.248805356652305],[48.778796293568384,38.248805356652305],[48.88535735283462,38.33243758734218],[48.991918412100844,38.290633519018456],[48.991918412100844,38.16507678352381],[49.045198941733965,38.123176389767664],[49.045198941733965,37.871269071125205],[49.09847947136707,37.82920044066575],[49.09847947136707,37.74499119379132],[49.36488211953265,37.534048584441585],[49.471443178798886,37.534048584441585],[49.524723708432,37.49178822367092],[50.00424847513004,37.49178822367092],[50.16409006402939,37.40719573841608],[50.270651123295615,37.40719573841608],[50.37721218256184,37.280127744595916],[50.37721218256184,37.19529635092627],[50.59033430109431,37.0253473627909],[50.80345641962677,36.94022992816309],[50.910017478893,36.85501730793677],[51.22970065669169,36.72702008476972],[51.496103304857265,36.72702008476972],[51.81578648265596,36.59880916080643],[52.13546966045465,36.59880916080643],[52.348591778987114,36.684306840609054],[52.72155548641893,36.72702008476972],[52.774836016052035,36.7697095843584],[52.9879581345845,36.7697095843584],[53.14779972348385,36.85501730793677],[53.414202371649424,36.85501730793677],[53.46748290128254,36.89763551113123],[53.84044660871436,36.89763551113123],[53.94700766798058,36.98280054878075],[53.94700766798058,37.15284486411592],[53.89372713834746,37.19529635092627],[53.94700766798058,37.23772398103458],[54.00028819761369,37.19529635092627],[54.3732519050455,37.19529635092627],[54.53309349394485,37.280127744595916],[54.6929350828442,37.280127744595916],[54.79949614211043,37.322507631823186],[54.95933773100978,37.449503938496136],[54.95933773100978,37.576285011366735],[55.065898790276,37.576285011366735],[55.11917931990912,37.61849749506236],[55.59870408660716,37.61849749506236],[55.65198461624027,37.66068602620176],[55.91838726440585,37.66068602620176],[55.971667794038964,37.702850595515486],[56.131509382938304,37.702850595515486],[56.184789912571425,37.74499119379132],[56.397912031103886,37.74499119379132],[56.611034149636346,37.66068602620176],[56.71759520890258,37.576285011366735],[56.77087573853569,37.576285011366735],[56.87743679780193,37.49178822367092],[56.983997857068154,37.322507631823186],[56.983997857068154,37.23772398103458],[57.037278386701274,37.19529635092627],[57.037278386701274,36.89763551113123],[56.93071732743504,36.72702008476972],[56.02494832367208,35.954559215591786],[55.971667794038964,35.868258108744875],[55.91838726440585,35.868258108744875],[55.65198461624027,35.652093904588064],[55.43886249770781,35.565463896929884],[55.332301438441576,35.47874013286648],[54.58637402357796,35.17447004234837],[54.47981296431173,35.17447004234837],[54.319971375412386,35.087325594136935],[54.21341031614615,35.087325594136935],[54.053568727246805,35.00008793736587],[53.94700766798058,35.00008793736587],[53.09451919385073,34.65020729453734],[52.828116545685155,34.474710439922355],[52.774836016052035,34.474710439922355],[51.81578648265596,33.680410265625824],[51.81578648265596,33.63606451321154],[51.549383834490385,33.36951073649679],[51.549383834490385,33.280477262010315],[51.496103304857265,33.235926427644564],[51.496103304857265,32.92343554745964],[51.549383834490385,32.87870346041849],[51.549383834490385,32.789171544536025],[51.92234754192219,32.15992935839771],[52.02890860118843,32.06967937218613],[52.13546966045465,31.84366463629695],[52.24203071972089,31.753103194715933],[52.24203071972089,31.66245307735374],[52.348591778987114,31.57171442451613],[52.401872308620234,31.435440750684357],[52.61499442715269,31.207877300414765],[52.66827495678581,31.071075629596947],[52.774836016052035,30.97976498698673],[52.88139707531827,30.796881499454628],[52.88139707531827,30.705308953656246],[52.9879581345845,30.567787057054684],[52.9879581345845,30.43006992456602],[53.041238664217616,30.384120917640182],[53.041238664217616,30.246144279808277],[53.09451919385073,30.20010892652429],[53.09451919385073,30.061873719515113],[53.14779972348385,30.01575233400216],[53.14779972348385,29.784823929237653],[53.20108025311696,29.738574093456045],[53.20108025311696,29.32136782713252],[53.25436078275008,29.274905537090294],[53.25436078275008,28.715715861858946],[53.20108025311696,28.668980520513113],[53.20108025311696,28.434991452045377],[53.14779972348385,28.38813131983846],[53.14779972348385,28.2474266847024],[52.9879581345845,27.965460355702096],[52.88139707531827,27.871307187283957],[52.88139707531827,27.824199882051527],[52.774836016052035,27.729923944318404],[52.774836016052035,27.682755357924968],[52.61499442715269,27.49387743647045],[52.50843336788646,27.49387743647045],[52.45515283825335,27.541127406651896],[52.348591778987114,27.541127406651896],[52.24203071972089,27.588357065842207],[52.08218913082154,27.729923944318404],[51.65594489375661,27.729923944318404],[51.602664364123505,27.777072126722686],[51.44282277522416,27.777072126722686],[51.38954224559104,27.824199882051527],[51.38954224559104,27.871307187283957],[51.28298118632481,27.965460355702096],[51.28298118632481,28.153520285706083],[51.176420127058584,28.2474266847024],[51.06985906779234,28.434991452045377],[51.06985906779234,28.62222432585838],[50.80345641962677,28.809123897566884],[50.80345641962677,28.94907900891849],[50.696895360360536,28.995688775302625],[50.64361483072742,29.0888452735384],[50.64361483072742,29.181917583896993],[50.59033430109431,29.228422115679077],[50.48377324182808,29.228422115679077],[50.43049271219496,29.13539196280729],[50.32393165292874,29.13539196280729],[50.270651123295615,29.181917583896993],[50.32393165292874,29.32136782713252],[50.37721218256184,29.32136782713252],[50.48377324182808,29.414228929443283],[50.48377324182808,29.507005255929126],[50.16409006402939,29.831052406967718],[50.11080953439627,29.923445207469197],[50.11080953439627,30.01575233400216],[50.05752900476316,30.061873719515113],[49.89768741586381,30.061873719515113],[49.684565297331346,29.923445207469197],[49.524723708432,29.923445207469197],[49.524723708432,29.96960949000105],[49.418162649165765,30.061873719515113],[49.25832106026642,30.061873719515113],[49.20504053063331,30.01575233400216],[49.09847947136707,30.01575233400216],[48.991918412100844,29.923445207469197],[48.8320768232015,29.923445207469197],[48.778796293568384,29.877259506428985],[48.778796293568384,29.923445207469197],[48.67223523430215,30.01575233400216],[48.56567417503592,30.061873719515113],[48.56567417503592,30.20010892652429],[48.45911311576969,30.292158075790265],[48.45911311576969,30.338150294902043],[48.35255205650346,30.384120917640182],[48.192710467604115,30.521903013550062],[48.192710467604115,30.934076862470793],[48.03286887870477,31.071075629596947],[47.81974676017231,31.071075629596947],[47.81974676017231,31.298968671586135],[47.87302728980542,31.344481379723515],[47.87302728980542,31.48088737753366],[47.97958834907165,31.617094809060234],[47.97958834907165,31.79839500870819],[47.87302728980542,31.979340227179286],[47.65990517127297,32.15992935839771],[47.65990517127297,32.2500900501075],[47.55334411200673,32.43014301229019],[47.340221993474266,32.56494734152435],[47.127099874941806,32.56494734152435],[46.967258286042465,32.69954941267952],[46.860697226776225,32.69954941267952],[46.860697226776225,32.744371747590975],[46.70085563787688,32.87870346041849],[46.64757510824377,32.87870346041849],[46.541014048977544,32.968145032741766],[46.4344529897113,33.01283190047451],[46.32789193044508,33.01283190047451],[46.274611400811956,33.05749613493052],[46.32789193044508,33.10213772044546],[46.32789193044508,33.235926427644564],[46.22133087117884,33.32500537005681],[46.061489282279496,33.63606451321154],[46.00820875264638,33.680410265625824],[45.848367163747035,33.680410265625824],[45.7418061044808,33.76903317077872],[45.635245045214575,33.99018958610701],[45.7418061044808,34.16670146469706],[45.7418061044808,34.29884371145344],[45.635245045214575,34.38682325523422],[45.635245045214575,34.430778399339005],[45.6885255748477,34.38682325523422],[45.79508663411392,34.38682325523422],[45.848367163747035,34.430778399339005],[45.848367163747035,34.73781674818148],[45.90164769338015,34.73781674818148],[46.00820875264638,34.825333410164376],[46.00820875264638,34.91275717479644],[46.11476981191262,34.91275717479644],[46.22133087117884,34.956434187845325],[46.32789193044508,35.087325594136935],[46.32789193044508,35.26152118021163],[46.16805034154573,35.435343122592826],[46.16805034154573,35.565463896929884],[46.32789193044508,35.565463896929884],[46.4344529897113,35.652093904588064],[46.487733519344424,35.738630059371495],[46.487733519344424,35.82507226577206],[46.38117246007819,35.91142042924111],[46.274611400811956,35.91142042924111],[46.22133087117884,35.868258108744875],[46.16805034154573,35.91142042924111],[45.79508663411392,35.91142042924111],[45.79508663411392,35.954559215591786],[45.6885255748477,36.04076613947937],[45.47540345631523,36.12687878824978],[45.47540345631523,36.212897070698226],[45.422122926682114,36.25587079631037],[45.422122926682114,36.38465017656419],[45.31556186741588,36.47038482232048],[45.20900080814965,36.47038482232048],[45.20900080814965,36.684306840609054],[45.049159219250306,36.81237532888971],[45.049159219250306,37.0253473627909],[44.94259815998407,37.11036953050637],[44.94259815998407,37.322507631823186],[44.72947604145161,37.49178822367092],[44.72947604145161,37.74499119379132],[44.409792863652925,37.955334301167625],[44.51635392291915,38.0393034308098],[44.51635392291915,38.123176389767664],[44.62291498218538,38.248805356652305],[44.62291498218538,38.33243758734218],[44.51635392291915,38.457705144713906],[44.46307339328603,38.457705144713906],[44.409792863652925,38.83220408397118],[44.356512334019804,38.87369418910311],[44.356512334019804,39.12212622959523],[44.24995127475358,39.20474298270034],[44.24995127475358,39.28726267519098],[44.30323180438669,39.246014965101615],[44.409792863652925,39.246014965101615],[44.56963445255227,39.36968525012809],[44.56963445255227,39.53423882394018],[44.62291498218538,39.616369713284655],[44.6761955118185,39.616369713284655],[44.88931763035096,39.45201065144403],[44.88931763035096,39.36968525012809],[45.049159219250306,39.246014965101615],[45.049159219250306,39.16344673513181],[45.15572027851653,39.08078147334452],[45.26228133778277,39.08078147334452],[45.31556186741588,38.998019237990285],[45.52868398594835,38.83220408397118]]],[[[45.20900080814965,36.12687878824978],[45.26228133778277,36.08383425397683],[45.26228133778277,35.91142042924111],[45.368842397049,35.82507226577206],[45.47540345631523,35.82507226577206],[45.581964515581454,35.868258108744875],[45.635245045214575,35.781862912051395],[45.79508663411392,35.652093904588064],[45.90164769338015,35.652093904588064],[45.95492822301327,35.69537371958089],[45.90164769338015,35.608790626361525],[45.90164769338015,35.391922709830446],[46.00820875264638,35.30501172621933],[46.00820875264638,35.218007281397355],[46.061489282279496,35.17447004234837],[45.95492822301327,35.17447004234837],[45.79508663411392,35.04371841042159],[45.6885255748477,34.869056911216646],[45.581964515581454,34.78158668475911],[45.581964515581454,34.65020729453734],[45.47540345631523,34.65020729453734],[45.422122926682114,34.606367804138074],[45.368842397049,34.29884371145344],[45.47540345631523,34.210771919182804],[45.47540345631523,34.16670146469706],[45.368842397049,34.03435203652116],[45.368842397049,33.857564511846235],[45.635245045214575,33.59169591393361],[45.6885255748477,33.4584531837219],[45.90164769338015,33.32500537005681],[45.95492822301327,33.32500537005681],[46.061489282279496,33.235926427644564],[46.00820875264638,33.14675664141796],[46.00820875264638,32.968145032741766],[45.848367163747035,33.235926427644564],[45.6885255748477,33.36951073649679],[45.6885255748477,33.413993346105784],[45.20900080814965,33.81331029413084],[45.15572027851653,33.81331029413084],[44.99587868961719,33.946004172278656],[44.782756571084725,34.03435203652116],[44.6761955118185,34.12260799001237],[44.46307339328603,34.210771919182804],[44.356512334019804,34.210771919182804],[44.30323180438669,34.254819339428145],[44.143390215487344,34.254819339428145],[44.09010968585423,34.29884371145344],[43.6638654487893,34.29884371145344],[43.61058491915619,34.254819339428145],[43.45074333025685,34.254819339428145],[43.23762121172438,34.16670146469706],[43.131060152458154,34.16670146469706],[42.97121856355881,34.078491509232],[42.86465750429257,34.078491509232],[42.331852207961425,33.857564511846235],[42.225291148695185,33.76903317077872],[42.06544955979584,33.72473315638968],[41.79904691163026,33.547304482641195],[41.74576638199715,33.547304482641195],[41.53264426346469,33.36951073649679],[41.479363733831576,33.36951073649679],[41.10640002639976,33.05749613493052],[41.10640002639976,33.01283190047451],[40.68015578933484,32.60983719344516],[40.46703367080238,32.2500900501075],[40.46703367080238,32.06967937218613],[40.41375314116926,31.979340227179286],[40.36047261153615,32.02452093601061],[40.200631022636806,32.02452093601061],[40.147350493003685,32.06967937218613],[39.82766731520499,32.06967937218613],[39.77438678557188,32.114815518646886],[39.507984137406304,32.114815518646886],[39.45470360777318,32.15992935839771],[39.45470360777318,32.29513686839462],[39.34814254850696,32.43014301229019],[39.24158148924073,32.43014301229019],[39.18830095960761,32.38516336613106],[39.18830095960761,32.60983719344516],[39.13502042997449,32.65470455590778],[39.13502042997449,32.789171544536025],[39.08173990034138,32.83394878747176],[39.08173990034138,32.968145032741766],[39.02845937070826,33.01283190047451],[39.02845937070826,33.10213772044546],[38.97517884107514,33.14675664141796],[38.97517884107514,33.280477262010315],[39.24158148924073,33.4584531837219],[39.66782572630565,33.63606451321154],[39.77438678557188,33.72473315638968],[39.934228374471225,33.76903317077872],[40.04078943373746,33.857564511846235],[40.200631022636806,33.90179580938731],[40.30719208190303,33.99018958610701],[40.46703367080238,34.03435203652116],[40.57359473006861,34.12260799001237],[40.786716848601074,34.210771919182804],[40.89327790786731,34.210771919182804],[40.999838967133535,34.254819339428145],[41.212961085665995,34.430778399339005],[41.212961085665995,34.51861936331295],[41.37280267456534,34.73781674818148],[41.37280267456534,35.30501172621933],[41.53264426346469,35.565463896929884],[41.53264426346469,35.82507226577206],[41.426083204198456,35.997674456187724],[41.426083204198456,36.29882089657114],[41.53264426346469,36.427529334207286],[41.74576638199715,36.427529334207286],[41.79904691163026,36.47038482232048],[41.9056079708965,36.47038482232048],[42.331852207961425,36.81237532888971],[42.331852207961425,36.89763551113123],[42.43841326722765,36.89763551113123],[42.491693796860766,36.98280054878075],[42.65153538576011,37.0253473627909],[42.86465750429257,37.23772398103458],[42.91793803392569,37.19529635092627],[43.077779622825034,37.19529635092627],[43.18434068209127,37.23772398103458],[43.2909017413575,37.15284486411592],[43.39746280062373,37.15284486411592],[43.45074333025685,37.11036953050637],[43.6638654487893,37.11036953050637],[43.71714597842242,37.067870360058414],[43.93026809695488,37.067870360058414],[44.09010968585423,37.19529635092627],[44.143390215487344,37.19529635092627],[44.143390215487344,36.94022992816309],[44.24995127475358,36.85501730793677],[44.409792863652925,36.85501730793677],[44.62291498218538,37.0253473627909],[44.6761955118185,37.0253473627909],[44.782756571084725,36.94022992816309],[44.782756571084725,36.684306840609054],[44.836037100717846,36.641569862420404],[44.94259815998407,36.641569862420404],[44.94259815998407,36.427529334207286],[45.10243974888342,36.25587079631037],[45.20900080814965,36.25587079631037],[45.20900080814965,36.12687878824978]]],[[[54.6929350828442,37.534048584441585],[54.47981296431173,37.449503938496136],[54.3732519050455,37.449503938496136],[54.319971375412386,37.40719573841608],[53.89372713834746,37.40719573841608],[53.94700766798058,37.49178822367092],[54.26669084577928,37.49178822367092],[54.319971375412386,37.534048584441585],[54.6929350828442,37.534048584441585]]],[[[45.90164769338015,39.08078147334452],[46.00820875264638,38.95660177366862],[45.90164769338015,38.998019237990285],[45.6885255748477,38.998019237990285],[45.581964515581454,39.039412473688394],[45.52868398594835,39.16344673513181],[45.20900080814965,39.36968525012809],[45.20900080814965,39.410860100958956],[45.049159219250306,39.53423882394018],[45.049159219250306,39.616369713284655],[45.15572027851653,39.45201065144403],[45.26228133778277,39.45201065144403],[45.422122926682114,39.36968525012809],[45.581964515581454,39.36968525012809],[45.7418061044808,39.45201065144403],[45.7418061044808,39.28726267519098],[45.90164769338015,39.16344673513181],[45.90164769338015,39.08078147334452]]],[[[45.049159219250306,40.876920844937544],[45.31556186741588,40.836624753974114],[45.368842397049,40.876920844937544],[45.47540345631523,40.79630415386198],[45.31556186741588,40.67519534962264],[45.31556186741588,40.553866148780216],[45.422122926682114,40.47285764325143],[45.52868398594835,40.310547137394565],[45.7418061044808,40.22924522697888],[45.848367163747035,40.14784560624745],[45.848367163747035,40.06634832226142],[45.635245045214575,40.06634832226142],[45.52868398594835,39.98475342292828],[45.52868398594835,39.90306095700431],[45.7418061044808,39.82127097409699],[45.7418061044808,39.78033942951026],[45.848367163747035,39.698403266009876],[45.90164769338015,39.698403266009876],[46.22133087117884,39.45201065144403],[46.32789193044508,39.45201065144403],[46.32789193044508,39.28726267519098],[46.38117246007819,39.246014965101615],[46.32789193044508,39.20474298270034],[46.32789193044508,39.12212622959523],[46.4344529897113,38.998019237990285],[46.32789193044508,38.95660177366862],[46.22133087117884,38.95660177366862],[46.16805034154573,39.039412473688394],[46.16805034154573,39.12212622959523],[46.11476981191262,39.16344673513181],[46.11476981191262,39.28726267519098],[45.95492822301327,39.36968525012809],[45.95492822301327,39.53423882394018],[45.848367163747035,39.616369713284655],[45.635245045214575,39.616369713284655],[45.581964515581454,39.57531643236833],[45.47540345631523,39.57531643236833],[45.26228133778277,39.698403266009876],[45.26228133778277,39.739383524667424],[45.15572027851653,39.82127097409699],[44.99587868961719,39.82127097409699],[44.88931763035096,39.78033942951026],[44.56963445255227,40.02556307148589],[44.51635392291915,40.02556307148589],[44.409792863652925,40.10710916918691],[44.09010968585423,40.10710916918691],[44.03682915622111,40.06634832226142],[43.983548626588,40.10710916918691],[43.87698756732177,40.10710916918691],[43.87698756732177,40.22924522697888],[43.770426508055536,40.310547137394565],[43.770426508055536,40.391751291277316],[43.87698756732177,40.553866148780216],[43.87698756732177,40.79630415386198],[43.82370703768865,40.836624753974114],[43.82370703768865,40.91719242173078],[43.71714597842242,40.99766201297821],[43.87698756732177,40.99766201297821],[43.93026809695488,41.03786001764667],[44.19667074512046,41.03786001764667],[44.24995127475358,41.07803348857333],[44.62291498218538,41.03786001764667],[44.6761955118185,41.07803348857333],[44.88931763035096,41.07803348857333],[44.88931763035096,40.99766201297821],[45.049159219250306,40.876920844937544]]],[[[46.807416697143125,41.07803348857333],[46.807416697143125,41.15830681019347],[46.860697226776225,41.198406651510844],[46.860697226776225,41.27853267210214],[46.70085563787688,41.43848993918805],[46.59429457861065,41.43848993918805],[46.4344529897113,41.558199824491794],[46.4344529897113,41.6776883846332],[46.487733519344424,41.71746870226491],[46.541014048977544,41.6776883846332],[46.75413616751,41.6776883846332],[46.967258286042465,41.518321115549995],[47.02053881567557,41.43848993918805],[47.127099874941806,41.43848993918805],[47.18038040457492,41.35856044648483],[47.18038040457492,41.27853267210214],[47.340221993474266,41.15830681019347],[47.4467830527405,41.15830681019347],[47.55334411200673,41.07803348857333],[47.92630781943854,41.07803348857333],[48.08614940833789,41.198406651510844],[48.192710467604115,41.35856044648483],[48.35255205650346,41.398537480231674],[48.56567417503592,41.558199824491794],[48.72551576393527,41.79695551009264],[48.778796293568384,41.79695551009264],[49.25832106026642,41.27853267210214],[49.25832106026642,41.11818242099345],[49.31160158989954,41.03786001764667],[49.63128476769824,40.79630415386198],[49.63128476769824,40.67519534962264],[49.79112635659757,40.59433369543872],[50.16409006402939,40.59433369543872],[50.270651123295615,40.51337412957232],[50.43049271219496,40.51337412957232],[50.48377324182808,40.43231669530613],[50.696895360360536,40.35116143675824],[50.696895360360536,40.22924522697888],[50.48377324182808,40.14784560624745],[50.37721218256184,40.14784560624745],[50.270651123295615,40.22924522697888],[50.11080953439627,40.22924522697888],[50.05752900476316,40.18855762748112],[49.79112635659757,40.18855762748112],[49.684565297331346,40.10710916918691],[49.684565297331346,40.02556307148589],[49.79112635659757,39.98475342292828],[49.79112635659757,39.94391938270966],[49.57800423806511,39.86217815203978],[49.57800423806511,39.78033942951026],[49.524723708432,39.739383524667424],[49.524723708432,39.616369713284655],[49.418162649165765,39.53423882394018],[49.418162649165765,39.45201065144403],[49.524723708432,39.36968525012809],[49.524723708432,39.28726267519098],[49.57800423806511,39.246014965101615],[49.36488211953265,39.12212622959523],[49.36488211953265,39.039412473688394],[49.25832106026642,38.87369418910311],[49.09847947136707,38.87369418910311],[48.991918412100844,38.79068978043966],[48.991918412100844,38.499412753803234],[48.778796293568384,38.499412753803234],[48.72551576393527,38.457705144713906],[48.51239364540281,38.66600175666388],[48.405832586136576,38.66600175666388],[48.405832586136576,38.70758860900903],[48.29927152687034,38.79068978043966],[48.192710467604115,38.83220408397118],[48.29927152687034,38.83220408397118],[48.45911311576969,38.91516008819677],[48.45911311576969,39.08078147334452],[48.29927152687034,39.20474298270034],[48.45911311576969,39.28726267519098],[48.45911311576969,39.45201065144403],[48.03286887870477,39.78033942951026],[47.92630781943854,39.78033942951026],[47.81974676017231,39.739383524667424],[47.65990517127297,39.616369713284655],[47.4467830527405,39.53423882394018],[47.39350252310739,39.45201065144403],[47.28694146384115,39.45201065144403],[47.18038040457492,39.36968525012809],[47.127099874941806,39.36968525012809],[47.02053881567557,39.28726267519098],[47.02053881567557,39.246014965101615],[46.913977756409345,39.246014965101615],[46.64757510824377,39.039412473688394],[46.64757510824377,39.08078147334452],[46.75413616751,39.16344673513181],[46.75413616751,39.246014965101615],[46.59429457861065,39.36968525012809],[46.70085563787688,39.45201065144403],[46.70085563787688,39.53423882394018],[46.59429457861065,39.6573986600327],[46.274611400811956,39.6573986600327],[46.061489282279496,39.82127097409699],[45.95492822301327,39.86217815203978],[45.95492822301327,39.90306095700431],[46.11476981191262,40.06634832226142],[46.11476981191262,40.26990839888451],[46.00820875264638,40.35116143675824],[45.848367163747035,40.35116143675824],[45.7418061044808,40.43231669530613],[45.6885255748477,40.43231669530613],[45.6885255748477,40.67519534962264],[45.7418061044808,40.71558944653563],[45.7418061044808,40.876920844937544],[45.581964515581454,40.99766201297821],[45.52868398594835,41.07803348857333],[45.368842397049,41.07803348857333],[45.368842397049,41.11818242099345],[45.20900080814965,41.238481940333955],[45.31556186741588,41.318558842305485],[45.422122926682114,41.27853267210214],[45.581964515581454,41.27853267210214],[45.848367163747035,41.07803348857333],[46.11476981191262,41.03786001764667],[46.22133087117884,41.07803348857333],[46.487733519344424,40.91719242173078],[46.59429457861065,40.91719242173078],[46.75413616751,40.99766201297821],[46.807416697143125,41.07803348857333]]],[[[40.946558437500414,43.32723502902841],[41.053119496766655,43.24967287255652],[41.212961085665995,43.24967287255652],[41.26624161529911,43.21085470723061],[41.37280267456534,43.21085470723061],[41.479363733831576,43.17201181992534],[41.5859247930978,43.09425188789898],[41.95888850052961,43.09425188789898],[42.01216903016273,43.055334847556225],[42.172010619062085,43.055334847556225],[42.38513273759453,43.133144212759554],[42.59825485612701,43.01639309399094],[42.86465750429257,43.055334847556225],[43.02449909319193,42.93843545646676],[43.077779622825034,42.93843545646676],[43.077779622825034,42.899419577262876],[43.18434068209127,42.82131371021392],[43.557304389523075,42.74310904852011],[43.6638654487893,42.664805613099865],[43.6638654487893,42.547165306872],[43.93026809695488,42.42930288513879],[44.03682915622111,42.42930288513879],[44.143390215487344,42.507902508575825],[44.24995127475358,42.507902508575825],[44.356512334019804,42.5864034256355],[44.46307339328603,42.5864034256355],[44.51635392291915,42.62561686198814],[44.6761955118185,42.62561686198814],[44.6761955118185,42.547165306872],[44.72947604145161,42.507902508575825],[44.88931763035096,42.507902508575825],[44.94259815998407,42.5864034256355],[44.99587868961719,42.5864034256355],[45.049159219250306,42.547165306872],[45.20900080814965,42.547165306872],[45.20900080814965,42.507902508575825],[45.368842397049,42.38996606599533],[45.635245045214575,42.42930288513879],[45.581964515581454,42.153427243733226],[46.00820875264638,41.876343855545485],[46.22133087117884,41.876343855545485],[46.32789193044508,41.83666199252559],[46.22133087117884,41.83666199252559],[46.11476981191262,41.71746870226491],[46.11476981191262,41.558199824491794],[46.4344529897113,41.318558842305485],[46.541014048977544,41.27853267210214],[46.59429457861065,41.198406651510844],[46.541014048977544,41.15830681019347],[46.4344529897113,41.15830681019347],[46.32789193044508,41.238481940333955],[45.95492822301327,41.238481940333955],[45.79508663411392,41.398537480231674],[45.6885255748477,41.398537480231674],[45.581964515581454,41.4784178190465],[45.47540345631523,41.4784178190465],[45.422122926682114,41.518321115549995],[45.26228133778277,41.518321115549995],[45.049159219250306,41.35856044648483],[44.94259815998407,41.318558842305485],[44.782756571084725,41.318558842305485],[44.72947604145161,41.27853267210214],[44.19667074512046,41.27853267210214],[44.143390215487344,41.238481940333955],[43.983548626588,41.238481940333955],[43.93026809695488,41.198406651510844],[43.82370703768865,41.198406651510844],[43.71714597842242,41.15830681019347],[43.504023859889955,41.238481940333955],[43.39746280062373,41.238481940333955],[43.18434068209127,41.398537480231674],[43.131060152458154,41.398537480231674],[43.131060152458154,41.43848993918805],[42.86465750429257,41.63788346311465],[42.59825485612701,41.63788346311465],[42.491693796860766,41.558199824491794],[42.491693796860766,41.518321115549995],[42.38513273759453,41.518321115549995],[42.331852207961425,41.558199824491794],[41.9056079708965,41.558199824491794],[41.852327441263384,41.518321115549995],[41.79904691163026,41.558199824491794],[41.5859247930978,41.558199824491794],[41.5859247930978,41.63788346311465],[41.74576638199715,41.757224412053525],[41.74576638199715,41.9556337083662],[41.5859247930978,42.153427243733226],[41.5859247930978,42.311218428214836],[41.479363733831576,42.46861503367324],[41.479363733831576,42.62561686198814],[41.37280267456534,42.703969676188585],[41.212961085665995,42.703969676188585],[41.10640002639976,42.74310904852011],[41.053119496766655,42.86037899434664],[40.83999737823419,43.01639309399094],[40.57359473006861,43.01639309399094],[40.52031420043549,43.055334847556225],[40.36047261153615,43.055334847556225],[40.25391155226991,43.133144212759554],[40.25391155226991,43.21085470723061],[40.200631022636806,43.24967287255652],[40.04078943373746,43.28846631383094],[40.147350493003685,43.32723502902841],[40.147350493003685,43.40469827332364],[40.200631022636806,43.4433927986031],[40.36047261153615,43.4433927986031],[40.52031420043549,43.365979016170094],[40.62687525970173,43.365979016170094],[40.73343631896796,43.40469827332364],[40.946558437500414,43.32723502902841]]],[[[47.60662464163985,44.516792152589204],[47.65990517127297,44.44076448047524],[47.65990517127297,44.364637746201026],[47.50006358237361,44.364637746201026],[47.4467830527405,44.40271349578164],[47.4467830527405,44.47879069961776],[47.50006358237361,44.516792152589204],[47.60662464163985,44.516792152589204]]],[[[48.139429937970995,45.12144686451208],[47.97958834907165,45.12144686451208],[47.97958834907165,45.234113681582436],[48.139429937970995,45.234113681582436],[48.192710467604115,45.19658284564699],[48.139429937970995,45.12144686451208]]],[[[87.08749709977836,49.002326779447536],[87.30061921831083,49.002326779447536],[87.35389974794394,48.96736313262405],[87.51374133684328,48.96736313262405],[87.67358292574264,49.0372658973423],[87.78014398500888,49.0372658973423],[87.78014398500888,48.96736313262405],[87.72686345537575,48.93237495268032],[87.72686345537575,48.79217681905164],[87.83342451464198,48.686770420704825],[87.03421657014525,48.686770420704825],[86.92765551087903,48.72193044701666],[86.92765551087903,48.96736313262405],[87.03421657014525,48.96736313262405],[87.08749709977836,49.002326779447536]]],[[[88.04654663317444,49.072180490533405],[88.15310769244067,49.10707056327942],[88.31294928134004,49.21159370193282],[88.31294928134004,49.3506148647489],[88.41951034060624,49.38530893123181],[88.47279087023938,49.3506148647489],[88.63263245913872,49.3506148647489],[88.68591298877183,49.38530893123181],[88.89903510730429,49.315896313084515],[89.00559616657053,49.315896313084515],[89.21871828510298,49.38530893123181],[89.32527934436922,49.45462362691034],[89.43184040363543,49.45462362691034],[89.6449625221679,49.558412146529456],[89.32527934436922,49.14193611987229],[88.9523156369374,48.89736223545845],[88.41951034060624,48.72193044701666],[88.20638822207378,48.72193044701666],[88.04654663317444,48.82726317271753],[87.99326610354133,48.82726317271753],[87.99326610354133,48.89736223545845],[88.04654663317444,48.93237495268032],[88.04654663317444,49.072180490533405]]],[[[83.89066532179145,50.7193308961096],[83.94394585142454,50.61802899830285],[84.05050691069079,50.584213115671126],[84.15706796995701,50.44870651705587],[84.15706796995701,50.312810741515015],[84.21034849959014,50.278775947427654],[84.21034849959014,50.210633301040474],[84.37019008848948,50.108236605710275],[84.53003167738883,50.108236605710275],[84.58331220702193,50.074055625890594],[84.68987326628817,50.074055625890594],[84.84971485518751,49.971366369158254],[84.90299538482063,49.971366369158254],[84.90299538482063,49.86845752843136],[85.1161175033531,49.69645445890818],[85.16939803298621,49.627482198348545],[85.16939803298621,49.558412146529456],[85.27595909225244,49.48924426531606],[85.64892279968424,49.48924426531606],[85.96860597748294,49.38530893123181],[86.34156968491475,49.38530893123181],[86.39485021454786,49.41997851708937],[86.39485021454786,49.48924426531606],[86.5546918034472,49.558412146529456],[86.5546918034472,49.52384043696035],[86.66125286271344,49.45462362691034],[86.7678139219797,49.41997851708937],[86.8743749812459,49.28115327171526],[87.03421657014525,49.176777164637265],[86.92765551087903,49.176777164637265],[86.71453339234655,49.0372658973423],[86.66125286271344,48.96736313262405],[86.66125286271344,48.86232497683431],[86.71453339234655,48.82726317271753],[86.71453339234655,48.75706591181417],[86.50141127381409,48.75706591181417],[86.44813074418099,48.79217681905164],[86.28828915528163,48.79217681905164],[86.23500862564852,48.82726317271753],[86.07516703674919,48.82726317271753],[85.8620449182167,48.89736223545845],[85.75548385895048,48.89736223545845],[85.59564227005113,48.96736313262405],[85.32923962188555,49.002326779447536],[84.90299538482063,49.14193611987229],[84.63659273665505,49.28115327171526],[84.58331220702193,49.28115327171526],[84.05050691069079,49.59295939874192],[83.99722638105767,49.59295939874192],[82.45209102169733,50.61802899830285],[82.61193261059667,50.61802899830285],[82.87833525876225,50.75304963114787],[82.87833525876225,50.7867440937108],[83.0914573772947,50.7867440937108],[83.25129896619404,50.88768190497576],[83.46442108472651,50.88768190497576],[83.7841042625252,50.7867440937108],[83.89066532179145,50.7193308961096]]],[[[54.74621561247731,50.92127933621188],[54.79949614211043,50.88768190497576],[54.79949614211043,50.88765765401677],[54.74621561247731,50.92127933621188]]],[[[60.28739069432131,51.91795700924984],[60.34067122395442,51.91795700924984],[60.553793342486884,52.049207978010415],[60.76691546101935,52.049207978010415],[60.607073872120004,51.85218724288364],[60.447232283220664,51.85218724288364],[60.28739069432131,51.91795700924984]]],[[[60.92675704991869,52.69970603097294],[61.193159698084266,52.86083570930832],[61.193159698084266,52.892990084154846],[61.56612340551608,52.892990084154846],[61.56612340551608,52.82865749086227],[61.51284287588296,52.76422949310045],[61.40628181661674,52.69970603097294],[61.29972075735051,52.537979329556244],[61.139879168451166,52.40816749385168],[61.086598638818046,52.505562265373925],[60.98003757955181,52.537979329556244],[60.98003757955181,52.635087044978484],[60.92675704991869,52.69970603097294]]],[[[61.35300128698362,53.37244966543699],[61.40628181661674,53.34065202524611],[61.35300128698362,53.34065202524611],[61.35300128698362,53.37244966543699]]],[[[61.56612340551608,53.84657235835049],[61.832526053681654,53.87799144398194],[61.88580658331477,53.84657235835049],[62.15220923148035,53.84657235835049],[62.20548976111346,53.87799144398194],[62.20548976111346,53.94075885259377],[62.312050820379696,53.94075885259377],[62.365331350012816,53.87799144398194],[62.312050820379696,53.84657235835049],[62.312050820379696,53.78366338308376],[62.20548976111346,53.689122786783294],[62.20548976111346,53.625977538201234],[62.04564817221412,53.467700298120576],[62.04564817221412,53.40422358568922],[61.88580658331477,53.21322410731461],[61.77924552404855,53.27698555344527],[61.51284287588296,53.27698555344527],[61.40628181661674,53.34065202524611],[61.51284287588296,53.34065202524611],[61.72596499441543,53.467700298120576],[61.72596499441543,53.531082226257624],[61.619403935149194,53.625977538201234],[61.40628181661674,53.625977538201234],[61.29972075735051,53.59436943418698],[61.246440227717386,53.625977538201234],[61.35300128698362,53.75217347697404],[61.40628181661674,53.9721071921816],[61.56612340551608,53.84657235835049]]],[[[76.37811064352216,54.034733183604786],[76.1117079953566,54.12849557706569],[76.27154958425594,54.15970265024713],[76.37811064352216,54.25318281441514],[76.43139117315528,54.222046260422466],[76.32483011388905,54.15970265024713],[76.32483011388905,54.09726498052497],[76.37811064352216,54.034733183604786]]],[[[28.95843927004945,45.86834852966789],[29.118280858948797,45.97952944882368],[29.118280858948797,46.090487566087695],[29.171561388581914,46.127424098940146],[29.171561388581914,46.20122291264684],[29.06500032931568,46.348523569206876],[29.118280858948797,46.38528687262363],[29.118280858948797,46.31173552295723],[29.171561388581914,46.274922732398345],[29.38468350711437,46.274922732398345],[29.43796403674749,46.31173552295723],[29.544525096013718,46.31173552295723],[29.597805625646835,46.238085196093735],[29.704366684913065,46.238085196093735],[29.757647214546182,46.274922732398345],[29.8109277441793,46.238085196093735],[30.130610921977993,46.238085196093735],[30.290452510877337,46.348523569206876],[30.290452510877337,46.42202543472361],[30.077330392344876,46.56873230166512],[30.130610921977993,46.75155940410302],[30.077330392344876,46.82451716407738],[29.91748880344553,46.933768408806166],[29.8109277441793,46.933768408806166],[29.757647214546182,46.97013605987087],[29.757647214546182,47.07909075150201],[29.704366684913065,47.11535956891616],[29.704366684913065,47.3324537980871],[29.597805625646835,47.40462100900284],[29.43796403674749,47.40462100900284],[29.278122447848144,47.51268670907412],[29.38468350711437,47.65642887164683],[29.38468350711437,47.87130225974244],[29.224841918215027,48.0140582263442],[29.01171979968257,48.0140582263442],[28.905158740416333,48.15642006080758],[28.798597681150106,48.19194896088315],[28.692036621883876,48.19194896088315],[28.63875609225076,48.22745324428284],[28.53219503298453,48.22745324428284],[28.4256339737183,48.29838797481898],[28.319072914452068,48.29838797481898],[28.15923132555272,48.36922428029826],[28.052670266286487,48.36922428029826],[27.839548147754027,48.510601730430146],[27.732987088487796,48.510601730430146],[27.679706558854686,48.545884622427565],[27.57314549958845,48.545884622427565],[27.519864969955336,48.510601730430146],[27.36002338105599,48.510601730430146],[27.25346232178976,48.43996218916646],[26.77393755509172,48.43996218916646],[26.614095966192373,48.36922428029826],[26.56081543655926,48.29838797481898],[26.29441278839368,48.26293291443889],[26.187851729127452,48.15642006080758],[26.187851729127452,48.08528839707711],[26.081290669861218,48.0140582263442],[25.868168551328758,48.0140582263442],[25.81488802169564,47.97840619264952],[25.49520484389695,47.97840619264952],[25.441924314263833,47.94272952243315],[25.228802195731372,47.94272952243315],[25.175521666098255,47.87130225974244],[25.015680077198912,47.7639765134116],[24.962399547565795,47.7639765134116],[24.962399547565795,47.79977641324747],[24.855838488299565,47.87130225974244],[24.80255795866645,47.87130225974244],[24.80255795866645,47.90702821251284],[24.642716369767104,48.0140582263442],[24.16319160306907,47.97840619264952],[24.10991107343595,48.0140582263442],[23.95006948453661,48.0140582263442],[23.896788954903485,48.04968562673537],[23.363983658572334,48.04968562673537],[23.363983658572334,48.08528839707711],[23.257422599306103,48.15642006080758],[23.150861540039873,48.15642006080758],[23.044300480773643,48.08528839707711],[22.93773942150741,48.08528839707711],[22.884458891874296,48.15642006080758],[22.72461730297495,48.15642006080758],[22.5647757140756,48.29838797481898],[22.45821465480937,48.29838797481898],[22.45821465480937,48.36922428029826],[22.298373065910024,48.475294253914115],[22.298373065910024,48.510601730430146],[22.45821465480937,48.61637666789213],[22.511495184442488,48.686770420704825],[22.511495184442488,48.79217681905164],[22.671336773341835,48.93237495268032],[22.93773942150741,48.89736223545845],[23.044300480773643,48.96736313262405],[23.044300480773643,49.0372658973423],[22.991019951140526,49.10707056327942],[22.884458891874296,49.176777164637265],[22.884458891874296,49.38530893123181],[22.831178362241182,49.41997851708937],[22.831178362241182,49.52384043696035],[23.150861540039873,49.799729575818574],[23.150861540039873,49.83410576135214],[23.363983658572334,49.971366369158254],[23.363983658572334,50.039850263315934],[23.31070312893922,50.074055625890594],[23.204142069672987,50.074055625890594],[22.991019951140526,49.9370878272814],[22.991019951140526,49.90278488206201],[22.831178362241182,49.799729575818574],[22.831178362241182,49.76532896685646],[22.671336773341835,49.661980550132284],[22.5647757140756,49.52384043696035],[22.5647757140756,49.45462362691034],[22.671336773341835,49.315896313084515],[22.671336773341835,49.24638573615059],[22.5647757140756,49.14193611987229],[22.45821465480937,49.14193611987229],[22.24509253627691,49.24638573615059],[22.13853147701068,49.24638573615059],[22.13853147701068,49.28115327171526],[21.872128828845103,49.45462362691034],[21.765567769578873,49.45462362691034],[21.71228723994576,49.48924426531606],[21.072920884348374,49.48924426531606],[20.96635982508214,49.38530893123181],[20.85979876581591,49.38530893123181],[20.75323770654968,49.45462362691034],[20.326993469484755,49.45462362691034],[20.007310291686064,49.28115327171526],[19.95402976205295,49.28115327171526],[19.95402976205295,49.38530893123181],[19.847468702786717,49.45462362691034],[19.74090764352049,49.45462362691034],[19.68762711388737,49.48924426531606],[19.634346584254256,49.59295939874192],[19.52778552498803,49.661980550132284],[19.421224465721792,49.661980550132284],[19.36794393608868,49.59295939874192],[19.261382876822445,49.59295939874192],[19.20810234718933,49.558412146529456],[19.20810234718933,49.52384043696035],[19.1015412879231,49.45462362691034],[19.1015412879231,49.48924426531606],[18.941699699023754,49.59295939874192],[18.941699699023754,49.69645445890818],[18.728577580491294,49.76532896685646],[18.728577580491294,49.90278488206201],[18.622016521225063,49.971366369158254],[18.51545546195883,49.971366369158254],[18.462174932325716,50.00562051279265],[18.249052813793256,50.00562051279265],[18.08921122489391,50.108236605710275],[17.98265016562768,50.108236605710275],[17.92936963599456,50.039850263315934],[17.876089106361444,50.074055625890594],[17.876089106361444,50.312810741515015],[17.82280857672833,50.346821190066805],[17.662966987828984,50.346821190066805],[17.556405928562754,50.312810741515015],[17.343283810030293,50.38080729852256],[17.23672275076406,50.44870651705587],[17.130161691497833,50.44870651705587],[17.076881161864716,50.482619638164046],[16.863759043332255,50.482619638164046],[16.810478513699138,50.44870651705587],[16.810478513699138,50.312810741515015],[16.863759043332255,50.24471680239565],[16.810478513699138,50.24471680239565],[16.703917454432908,50.17652543801421],[16.490795335900447,50.38080729852256],[16.54407586553356,50.44870651705587],[16.54407586553356,50.61802899830285],[16.43751480626733,50.68558788279724],[16.3309537470011,50.7193308961096],[16.064551098835523,50.7193308961096],[15.851428980303062,50.7867440937108],[15.74486792103683,50.7867440937108],[15.691587391403715,50.820414289626555],[15.585026332137485,50.820414289626555],[15.425184743238137,50.88768190497576],[15.425184743238137,50.95485252440602],[15.212062624705677,51.08890296667725],[15.105501565439445,51.08890296667725],[15.15878209507256,51.12235502984972],[15.15878209507256,51.289252367589896],[15.105501565439445,51.322559282936425],[15.105501565439445,51.455545313014376],[14.892379446906984,51.55503130111339],[14.892379446906984,51.65430016740954],[14.785818387640752,51.75335208842277],[14.785818387640752,51.819266265446025],[14.839098917273867,51.85218724288364],[14.839098917273867,51.95080581171443],[14.892379446906984,51.98363056943521],[14.892379446906984,52.11468928997045],[14.839098917273867,52.14739392702111],[14.839098917273867,52.24536384613162],[14.732537858007639,52.31055720242211],[14.732537858007639,52.40816749385168],[14.785818387640752,52.44065635475872],[14.785818387640752,52.57037247601339],[14.46613520984206,52.76422949310045],[14.412854680208946,52.76422949310045],[14.412854680208946,52.796455421292784],[14.306293620942714,52.86083570930832],[14.306293620942714,52.892990084154846],[14.519415739475175,53.02136929887942],[14.519415739475175,53.11740372442504],[14.572696269108292,53.14936762425819],[14.572696269108292,53.27698555344527],[14.519415739475175,53.308830657209946],[14.519415739475175,53.467700298120576],[14.46613520984206,53.4994031062291],[14.46613520984206,53.59436943418698],[14.412854680208946,53.625977538201234],[14.412854680208946,53.815129674133885],[14.359574150575828,53.84657235835049],[14.359574150575828,53.94075885259377],[14.785818387640752,54.066010852179325],[14.9456599765401,54.066010852179325],[15.105501565439445,54.12849557706569],[15.371904213605024,54.15970265024713],[15.425184743238137,54.1908862085365],[15.585026332137485,54.1908862085365],[15.798148450669945,54.25318281441514],[15.95799003956929,54.25318281441514],[16.01127056920241,54.284295879046],[16.117831628468636,54.284295879046],[16.54407586553356,54.56325785760991],[16.650636924799795,54.56325785760991],[16.703917454432908,54.59413650249953],[16.863759043332255,54.59413650249953],[17.23672275076406,54.74817899099641],[17.343283810030293,54.74817899099641],[17.396564339663406,54.7789174032662],[17.60968645819587,54.7789174032662],[17.662966987828984,54.809632474407614],[17.82280857672833,54.809632474407614],[17.876089106361444,54.84032421332447],[18.249052813793256,54.84032421332447],[18.30233334342637,54.87099262894059],[18.355613873059482,54.84032421332447],[18.462174932325716,54.84032421332447],[18.88841916939064,54.6558236186807],[18.941699699023754,54.56325785760991],[18.88841916939064,54.532355809831884],[18.835138639757524,54.56325785760991],[18.728577580491294,54.56325785760991],[18.675297050858177,54.532355809831884],[18.675297050858177,54.47048147066676],[18.835138639757524,54.37749422240092],[19.36794393608868,54.37749422240092],[19.421224465721792,54.40851341532358],[19.52778552498803,54.40851341532358],[19.68762711388737,54.34645157445436],[20.326993469484755,54.34645157445436],[20.380273999117872,54.315385462867745],[21.286043002880835,54.315385462867745],[21.339323532513948,54.284295879046],[22.298373065910024,54.284295879046],[22.35165359554314,54.25318281441514],[22.831178362241182,54.25318281441514],[22.93773942150741,54.284295879046],[23.044300480773643,54.1908862085365],[23.204142069672987,54.1908862085365],[23.417264188205447,54.066010852179325],[23.363983658572334,53.909386939298805],[23.470544717838564,53.78366338308376],[23.470544717838564,53.65756198636212],[23.52382524747168,53.625977538201234],[23.52382524747168,53.531082226257624],[23.577105777104794,53.4994031062291],[23.577105777104794,53.43597379393271],[23.683666836371025,53.34065202524611],[23.683666836371025,53.24511670609226],[23.79022789563726,53.14936762425819],[23.79022789563726,52.989310222703295],[23.84350842527037,52.95722733326737],[23.84350842527037,52.69970603097294],[23.683666836371025,52.635087044978484],[23.577105777104794,52.635087044978484],[23.470544717838564,52.60274171204565],[23.31070312893922,52.505562265373925],[23.31070312893922,52.47312127619135],[23.150861540039873,52.37565468627125],[23.097581010406756,52.31055720242211],[23.097581010406756,52.21273119809606],[23.257422599306103,52.11468928997045],[23.577105777104794,52.01643128924682],[23.577105777104794,51.91795700924984],[23.52382524747168,51.88508415523338],[23.52382524747168,51.75335208842277],[23.470544717838564,51.72035887546233],[23.470544717838564,51.4887314444969],[23.577105777104794,51.42233503750298],[23.577105777104794,51.25592127649443],[23.79022789563726,51.08890296667725],[23.84350842527037,51.02192619559348],[23.84350842527037,50.95485252440602],[23.95006948453661,50.854060224752615],[23.896788954903485,50.820414289626555],[23.896788954903485,50.7193308961096],[24.00335001416972,50.65182058544155],[24.00335001416972,50.51650844123724],[23.95006948453661,50.44870651705587],[23.79022789563726,50.44870651705587],[23.683666836371025,50.414769072352186],[23.470544717838564,50.24471680239565],[23.470544717838564,50.17652543801421],[23.52382524747168,50.142393207999625],[23.63038630673791,50.142393207999625],[23.79022789563726,50.24471680239565],[23.79022789563726,50.278775947427654],[23.95006948453661,50.278775947427654],[24.056630543802832,50.312810741515015],[24.269752662335296,50.482619638164046],[24.269752662335296,50.65182058544155],[24.21647213270218,50.68558788279724],[24.21647213270218,50.75304963114787],[24.269752662335296,50.7867440937108],[24.269752662335296,50.88768190497576],[24.10991107343595,50.95485252440602],[24.00335001416972,51.15578288625695],[23.84350842527037,51.25592127649443],[23.84350842527037,51.42233503750298],[23.79022789563726,51.455545313014376],[23.79022789563726,51.55503130111339],[23.896788954903485,51.4887314444969],[24.056630543802832,51.4887314444969],[24.21647213270218,51.58814503918553],[24.21647213270218,51.621234659104964],[24.32303319196841,51.621234659104964],[24.429594251234644,51.68734157066449],[24.429594251234644,51.75335208842277],[24.482874780867757,51.786321216192704],[24.855838488299565,51.786321216192704],[24.90911901793268,51.819266265446025],[25.122241136465142,51.819266265446025],[25.175521666098255,51.85218724288364],[25.335363254997603,51.85218724288364],[25.38864378463072,51.819266265446025],[25.974729610594988,51.819266265446025],[26.187851729127452,51.75335208842277],[26.400973847659913,51.75335208842277],[26.454254377293026,51.72035887546233],[26.614095966192373,51.72035887546233],[26.827218084724837,51.65430016740954],[27.09362073289041,51.65430016740954],[27.25346232178976,51.4887314444969],[27.466584440322226,51.4887314444969],[27.57314549958845,51.521893438378136],[27.626426029221566,51.4887314444969],[27.626426029221566,51.38910061156288],[27.679706558854686,51.35584202882205],[27.786267618120913,51.35584202882205],[27.94610920702026,51.455545313014376],[27.94610920702026,51.4887314444969],[27.999389736653374,51.455545313014376],[28.15923132555272,51.455545313014376],[28.26579238481895,51.4887314444969],[28.319072914452068,51.455545313014376],[28.53219503298453,51.455545313014376],[28.53219503298453,51.42233503750298],[28.692036621883876,51.322559282936425],[28.851878210783223,51.322559282936425],[28.905158740416333,51.35584202882205],[28.905158740416333,51.42233503750298],[29.118280858948797,51.521893438378136],[29.171561388581914,51.455545313014376],[29.171561388581914,51.38910061156288],[29.278122447848144,51.289252367589896],[29.544525096013718,51.289252367589896],[29.651086155279955,51.35584202882205],[29.91748880344553,51.322559282936425],[30.077330392344876,51.38910061156288],[30.183891451611103,51.38910061156288],[30.34373304051045,51.189186542045455],[30.450294099776684,51.15578288625695],[30.66341621830914,51.15578288625695],[30.82325780720849,51.322559282936425],[30.76997727757538,51.4887314444969],[30.716696747942258,51.521893438378136],[30.716696747942258,51.621234659104964],[30.82325780720849,51.68734157066449],[30.82325780720849,51.75335208842277],[31.08966045537407,51.95080581171443],[31.08966045537407,51.98363056943521],[31.1962215146403,51.95080581171443],[31.356063103539643,51.95080581171443],[31.40934363317276,52.01643128924682],[31.62246575170522,52.01643128924682],[31.675746281338338,51.98363056943521],[31.83558787023768,51.98363056943521],[31.888868399870802,51.91795700924984],[31.99542945913703,51.91795700924984],[32.04870998877015,51.95080581171443],[32.208551577669496,51.95080581171443],[32.31511263693572,51.98363056943521],[32.42167369620195,52.049207978010415],[32.52823475546818,52.21273119809606],[32.63479581473442,52.21273119809606],[32.741356874000644,52.14739392702111],[33.007759522166225,52.14739392702111],[33.22088164069868,52.24536384613162],[33.434003759231146,52.24536384613162],[33.48728428886426,52.180074560732116],[33.59384534813049,52.180074560732116],[33.70040640739672,52.24536384613162],[33.806967466662954,52.24536384613162],[33.9668090555623,52.14739392702111],[33.9668090555623,52.049207978010415],[34.020089585195414,52.01643128924682],[34.020089585195414,51.95080581171443],[34.07337011482853,51.88508415523338],[34.286492233360995,51.75335208842277],[34.233211703727875,51.75335208842277],[34.12665064446165,51.72035887546233],[34.020089585195414,51.65430016740954],[34.020089585195414,51.58814503918553],[34.12665064446165,51.521893438378136],[34.12665064446165,51.35584202882205],[34.17993117409476,51.322559282936425],[34.17993117409476,51.189186542045455],[34.286492233360995,51.12235502984972],[34.39305329262722,51.12235502984972],[34.44633382226035,51.15578288625695],[34.49961435189345,51.12235502984972],[34.60617541115969,51.12235502984972],[34.71273647042592,51.05542669062161],[34.872578059325264,51.05542669062161],[34.92585858895838,51.08890296667725],[35.03241964822461,51.08890296667725],[35.085700177857724,51.05542669062161],[35.085700177857724,50.988401475532235],[35.24554176675707,50.88768190497576],[35.298822296390185,50.820414289626555],[35.298822296390185,50.75304963114787],[35.3521028260233,50.7193308961096],[35.3521028260233,50.44870651705587],[35.61850547418887,50.24471680239565],[35.77834706308822,50.24471680239565],[35.88490812235445,50.312810741515015],[36.098030240886914,50.312810741515015],[36.25787182978626,50.17652543801421],[36.47099394831872,50.17652543801421],[36.577555007584955,50.108236605710275],[36.68411606685119,50.108236605710275],[36.843957655750536,50.210633301040474],[36.95051871501676,50.24471680239565],[37.21692136318234,50.24471680239565],[37.4300434817148,50.312810741515015],[37.643165600247265,50.039850263315934],[37.90956824841284,49.90278488206201],[37.90956824841284,49.86845752843136],[38.016129307679066,49.799729575818574],[38.17597089657841,49.799729575818574],[38.33581248547776,49.90278488206201],[38.49565407437711,49.83410576135214],[38.655495663276454,49.83410576135214],[38.868617781808915,49.76532896685646],[38.921898311442035,49.69645445890818],[39.08173990034138,49.69645445890818],[39.18830095960761,49.73090392952326],[39.18830095960761,49.69645445890818],[39.294862018873836,49.627482198348545],[39.507984137406304,49.627482198348545],[39.61454519667253,49.52384043696035],[39.66782572630565,49.52384043696035],[39.82766731520499,49.41997851708937],[39.934228374471225,49.41997851708937],[39.98750890410434,49.45462362691034],[39.98750890410434,49.38530893123181],[40.09406996337057,49.28115327171526],[40.04078943373746,49.21159370193282],[39.88094784483811,49.10707056327942],[39.77438678557188,49.10707056327942],[39.61454519667253,49.0372658973423],[39.61454519667253,48.89736223545845],[39.721106255938764,48.82726317271753],[39.56126466703942,48.61637666789213],[39.56126466703942,48.510601730430146],[39.61454519667253,48.475294253914115],[39.77438678557188,48.475294253914115],[39.77438678557188,48.404605532508945],[39.82766731520499,48.36922428029826],[39.77438678557188,48.333818428926044],[39.77438678557188,48.22745324428284],[39.82766731520499,48.15642006080758],[39.721106255938764,48.04968562673537],[39.721106255938764,47.87130225974244],[39.66782572630565,47.90702821251284],[38.868617781808915,47.90702821251284],[38.54893460401022,47.65642887164683],[38.33581248547776,47.65642887164683],[38.22925142621153,47.584607129400545],[38.22925142621153,47.51268670907412],[38.17597089657841,47.47668948770151],[38.17597089657841,47.3685497463744],[38.1226903669453,47.3324537980871],[38.1226903669453,47.07909075150201],[38.22925142621153,47.00647899921589],[38.28253195584465,47.00647899921589],[38.22925142621153,46.97013605987087],[38.1226903669453,46.97013605987087],[38.069409837312186,47.00647899921589],[37.643165600247265,47.00647899921589],[37.376762952081684,46.78805064510975],[37.32348242244857,46.82451716407738],[37.16364083354922,46.82451716407738],[37.05707977428299,46.78805064510975],[36.95051871501676,46.64193732956284],[36.843957655750536,46.56873230166512],[36.737396596484295,46.56873230166512],[36.737396596484295,46.64193732956284],[36.68411606685119,46.67850274821924],[36.52427447795184,46.67850274821924],[36.41771341868561,46.60534718130885],[36.41771341868561,46.56873230166512],[36.25787182978626,46.42202543472361],[36.098030240886914,46.42202543472361],[36.098030240886914,46.53209268887874],[36.0447497112538,46.56873230166512],[35.938188651987566,46.56873230166512],[35.83162759272134,46.53209268887874],[35.72506653345511,46.42202543472361],[35.565224944555766,46.38528687262363],[35.45866388528953,46.31173552295723],[35.3521028260233,46.127424098940146],[35.24554176675707,46.053526280907796],[35.13898070749084,46.01654024220484],[35.03241964822461,46.01654024220484],[34.97913911859149,45.97952944882368],[35.03241964822461,45.79410412415623],[34.92585858895838,45.83123870683422],[34.92585858895838,45.9424938996497],[34.81929752969214,46.01654024220484],[34.55289488152657,46.01654024220484],[34.39305329262722,46.127424098940146],[34.286492233360995,46.16433588070112],[34.07337011482853,46.16433588070112],[33.9668090555623,46.238085196093735],[33.64712587776361,46.238085196093735],[33.59384534813049,46.20122291264684],[33.59384534813049,46.090487566087695],[33.64712587776361,46.053526280907796],[33.75368693702984,46.053526280907796],[33.86024799629607,46.090487566087695],[34.12665064446165,45.97952944882368],[34.286492233360995,45.97952944882368],[34.44633382226035,45.86834852966789],[34.659455940792796,45.86834852966789],[34.71273647042592,45.83123870683422],[34.71273647042592,45.756944780723195],[34.872578059325264,45.64531817740286],[35.13898070749084,45.64531817740286],[35.511944414922645,45.346557573914595],[35.67178600382199,45.346557573914595],[35.88490812235445,45.49613600769099],[35.938188651987566,45.45877855037466],[36.41771341868561,45.49613600769099],[36.47099394831872,45.45877855037466],[37.003799244649876,45.45877855037466],[37.21692136318234,45.346557573914595],[37.376762952081684,45.346557573914595],[37.48332401134792,45.38398933396203],[37.589885070614145,45.45877855037466],[37.589885070614145,45.68255180815445],[37.74972665951349,45.71976067566545],[37.85628771877972,45.79410412415623],[37.85628771877972,45.90543359360887],[37.90956824841284,45.9424938996497],[37.90956824841284,46.01654024220484],[38.1226903669453,46.090487566087695],[38.22925142621153,46.16433588070112],[38.22925142621153,46.238085196093735],[38.17597089657841,46.274922732398345],[38.016129307679066,46.274922732398345],[37.85628771877972,46.38528687262363],[37.74972665951349,46.53209268887874],[37.74972665951349,46.60534718130885],[37.69644612988038,46.67850274821924],[37.80300718914661,46.71504343910922],[37.85628771877972,46.67850274821924],[38.1226903669453,46.67850274821924],[38.22925142621153,46.71504343910922],[38.49565407437711,46.89737604388091],[38.76205672254269,46.89737604388091],[38.868617781808915,46.97013605987087],[38.868617781808915,47.04279722902046],[38.81533725217581,47.07909075150201],[38.70877619290957,47.07909075150201],[38.655495663276454,47.04279722902046],[38.38909301511089,47.04279722902046],[38.442373544743994,47.296333161583085],[38.38909301511089,47.3324537980871],[38.442373544743994,47.3685497463744],[38.442373544743994,47.47668948770151],[38.655495663276454,47.54865925539246],[38.76205672254269,47.54865925539246],[38.921898311442035,47.65642887164683],[38.921898311442035,47.72815195850319],[38.97517884107514,47.7639765134116],[39.08173990034138,47.72815195850319],[39.40142307814007,47.72815195850319],[39.45470360777318,47.69230274555763],[39.61454519667253,47.69230274555763],[39.66782572630565,47.72815195850319],[39.82766731520499,47.72815195850319],[39.934228374471225,47.79977641324747],[39.934228374471225,47.90702821251284],[39.98750890410434,47.94272952243315],[39.98750890410434,48.08528839707711],[40.147350493003685,48.19194896088315],[40.147350493003685,48.29838797481898],[40.04078943373746,48.404605532508945],[40.04078943373746,48.545884622427565],[39.82766731520499,48.651585828958574],[39.88094784483811,48.686770420704825],[40.04078943373746,48.686770420704825],[40.200631022636806,48.79217681905164],[40.200631022636806,48.89736223545845],[40.147350493003685,48.93237495268032],[39.98750890410434,48.93237495268032],[40.09406996337057,49.002326779447536],[40.09406996337057,49.0372658973423],[40.25391155226991,49.14193611987229],[40.30719208190303,49.21159370193282],[40.30719208190303,49.3506148647489],[40.200631022636806,49.41997851708937],[40.25391155226991,49.48924426531606],[40.25391155226991,49.59295939874192],[40.147350493003685,49.661980550132284],[39.98750890410434,49.661980550132284],[39.88094784483811,49.59295939874192],[39.77438678557188,49.627482198348545],[39.66782572630565,49.76532896685646],[39.56126466703942,49.799729575818574],[39.34814254850696,49.799729575818574],[39.34814254850696,49.86845752843136],[39.294862018873836,49.90278488206201],[39.13502042997449,49.90278488206201],[39.02845937070826,49.86845752843136],[38.868617781808915,49.9370878272814],[38.81533725217581,50.00562051279265],[38.49565407437711,50.00562051279265],[38.49565407437711,50.039850263315934],[38.38909301511089,50.108236605710275],[38.17597089657841,50.108236605710275],[38.069409837312186,50.00562051279265],[37.80300718914661,50.142393207999625],[37.74972665951349,50.210633301040474],[37.74972665951349,50.312810741515015],[37.589885070614145,50.38080729852256],[37.589885070614145,50.44870651705587],[37.53660454098103,50.482619638164046],[37.376762952081684,50.482619638164046],[37.21692136318234,50.414769072352186],[37.003799244649876,50.414769072352186],[36.737396596484295,50.312810741515015],[36.63083553721807,50.312810741515015],[36.577555007584955,50.346821190066805],[36.364432889052495,50.346821190066805],[36.25787182978626,50.44870651705587],[36.151310770520034,50.482619638164046],[35.88490812235445,50.482619638164046],[35.72506653345511,50.414769072352186],[35.565224944555766,50.51650844123724],[35.61850547418887,50.75304963114787],[35.511944414922645,50.854060224752615],[35.511944414922645,51.02192619559348],[35.40538335565642,51.08890296667725],[35.298822296390185,51.08890296667725],[35.24554176675707,51.12235502984972],[35.24554176675707,51.22256600339017],[35.085700177857724,51.289252367589896],[34.97913911859149,51.289252367589896],[34.872578059325264,51.22256600339017],[34.76601700005903,51.22256600339017],[34.71273647042592,51.289252367589896],[34.49961435189345,51.289252367589896],[34.49961435189345,51.35584202882205],[34.39305329262722,51.42233503750298],[34.39305329262722,51.521893438378136],[34.3397727629941,51.58814503918553],[34.55289488152657,51.65430016740954],[34.55289488152657,51.819266265446025],[34.3397727629941,51.95080581171443],[34.286492233360995,51.95080581171443],[34.233211703727875,52.01643128924682],[34.233211703727875,52.14739392702111],[34.17993117409476,52.21273119809606],[33.86024799629607,52.40816749385168],[33.70040640739672,52.40816749385168],[33.64712587776361,52.37565468627125],[33.59384534813049,52.40816749385168],[33.16760111106557,52.40816749385168],[32.954478992533105,52.31055720242211],[32.741356874000644,52.31055720242211],[32.63479581473442,52.37565468627125],[32.368393166568836,52.37565468627125],[32.2618321073026,52.277972511883455],[32.2618321073026,52.14739392702111],[32.208551577669496,52.11468928997045],[31.99542945913703,52.11468928997045],[31.83558787023768,52.21273119809606],[31.782307340604564,52.277972511883455],[31.782307340604564,52.37565468627125],[31.729026810971455,52.40816749385168],[31.782307340604564,52.47312127619135],[31.782307340604564,52.57037247601339],[31.675746281338338,52.635087044978484],[31.729026810971455,52.667408482162415],[31.729026810971455,52.796455421292784],[31.462624162805874,52.95722733326737],[31.462624162805874,53.02136929887942],[31.51590469243899,53.085416042058625],[31.62246575170522,53.085416042058625],[31.675746281338338,53.11740372442504],[31.782307340604564,53.02136929887942],[31.888868399870802,52.989310222703295],[32.31511263693572,52.989310222703295],[32.47495422583507,53.11740372442504],[32.5815152851013,53.14936762425819],[32.63479581473442,53.21322410731461],[32.741356874000644,53.21322410731461],[32.84791793326688,53.27698555344527],[32.84791793326688,53.467700298120576],[32.68807634436753,53.56273766622849],[32.5815152851013,53.56273766622849],[32.63479581473442,53.625977538201234],[32.63479581473442,53.689122786783294],[32.47495422583507,53.78366338308376],[32.368393166568836,53.815129674133885],[32.2618321073026,53.815129674133885],[32.208551577669496,53.84657235835049],[31.94214892950391,53.84657235835049],[31.99542945913703,53.87799144398194],[31.99542945913703,54.066010852179325],[31.888868399870802,54.12849557706569],[31.782307340604564,54.12849557706569],[31.569185222072107,54.1908862085365],[31.462624162805874,54.25318281441514],[31.462624162805874,54.315385462867745],[31.40934363317276,54.34645157445436],[31.40934363317276,54.40851341532358],[31.356063103539643,54.47048147066676],[31.249502044273417,54.50143035042431],[31.302782573906526,54.532355809831884],[31.302782573906526,54.6558236186807],[31.08966045537407,54.74817899099641],[31.036379925740953,54.74817899099641],[30.929818866474722,54.809632474407614],[30.983099396107836,54.87099262894059],[31.14294098500718,54.962858025521754],[31.14294098500718,55.14596030320894],[30.983099396107836,55.267563707949165],[30.983099396107836,55.2979065454089],[31.08966045537407,55.35852266830356],[31.08966045537407,55.539815288077065],[31.036379925740953,55.600061160212064],[30.929818866474722,55.6602146567831],[30.82325780720849,55.6602146567831],[30.82325780720849,55.69025678779525],[30.66341621830914,55.75027186255798],[30.66341621830914,55.78024482527683],[30.556855159042914,55.840121648944816],[30.450294099776684,55.840121648944816],[30.290452510877337,55.89990640053524],[30.183891451611103,55.89990640053524],[30.130610921977993,55.87002552896968],[30.077330392344876,55.89990640053524],[29.91748880344553,55.89990640053524],[29.8109277441793,55.840121648944816],[29.704366684913065,55.840121648944816],[29.544525096013718,55.75027186255798],[29.544525096013718,55.81019475089612],[29.597805625646835,55.840121648944816],[29.597805625646835,55.92976427322367],[29.491244566380608,55.98941106038603],[29.38468350711437,56.01919999411217],[29.278122447848144,56.01919999411217],[29.118280858948797,56.07870899011571],[29.01171979968257,56.07870899011571],[28.851878210783223,56.01919999411217],[28.692036621883876,56.13812622207155],[28.4256339737183,56.13812622207155],[28.37235344408518,56.10842907174966],[28.319072914452068,56.13812622207155],[28.37235344408518,56.197451767681464],[28.37235344408518,56.286268344843165],[28.319072914452068,56.315828112036556],[28.319072914452068,56.43383865023015],[28.26579238481895,56.463284201456524],[28.26579238481895,56.55148401359072],[28.15923132555272,56.610169953152905],[28.15923132555272,56.66876483766111],[28.052670266286487,56.72726874720607],[28.052670266286487,56.844003963044145],[27.892828677387147,56.931317165055844],[27.892828677387147,57.07638624725454],[27.999389736653374,57.13425559579756],[27.999389736653374,57.30732201966923],[27.679706558854686,57.45092466233518],[27.679706558854686,57.53681655601269],[27.519864969955336,57.59396562093871],[27.626426029221566,57.65102502574244],[27.679706558854686,57.73644620439117],[27.839548147754027,57.76487519186658],[27.94610920702026,57.821666122182855],[27.94610920702026,57.87836773036485],[27.839548147754027,57.93498010145614],[27.839548147754027,57.991503320715275],[27.786267618120913,58.01973152510937],[27.786267618120913,58.1042826458346],[27.679706558854686,58.16053892326982],[27.679706558854686,58.21670639201921],[27.626426029221566,58.24475685009921],[27.679706558854686,58.300791267706444],[27.679706558854686,58.524043881846005],[27.626426029221566,58.55185106939323],[27.626426029221566,58.63514037535985],[27.57314549958845,58.662859428350025],[27.57314549958845,58.77351568850938],[27.626426029221566,58.82871200184707],[27.892828677387147,58.966319029319216],[27.892828677387147,59.02120857098384],[27.999389736653374,59.10337894460587],[27.999389736653374,59.185352859575346],[28.052670266286487,59.23989314177937],[28.212511855185834,59.23989314177937],[28.319072914452068,59.29434633316039],[28.319072914452068,59.40299180347319],[28.15923132555272,59.48424796312402],[28.105950795919608,59.538310361524026],[28.052670266286487,59.538310361524026],[28.052670266286487,59.592286165972226],[27.999389736653374,59.6192416238568],[27.999389736653374,59.726847425321786],[28.105950795919608,59.80732526416588],[28.212511855185834,59.80732526416588],[28.26579238481895,59.78052086763705],[28.37235344408518,59.78052086763705],[28.53219503298453,59.860869465183214],[28.63875609225076,59.860869465183214],[28.798597681150106,59.80732526416588],[28.905158740416333,59.80732526416588],[28.95843927004945,59.834108126196895],[28.95843927004945,59.88760929258752],[29.01171979968257,59.94102445854847],[29.118280858948797,59.99435371597106],[29.224841918215027,59.99435371597106],[29.278122447848144,60.020986157737596],[29.278122447848144,60.07418672497687],[29.278122447848144,60.10075487351555],[29.224841918215027,60.127301614059476],[29.06500032931568,60.127301614059476],[28.905158740416333,60.23327472753877],[28.798597681150106,60.23327472753877],[28.692036621883876,60.20681350332582],[28.585475562617646,60.23327472753877],[28.4256339737183,60.312530345832826],[28.4256339737183,60.44419689225129],[28.37235344408518,60.470466383680666],[28.105950795919608,60.470466383680666],[27.839548147754027,60.391594126495676],[27.786267618120913,60.417906143743295],[27.679706558854686,60.417906143743295],[27.57314549958845,60.36526082885593],[27.466584440322226,60.36526082885593],[27.413303910689102,60.33890623918009],[27.413303910689102,60.312530345832826],[27.413303910689102,60.23327472753877],[27.146901262523528,60.23327472753877],[27.146901262523528,60.312530345832826],[27.09362073289041,60.33890623918009],[26.933779143991064,60.33890623918009],[26.827218084724837,60.312530345832826],[26.66737649582549,60.23327472753877],[26.507534906926143,60.312530345832826],[26.400973847659913,60.312530345832826],[26.187851729127452,60.23327472753877],[26.13457119949434,60.23327472753877],[26.081290669861218,60.18033091739529],[25.974729610594988,60.15382695816445],[25.60176590316318,60.15382695816445],[25.548485373530067,60.127301614059476],[25.228802195731372,60.127301614059476],[25.122241136465142,60.04759715689674],[24.962399547565795,60.10075487351555],[24.855838488299565,60.10075487351555],[24.695996899400217,60.020986157737596],[24.695996899400217,59.99435371597106],[24.642716369767104,59.99435371597106],[24.429594251234644,59.91432761988204],[24.32303319196841,59.96769982007797],[24.10991107343595,59.96769982007797],[23.896788954903485,59.860869465183214],[23.73694736600414,59.860869465183214],[23.63038630673791,59.78052086763705],[23.52382524747168,59.80732526416588],[23.31070312893922,59.80732526416588],[23.257422599306103,59.78052086763705],[23.097581010406756,59.78052086763705],[23.044300480773643,59.726847425321786],[22.93773942150741,59.726847425321786],[22.884458891874296,59.78052086763705],[22.884458891874296,59.860869465183214],[22.831178362241182,59.88760929258752],[22.72461730297495,59.88760929258752],[22.511495184442488,59.78052086763705],[22.35165359554314,59.75369492516695],[22.24509253627691,59.80732526416588],[22.085250947377563,59.80732526416588],[22.085250947377563,59.860869465183214],[22.13853147701068,59.860869465183214],[22.24509253627691,59.91432761988204],[22.24509253627691,59.94102445854847],[22.35165359554314,59.99435371597106],[22.35165359554314,60.04759715689674],[22.298373065910024,60.07418672497687],[22.085250947377563,60.07418672497687],[21.978689888111333,60.020986157737596],[21.978689888111333,59.96769982007797],[21.872128828845103,59.860869465183214],[21.765567769578873,59.834108126196895],[21.71228723994576,59.78052086763705],[21.605726180679525,59.78052086763705],[21.552445651046412,59.834108126196895],[21.765567769578873,59.96769982007797],[21.765567769578873,60.020986157737596],[21.71228723994576,60.04759715689674],[21.4991651214133,60.04759715689674],[21.339323532513948,59.99435371597106],[21.286043002880835,59.94102445854847],[21.1794819436146,59.94102445854847],[21.019640354715253,59.860869465183214],[20.913079295449027,59.860869465183214],[20.806518236182793,59.96769982007797],[20.593396117650332,59.96769982007797],[20.540115588017215,59.94102445854847],[20.16715188058541,59.94102445854847],[20.113871350952294,59.96769982007797],[20.007310291686064,59.96769982007797],[19.90074923241983,60.04759715689674],[19.794188173153604,60.04759715689674],[19.68762711388737,60.10075487351555],[19.58106605462114,60.10075487351555],[19.47450499535491,60.15382695816445],[19.31466340645557,60.15382695816445],[19.31466340645557,60.20681350332582],[19.47450499535491,60.2597146016258],[19.47450499535491,60.286133137187406],[19.58106605462114,60.312530345832826],[19.58106605462114,60.417906143743295],[19.74090764352049,60.417906143743295],[19.794188173153604,60.44419689225129],[20.16715188058541,60.44419689225129],[20.220432410218525,60.470466383680666],[20.326993469484755,60.470466383680666],[20.43355452875099,60.36526082885593],[20.540115588017215,60.36526082885593],[20.593396117650332,60.417906143743295],[20.75323770654968,60.417906143743295],[20.85979876581591,60.470466383680666],[20.85979876581591,60.522941641989796],[20.96635982508214,60.57533201212692],[20.96635982508214,60.705937166219215],[21.019640354715253,60.731994730053614],[21.019640354715253,60.86196586062666],[21.126201413981487,60.88789683144632],[21.126201413981487,60.939695612130244],[21.286043002880835,61.01723605796988],[21.339323532513948,61.197429371353174],[21.445884591780178,61.248724758201604],[21.445884591780178,61.402109900972114],[21.339323532513948,61.427601151541126],[21.339323532513948,61.478521240254075],[21.445884591780178,61.52935819214036],[21.445884591780178,61.58011210298066],[21.339323532513948,61.68137118516647],[21.445884591780178,61.706634205003965],[21.445884591780178,61.782299255119675],[21.286043002880835,61.83263940104507],[21.339323532513948,61.85777854389798],[21.339323532513948,61.907995029670786],[21.286043002880835,61.93307239672318],[21.286043002880835,62.132951908182086],[21.339323532513948,62.15784460050856],[21.339323532513948,62.207568620719776],[21.1794819436146,62.30677154324825],[21.1794819436146,62.40564829007569],[21.126201413981487,62.45496459097355],[21.019640354715253,62.504199640155846],[21.019640354715253,62.55335353519361],[21.072920884348374,62.57790008042068],[21.072920884348374,62.65141825350988],[21.019640354715253,62.67588386441863],[21.019640354715253,62.72475448944123],[21.072920884348374,62.749159528033445],[21.072920884348374,62.846578142067095],[21.126201413981487,62.87088247177747],[21.126201413981487,62.91943082850198],[21.072920884348374,62.94367488006518],[20.96635982508214,62.94367488006518],[20.85979876581591,62.91943082850198],[20.806518236182793,62.94367488006518],[20.85979876581591,62.99210279099795],[20.85979876581591,63.01628667494184],[20.96635982508214,62.96789886346881],[21.072920884348374,62.96789886346881],[21.1794819436146,63.04045052759384],[21.286043002880835,63.064594361251366],[21.286043002880835,63.112822020792855],[21.126201413981487,63.160969752025785],[21.126201413981487,63.2090376534724],[21.072920884348374,63.2330416988309],[21.072920884348374,63.37664807281402],[21.019640354715253,63.42435796105822],[21.126201413981487,63.448183166433374],[21.232762473247718,63.40051293397095],[21.445884591780178,63.40051293397095],[21.4991651214133,63.37664807281402],[21.605726180679525,63.37664807281402],[21.765567769578873,63.47198856245736],[21.872128828845103,63.47198856245736],[21.92540935847822,63.448183166433374],[22.085250947377563,63.448183166433374],[22.191812006643797,63.47198856245736],[22.298373065910024,63.51953997591278],[22.298373065910024,63.567012300379744],[22.35165359554314,63.614405634866294],[22.511495184442488,63.66172007843209],[22.511495184442488,63.75611268929136],[22.5647757140756,63.803191054951995],[22.72461730297495,63.873661457868934],[22.72461730297495,63.92054377426088],[22.777897832608062,63.94395558404977],[22.884458891874296,63.94395558404977],[22.93773942150741,63.92054377426088],[23.097581010406756,63.92054377426088],[23.204142069672987,63.96734784479973],[23.31070312893922,63.96734784479973],[23.363983658572334,63.99072056893847],[23.363983658572334,64.06072164600344],[23.577105777104794,64.13054734121273],[23.577105777104794,64.20019799052528],[23.79022789563726,64.24653467500688],[23.95006948453661,64.385079832425],[24.37631372160153,64.59159481755783],[24.37631372160153,64.66008709330455],[24.429594251234644,64.70565277610837],[24.53615531050087,64.72840690468314],[24.53615531050087,64.81923229174636],[24.695996899400217,64.864530483951],[24.695996899400217,64.90975247531665],[24.53615531050087,64.99996825579849],[24.53615531050087,65.04496224509934],[24.642716369767104,65.0898804339286],[24.749277429033334,65.0898804339286],[24.80255795866645,65.11231113445909],[25.06896060683203,65.0898804339286],[25.228802195731372,65.17948981074463],[25.228802195731372,65.22418119905882],[25.175521666098255,65.26879718755424],[25.228802195731372,65.29107693818212],[25.228802195731372,65.33558001482974],[25.175521666098255,65.35780336590446],[24.962399547565795,65.35780336590446],[24.855838488299565,65.33558001482974],[24.80255795866645,65.38000794218438],[25.015680077198912,65.42436082047753],[25.175521666098255,65.42436082047753],[25.228802195731372,65.44650914755137],[25.228802195731372,65.49074964020963],[25.122241136465142,65.51284183085822],[25.06896060683203,65.5569701634587],[24.962399547565795,65.5569701634587],[24.855838488299565,65.60102384802184],[24.58943584013399,65.60102384802184],[24.429594251234644,65.66696462915185],[24.32303319196841,65.688907674146],[24.32303319196841,65.84198926081037],[24.21647213270218,65.9290571985052],[24.21647213270218,66.0158299539699],[24.056630543802832,66.1238820206808],[24.056630543802832,66.16697440721765],[23.84350842527037,66.23147568597962],[23.84350842527037,66.44529407976742],[24.056630543802832,66.55152194126408],[24.056630543802832,66.72054672894733],[24.16319160306907,66.76262282302893],[24.16319160306907,66.82560229388254],[24.10991107343595,66.8465595888232],[24.10991107343595,66.88842046076742],[24.00335001416972,66.93020979220141],[23.95006948453661,66.99275986979477],[23.84350842527037,67.03437078771917],[23.84350842527037,67.07591051529363],[24.00335001416972,67.07591051529363],[24.056630543802832,67.05514954404968],[24.32303319196841,67.05514954404968],[24.37631372160153,67.03437078771917],[24.58943584013399,67.03437078771917],[24.642716369767104,67.01357423380149],[24.749277429033334,67.01357423380149],[25.175521666098255,66.93020979220141],[25.28208272536449,66.93020979220141],[25.655046432796293,66.8465595888232],[25.761607492062527,66.8465595888232],[25.921449080961878,66.80462707627944],[26.028010140228105,66.80462707627944],[26.187851729127452,66.76262282302893],[26.3476933180268,66.76262282302893],[26.56081543655926,66.72054672894733],[26.77393755509172,66.72054672894733],[26.827218084724837,66.69948171030146],[27.146901262523528,66.69948171030146],[27.20018179215664,66.6783986938938],[27.732987088487796,66.6783986938938],[27.786267618120913,66.65729766720426],[28.851878210783223,66.65729766720426],[28.905158740416333,66.6783986938938],[29.224841918215027,66.6783986938938],[29.278122447848144,66.63617861771193],[29.278122447848144,66.59388640023049],[29.491244566380608,66.44529407976742],[29.491244566380608,66.33861251678547],[29.864208273812412,66.05910588911449],[29.864208273812412,65.97248042386632],[29.970769333078646,65.88556017758668],[30.024049862711756,65.73273801627644],[29.91748880344553,65.688907674146],[29.8109277441793,65.688907674146],[29.651086155279955,65.64500298482358],[29.651086155279955,65.57900633047785],[29.704366684913065,65.5569701634587],[29.704366684913065,65.51284183085822],[29.651086155279955,65.49074964020963],[29.651086155279955,65.33558001482974],[29.544525096013718,65.26879718755424],[29.544525096013718,65.17948981074463],[29.597805625646835,65.15711581034662],[29.757647214546182,65.15711581034662],[29.757647214546182,65.13472292242511],[29.544525096013718,65.06743080831464],[29.544525096013718,64.88715099848534],[29.651086155279955,64.79655458906606],[29.8109277441793,64.72840690468314],[30.024049862711756,64.72840690468314],[30.077330392344876,64.68287950981394],[30.077330392344876,64.63727551408648],[29.91748880344553,64.59159481755783],[29.91748880344553,64.47705685459955],[29.970769333078646,64.45409152414268],[29.970769333078646,64.36203732682382],[30.130610921977993,64.29279381035656],[30.290452510877337,64.26967393009387],[30.450294099776684,64.20019799052528],[30.450294099776684,64.13054734121273],[30.503574629409798,64.10729157561501],[30.503574629409798,64.03740745710614],[30.450294099776684,63.99072056893847],[30.290452510877337,63.92054377426088],[30.23717198124422,63.85019092642398],[29.91748880344553,63.73254404012135],[29.91748880344553,63.68534774708969],[30.077330392344876,63.614405634866294],[30.130610921977993,63.614405634866294],[30.130610921977993,63.567012300379744],[30.556855159042914,63.37664807281402],[30.716696747942258,63.35276336523337],[31.08966045537407,63.18501367531232],[31.14294098500718,63.18501367531232],[31.1962215146403,63.064594361251366],[31.40934363317276,62.96789886346881],[31.462624162805874,62.91943082850198],[31.462624162805874,62.846578142067095],[31.356063103539643,62.77354440033942],[31.356063103539643,62.72475448944123],[31.302782573906526,62.700329272316786],[31.302782573906526,62.65141825350988],[31.249502044273417,62.62693242735828],[31.249502044273417,62.57790008042068],[31.1962215146403,62.528786725841535],[30.929818866474722,62.3809596397642],[30.929818866474722,62.3562506399708],[30.556855159042914,62.18271683397727],[30.450294099776684,62.08310509845689],[30.23717198124422,61.983165439535334],[30.183891451611103,61.93307239672318],[30.183891451611103,61.88289708275213],[30.077330392344876,61.85777854389798],[29.970769333078646,61.75709822795062],[29.757647214546182,61.6560874770566],[29.704366684913065,61.60545794796858],[29.704366684913065,61.55474552170087],[29.544525096013718,61.52935819214036],[29.43796403674749,61.478521240254075],[29.38468350711437,61.427601151541126],[29.38468350711437,61.37659783032669],[29.33140297748126,61.37659783032669],[29.06500032931568,61.22308751654259],[29.01171979968257,61.22308751654259],[28.585475562617646,61.01723605796988],[28.585475562617646,60.991410256950935],[28.53219503298453,60.991410256950935],[28.15923132555272,60.81004069904074],[28.15923132555272,60.78404648470114],[28.052670266286487,60.75803116562783],[28.052670266286487,60.731994730053614],[27.839548147754027,60.62763758768121],[27.839548147754027,60.57533201212692],[27.892828677387147,60.54914743223364],[27.999389736653374,60.54914743223364],[28.212511855185834,60.653758606772385],[28.26579238481895,60.731994730053614],[28.319072914452068,60.731994730053614],[28.63875609225076,60.88789683144632],[28.692036621883876,60.88789683144632],[29.171561388581914,61.146050322813764],[29.224841918215027,61.146050322813764],[29.38468350711437,61.22308751654259],[29.38468350711437,61.248724758201604],[29.491244566380608,61.299936578540176],[29.491244566380608,61.35106492766229],[29.544525096013718,61.35106492766229],[29.651086155279955,61.402109900972114],[29.651086155279955,61.427601151541126],[29.704366684913065,61.427601151541126],[29.8109277441793,61.478521240254075],[29.8109277441793,61.52935819214036],[29.864208273812412,61.52935819214036],[29.970769333078646,61.58011210298066],[29.970769333078646,61.60545794796858],[30.23717198124422,61.75709822795062],[30.290452510877337,61.807479642136066],[30.290452510877337,61.85777854389798],[30.397013570143567,61.88289708275213],[30.397013570143567,61.907995029670786],[30.716696747942258,62.08310509845689],[30.716696747942258,62.10803874487174],[31.14294098500718,62.30677154324825],[31.249502044273417,62.40564829007569],[31.40934363317276,62.4795922659328],[31.40934363317276,62.528786725841535],[31.51590469243899,62.60242637373618],[31.51590469243899,62.67588386441863],[31.569185222072107,62.700329272316786],[31.569185222072107,62.749159528033445],[31.729026810971455,62.87088247177747],[31.729026810971455,62.91943082850198],[31.675746281338338,62.96789886346881],[31.40934363317276,63.112822020792855],[31.40934363317276,63.160969752025785],[31.356063103539643,63.2090376534724],[31.249502044273417,63.2330416988309],[31.249502044273417,63.257025823716525],[30.876538336841605,63.42435796105822],[30.716696747942258,63.448183166433374],[30.290452510877337,63.63807271182108],[30.23717198124422,63.63807271182108],[30.23717198124422,63.68534774708969],[30.183891451611103,63.708955730187284],[30.397013570143567,63.779661690099765],[30.450294099776684,63.85019092642398],[30.716696747942258,63.99072056893847],[30.716696747942258,64.22337603263637],[30.397013570143567,64.36203732682382],[30.290452510877337,64.36203732682382],[30.183891451611103,64.40810302553028],[30.23717198124422,64.43110691861153],[30.23717198124422,64.47705685459955],[30.130610921977993,64.5229297402035],[30.130610921977993,64.54583732031179],[30.183891451611103,64.54583732031179],[30.34373304051045,64.61444475966772],[30.34373304051045,64.68287950981394],[30.290452510877337,64.70565277610837],[30.290452510877337,64.75114190803514],[30.130610921977993,64.81923229174636],[29.91748880344553,64.81923229174636],[29.8109277441793,64.864530483951],[29.8109277441793,64.90975247531665],[29.757647214546182,64.93233492695332],[29.757647214546182,64.99996825579849],[29.970769333078646,65.06743080831464],[29.970769333078646,65.22418119905882],[29.8109277441793,65.26879718755424],[29.864208273812412,65.29107693818212],[29.864208273812412,65.44650914755137],[29.970769333078646,65.51284183085822],[29.970769333078646,65.57900633047785],[29.91748880344553,65.60102384802184],[30.183891451611103,65.60102384802184],[30.290452510877337,65.64500298482358],[30.290452510877337,65.71083213234208],[30.23717198124422,65.73273801627644],[30.23717198124422,65.84198926081037],[30.130610921977993,65.9290571985052],[30.130610921977993,65.99416439455659],[30.077330392344876,66.0158299539699],[30.077330392344876,66.10230832959648],[29.91748880344553,66.18849312774199],[29.757647214546182,66.31722162217937],[29.757647214546182,66.35998520067966],[29.704366684913065,66.3813396863939],[29.704366684913065,66.48783958084229],[29.597805625646835,66.53031258991246],[29.597805625646835,66.57271320719502],[29.491244566380608,66.63617861771193],[29.491244566380608,66.6783986938938],[31.249502044273417,66.6783986938938],[31.302782573906526,66.65729766720426],[31.675746281338338,66.65729766720426],[31.729026810971455,66.63617861771193],[31.94214892950391,66.63617861771193],[31.99542945913703,66.61504153289492],[32.155271048036376,66.61504153289492],[32.208551577669496,66.59388640023049],[32.368393166568836,66.59388640023049],[32.42167369620195,66.57271320719502],[32.5815152851013,66.57271320719502],[32.79463740363376,66.53031258991246],[32.90119846289999,66.53031258991246],[32.954478992533105,66.5090851406141],[33.06104005179934,66.5090851406141],[33.11432058143245,66.48783958084229],[33.22088164069868,66.48783958084229],[33.380723229598026,66.44529407976742],[33.48728428886426,66.44529407976742],[33.59384534813049,66.42399411340729],[33.70040640739672,66.35998520067966],[33.91352852592918,66.35998520067966],[33.9668090555623,66.33861251678547],[33.9668090555623,66.29581250432892],[34.12665064446165,66.23147568597962],[34.233211703727875,66.23147568597962],[34.233211703727875,66.20999354981761],[34.3397727629941,66.18849312774199],[34.71273647042592,66.03747711464348],[34.76601700005903,65.99416439455659],[34.81929752969214,65.99416439455659],[34.81929752969214,65.9290571985052],[34.92585858895838,65.88556017758668],[34.97913911859149,65.82017606013174],[35.13898070749084,65.7546253384857],[35.085700177857724,65.71083213234208],[35.085700177857724,65.66696462915185],[34.872578059325264,65.5569701634587],[34.872578059325264,65.51284183085822],[34.76601700005903,65.46863874995145],[34.76601700005903,65.40219375619873],[34.71273647042592,65.40219375619873],[34.60617541115969,65.35780336590446],[34.60617541115969,65.26879718755424],[34.81929752969214,65.17948981074463],[34.81929752969214,65.11231113445909],[34.92585858895838,65.06743080831464],[34.92585858895838,65.02247473176587],[34.97913911859149,64.99996825579849],[35.085700177857724,64.99996825579849],[35.19226123712395,64.97744280468267],[35.298822296390185,64.93233492695332],[35.24554176675707,64.88715099848534],[35.085700177857724,64.88715099848534],[35.03241964822461,64.864530483951],[35.03241964822461,64.81923229174636],[35.19226123712395,64.75114190803514],[35.19226123712395,64.72840690468314],[35.085700177857724,64.68287950981394],[35.085700177857724,64.59159481755783],[35.03241964822461,64.56872567526817],[35.03241964822461,64.5229297402035],[35.24554176675707,64.40810302553028],[35.565224944555766,64.40810302553028],[35.61850547418887,64.43110691861153],[35.67178600382199,64.40810302553028],[35.99146918162069,64.40810302553028],[36.098030240886914,64.36203732682382],[36.20459130015315,64.36203732682382],[36.25787182978626,64.31589432825636],[36.364432889052495,64.31589432825636],[36.47099394831872,64.36203732682382],[36.52427447795184,64.36203732682382],[36.577555007584955,64.33897549625688],[36.577555007584955,64.26967393009387],[36.63083553721807,64.24653467500688],[36.737396596484295,64.24653467500688],[36.843957655750536,64.20019799052528],[36.790677126117416,64.15378365726477],[36.790677126117416,64.08401634802624],[36.89723818538364,64.06072164600344],[36.89723818538364,64.01407376889631],[36.843957655750536,63.99072056893847],[36.843957655750536,63.94395558404977],[37.05707977428299,63.89711240300803],[37.27020189281546,63.89711240300803],[37.4300434817148,63.803191054951995],[37.53660454098103,63.803191054951995],[37.643165600247265,63.85019092642398],[37.643165600247265,63.89711240300803],[37.69644612988038,63.92054377426088],[37.80300718914661,63.92054377426088],[37.85628771877972,63.94395558404977],[37.85628771877972,64.01407376889631],[37.96284877804597,64.01407376889631],[38.016129307679066,64.03740745710614],[38.016129307679066,64.08401634802624],[37.85628771877972,64.17700053621891],[37.90956824841284,64.22337603263637],[37.90956824841284,64.29279381035656],[37.80300718914661,64.33897549625688],[37.69644612988038,64.33897549625688],[37.643165600247265,64.31589432825636],[37.4300434817148,64.31589432825636],[37.376762952081684,64.29279381035656],[37.27020189281546,64.31589432825636],[37.16364083354922,64.36203732682382],[37.11036030391611,64.36203732682382],[37.003799244649876,64.45409152414268],[36.89723818538364,64.50000292245993],[36.790677126117416,64.61444475966772],[36.63083553721807,64.68287950981394],[36.52427447795184,64.68287950981394],[36.52427447795184,64.75114190803514],[36.41771341868561,64.84189091920656],[36.41771341868561,64.90975247531665],[36.47099394831872,64.93233492695332],[36.63083553721807,64.93233492695332],[36.790677126117416,64.97744280468267],[36.790677126117416,65.20184493614106],[36.89723818538364,65.22418119905882],[37.003799244649876,65.17948981074463],[37.11036030391611,65.17948981074463],[37.376762952081684,65.11231113445909],[37.48332401134792,65.11231113445909],[37.589885070614145,65.06743080831464],[37.74972665951349,65.04496224509934],[37.80300718914661,65.02247473176587],[37.80300718914661,64.97744280468267],[38.1226903669453,64.864530483951],[38.38909301511089,64.864530483951],[38.49565407437711,64.81923229174636],[38.70877619290957,64.7738577986628],[38.97517884107514,64.75114190803514],[39.294862018873836,64.66008709330455],[39.40142307814007,64.66008709330455],[39.61454519667253,64.56872567526817],[39.721106255938764,64.56872567526817],[39.77438678557188,64.59159481755783],[39.77438678557188,64.66008709330455],[39.82766731520499,64.70565277610837],[39.98750890410434,64.7738577986628],[40.09406996337057,64.7738577986628],[40.25391155226991,64.81923229174636],[40.147350493003685,65.02247473176587],[40.04078943373746,65.06743080831464],[40.04078943373746,65.11231113445909],[39.934228374471225,65.15711581034662],[39.88094784483811,65.22418119905882],[39.721106255938764,65.29107693818212],[39.721106255938764,65.51284183085822],[39.98750890410434,65.51284183085822],[40.04078943373746,65.49074964020963],[40.25391155226991,65.49074964020963],[40.30719208190303,65.46863874995145],[40.46703367080238,65.46863874995145],[40.52031420043549,65.44650914755137],[40.999838967133535,65.42436082047753],[41.053119496766655,65.40219375619873],[41.26624161529911,65.40219375619873],[41.31952214493223,65.38000794218438],[41.479363733831576,65.38000794218438],[41.53264426346469,65.35780336590446],[41.74576638199715,65.35780336590446],[41.79904691163026,65.33558001482974],[41.95888850052961,65.33558001482974],[42.01216903016273,65.31333787643159],[42.225291148695185,65.31333787643159],[42.278571678328305,65.29107693818212],[42.43841326722765,65.29107693818212],[42.491693796860766,65.26879718755424],[42.704815915393226,65.26879718755424],[42.75809644502635,65.24649861202165],[42.91793803392569,65.24649861202165],[42.97121856355881,65.22418119905882],[43.131060152458154,65.22418119905882],[43.18434068209127,65.20184493614106],[43.2909017413575,65.20184493614106],[43.34418227099061,65.17948981074463],[43.71714597842242,65.15711581034662],[43.770426508055536,65.13472292242511],[43.93026809695488,65.13472292242511],[44.143390215487344,65.0898804339286],[44.30323180438669,65.0898804339286],[44.51635392291915,65.04496224509934],[44.6761955118185,65.04496224509934],[44.72947604145161,65.02247473176587],[44.836037100717846,65.02247473176587],[44.88931763035096,64.99996825579849],[45.049159219250306,64.99996825579849],[45.26228133778277,64.954898365905],[45.422122926682114,64.954898365905],[45.635245045214575,64.90975247531665],[45.7418061044808,64.90975247531665],[45.79508663411392,64.88715099848534],[45.95492822301327,64.88715099848534],[46.16805034154573,64.84189091920656],[46.274611400811956,64.84189091920656],[46.32789193044508,64.81923229174636],[46.4344529897113,64.81923229174636],[46.487733519344424,64.79655458906606],[46.64757510824377,64.79655458906606],[46.860697226776225,64.75114190803514],[46.967258286042465,64.75114190803514],[47.02053881567557,64.72840690468314],[47.127099874941806,64.72840690468314],[47.18038040457492,64.70565277610837],[47.28694146384115,64.70565277610837],[47.340221993474266,64.68287950981394],[47.50006358237361,64.68287950981394],[47.713185700906074,64.63727551408648],[47.81974676017231,64.63727551408648],[47.87302728980542,64.61444475966772],[47.97958834907165,64.61444475966772],[48.03286887870477,64.59159481755783],[48.139429937970995,64.59159481755783],[48.192710467604115,64.56872567526817],[48.29927152687034,64.56872567526817],[48.35255205650346,64.54583732031179],[48.51239364540281,64.54583732031179],[48.72551576393527,64.50000292245993],[48.8320768232015,64.50000292245993],[48.88535735283462,64.47705685459955],[48.991918412100844,64.47705685459955],[49.045198941733965,64.45409152414268],[49.15176000100019,64.45409152414268],[49.20504053063331,64.43110691861153],[49.31160158989954,64.43110691861153],[49.36488211953265,64.40810302553028],[49.524723708432,64.40810302553028],[49.73784582696446,64.36203732682382],[49.84440688623069,64.36203732682382],[49.89768741586381,64.33897549625688],[50.00424847513004,64.33897549625688],[50.05752900476316,64.31589432825636],[50.16409006402939,64.31589432825636],[50.217370593662494,64.29279381035656],[50.37721218256184,64.29279381035656],[50.59033430109431,64.24653467500688],[50.696895360360536,64.24653467500688],[50.75017588999366,64.22337603263637],[50.85673694925988,64.22337603263637],[50.910017478893,64.20019799052528],[51.06985906779234,64.20019799052528],[51.28298118632481,64.15378365726477],[51.38954224559104,64.15378365726477],[51.44282277522416,64.13054734121273],[51.549383834490385,64.13054734121273],[51.602664364123505,64.10729157561501],[51.762505953022846,64.10729157561501],[51.975628071555306,64.06072164600344],[52.08218913082154,64.06072164600344],[52.13546966045465,64.03740745710614],[52.295311249354,64.03740745710614],[52.50843336788646,63.99072056893847],[52.66827495678581,63.99072056893847],[52.88139707531827,63.94395558404977],[53.041238664217616,63.94395558404977],[53.25436078275008,63.89711240300803],[53.414202371649424,63.89711240300803],[53.627324490181884,63.85019092642398],[53.78716607908123,63.85019092642398],[54.00028819761369,63.803191054951995],[54.16012978651304,63.803191054951995],[54.3732519050455,63.75611268929136],[54.53309349394485,63.75611268929136],[54.74621561247731,63.708955730187284],[54.906057201376655,63.708955730187284],[55.11917931990912,63.66172007843209],[55.27902090880846,63.66172007843209],[55.49214302734092,63.614405634866294],[55.65198461624027,63.614405634866294],[55.86510673477273,63.567012300379744],[56.238070442204545,63.54328601808304],[56.451192560737,63.49577416149459],[56.82415626816881,63.47198856245736],[57.037278386701274,63.42435796105822],[57.410242094133075,63.40051293397095],[57.62336421266555,63.35276336523337],[57.99632792009734,63.328858798878485],[58.049608449730464,63.30493436140237],[58.20945003862982,63.30493436140237],[58.26273056826293,63.280990040461646],[58.42257215716227,63.280990040461646],[58.47585268679539,63.257025823716525],[58.63569427569473,63.257025823716525],[58.688974805327845,63.2330416988309],[58.8488163942272,63.2330416988309],[58.90209692386032,63.2090376534724],[59.06193851275966,63.2090376534724],[59.11521904239277,63.18501367531232],[59.275060631292114,63.18501367531232],[59.328341160925234,63.160969752025785],[59.48818274982458,63.160969752025785],[59.5414632794577,63.13690587129172],[59.75458539799016,63.13690587129172],[59.807865927623276,63.112822020792855],[59.967707516522616,63.112822020792855],[60.020988046155736,63.08871818821589],[60.18082963505508,63.08871818821589],[60.23411016468819,63.064594361251366],[60.447232283220664,63.064594361251366],[60.50051281285378,63.04045052759384],[60.66035440175312,63.04045052759384],[60.71363493138624,63.01628667494184],[60.87347652028558,63.01628667494184],[60.92675704991869,62.99210279099795],[61.086598638818046,62.99210279099795],[61.139879168451166,62.96789886346881],[61.29972075735051,62.96789886346881],[61.51284287588296,62.91943082850198],[61.672684464782314,62.91943082850198],[61.88580658331477,62.87088247177747],[61.99236764258101,62.87088247177747],[62.04564817221412,62.846578142067095],[62.20548976111346,62.846578142067095],[62.41861187964594,62.79790911860964],[62.525172938912156,62.79790911860964],[62.57845346854527,62.77354440033942],[62.68501452781151,62.77354440033942],[62.84485611671085,62.72475448944123],[63.111258764876425,62.700329272316786],[63.16453929450954,62.67588386441863],[63.27110035377578,62.67588386441863],[63.32438088340889,62.65141825350988],[63.43094194267511,62.65141825350988],[63.48422247230823,62.62693242735828],[63.590783531574466,62.62693242735828],[63.64406406120759,62.60242637373618],[63.750625120473806,62.60242637373618],[63.80390565010693,62.57790008042068],[63.91046670937316,62.57790008042068],[63.96374723900628,62.55335353519361],[64.0703082982725,62.55335353519361],[64.12358882790562,62.528786725841535],[64.23014988717185,62.528786725841535],[64.28343041680498,62.504199640155846],[64.44327200570433,62.504199640155846],[64.65639412423678,62.45496459097355],[65.02935783166858,62.43031660308416],[65.08263836130169,62.40564829007569],[65.56216312799974,62.3809596397642],[65.61544365763285,62.3562506399708],[65.82856577616532,62.3562506399708],[65.88184630579843,62.331521278521706],[66.20152948359713,62.331521278521706],[66.25481001323024,62.30677154324825],[66.57449319102894,62.30677154324825],[66.62777372066203,62.28200142198697],[67.05401795772697,62.28200142198697],[67.10729848736008,62.25721090257958],[67.69338431332436,62.25721090257958],[67.74666484295747,62.2323999728731],[68.59915331708731,62.2323999728731],[68.65243384672043,62.207568620719776],[69.9311665579152,62.207568620719776],[69.98444708754832,62.18271683397727],[71.15661873947685,62.18271683397727],[71.20989926910997,62.15784460050856],[71.95582668397358,62.15784460050856],[72.00910721360671,62.132951908182086],[72.54191250993786,62.132951908182086],[72.59519303957097,62.10803874487174],[73.02143727663591,62.10803874487174],[73.074717806269,62.08310509845689],[73.3944009840677,62.08310509845689],[73.44768151370081,62.058150956822494],[73.7140841618664,62.058150956822494],[73.76736469149951,62.03317630785905],[74.03376733966509,62.03317630785905],[74.0870478692982,62.008181139462735],[74.30016998783066,62.008181139462735],[74.35345051746377,61.983165439535334],[74.51329210636312,61.983165439535334],[74.56657263599625,61.958129195984384],[74.7796947545287,61.958129195984384],[74.83297528416182,61.93307239672318],[74.99281687306116,61.93307239672318],[75.04609740269427,61.907995029670786],[75.20593899159363,61.907995029670786],[75.25921952122674,61.88289708275213],[75.47234163975921,61.88289708275213],[75.52562216939232,61.85777854389798],[75.68546375829166,61.85777854389798],[75.73874428792477,61.83263940104507],[75.89858587682411,61.83263940104507],[75.95186640645724,61.807479642136066],[76.1117079953566,61.807479642136066],[76.16498852498971,61.782299255119675],[76.32483011388905,61.782299255119675],[76.37811064352216,61.75709822795062],[76.59123276205462,61.75709822795062],[76.64451329168774,61.73187654858972],[76.8043548805871,61.73187654858972],[77.01747699911955,61.68137118516647],[77.39044070655136,61.6560874770566],[77.44372123618447,61.63078306866001],[77.60356282508381,61.63078306866001],[77.81668494361628,61.58011210298066],[77.97652653251562,61.58011210298066],[78.18964865104809,61.52935819214036],[78.34949023994746,61.52935819214036],[78.5626123584799,61.478521240254075],[78.66917341774612,61.478521240254075],[78.72245394737925,61.45307159398312],[78.88229553627859,61.45307159398312],[79.09541765481104,61.402109900972114],[79.2019787140773,61.402109900972114],[79.2552592437104,61.37659783032669],[79.36182030297662,61.37659783032669],[79.41510083260974,61.35106492766229],[79.52166189187597,61.35106492766229],[79.57494242150909,61.32551118104311],[79.68150348077532,61.32551118104311],[79.73478401040843,61.299936578540176],[79.84134506967466,61.299936578540176],[80.00118665857401,61.248724758201604],[80.2675893067396,61.22308751654259],[80.32086983637271,61.197429371353174],[80.42743089563893,61.197429371353174],[80.85367513270386,61.09458751751578],[80.9602361919701,61.09458751751578],[81.12007778086944,61.0430408605068],[81.22663884013566,61.0430408605068],[81.49304148830124,60.9655634456139],[81.59960254756749,60.9655634456139],[82.0791273142655,60.836013820421655],[82.18568837353175,60.836013820421655],[82.7184936698629,60.705937166219215],[82.98489631802848,60.67985846237328],[83.03817684766159,60.653758606772385],[83.14473790692783,60.653758606772385],[83.19801843656094,60.62763758768121],[83.30457949582717,60.62763758768121],[83.35786002546028,60.601495393372446],[83.46442108472651,60.601495393372446],[83.51770161435964,60.57533201212692],[83.62426267362585,60.57533201212692],[83.67754320325898,60.54914743223364],[83.7841042625252,60.54914743223364],[83.83738479215833,60.522941641989796],[83.94394585142454,60.522941641989796],[83.99722638105767,60.49671462970088],[84.1037874403239,60.49671462970088],[84.53003167738883,60.391594126495676],[84.63659273665505,60.391594126495676],[85.27595909225244,60.23327472753877],[85.38252015151868,60.18033091739529],[85.54236174041802,60.15382695816445],[85.70220332931736,60.07418672497687],[85.75548385895048,60.07418672497687],[86.34156968491475,59.80732526416588],[86.34156968491475,59.78052086763705],[86.60797233308033,59.646175467344506],[86.71453339234655,59.538310361524026],[86.82109445161278,59.48424796312402],[86.82109445161278,59.45718426283771],[86.92765551087903,59.40299180347319],[87.08749709977836,59.212633892646195],[87.19405815904459,59.15805003134831],[87.40718027757705,58.938841437287216],[87.40718027757705,58.88382055522819],[87.62030239610954,58.690556475150544],[87.62030239610954,58.63514037535985],[87.78014398500888,58.49621463326984],[87.78014398500888,58.44048990931612],[87.88670504427509,58.35673709277335],[87.9399855739082,58.21670639201921],[88.04654663317444,58.132421891024016],[88.09982716280754,57.991503320715275],[88.20638822207378,57.906685065223186],[88.2596687517069,57.76487519186658],[88.31294928134004,57.73644620439117],[88.31294928134004,57.679521131891384],[88.36622981097314,57.65102502574244],[88.36622981097314,57.59396562093871],[88.41951034060624,57.56540230124258],[88.41951034060624,57.508208374763434],[88.47279087023938,57.47957774702336],[88.47279087023938,57.42224911025586],[88.52607139987248,57.39355108035674],[88.52607139987248,57.336087545456074],[88.57935192950559,57.30732201966923],[88.57935192950559,57.24972339956832],[88.63263245913872,57.22089028455643],[88.63263245913872,57.16315639297567],[88.68591298877183,57.13425559579756],[88.68591298877183,57.07638624725454],[88.73919351840493,57.04741767537007],[88.73919351840493,56.9894126851894],[88.79247404803804,56.960376246464406],[88.79247404803804,56.90223543078755],[88.84575457767117,56.87313103349875],[88.84575457767117,56.81485420929393],[88.89903510730429,56.785681762133926],[88.89903510730429,56.72726874720607],[88.9523156369374,56.69802815928832],[88.9523156369374,56.63947877228909],[89.00559616657053,56.610169953152905],[89.00559616657053,56.55148401359072],[89.05887669620363,56.52210687320634],[89.05887669620363,56.463284201456524],[89.11215722583674,56.43383865023015],[89.11215722583674,56.374879067545045],[89.16543775546988,56.34536501632396],[89.16543775546988,56.256685704920834],[89.2719988147361,56.13812622207155],[89.2719988147361,56.07870899011571],[89.32527934436922,56.04896596746552],[89.32527934436922,55.959599156634816],[89.43184040363543,55.840121648944816],[89.43184040363543,55.75027186255798],[89.48512093326856,55.7202758532285],[89.48512093326856,55.6602146567831],[89.53840146290167,55.63014945073501],[89.59168199253479,55.41904611682596],[89.6449625221679,55.38879597222731],[89.6449625221679,55.2979065454089],[89.69824305180101,55.267563707949165],[89.69824305180101,55.17639598098506],[89.75152358143413,55.14596030320894],[89.75152358143413,55.05451383556221],[89.80480411106724,55.023985171237285],[89.80480411106724,54.90163773019976],[89.85808464070037,54.87099262894059],[89.85808464070037,54.7789174032662],[89.91136517033348,54.74817899099641],[89.91136517033348,54.624991753262385],[89.9646456999666,54.59413650249953],[89.9646456999666,54.4395091618595],[90.01792622959972,54.40851341532358],[90.01792622959972,54.25318281441514],[90.07120675923282,54.222046260422466],[90.07120675923282,54.034733183604786],[90.12448728886594,54.003431966399056],[90.12448728886594,53.78366338308376],[90.17776781849906,53.75217347697404],[90.17776781849906,53.40422358568922],[90.23104834813218,53.37244966543699],[90.23104834813218,51.72035887546233],[90.17776781849906,51.68734157066449],[90.17776781849906,51.35584202882205],[90.12448728886594,51.322559282936425],[90.12448728886594,51.05542669062161],[90.07120675923282,51.02192619559348],[90.07120675923282,50.820414289626555],[90.01792622959972,50.7867440937108],[90.01792622959972,50.584213115671126],[89.9646456999666,50.55037293186607],[89.9646456999666,50.38080729852256],[89.91136517033348,50.346821190066805],[89.91136517033348,50.210633301040474],[89.85808464070037,50.17652543801421],[89.85808464070037,50.039850263315934],[89.59168199253479,49.90278488206201],[89.59168199253479,49.73090392952326],[89.37855987400232,49.661980550132284],[89.32527934436922,49.69645445890818],[89.21871828510298,49.69645445890818],[89.11215722583674,49.59295939874192],[89.11215722583674,49.52384043696035],[89.00559616657053,49.59295939874192],[88.89903510730429,49.59295939874192],[88.79247404803804,49.52384043696035],[88.73919351840493,49.558412146529456],[88.63263245913872,49.558412146529456],[88.57935192950559,49.52384043696035],[88.31294928134004,49.52384043696035],[88.09982716280754,49.41997851708937],[88.09982716280754,49.28115327171526],[87.9399855739082,49.21159370193282],[87.72686345537575,49.21159370193282],[87.67358292574264,49.176777164637265],[87.51374133684328,49.176777164637265],[87.46046080721017,49.14193611987229],[87.46046080721017,49.21159370193282],[87.40718027757705,49.24638573615059],[87.08749709977836,49.3506148647489],[87.08749709977836,49.41997851708937],[86.8743749812459,49.59295939874192],[86.92765551087903,49.627482198348545],[86.92765551087903,49.799729575818574],[86.8743749812459,49.83410576135214],[86.60797233308033,49.83410576135214],[86.44813074418099,49.73090392952326],[86.39485021454786,49.661980550132284],[86.34156968491475,49.661980550132284],[86.23500862564852,49.59295939874192],[86.23500862564852,49.558412146529456],[86.02188650711605,49.627482198348545],[85.75548385895048,49.627482198348545],[85.70220332931736,49.661980550132284],[85.38252015151868,49.661980550132284],[85.38252015151868,49.69645445890818],[85.27595909225244,49.76532896685646],[85.16939803298621,49.90278488206201],[85.16939803298621,50.074055625890594],[84.74315379592129,50.24471680239565],[84.63659273665505,50.24471680239565],[84.58331220702193,50.278775947427654],[84.4234706181226,50.278775947427654],[84.4234706181226,50.346821190066805],[84.37019008848948,50.38080729852256],[84.37019008848948,50.51650844123724],[84.26362902922324,50.65182058544155],[84.15706796995701,50.68558788279724],[84.1037874403239,50.7867440937108],[83.89066532179145,50.92127933621188],[83.46442108472651,51.05542669062161],[83.14473790692783,51.05542669062161],[82.98489631802848,50.92127933621188],[82.93161578839535,50.95485252440602],[82.77177419949601,50.95485252440602],[82.55865208096355,50.7867440937108],[82.50537155133044,50.820414289626555],[82.29224943279799,50.820414289626555],[82.23896890316486,50.7867440937108],[82.13240784389863,50.7867440937108],[81.0135167216032,51.521893438378136],[81.0135167216032,51.55503130111339],[80.5872724845383,51.819266265446025],[80.5872724845383,51.85218724288364],[80.16102824747335,52.11468928997045],[80.16102824747335,52.14739392702111],[79.68150348077532,52.44065635475872],[79.68150348077532,52.47312127619135],[78.45605129921366,53.21322410731461],[78.40277076958056,53.21322410731461],[77.8699654732494,53.4994031062291],[77.65684335471694,53.56273766622849],[77.33716017691825,53.720659947601],[77.01747699911955,53.815129674133885],[76.64451329168774,54.003431966399056],[76.64451329168774,54.034733183604786],[76.8043548805871,54.034733183604786],[76.8576354102202,54.066010852179325],[77.01747699911955,54.25318281441514],[77.07075752875267,54.47048147066676],[77.01747699911955,54.50143035042431],[76.69779382132086,54.50143035042431],[76.5379522324215,54.37749422240092],[76.21826905462281,54.37749422240092],[76.1117079953566,54.25318281441514],[75.84530534719102,54.1908862085365],[75.31250005085985,54.34645157445436],[75.20593899159363,54.34645157445436],[75.04609740269427,54.40851341532358],[74.93953634342805,54.40851341532358],[74.7796947545287,54.47048147066676],[74.51329210636312,54.50143035042431],[74.46001157673001,54.532355809831884],[74.35345051746377,54.532355809831884],[74.30016998783066,54.56325785760991],[74.19360892856443,54.56325785760991],[74.14032839893132,54.59413650249953],[74.03376733966509,54.59413650249953],[73.98048681003196,54.624991753262385],[73.87392575076575,54.624991753262385],[73.82064522113262,54.6558236186807],[73.7140841618664,54.6558236186807],[73.66080363223327,54.68663210755708],[73.50096204333393,54.68663210755708],[73.28783992480147,54.74817899099641],[72.91487621736967,54.7789174032662],[72.86159568773655,54.809632474407614],[72.7017540988372,54.809632474407614],[72.64847356920409,54.84032421332447],[72.43535145067162,54.84032421332447],[72.3820709210385,54.87099262894059],[72.11566827287292,54.87099262894059],[72.06238774323981,54.90163773019976],[71.74270456544112,54.90163773019976],[71.68942403580802,54.93225952606565],[71.15661873947685,54.93225952606565],[71.15661873947685,55.085019239608165],[70.99677715057751,55.20680843492474],[70.94349662094439,55.2979065454089],[70.83693556167816,55.35852266830356],[70.46397185424635,55.328226195782044],[70.30413026534701,55.20680843492474],[70.19756920608077,55.20680843492474],[69.98444708754832,55.267563707949165],[69.9311665579152,55.328226195782044],[69.71804443938274,55.38879597222731],[69.55820285048338,55.38879597222731],[69.45164179121717,55.449273111390895],[69.34508073195093,55.449273111390895],[69.2385196726847,55.41904611682596],[69.07867808378536,55.47947696523218],[68.91883649488601,55.47947696523218],[68.86555596525288,55.449273111390895],[68.86555596525288,55.38879597222731],[68.81227543561978,55.41904611682596],[68.70571437635354,55.41904611682596],[68.5458727874542,55.23719767418679],[68.2261896096555,55.23719767418679],[68.1729090800224,55.20680843492474],[68.1729090800224,55.023985171237285],[68.06634802075617,54.99343323757132],[68.01306749112304,55.023985171237285],[67.8532259022237,55.023985171237285],[67.69338431332436,54.90163773019976],[67.32042060589254,54.90163773019976],[67.26714007625942,54.87099262894059],[66.89417636882763,54.87099262894059],[66.84089583919452,54.84032421332447],[66.04168789469777,54.84032421332447],[65.98840736506466,54.809632474407614],[63.80390565010693,54.809632474407614],[63.750625120473806,54.7789174032662],[63.27110035377578,54.7789174032662],[63.21781982414266,54.74817899099641],[62.951417175977085,54.74817899099641],[62.898136646343964,54.71741722871455],[62.79157558707773,54.71741722871455],[62.738295057444624,54.68663210755708],[62.738295057444624,54.56325785760991],[62.68501452781151,54.532355809831884],[62.68501452781151,54.4395091618595],[62.57845346854527,54.315385462867745],[62.57845346854527,54.222046260422466],[62.471892409279036,54.09726498052497],[62.365331350012816,54.066010852179325],[62.04564817221412,54.066010852179325],[61.99236764258101,54.034733183604786],[61.88580658331477,54.066010852179325],[61.77924552404855,54.066010852179325],[61.72596499441543,54.034733183604786],[61.619403935149194,54.034733183604786],[61.459562346249854,54.12849557706569],[61.35300128698362,54.12849557706569],[61.139879168451166,54.003431966399056],[61.033318109184926,54.003431966399056],[60.92675704991869,53.94075885259377],[60.92675704991869,53.84657235835049],[61.033318109184926,53.78366338308376],[61.086598638818046,53.78366338308376],[61.086598638818046,53.75217347697404],[61.033318109184926,53.720659947601],[60.92675704991869,53.720659947601],[60.82019599065247,53.65756198636212],[60.82019599065247,53.59436943418698],[60.92675704991869,53.531082226257624],[61.033318109184926,53.531082226257624],[61.139879168451166,53.4994031062291],[61.139879168451166,53.43597379393271],[61.086598638818046,53.40422358568922],[61.086598638818046,53.27698555344527],[61.246440227717386,53.181307749299606],[61.35300128698362,53.181307749299606],[61.51284287588296,53.11740372442504],[61.72596499441543,53.11740372442504],[61.77924552404855,53.085416042058625],[61.72596499441543,53.02136929887942],[61.619403935149194,53.02136929887942],[61.56612340551608,53.085416042058625],[61.459562346249854,53.085416042058625],[61.40628181661674,53.05340456944132],[61.139879168451166,53.05340456944132],[61.033318109184926,53.02136929887942],[60.92675704991869,52.95722733326737],[60.92675704991869,52.892990084154846],[60.607073872120004,52.69970603097294],[60.607073872120004,52.60274171204565],[60.92675704991869,52.37565468627125],[60.92675704991869,52.31055720242211],[60.71363493138624,52.21273119809606],[60.50051281285378,52.21273119809606],[60.23411016468819,52.049207978010415],[60.07426857578885,52.049207978010415],[59.967707516522616,51.98363056943521],[59.967707516522616,51.85218724288364],[60.07426857578885,51.75335208842277],[60.28739069432131,51.75335208842277],[60.34067122395442,51.72035887546233],[60.34067122395442,51.621234659104964],[60.18082963505508,51.4887314444969],[60.18082963505508,51.455545313014376],[60.07426857578885,51.38910061156288],[60.07426857578885,51.35584202882205],[59.967707516522616,51.289252367589896],[59.967707516522616,51.25592127649443],[59.861146457256396,51.189186542045455],[59.861146457256396,51.15578288625695],[59.75458539799016,51.08890296667725],[59.75458539799016,51.05542669062161],[59.64802433872392,50.988401475532235],[59.64802433872392,50.95485252440602],[59.5414632794577,50.88768190497576],[59.5414632794577,50.854060224752615],[59.43490222019147,50.7867440937108],[59.43490222019147,50.75304963114787],[59.328341160925234,50.68558788279724],[59.275060631292114,50.7193308961096],[59.00865798312654,50.7193308961096],[58.95537745349342,50.7867440937108],[58.742255334960966,50.92127933621188],[58.742255334960966,51.05542669062161],[58.688974805327845,51.08890296667725],[58.529133216428505,51.12235502984972],[58.42257215716227,51.189186542045455],[58.26273056826293,51.189186542045455],[58.20945003862982,51.15578288625695],[57.78320580156489,51.15578288625695],[57.67664474229865,51.08890296667725],[57.67664474229865,50.95485252440602],[57.463522623766195,50.95485252440602],[57.35696156449996,51.08890296667725],[57.25040050523373,51.15578288625695],[57.1438394459675,51.15578288625695],[57.09055891633439,51.12235502984972],[56.71759520890258,51.12235502984972],[56.66431467926947,51.08890296667725],[56.611034149636346,51.12235502984972],[56.50447309037012,51.12235502984972],[56.34463150147077,51.02192619559348],[56.29135097183765,50.95485252440602],[56.184789912571425,50.95485252440602],[56.0782288533052,50.88768190497576],[56.0782288533052,50.7867440937108],[56.02494832367208,50.7193308961096],[55.70526514587338,50.61802899830285],[55.54542355697404,50.7193308961096],[55.3855819680747,50.7193308961096],[55.065898790276,50.95485252440602],[55.01261826064288,50.95485252440602],[54.852776671743534,51.05542669062161],[54.74621561247731,51.08890296667725],[54.63965455321108,51.08890296667725],[54.47981296431173,50.988401475532235],[54.47981296431173,50.92127933621188],[54.42653243467861,50.92127933621188],[54.319971375412386,50.988401475532235],[54.26669084577928,51.08890296667725],[54.00028819761369,51.25592127649443],[53.84044660871436,51.25592127649443],[53.78716607908123,51.289252367589896],[53.78716607908123,51.38910061156288],[53.46748290128254,51.55503130111339],[52.774836016052035,51.55503130111339],[52.72155548641893,51.521893438378136],[52.61499442715269,51.521893438378136],[52.61499442715269,51.58814503918553],[52.50843336788646,51.68734157066449],[52.50843336788646,51.75335208842277],[52.401872308620234,51.819266265446025],[52.295311249354,51.819266265446025],[52.18875019008777,51.786321216192704],[52.08218913082154,51.72035887546233],[51.86906701228908,51.72035887546233],[51.70922542338973,51.58814503918553],[51.602664364123505,51.58814503918553],[51.549383834490385,51.55503130111339],[51.549383834490385,51.621234659104964],[51.44282277522416,51.68734157066449],[51.336261715957924,51.72035887546233],[51.06985906779234,51.72035887546233],[50.85673694925988,51.819266265446025],[50.75017588999366,51.819266265446025],[50.696895360360536,51.786321216192704],[50.696895360360536,51.68734157066449],[50.59033430109431,51.68734157066449],[50.48377324182808,51.621234659104964],[50.48377324182808,51.4887314444969],[50.43049271219496,51.4887314444969],[50.270651123295615,51.38910061156288],[50.270651123295615,51.322559282936425],[50.16409006402939,51.289252367589896],[50.00424847513004,51.289252367589896],[49.79112635659757,51.15578288625695],[49.418162649165765,51.15578288625695],[49.31160158989954,51.02192619559348],[49.31160158989954,50.854060224752615],[49.15176000100019,50.820414289626555],[48.88535735283462,50.65182058544155],[48.778796293568384,50.65182058544155],[48.72551576393527,50.68558788279724],[48.56567417503592,50.68558788279724],[48.51239364540281,50.65182058544155],[48.51239364540281,50.584213115671126],[48.61895470466904,50.51650844123724],[48.61895470466904,50.312810741515015],[48.72551576393527,50.17652543801421],[48.72551576393527,50.074055625890594],[48.778796293568384,50.039850263315934],[48.778796293568384,49.971366369158254],[48.61895470466904,49.90278488206201],[48.45911311576969,49.90278488206201],[48.35255205650346,49.9370878272814],[48.139429937970995,50.210633301040474],[47.766466230539194,50.44870651705587],[47.713185700906074,50.51650844123724],[47.60662464163985,50.51650844123724],[47.50006358237361,50.482619638164046],[47.23366093420805,50.278775947427654],[47.23366093420805,50.039850263315934],[47.127099874941806,49.971366369158254],[46.967258286042465,49.9370878272814],[46.860697226776225,49.86845752843136],[46.860697226776225,49.799729575818574],[46.807416697143125,49.76532896685646],[46.807416697143125,49.59295939874192],[46.75413616751,49.558412146529456],[46.75413616751,49.28115327171526],[46.967258286042465,49.14193611987229],[46.967258286042465,49.072180490533405],[46.70085563787688,48.93237495268032],[46.64757510824377,48.86232497683431],[46.59429457861065,48.686770420704825],[46.541014048977544,48.651585828958574],[46.541014048977544,48.5811429336541],[46.4344529897113,48.475294253914115],[46.4344529897113,48.333818428926044],[46.487733519344424,48.29838797481898],[46.59429457861065,48.29838797481898],[46.64757510824377,48.26293291443889],[46.75413616751,48.26293291443889],[46.807416697143125,48.22745324428284],[46.913977756409345,48.22745324428284],[47.02053881567557,48.19194896088315],[47.02053881567557,48.08528839707711],[47.07381934530869,48.04968562673537],[47.02053881567557,48.0140582263442],[47.02053881567557,47.90702821251284],[47.07381934530869,47.87130225974244],[47.07381934530869,47.72815195850319],[47.18038040457492,47.69230274555763],[47.340221993474266,47.584607129400545],[47.4467830527405,47.584607129400545],[47.55334411200673,47.65642887164683],[47.55334411200673,47.69230274555763],[47.60662464163985,47.69230274555763],[47.65990517127297,47.65642887164683],[48.08614940833789,47.65642887164683],[48.192710467604115,47.584607129400545],[48.29927152687034,47.44066758856769],[48.405832586136576,47.40462100900284],[48.405832586136576,47.3685497463744],[48.51239364540281,47.296333161583085],[48.56567417503592,47.22401781388104],[48.56567417503592,47.15160368355662],[48.72551576393527,46.933768408806166],[48.88535735283462,46.78805064510975],[48.88535735283462,46.75155940410302],[48.8320768232015,46.75155940410302],[48.72551576393527,46.82451716407738],[48.61895470466904,46.82451716407738],[48.45911311576969,46.75155940410302],[48.45911311576969,46.56873230166512],[48.56567417503592,46.4587392570626],[48.67223523430215,46.4587392570626],[48.778796293568384,46.42202543472361],[48.8320768232015,46.348523569206876],[48.991918412100844,46.348523569206876],[49.20504053063331,46.238085196093735],[49.31160158989954,46.238085196093735],[49.36488211953265,46.274922732398345],[49.36488211953265,46.348523569206876],[49.31160158989954,46.38528687262363],[49.09847947136707,46.4587392570626],[48.991918412100844,46.53209268887874],[48.8320768232015,46.56873230166512],[48.93863788246773,46.60534718130885],[49.045198941733965,46.60534718130885],[49.15176000100019,46.71504343910922],[49.15176000100019,46.78805064510975],[48.991918412100844,46.933768408806166],[48.991918412100844,46.97013605987087],[48.88535735283462,47.04279722902046],[48.778796293568384,47.18782309775505],[48.72551576393527,47.3685497463744],[48.56567417503592,47.47668948770151],[48.51239364540281,47.47668948770151],[48.35255205650346,47.69230274555763],[48.139429937970995,47.83555166101192],[47.92630781943854,47.83555166101192],[47.81974676017231,47.79977641324747],[47.766466230539194,47.83555166101192],[47.60662464163985,47.83555166101192],[47.55334411200673,47.87130225974244],[47.39350252310739,47.87130225974244],[47.340221993474266,47.79977641324747],[47.28694146384115,47.87130225974244],[47.28694146384115,47.97840619264952],[47.340221993474266,48.0140582263442],[47.340221993474266,48.08528839707711],[47.28694146384115,48.12086654065931],[47.28694146384115,48.22745324428284],[47.127099874941806,48.333818428926044],[46.860697226776225,48.36922428029826],[46.70085563787688,48.43996218916646],[46.75413616751,48.61637666789213],[46.807416697143125,48.651585828958574],[46.807416697143125,48.72193044701666],[46.913977756409345,48.86232497683431],[47.127099874941806,48.96736313262405],[47.18038040457492,49.0372658973423],[47.18038040457492,49.21159370193282],[46.967258286042465,49.3506148647489],[46.967258286042465,49.48924426531606],[47.02053881567557,49.52384043696035],[47.02053881567557,49.69645445890818],[47.07381934530869,49.73090392952326],[47.07381934530869,49.799729575818574],[47.23366093420805,49.83410576135214],[47.4467830527405,49.971366369158254],[47.50006358237361,50.039850263315934],[47.50006358237361,50.108236605710275],[47.4467830527405,50.17652543801421],[47.60662464163985,50.312810741515015],[47.60662464163985,50.346821190066805],[47.92630781943854,50.142393207999625],[47.92630781943854,50.108236605710275],[48.03286887870477,50.039850263315934],[48.03286887870477,49.971366369158254],[48.24599099723723,49.76532896685646],[48.35255205650346,49.73090392952326],[48.56567417503592,49.73090392952326],[48.88535735283462,49.83410576135214],[49.045198941733965,49.971366369158254],[49.045198941733965,50.074055625890594],[48.93863788246773,50.142393207999625],[48.93863788246773,50.210633301040474],[48.88535735283462,50.24471680239565],[48.8320768232015,50.482619638164046],[49.045198941733965,50.55037293186607],[49.31160158989954,50.7193308961096],[49.418162649165765,50.7193308961096],[49.57800423806511,50.820414289626555],[49.57800423806511,50.92127933621188],[49.524723708432,50.988401475532235],[49.63128476769824,50.988401475532235],[49.684565297331346,51.02192619559348],[49.89768741586381,51.02192619559348],[50.11080953439627,51.15578288625695],[50.270651123295615,51.15578288625695],[50.37721218256184,51.189186542045455],[50.696895360360536,51.42233503750298],[50.696895360360536,51.455545313014376],[50.80345641962677,51.455545313014376],[50.96329800852612,51.55503130111339],[50.96329800852612,51.58814503918553],[51.123139597425464,51.58814503918553],[51.22970065669169,51.55503130111339],[51.176420127058584,51.521893438378136],[51.176420127058584,51.455545313014376],[51.38954224559104,51.35584202882205],[51.496103304857265,51.35584202882205],[51.602664364123505,51.38910061156288],[51.65594489375661,51.35584202882205],[51.762505953022846,51.35584202882205],[51.92234754192219,51.42233503750298],[51.92234754192219,51.521893438378136],[51.975628071555306,51.55503130111339],[52.18875019008777,51.55503130111339],[52.24203071972089,51.621234659104964],[52.348591778987114,51.58814503918553],[52.401872308620234,51.521893438378136],[52.401872308620234,51.455545313014376],[52.56171389751958,51.35584202882205],[52.774836016052035,51.35584202882205],[52.828116545685155,51.38910061156288],[52.93467760495138,51.35584202882205],[53.041238664217616,51.35584202882205],[53.09451919385073,51.38910061156288],[53.414202371649424,51.38910061156288],[53.52076343091566,51.35584202882205],[53.52076343091566,51.25592127649443],[53.57404396054877,51.189186542045455],[53.680605019815005,51.12235502984972],[53.94700766798058,51.08890296667725],[54.053568727246805,51.02192619559348],[54.106849256879926,50.92127933621188],[54.26669084577928,50.820414289626555],[54.3732519050455,50.7867440937108],[54.3732519050455,50.7193308961096],[54.319971375412386,50.68558788279724],[54.319971375412386,50.55037293186607],[54.47981296431173,50.414769072352186],[54.58637402357796,50.414769072352186],[54.6929350828442,50.44870651705587],[54.852776671743534,50.55037293186607],[54.852776671743534,50.61802899830285],[54.79949614211043,50.65182058544155],[54.79949614211043,50.88765765401677],[54.906057201376655,50.820414289626555],[55.01261826064288,50.7867440937108],[55.01261826064288,50.75304963114787],[55.332301438441576,50.55037293186607],[55.49214302734092,50.55037293186607],[55.65198461624027,50.414769072352186],[55.758545675506504,50.414769072352186],[55.971667794038964,50.55037293186607],[56.02494832367208,50.55037293186607],[56.131509382938304,50.61802899830285],[56.131509382938304,50.65182058544155],[56.184789912571425,50.65182058544155],[56.29135097183765,50.7193308961096],[56.29135097183765,50.7867440937108],[56.397912031103886,50.7867440937108],[56.55775362000323,50.88768190497576],[56.55775362000323,50.92127933621188],[56.611034149636346,50.88768190497576],[56.82415626816881,50.88768190497576],[56.87743679780193,50.95485252440602],[57.1438394459675,50.95485252440602],[57.410242094133075,50.75304963114787],[57.57008368303243,50.75304963114787],[57.67664474229865,50.820414289626555],[57.836486331198,50.820414289626555],[57.88976686083112,50.854060224752615],[57.88976686083112,50.988401475532235],[58.10288897936358,50.988401475532235],[58.1561695089967,50.95485252440602],[58.26273056826293,50.95485252440602],[58.31601109789604,50.988401475532235],[58.42257215716227,50.988401475532235],[58.529133216428505,50.95485252440602],[58.529133216428505,50.7867440937108],[58.688974805327845,50.68558788279724],[58.742255334960966,50.68558788279724],[58.90209692386032,50.584213115671126],[59.168499572025894,50.584213115671126],[59.168499572025894,50.51650844123724],[58.95537745349342,50.38080729852256],[58.95537745349342,50.346821190066805],[58.1561695089967,49.799729575818574],[58.10288897936358,49.799729575818574],[57.57008368303243,49.45462362691034],[57.51680315339931,49.45462362691034],[57.25040050523373,49.28115327171526],[57.19711997560062,49.28115327171526],[56.93071732743504,49.10707056327942],[56.87743679780193,49.10707056327942],[56.66431467926947,48.96736313262405],[56.611034149636346,48.96736313262405],[56.397912031103886,48.82726317271753],[56.34463150147077,48.82726317271753],[56.131509382938304,48.686770420704825],[56.0782288533052,48.686770420704825],[55.86510673477273,48.545884622427565],[55.811826205139624,48.545884622427565],[55.59870408660716,48.404605532508945],[55.54542355697404,48.404605532508945],[55.22574037917535,48.19194896088315],[55.17245984954223,48.19194896088315],[53.89372713834746,47.3324537980871],[53.89372713834746,47.296333161583085],[53.627324490181884,47.11535956891616],[53.627324490181884,47.07909075150201],[52.9879581345845,46.64193732956284],[52.88139707531827,46.64193732956284],[52.774836016052035,46.60534718130885],[52.61499442715269,46.71504343910922],[52.24203071972089,46.67850274821924],[52.02890860118843,46.75155940410302],[51.92234754192219,46.75155940410302],[51.86906701228908,46.67850274821924],[51.65594489375661,46.67850274821924],[51.549383834490385,46.78805064510975],[51.549383834490385,46.89737604388091],[51.496103304857265,46.933768408806166],[51.28298118632481,46.933768408806166],[51.01657853815923,46.78805064510975],[50.96329800852612,46.82451716407738],[50.85673694925988,46.82451716407738],[50.696895360360536,46.75155940410302],[50.64361483072742,46.67850274821924],[50.53705377146119,46.71504343910922],[50.43049271219496,46.71504343910922],[50.32393165292874,46.60534718130885],[50.217370593662494,46.60534718130885],[50.16409006402939,46.53209268887874],[50.11080953439627,46.53209268887874],[50.00424847513004,46.4587392570626],[50.00424847513004,46.38528687262363],[49.95096794549692,46.348523569206876],[49.95096794549692,46.16433588070112],[49.89768741586381,46.127424098940146],[49.73784582696446,46.127424098940146],[49.63128476769824,46.053526280907796],[49.63128476769824,45.9424938996497],[49.684565297331346,45.86834852966789],[49.63128476769824,45.83123870683422],[49.524723708432,45.86834852966789],[49.524723708432,45.9424938996497],[49.57800423806511,45.97952944882368],[49.57800423806511,46.090487566087695],[49.524723708432,46.127424098940146],[49.36488211953265,46.127424098940146],[49.31160158989954,46.090487566087695],[49.31160158989954,45.97952944882368],[49.25832106026642,45.9424938996497],[49.25832106026642,45.83123870683422],[49.09847947136707,45.83123870683422],[49.045198941733965,45.86834852966789],[48.93863788246773,45.86834852966789],[48.88535735283462,45.83123870683422],[48.88535735283462,45.756944780723195],[48.8320768232015,45.71976067566545],[48.8320768232015,45.57077662323514],[48.778796293568384,45.533468698451145],[48.67223523430215,45.57077662323514],[48.56567417503592,45.57077662323514],[48.51239364540281,45.533468698451145],[48.405832586136576,45.533468698451145],[48.35255205650346,45.49613600769099],[48.35255205650346,45.346557573914595],[48.24599099723723,45.346557573914595],[48.192710467604115,45.38398933396203],[47.97958834907165,45.38398933396203],[47.92630781943854,45.42139632596384],[47.766466230539194,45.42139632596384],[47.55334411200673,45.271619748074336],[47.55334411200673,45.19658284564699],[47.60662464163985,45.12144686451208],[47.39350252310739,45.04621180322744],[47.39350252310739,44.89544443784787],[47.4467830527405,44.85769067104862],[47.4467830527405,44.78210882773896],[47.340221993474266,44.78210882773896],[47.23366093420805,44.706427906256096],[47.18038040457492,44.706427906256096],[47.127099874941806,44.63064790893678],[46.967258286042465,44.63064790893678],[46.913977756409345,44.592720757758876],[46.913977756409345,44.516792152589204],[47.127099874941806,44.44076448047524],[47.127099874941806,44.32653723244163],[47.39350252310739,44.17388755133123],[47.39350252310739,44.09741414737751],[47.50006358237361,44.02084171155863],[47.92630781943854,44.02084171155863],[47.97958834907165,43.982518359389296],[47.97958834907165,43.94417025257103],[47.766466230539194,43.790530303478405],[47.65990517127297,43.6364943841208],[47.65990517127297,43.52070764622769],[47.60662464163985,43.482062590168894],[47.60662464163985,43.40469827332364],[47.713185700906074,43.28846631383094],[47.60662464163985,43.17201181992534],[47.60662464163985,43.01639309399094],[47.81974676017231,42.86037899434664],[47.81974676017231,42.703969676188585],[48.03286887870477,42.547165306872],[48.03286887870477,42.46861503367324],[48.24599099723723,42.311218428214836],[48.45911311576969,41.9556337083662],[48.67223523430215,41.876343855545485],[48.56567417503592,41.876343855545485],[48.45911311576969,41.79695551009264],[48.405832586136576,41.6776883846332],[48.24599099723723,41.558199824491794],[48.08614940833789,41.518321115549995],[47.87302728980542,41.35856044648483],[47.81974676017231,41.27853267210214],[47.60662464163985,41.27853267210214],[47.39350252310739,41.35856044648483],[47.39350252310739,41.43848993918805],[47.28694146384115,41.59805394171544],[47.23366093420805,41.63788346311465],[47.127099874941806,41.63788346311465],[47.07381934530869,41.71746870226491],[46.913977756409345,41.79695551009264],[46.913977756409345,41.83666199252559],[46.807416697143125,41.916001095394954],[46.64757510824377,41.916001095394954],[46.59429457861065,41.9556337083662],[46.487733519344424,41.9556337083662],[46.274611400811956,42.07438374967393],[46.00820875264638,42.11391781904211],[45.90164769338015,42.19291202033496],[45.848367163747035,42.19291202033496],[45.79508663411392,42.23237214548397],[45.90164769338015,42.38996606599533],[45.90164769338015,42.46861503367324],[45.7418061044808,42.5864034256355],[45.422122926682114,42.5864034256355],[45.422122926682114,42.62561686198814],[45.26228133778277,42.74310904852011],[45.10243974888342,42.74310904852011],[44.94259815998407,42.82131371021392],[44.836037100717846,42.82131371021392],[44.72947604145161,42.782223727408095],[44.6761955118185,42.82131371021392],[44.51635392291915,42.82131371021392],[43.983548626588,42.62561686198814],[43.983548626588,42.703969676188585],[43.82370703768865,42.82131371021392],[43.770426508055536,42.82131371021392],[43.6638654487893,42.899419577262876],[43.39746280062373,42.93843545646676],[43.18434068209127,43.01639309399094],[43.18434068209127,43.055334847556225],[43.02449909319193,43.17201181992534],[42.97121856355881,43.17201181992534],[42.86465750429257,43.24967287255652],[42.75809644502635,43.24967287255652],[42.65153538576011,43.21085470723061],[42.491693796860766,43.28846631383094],[42.225291148695185,43.28846631383094],[42.172010619062085,43.24967287255652],[42.01216903016273,43.24967287255652],[41.95888850052961,43.28846631383094],[41.639205322730916,43.28846631383094],[41.53264426346469,43.32723502902841],[41.479363733831576,43.40469827332364],[41.31952214493223,43.40469827332364],[41.26624161529911,43.4433927986031],[41.053119496766655,43.4433927986031],[40.786716848601074,43.59792354488171],[40.62687525970173,43.59792354488171],[40.52031420043549,43.55932796503232],[40.30719208190303,43.6364943841208],[40.147350493003685,43.6364943841208],[39.98750890410434,43.52070764622769],[39.934228374471225,43.4433927986031],[39.934228374471225,43.365979016170094],[39.88094784483811,43.365979016170094],[39.88094784483811,43.40469827332364],[39.40142307814007,43.75205844231397],[39.40142307814007,43.790530303478405],[39.18830095960761,43.94417025257103],[39.13502042997449,43.94417025257103],[39.08173990034138,44.02084171155863],[39.02845937070826,44.02084171155863],[38.97517884107514,44.09741414737751],[38.921898311442035,44.09741414737751],[38.76205672254269,44.212087113837235],[38.54893460401022,44.28841195525592],[38.38909301511089,44.28841195525592],[38.33581248547776,44.32653723244163],[38.22925142621153,44.32653723244163],[38.069409837312186,44.47879069961776],[38.016129307679066,44.47879069961776],[37.90956824841284,44.55476883881361],[37.74972665951349,44.55476883881361],[37.69644612988038,44.592720757758876],[37.53660454098103,44.592720757758876],[37.4300434817148,44.63064790893678],[37.21692136318234,44.93317343454148],[37.003799244649876,45.00855711726442],[36.89723818538364,45.00855711726442],[36.843957655750536,45.04621180322744],[36.577555007584955,45.04621180322744],[36.41771341868561,44.97087766103187],[36.098030240886914,44.97087766103187],[36.0447497112538,44.93317343454148],[35.83162759272134,44.93317343454148],[35.67178600382199,45.04621180322744],[35.565224944555766,45.04621180322744],[35.511944414922645,45.00855711726442],[35.511944414922645,44.89544443784787],[35.3521028260233,44.85769067104862],[35.24554176675707,44.78210882773896],[35.24554176675707,44.744280751639415],[35.085700177857724,44.706427906256096],[35.03241964822461,44.744280751639415],[34.81929752969214,44.744280751639415],[34.60617541115969,44.6685502919028],[34.49961435189345,44.592720757758876],[34.44633382226035,44.47879069961776],[34.39305329262722,44.47879069961776],[34.233211703727875,44.364637746201026],[34.12665064446165,44.32653723244163],[33.70040640739672,44.32653723244163],[33.380723229598026,44.516792152589204],[33.380723229598026,44.592720757758876],[33.54056481849737,44.6685502919028],[33.54056481849737,44.85769067104862],[33.59384534813049,44.89544443784787],[33.59384534813049,44.97087766103187],[33.48728428886426,45.08384171895205],[33.2741621703318,45.08384171895205],[33.16760111106557,45.12144686451208],[32.954478992533105,45.271619748074336],[32.79463740363376,45.271619748074336],[32.741356874000644,45.234113681582436],[32.63479581473442,45.234113681582436],[32.47495422583507,45.3091010454089],[32.47495422583507,45.42139632596384],[32.5815152851013,45.49613600769099],[32.79463740363376,45.57077662323514],[32.954478992533105,45.68255180815445],[33.007759522166225,45.68255180815445],[33.22088164069868,45.83123870683422],[33.380723229598026,45.83123870683422],[33.434003759231146,45.86834852966789],[33.434003759231146,45.97952944882368],[33.380723229598026,46.01654024220484],[33.22088164069868,46.01654024220484],[33.11432058143245,45.9424938996497],[32.84791793326688,45.9424938996497],[32.79463740363376,45.97952944882368],[32.5815152851013,45.97952944882368],[32.368393166568836,46.053526280907796],[32.2618321073026,46.053526280907796],[32.208551577669496,46.090487566087695],[32.04870998877015,46.090487566087695],[31.99542945913703,46.127424098940146],[31.782307340604564,46.127424098940146],[31.729026810971455,46.16433588070112],[31.62246575170522,46.16433588070112],[31.51590469243899,46.238085196093735],[31.51590469243899,46.49542834123601],[31.462624162805874,46.53209268887874],[31.036379925740953,46.53209268887874],[30.876538336841605,46.4587392570626],[30.876538336841605,46.348523569206876],[30.76997727757538,46.274922732398345],[30.66341621830914,46.090487566087695],[30.503574629409798,45.97952944882368],[30.503574629409798,45.9424938996497],[30.077330392344876,45.64531817740286],[30.024049862711756,45.64531817740286],[29.864208273812412,45.533468698451145],[29.864208273812412,45.45877855037466],[29.91748880344553,45.42139632596384],[29.864208273812412,45.38398933396203],[29.864208273812412,45.234113681582436],[29.8109277441793,45.19658284564699],[29.8109277441793,45.346557573914595],[29.704366684913065,45.42139632596384],[29.491244566380608,45.49613600769099],[29.224841918215027,45.49613600769099],[29.06500032931568,45.38398933396203],[28.798597681150106,45.38398933396203],[28.692036621883876,45.3091010454089],[28.585475562617646,45.3091010454089],[28.47891450335141,45.346557573914595],[28.47891450335141,45.38398933396203],[28.585475562617646,45.38398933396203],[28.692036621883876,45.49613600769099],[28.692036621883876,45.64531817740286],[28.905158740416333,45.79410412415623],[28.905158740416333,45.86834852966789],[28.95843927004945,45.86834852966789]],[[48.35255205650346,45.57077662323514],[48.29927152687034,45.608059782664654],[48.192710467604115,45.608059782664654],[48.139429937970995,45.57077662323514],[48.139429937970995,45.49613600769099],[48.192710467604115,45.45877855037466],[48.29927152687034,45.45877855037466],[48.35255205650346,45.49613600769099],[48.35255205650346,45.57077662323514]],[[21.019640354715253,60.07418672497687],[21.019640354715253,59.99435371597106],[21.072920884348374,59.96769982007797],[21.1794819436146,59.96769982007797],[21.232762473247718,59.99435371597106],[21.232762473247718,60.07418672497687],[21.1794819436146,60.10075487351555],[21.072920884348374,60.10075487351555],[21.019640354715253,60.07418672497687]],[[36.25787182978626,64.26967393009387],[36.20459130015315,64.24653467500688],[36.20459130015315,64.20019799052528],[36.364432889052495,64.13054734121273],[36.41771341868561,64.08401634802624],[36.364432889052495,64.06072164600344],[36.364432889052495,64.01407376889631],[36.577555007584955,63.96734784479973],[36.68411606685119,63.96734784479973],[36.737396596484295,63.99072056893847],[36.737396596484295,64.03740745710614],[36.63083553721807,64.08401634802624],[36.63083553721807,64.15378365726477],[36.577555007584955,64.17700053621891],[36.577555007584955,64.22337603263637],[36.41771341868561,64.26967393009387],[36.25787182978626,64.26967393009387]]],[[[76.69779382132086,54.1908862085365],[76.43139117315528,54.222046260422466],[76.5379522324215,54.222046260422466],[76.75107435095397,54.284295879046],[76.69779382132086,54.1908862085365]]],[[[69.29180020231782,55.23719767418679],[69.39836126158404,55.2979065454089],[69.45164179121717,55.267563707949165],[69.66476390974962,55.267563707949165],[69.87788602828208,55.20680843492474],[69.87788602828208,55.17639598098506],[69.98444708754832,55.11550139245674],[70.19756920608077,55.05451383556221],[70.35741079498013,55.05451383556221],[70.57053291351258,55.17639598098506],[70.67709397277882,55.17639598098506],[70.73037450241193,55.20680843492474],[70.89021609131127,55.085019239608165],[70.89021609131127,54.962858025521754],[69.02539755415224,54.962858025521754],[68.97211702451912,54.93225952606565],[68.38603119855486,54.93225952606565],[68.43931172818797,54.99343323757132],[68.43931172818797,55.085019239608165],[68.70571437635354,55.085019239608165],[68.86555596525288,55.23719767418679],[68.91883649488601,55.20680843492474],[69.07867808378536,55.20680843492474],[69.13195861341848,55.267563707949165],[69.18523914305158,55.23719767418679],[69.29180020231782,55.23719767418679]]]]}}
